{"avg_reward_avg": 0.0659, "avg_reward_sem": 0.03134572450023199, "accuracy_avg": 0.06350000000000001, "accuracy_sem": 0.005727613425813194, "k2_xh2h_immi_syn_avg_avg": [0.1984167885970006], "k2_xh2h_immi_syn_avg_sem": [0.006414668436490949], "k2_xh2h_immi_syn_sem_avg": [0.012037278828842247], "k2_xh2h_immi_syn_sem_sem": [0.0007785688238968497], "k2_xh2h_mi_avg_avg": [0.5516861710476428], "k2_xh2h_mi_avg_sem": [0.012034359724879064], "k2_xh2h_mi_sem_avg": [0.02969916527327046], "k2_xh2h_mi_sem_sem": [0.002726580983355516], "k2_xh2h_nimmi_syn_avg_avg": [0.36334799654427063], "k2_xh2h_nimmi_syn_avg_sem": [0.005596562664921331], "k2_xh2h_nimmi_syn_sem_avg": [0.013570017858274035], "k2_xh2h_nimmi_syn_sem_sem": [0.0007323377270952095]}