{"avg_reward": 0.015, "accuracy": 0.06, "k2_xh2h_immi_syn_avg": [0.20534063895209667], "k2_xh2h_immi_syn_sem": [0.015537491700389584], "k2_xh2h_mi_avg": [0.5561105106277744], "k2_xh2h_mi_sem": [0.03332271489720964], "k2_xh2h_nimmi_syn_avg": [0.3662516588261651], "k2_xh2h_nimmi_syn_sem": [0.01346300156929075]}