{"avg_reward": 0.014, "accuracy": 0.08, "k2_xh2h_immi_syn_avg": [0.20652026138029914], "k2_xh2h_immi_syn_sem": [0.00934463249057302], "k2_xh2h_mi_avg": [0.5447422903735468], "k2_xh2h_mi_sem": [0.018653340539870656], "k2_xh2h_nimmi_syn_avg": [0.3797367587288472], "k2_xh2h_nimmi_syn_sem": [0.01095298503327546]}