{"avg_reward": 0.0145, "accuracy": 0.065, "k2_xh2h_immi_syn_avg": [0.17911221425374593], "k2_xh2h_immi_syn_sem": [0.01206367098624311], "k2_xh2h_mi_avg": [0.5747015727209851], "k2_xh2h_mi_sem": [0.04902538335101445], "k2_xh2h_nimmi_syn_avg": [0.33655579419517795], "k2_xh2h_nimmi_syn_sem": [0.017424923811237326]}