{"avg_reward": 0.031, "accuracy": 0.04, "k2_xh2h_immi_syn_avg": [0.1833638089555795], "k2_xh2h_immi_syn_sem": [0.011902454406271025], "k2_xh2h_mi_avg": [0.49194519551989246], "k2_xh2h_mi_sem": [0.02314724262777642], "k2_xh2h_nimmi_syn_avg": [0.36892509160245973], "k2_xh2h_nimmi_syn_sem": [0.016629054030528726]}