{"avg_reward": 0.0385, "accuracy": 0.08, "k2_xh2h_immi_syn_avg": [0.17653151414124005], "k2_xh2h_immi_syn_sem": [0.009954062475248677], "k2_xh2h_mi_avg": [0.5117712020531533], "k2_xh2h_mi_sem": [0.02094974794762785], "k2_xh2h_nimmi_syn_avg": [0.34759668500910856], "k2_xh2h_nimmi_syn_sem": [0.014323829581158071]}