{"avg_reward": 0.094, "accuracy": 0.04, "k2_xh2h_immi_syn_avg": [0.17251798575572969], "k2_xh2h_immi_syn_sem": [0.012819505336954364], "k2_xh2h_mi_avg": [0.5211172434024948], "k2_xh2h_mi_sem": [0.03005516202178776], "k2_xh2h_nimmi_syn_avg": [0.33505607172191143], "k2_xh2h_nimmi_syn_sem": [0.014355052124873834]}