{"avg_reward": 0.334, "accuracy": 0.05, "k2_xh2h_immi_syn_avg": [0.22822986278223634], "k2_xh2h_immi_syn_sem": [0.01569973061381547], "k2_xh2h_mi_avg": [0.6136269418820176], "k2_xh2h_mi_sem": [0.03549817046278829], "k2_xh2h_nimmi_syn_avg": [0.36991388186445634], "k2_xh2h_nimmi_syn_sem": [0.013771308105459575]}