{"avg_reward": 0.0195, "accuracy": 0.095, "k2_xh2h_immi_syn_avg": [0.19296953605893882], "k2_xh2h_immi_syn_sem": [0.00902894481831103], "k2_xh2h_mi_avg": [0.5337830721681499], "k2_xh2h_mi_sem": [0.027124387820886373], "k2_xh2h_nimmi_syn_avg": [0.36630467426550395], "k2_xh2h_nimmi_syn_sem": [0.010548683211525755]}