{"avg_reward": 1.0, "accuracy": 1.0, "k2_x2h_imin_syn_avg": [1.0, 0.022222222222222223, 0.022222222222222223], "k2_x2h_imin_syn_sem": [NaN, 0.010725636657371362, 0.015533895453767373], "k2_x2h_mi_avg": [2.0, 1.0555555555555556, 0.9513617360990919], "k2_x2h_mi_sem": [NaN, 0.11483653536264721, 0.02376103879199918], "k2_x2h_immi_syn_avg": [1.0, 0.05555555555555555, 0.022222222222222223], "k2_x2h_immi_syn_sem": [NaN, 0.023688968483956713, 0.015533895453767373], "k2_x2h_nimin_syn_avg": [0.5, 0.011111111111111112, 0.022222222222222233], "k2_x2h_nimin_syn_sem": [NaN, 0.005362818328685681, 0.015533895453767372], "k2_x2h_nimmi_syn_avg": [0.5, 0.027777777777777776, 0.022222222222222223], "k2_x2h_nimmi_syn_sem": [NaN, 0.011844484241978356, 0.015533895453767373], "k2_x2h_imin_red_avg": [1.0, 0.16666666666666666, 0.5331161110149569], "k2_x2h_imin_red_sem": [NaN, 0.06454972243679029, 0.05611845837815821], "k2_x2h_immi_red_avg": [1.0, 0.2, 0.5331161110149569], "k2_x2h_immi_red_sem": [NaN, 0.07687061147858072, 0.0561184583781582], "k2_x2h_nimin_red_avg": [0.5, 0.08888888888888889, 0.5400334026696043], "k2_x2h_nimin_red_sem": [NaN, 0.035226141323563935, 0.055922978050008156], "k2_x2h_nimmi_red_avg": [0.5, 0.10555555555555556, 0.5400334026696043], "k2_x2h_nimmi_red_sem": [NaN, 0.040893499959590233, 0.055922978050008156], "k2_x2h_tuples_syn": [{"imin_syn_0_1": 1.0, "mi_0_1": 2.0, "immi_syn_0_1": 1.0, "nimin_syn_0_1": 0.5, "nimmi_syn_0_1": 0.5}, {"imin_syn_0_1": 0.0, "mi_0_1": 0.0, "immi_syn_0_1": 0.0, "nimin_syn_0_1": 0, "nimmi_syn_0_1": 0, "imin_syn_0_2": 0.0, "mi_0_2": 1.5, "immi_syn_0_2": 0.0, "nimin_syn_0_2": 0.0, "nimmi_syn_0_2": 0.0, "imin_syn_0_3": 0.0, "mi_0_3": 0.0, "immi_syn_0_3": 0.0, "nimin_syn_0_3": 0, "nimmi_syn_0_3": 0, "imin_syn_0_4": 0.0, "mi_0_4": 0.0, "immi_syn_0_4": 0.0, "nimin_syn_0_4": 0, "nimmi_syn_0_4": 0, "imin_syn_0_5": 0.0, "mi_0_5": 1.5, "immi_syn_0_5": 0.0, "nimin_syn_0_5": 0.0, "nimmi_syn_0_5": 0.0, "imin_syn_0_6": 0.0, "mi_0_6": 1.5, "immi_syn_0_6": 0.0, "nimin_syn_0_6": 0.0, "nimmi_syn_0_6": 0.0, "imin_syn_0_7": 0.0, "mi_0_7": 1.5, "immi_syn_0_7": 0.0, "nimin_syn_0_7": 0.0, "nimmi_syn_0_7": 0.0, "imin_syn_0_8": 0.0, "mi_0_8": 0.0, "immi_syn_0_8": 0.0, "nimin_syn_0_8": 0, "nimmi_syn_0_8": 0, "imin_syn_0_9": 0.0, "mi_0_9": 0.0, "immi_syn_0_9": 0.0, "nimin_syn_0_9": 0, "nimmi_syn_0_9": 0, "imin_syn_1_2": 0.0, "mi_1_2": 1.5, "immi_syn_1_2": 0.0, "nimin_syn_1_2": 0.0, "nimmi_syn_1_2": 0.0, "imin_syn_1_3": 0.0, "mi_1_3": 0.0, "immi_syn_1_3": 0.0, "nimin_syn_1_3": 0, "nimmi_syn_1_3": 0, "imin_syn_1_4": 0.0, "mi_1_4": 0.0, "immi_syn_1_4": 0.0, "nimin_syn_1_4": 0, "nimmi_syn_1_4": 0, "imin_syn_1_5": 0.0, "mi_1_5": 1.5, "immi_syn_1_5": 0.0, "nimin_syn_1_5": 0.0, "nimmi_syn_1_5": 0.0, "imin_syn_1_6": 0.0, "mi_1_6": 1.5, "immi_syn_1_6": 0.0, "nimin_syn_1_6": 0.0, "nimmi_syn_1_6": 0.0, "imin_syn_1_7": 0.0, "mi_1_7": 1.5, "immi_syn_1_7": 0.0, "nimin_syn_1_7": 0.0, "nimmi_syn_1_7": 0.0, "imin_syn_1_8": 0.0, "mi_1_8": 0.0, "immi_syn_1_8": 0.0, "nimin_syn_1_8": 0, "nimmi_syn_1_8": 0, "imin_syn_1_9": 0.0, "mi_1_9": 0.0, "immi_syn_1_9": 0.0, "nimin_syn_1_9": 0, "nimmi_syn_1_9": 0, "imin_syn_2_3": 0.0, "mi_2_3": 1.5, "immi_syn_2_3": 0.0, "nimin_syn_2_3": 0.0, "nimmi_syn_2_3": 0.0, "imin_syn_2_4": 0.0, "mi_2_4": 1.5, "immi_syn_2_4": 0.0, "nimin_syn_2_4": 0.0, "nimmi_syn_2_4": 0.0, "imin_syn_2_5": 0.25, "mi_2_5": 2.0, "immi_syn_2_5": 0.5, "nimin_syn_2_5": 0.125, "nimmi_syn_2_5": 0.25, "imin_syn_2_6": 0.0, "mi_2_6": 2.0, "immi_syn_2_6": 0.5, "nimin_syn_2_6": 0.0, "nimmi_syn_2_6": 0.25, "imin_syn_2_7": 0.25, "mi_2_7": 2.0, "immi_syn_2_7": 0.5, "nimin_syn_2_7": 0.125, "nimmi_syn_2_7": 0.25, "imin_syn_2_8": 0.0, "mi_2_8": 1.5, "immi_syn_2_8": 0.0, "nimin_syn_2_8": 0.0, "nimmi_syn_2_8": 0.0, "imin_syn_2_9": 0.0, "mi_2_9": 1.5, "immi_syn_2_9": 0.0, "nimin_syn_2_9": 0.0, "nimmi_syn_2_9": 0.0, "imin_syn_3_4": 0.0, "mi_3_4": 0.0, "immi_syn_3_4": 0.0, "nimin_syn_3_4": 0, "nimmi_syn_3_4": 0, "imin_syn_3_5": 0.0, "mi_3_5": 1.5, "immi_syn_3_5": 0.0, "nimin_syn_3_5": 0.0, "nimmi_syn_3_5": 0.0, "imin_syn_3_6": 0.0, "mi_3_6": 1.5, "immi_syn_3_6": 0.0, "nimin_syn_3_6": 0.0, "nimmi_syn_3_6": 0.0, "imin_syn_3_7": 0.0, "mi_3_7": 1.5, "immi_syn_3_7": 0.0, "nimin_syn_3_7": 0.0, "nimmi_syn_3_7": 0.0, "imin_syn_3_8": 0.0, "mi_3_8": 0.0, "immi_syn_3_8": 0.0, "nimin_syn_3_8": 0, "nimmi_syn_3_8": 0, "imin_syn_3_9": 0.0, "mi_3_9": 0.0, "immi_syn_3_9": 0.0, "nimin_syn_3_9": 0, "nimmi_syn_3_9": 0, "imin_syn_4_5": 0.0, "mi_4_5": 1.5, "immi_syn_4_5": 0.0, "nimin_syn_4_5": 0.0, "nimmi_syn_4_5": 0.0, "imin_syn_4_6": 0.0, "mi_4_6": 1.5, "immi_syn_4_6": 0.0, "nimin_syn_4_6": 0.0, "nimmi_syn_4_6": 0.0, "imin_syn_4_7": 0.0, "mi_4_7": 1.5, "immi_syn_4_7": 0.0, "nimin_syn_4_7": 0.0, "nimmi_syn_4_7": 0.0, "imin_syn_4_8": 0.0, "mi_4_8": 0.0, "immi_syn_4_8": 0.0, "nimin_syn_4_8": 0, "nimmi_syn_4_8": 0, "imin_syn_4_9": 0.0, "mi_4_9": 0.0, "immi_syn_4_9": 0.0, "nimin_syn_4_9": 0, "nimmi_syn_4_9": 0, "imin_syn_5_6": 0.25, "mi_5_6": 2.0, "immi_syn_5_6": 0.5, "nimin_syn_5_6": 0.125, "nimmi_syn_5_6": 0.25, "imin_syn_5_7": 0.0, "mi_5_7": 1.5, "immi_syn_5_7": 0.0, "nimin_syn_5_7": 0.0, "nimmi_syn_5_7": 0.0, "imin_syn_5_8": 0.0, "mi_5_8": 1.5, "immi_syn_5_8": 0.0, "nimin_syn_5_8": 0.0, "nimmi_syn_5_8": 0.0, "imin_syn_5_9": 0.0, "mi_5_9": 1.5, "immi_syn_5_9": 0.0, "nimin_syn_5_9": 0.0, "nimmi_syn_5_9": 0.0, "imin_syn_6_7": 0.25, "mi_6_7": 2.0, "immi_syn_6_7": 0.5, "nimin_syn_6_7": 0.125, "nimmi_syn_6_7": 0.25, "imin_syn_6_8": 0.0, "mi_6_8": 1.5, "immi_syn_6_8": 0.0, "nimin_syn_6_8": 0.0, "nimmi_syn_6_8": 0.0, "imin_syn_6_9": 0.0, "mi_6_9": 1.5, "immi_syn_6_9": 0.0, "nimin_syn_6_9": 0.0, "nimmi_syn_6_9": 0.0, "imin_syn_7_8": 0.0, "mi_7_8": 1.5, "immi_syn_7_8": 0.0, "nimin_syn_7_8": 0.0, "nimmi_syn_7_8": 0.0, "imin_syn_7_9": 0.0, "mi_7_9": 1.5, "immi_syn_7_9": 0.0, "nimin_syn_7_9": 0.0, "nimmi_syn_7_9": 0.0, "imin_syn_8_9": 0.0, "mi_8_9": 0.0, "immi_syn_8_9": 0.0, "nimin_syn_8_9": 0, "nimmi_syn_8_9": 0}, {"imin_syn_0_1": 0.0, "mi_0_1": 1.0, "immi_syn_0_1": 0.0, "nimin_syn_0_1": 0.0, "nimmi_syn_0_1": 0.0, "imin_syn_0_2": 0.0, "mi_0_2": 1.0, "immi_syn_0_2": 0.0, "nimin_syn_0_2": 0.0, "nimmi_syn_0_2": 0.0, "imin_syn_0_3": 1.1102230246251565e-16, "mi_0_3": 0.31127812445913294, "immi_syn_0_3": 0.0, "nimin_syn_0_3": 3.566659322926226e-16, "nimmi_syn_0_3": 0.0, "imin_syn_0_4": 0.0, "mi_0_4": 1.0, "immi_syn_0_4": 0.0, "nimin_syn_0_4": 0.0, "nimmi_syn_0_4": 0.0, "imin_syn_0_5": 0.0, "mi_0_5": 1.0, "immi_syn_0_5": 0.0, "nimin_syn_0_5": 0.0, "nimmi_syn_0_5": 0.0, "imin_syn_0_6": 0.0, "mi_0_6": 0.5, "immi_syn_0_6": 0.0, "nimin_syn_0_6": 0.0, "nimmi_syn_0_6": 0.0, "imin_syn_0_7": 0.0, "mi_0_7": 1.0, "immi_syn_0_7": 0.0, "nimin_syn_0_7": 0.0, "nimmi_syn_0_7": 0.0, "imin_syn_0_8": 0.0, "mi_0_8": 0.5, "immi_syn_0_8": 0.0, "nimin_syn_0_8": 0.0, "nimmi_syn_0_8": 0.0, "imin_syn_0_9": 0.0, "mi_0_9": 1.0, "immi_syn_0_9": 0.0, "nimin_syn_0_9": 0.0, "nimmi_syn_0_9": 0.0, "imin_syn_1_2": 0.0, "mi_1_2": 1.0, "immi_syn_1_2": 0.0, "nimin_syn_1_2": 0.0, "nimmi_syn_1_2": 0.0, "imin_syn_1_3": 0.0, "mi_1_3": 1.0, "immi_syn_1_3": 0.0, "nimin_syn_1_3": 0.0, "nimmi_syn_1_3": 0.0, "imin_syn_1_4": 0.0, "mi_1_4": 1.0, "immi_syn_1_4": 0.0, "nimin_syn_1_4": 0.0, "nimmi_syn_1_4": 0.0, "imin_syn_1_5": 0.0, "mi_1_5": 1.0, "immi_syn_1_5": 0.0, "nimin_syn_1_5": 0.0, "nimmi_syn_1_5": 0.0, "imin_syn_1_6": 0.0, "mi_1_6": 1.0, "immi_syn_1_6": 0.0, "nimin_syn_1_6": 0.0, "nimmi_syn_1_6": 0.0, "imin_syn_1_7": 0.0, "mi_1_7": 1.0, "immi_syn_1_7": 0.0, "nimin_syn_1_7": 0.0, "nimmi_syn_1_7": 0.0, "imin_syn_1_8": 0.0, "mi_1_8": 1.0, "immi_syn_1_8": 0.0, "nimin_syn_1_8": 0.0, "nimmi_syn_1_8": 0.0, "imin_syn_1_9": 0.0, "mi_1_9": 1.0, "immi_syn_1_9": 0.0, "nimin_syn_1_9": 0.0, "nimmi_syn_1_9": 0.0, "imin_syn_2_3": 0.0, "mi_2_3": 1.0, "immi_syn_2_3": 0.0, "nimin_syn_2_3": 0.0, "nimmi_syn_2_3": 0.0, "imin_syn_2_4": 0.0, "mi_2_4": 1.0, "immi_syn_2_4": 0.0, "nimin_syn_2_4": 0.0, "nimmi_syn_2_4": 0.0, "imin_syn_2_5": 0.0, "mi_2_5": 1.0, "immi_syn_2_5": 0.0,