{"avg_reward": 1.0, "accuracy": 1.0, "k2_x2h_imin_syn_avg": [1.0, 0.06488722225427362, 2.2204460492503132e-17], "k2_x2h_imin_syn_sem": [NaN, 0.01818551082556036, 6.694896738718451e-18], "k2_x2h_mi_avg": [2.0, 1.2192815277056621, 0.8400334026696044], "k2_x2h_mi_sem": [NaN, 0.056974839171418816, 0.04560215164642184], "k2_x2h_immi_syn_avg": [1.0, 0.11258145836939112, 0.0], "k2_x2h_immi_syn_sem": [NaN, 0.031584529839635236, 0.0], "k2_x2h_nimin_syn_avg": [0.5, 0.04605402780715825, 7.133318645852453e-17], "k2_x2h_nimin_syn_sem": [NaN, 0.012700190226525361, 2.150776496212605e-17], "k2_x2h_nimmi_syn_avg": [0.5, 0.07785018521723656, 0.0], "k2_x2h_nimmi_syn_sem": [NaN, 0.021298839075259906, 0.0], "k2_x2h_imin_red_avg": [1.0, 0.4323725692240912, 0.3467334720058754], "k2_x2h_imin_red_sem": [NaN, 0.0618919251384142, 0.05655965272485872], "k2_x2h_immi_red_avg": [1.0, 0.4800668053392087, 0.3467334720058754], "k2_x2h_immi_red_sem": [NaN, 0.06665631151156125, 0.05655965272485872], "k2_x2h_nimin_red_avg": [0.5, 0.3094903701994296, 0.3926482637085998], "k2_x2h_nimin_red_sem": [NaN, 0.043497286008036595, 0.061609889533116226], "k2_x2h_nimmi_red_avg": [0.5, 0.34128652760950795, 0.3926482637085999], "k2_x2h_nimmi_red_sem": [NaN, 0.04618998602625681, 0.061609889533116226], "k2_x2h_tuples_syn": [{"imin_syn_0_1": 1.0, "mi_0_1": 2.0, "immi_syn_0_1": 1.0, "nimin_syn_0_1": 0.5, "nimmi_syn_0_1": 0.5}, {"imin_syn_0_1": 0.25, "mi_0_1": 1.5, "immi_syn_0_1": 0.5, "nimin_syn_0_1": 0.16666666666666666, "nimmi_syn_0_1": 0.3333333333333333, "imin_syn_0_2": 1.1102230246251565e-16, "mi_0_2": 0.8112781244591329, "immi_syn_0_2": 0.0, "nimin_syn_0_2": 1.3684863318178654e-16, "nimmi_syn_0_2": 0.0, "imin_syn_0_3": 0.25, "mi_0_3": 1.5, "immi_syn_0_3": 0.5, "nimin_syn_0_3": 0.16666666666666666, "nimmi_syn_0_3": 0.3333333333333333, "imin_syn_0_4": 0.0, "mi_0_4": 1.5, "immi_syn_0_4": 0.0, "nimin_syn_0_4": 0.0, "nimmi_syn_0_4": 0.0, "imin_syn_0_5": 1.1102230246251565e-16, "mi_0_5": 0.8112781244591329, "immi_syn_0_5": 0.0, "nimin_syn_0_5": 1.3684863318178654e-16, "nimmi_syn_0_5": 0.0, "imin_syn_0_6": 0.29248125036057804, "mi_0_6": 1.5, "immi_syn_0_6": 0.6887218755408671, "nimin_syn_0_6": 0.19498750024038536, "nimmi_syn_0_6": 0.4591479170272447, "imin_syn_0_7": 0.0, "mi_0_7": 1.0, "immi_syn_0_7": 0.0, "nimin_syn_0_7": 0.0, "nimmi_syn_0_7": 0.0, "imin_syn_0_8": 0.18872187554086717, "mi_0_8": 1.0, "immi_syn_0_8": 0.18872187554086706, "nimin_syn_0_8": 0.18872187554086717, "nimmi_syn_0_8": 0.18872187554086706, "imin_syn_0_9": 0.0, "mi_0_9": 1.5, "immi_syn_0_9": 0.0, "nimin_syn_0_9": 0.0, "nimmi_syn_0_9": 0.0, "imin_syn_1_2": 0.0, "mi_1_2": 1.0, "immi_syn_1_2": 0.0, "nimin_syn_1_2": 0.0, "nimmi_syn_1_2": 0.0, "imin_syn_1_3": 0.25, "mi_1_3": 1.5, "immi_syn_1_3": 0.5, "nimin_syn_1_3": 0.16666666666666666, "nimmi_syn_1_3": 0.3333333333333333, "imin_syn_1_4": 0.0, "mi_1_4": 1.5, "immi_syn_1_4": 0.0, "nimin_syn_1_4": 0.0, "nimmi_syn_1_4": 0.0, "imin_syn_1_5": 0.0, "mi_1_5": 1.0, "immi_syn_1_5": 0.0, "nimin_syn_1_5": 0.0, "nimmi_syn_1_5": 0.0, "imin_syn_1_6": 0.25, "mi_1_6": 1.5, "immi_syn_1_6": 0.5, "nimin_syn_1_6": 0.16666666666666666, "nimmi_syn_1_6": 0.3333333333333333, "imin_syn_1_7": 0.25, "mi_1_7": 1.5, "immi_syn_1_7": 0.5, "nimin_syn_1_7": 0.16666666666666666, "nimmi_syn_1_7": 0.3333333333333333, "imin_syn_1_8": 0.0, "mi_1_8": 1.0, "immi_syn_1_8": 0.0, "nimin_syn_1_8": 0.0, "nimmi_syn_1_8": 0.0, "imin_syn_1_9": 0.0, "mi_1_9": 1.5, "immi_syn_1_9": 0.0, "nimin_syn_1_9": 0.0, "nimmi_syn_1_9": 0.0, "imin_syn_2_3": 0.0, "mi_2_3": 1.0, "immi_syn_2_3": 0.0, "nimin_syn_2_3": 0.0, "nimmi_syn_2_3": 0.0, "imin_syn_2_4": 0.0, "mi_2_4": 1.5, "immi_syn_2_4": 0.0, "nimin_syn_2_4": 0.0, "nimmi_syn_2_4": 0.0, "imin_syn_2_5": 0.0, "mi_2_5": 0.0, "immi_syn_2_5": 0.0, "nimin_syn_2_5": 0, "nimmi_syn_2_5": 0, "imin_syn_2_6": 1.1102230246251565e-16, "mi_2_6": 0.8112781244591329, "immi_syn_2_6": 0.0, "nimin_syn_2_6": 1.3684863318178654e-16, "nimmi_syn_2_6": 0.0, "imin_syn_2_7": 0.0, "mi_2_7": 1.0, "immi_syn_2_7": 0.0, "nimin_syn_2_7": 0.0, "nimmi_syn_2_7": 0.0, "imin_syn_2_8": 1.6653345369377348e-16, "mi_2_8": 0.31127812445913294, "immi_syn_2_8": 0.0, "nimin_syn_2_8": 5.349988984389338e-16, "nimmi_syn_2_8": 0.0, "imin_syn_2_9": 0.0, "mi_2_9": 1.5, "immi_syn_2_9": 0.0, "nimin_syn_2_9": 0.0, "nimmi_syn_2_9": 0.0, "imin_syn_3_4": 0.0, "mi_3_4": 1.5, "immi_syn_3_4": 0.0, "nimin_syn_3_4": 0.0, "nimmi_syn_3_4": 0.0, "imin_syn_3_5": 0.0, "mi_3_5": 1.0, "immi_syn_3_5": 0.0, "nimin_syn_3_5": 0.0, "nimmi_syn_3_5": 0.0, "imin_syn_3_6": 0.0, "mi_3_6": 1.0, "immi_syn_3_6": 0.0, "nimin_syn_3_6": 0.0, "nimmi_syn_3_6": 0.0, "imin_syn_3_7": 0.25, "mi_3_7": 1.5, "immi_syn_3_7": 0.5, "nimin_syn_3_7": 0.16666666666666666, "nimmi_syn_3_7": 0.3333333333333333, "imin_syn_3_8": 0.5, "mi_3_8": 1.5, "immi_syn_3_8": 0.5, "nimin_syn_3_8": 0.3333333333333333, "nimmi_syn_3_8": 0.3333333333333333, "imin_syn_3_9": 0.0, "mi_3_9": 1.5, "immi_syn_3_9": 0.0, "nimin_syn_3_9": 0.0, "nimmi_syn_3_9": 0.0, "imin_syn_4_5": 0.0, "mi_4_5": 1.5, "immi_syn_4_5": 0.0, "nimin_syn_4_5": 0.0, "nimmi_syn_4_5": 0.0, "imin_syn_4_6": 0.0, "mi_4_6": 1.5, "immi_syn_4_6": 0.0, "nimin_syn_4_6": 0.0, "nimmi_syn_4_6": 0.0, "imin_syn_4_7": 0.0, "mi_4_7": 1.5, "immi_syn_4_7": 0.0, "nimin_syn_4_7": 0.0, "nimmi_syn_4_7": 0.0, "imin_syn_4_8": 0.0, "mi_4_8": 1.5, "immi_syn_4_8": 0.0, "nimin_syn_4_8": 0.0, "nimmi_syn_4_8": 0.0, "imin_syn_4_9": 0.0, "mi_4_9": 1.5, "immi_syn_4_9": 0.0, "nimin_syn_4_9": 0.0, "nimmi_syn_4_9": 0.0, "imin_syn_5_6": 1.1102230246251565e-16, "mi_5_6": 0.8112781244591329, "immi_syn_5_6": 0.0, "nimin_syn_5_6": 1.3684863318178654e-16, "nimmi_syn_5_6": 0.0, "imin_syn_5_7": 0.0, "mi_5_7": 1.0, "immi_syn_5_7": 0.0, "nimin_syn_5_7": 0.0, "nimmi_syn_5_7": 0.0, "imin_syn_5_8": 1.6653345369377348e-16, "mi_5_8": 0.31127812445913294, "immi_syn_5_8": 0.0, "nimin_syn_5_8": 5.349988984389338e-16, "nimmi_syn_5_8": 0.0, "imin_syn_5_9": 0.0, "mi_5_9": 1.5, "immi_syn_5_9": 0.0, "nimin_syn_5_9": 0.0, "nimmi_syn_5_9": 0.0, "imin_syn_6_7": 0.25, "mi_6_7": 1.5, "immi_syn_6_7": 0.5, "nimin_syn_6_7": 0.16666666666666666, "nimmi_syn_6_7": 0.3333333333333333, "imin_syn_6_8": 0.18872187554086717, "mi_6_8": 1.0, "immi_syn_6_8": 0.18872187554086706, "nimin_syn_6_8": 0.18872187554086717, "nimmi_syn_6_8": 0.18872187554086706, "imin_syn_6_9": 0.0, "mi_6_9": 1.5, "immi_syn_6_9": 0.0, "nimin_syn_6_9": 0.0, "nimmi_syn_6_9": 0.0, "imin_syn_7_8": 0.0, "mi_7_8": 1.0, "immi_syn_7_8": 0.0, "nimin_syn_7_8": 0.0, "nimmi_syn_7_8": 0.0, "imin_syn_7_9": 0.0, "mi_7_9": 1.5, "immi_syn_7_9": 0.0, "nimin_syn_7_9": 0.0, "nimmi_syn_7_9": 0.0, "imin_syn_8_9": 0.0, "mi_8_9": 1.5, "immi_syn_8_9": 0.0, "nimin_syn_8_9": 0.0, "nimmi_syn_8_9": 0.0}, {"imin_syn_0_1": 1.1102230246251565e-16, "mi_0_1": 0.31127812445913294, "immi_syn_0_1": 0.0, "nimin_syn_0_1": 3.566659322926226e-16, "nimmi_syn_0_1": 0.0, "imin_syn_0_2": 1.1102230246251565e-16, "mi_0_2": 0.31127812445913294, "immi_syn_0_2": 0.0, "nimin_syn_0_2": 3.566659322926226e-16, "nimmi_syn_0_2": 0.0, "imin_syn_0_3": 0.0, "mi_0_3": 1.0, "immi_syn_0_3": 0.0, "nimin_syn_0_3": 0.0, "nimmi_syn_0_3": 0.0, "imin_syn_0_4": 0.0, "mi_0_4": 1.0, "immi_syn_0_4": 0.0, "nimin_syn_0_4": 0.0, "nimmi_syn_0_4": 0.0, "imin_syn_0_5": 0.0, "mi_0_5": 1.0, "immi_syn_0_5": 0.0, "nimin_syn_0_5": 0.0, "nimmi_syn_0_5": 0.0, "imin_syn_0_6": 0.0, "mi_0_6": 1.0, "immi_syn_0_6": 0.0, "nimin_syn_0_6": 0.0, "nimmi_syn_0_6": 0.0, "imin_syn_0_7": 1.1102230246251565e-16, "mi_0_7": 0.31127812445913294, "immi_syn_0_7": 0.0, "nimin_syn_0_7": 3.566659322926226e-16, "nimmi_syn_0_7": 0.0, "imin_syn_0_8": 0.0, "mi_0_8": 1.0, "immi_syn_0_8": 0.0, "nimin_syn_0_8": 0.0, "nimmi_syn_0_8": 0.0, "imin_syn_0_9": 1.1102230246251565e-16, "mi_0_9": 0.31127812445913294, "immi_syn_0_9": 0.0, "nimin_syn_0_9": 3.566659322926226e-16, "nimmi_syn_0_9": 0.0, "imin_syn_1_2": 1.1102230246251565e-16, "mi_1_2": 0.31127812445913294, "immi_syn_1_2": 0.0, "nimin_syn_1_2": 3.566659322926226e-16, "nimmi_syn_1_2": 0.0, "imin_syn_1_3": 0.0,