{"avg_reward": 1.0, "accuracy": 1.0, "k2_x2h_imin_syn_avg": [1.0, 0.179665833349359, 0.0645781251001606], "k2_x2h_imin_syn_sem": [NaN, 0.023500473220408265, 0.027654277353734675], "k2_x2h_mi_avg": [2.0, 1.6832247221741452, 0.7775605554594013], "k2_x2h_mi_sem": [NaN, 0.056794165125163755, 0.043912986636967404], "k2_x2h_immi_syn_avg": [1.0, 0.31949875002403855, 0.07380118063969043], "k2_x2h_immi_syn_sem": [NaN, 0.03797327832848896, 0.028162404275883974], "k2_x2h_nimin_syn_avg": [0.5, 0.09477722223290602, 0.07213034738648565], "k2_x2h_nimin_syn_sem": [NaN, 0.01235064510634618, 0.028018627230916318], "k2_x2h_nimmi_syn_avg": [0.5, 0.17040657409009977, 0.09057645846554527], "k2_x2h_nimmi_syn_sem": [NaN, 0.021150482127461304, 0.030762074406948996], "k2_x2h_imin_red_avg": [1.0, 0.6832079858506936, 0.29829569409989204], "k2_x2h_imin_red_sem": [NaN, 0.06757354860542439, 0.03508566367708765], "k2_x2h_immi_red_avg": [1.0, 0.8230409025253733, 0.3075187496394219], "k2_x2h_immi_red_sem": [NaN, 0.07398737735097068, 0.03482475580133774], "k2_x2h_nimin_red_avg": [0.5, 0.3909565392082884, 0.39032576350026577], "k2_x2h_nimin_red_sem": [NaN, 0.04083048534701875, 0.04480247279501658], "k2_x2h_nimmi_red_avg": [0.5, 0.46658589106548215, 0.40877187457932557], "k2_x2h_nimmi_red_sem": [NaN, 0.04258383913509613, 0.04590475187208842], "k2_x2h_tuples_syn": [{"imin_syn_0_1": 1.0, "mi_0_1": 2.0, "immi_syn_0_1": 1.0, "nimin_syn_0_1": 0.5, "nimmi_syn_0_1": 0.5}, {"imin_syn_0_1": 0.0, "mi_0_1": 1.5, "immi_syn_0_1": 0.0, "nimin_syn_0_1": 0.0, "nimmi_syn_0_1": 0.0, "imin_syn_0_2": 0.25, "mi_0_2": 2.0, "immi_syn_0_2": 0.5, "nimin_syn_0_2": 0.125, "nimmi_syn_0_2": 0.25, "imin_syn_0_3": 0.25, "mi_0_3": 2.0, "immi_syn_0_3": 0.5, "nimin_syn_0_3": 0.125, "nimmi_syn_0_3": 0.25, "imin_syn_0_4": 0.0, "mi_0_4": 1.5, "immi_syn_0_4": 0.0, "nimin_syn_0_4": 0.0, "nimmi_syn_0_4": 0.0, "imin_syn_0_5": 0.25, "mi_0_5": 2.0, "immi_syn_0_5": 0.5, "nimin_syn_0_5": 0.125, "nimmi_syn_0_5": 0.25, "imin_syn_0_6": 0.25, "mi_0_6": 2.0, "immi_syn_0_6": 0.5, "nimin_syn_0_6": 0.125, "nimmi_syn_0_6": 0.25, "imin_syn_0_7": 0.25, "mi_0_7": 2.0, "immi_syn_0_7": 0.5, "nimin_syn_0_7": 0.125, "nimmi_syn_0_7": 0.25, "imin_syn_0_8": 0.5, "mi_0_8": 2.0, "immi_syn_0_8": 0.5, "nimin_syn_0_8": 0.25, "nimmi_syn_0_8": 0.25, "imin_syn_0_9": 0.0, "mi_0_9": 1.5, "immi_syn_0_9": 0.0, "nimin_syn_0_9": 0.0, "nimmi_syn_0_9": 0.0, "imin_syn_1_2": 0.29248125036057804, "mi_1_2": 1.5, "immi_syn_1_2": 0.6887218755408671, "nimin_syn_1_2": 0.19498750024038536, "nimmi_syn_1_2": 0.4591479170272447, "imin_syn_1_3": 0.25, "mi_1_3": 2.0, "immi_syn_1_3": 0.5, "nimin_syn_1_3": 0.125, "nimmi_syn_1_3": 0.25, "imin_syn_1_4": 1.1102230246251565e-16, "mi_1_4": 0.8112781244591329, "immi_syn_1_4": 0.0, "nimin_syn_1_4": 1.3684863318178654e-16, "nimmi_syn_1_4": 0.0, "imin_syn_1_5": 0.0, "mi_1_5": 1.5, "immi_syn_1_5": 0.0, "nimin_syn_1_5": 0.0, "nimmi_syn_1_5": 0.0, "imin_syn_1_6": 0.29248125036057804, "mi_1_6": 1.5, "immi_syn_1_6": 0.6887218755408671, "nimin_syn_1_6": 0.19498750024038536, "nimmi_syn_1_6": 0.4591479170272447, "imin_syn_1_7": 0.0, "mi_1_7": 1.5, "immi_syn_1_7": 0.0, "nimin_syn_1_7": 0.0, "nimmi_syn_1_7": 0.0, "imin_syn_1_8": 0.25, "mi_1_8": 1.5, "immi_syn_1_8": 0.5, "nimin_syn_1_8": 0.16666666666666666, "nimmi_syn_1_8": 0.3333333333333333, "imin_syn_1_9": 0.0, "mi_1_9": 1.5, "immi_syn_1_9": 0.0, "nimin_syn_1_9": 0.0, "nimmi_syn_1_9": 0.0, "imin_syn_2_3": 0.25, "mi_2_3": 2.0, "immi_syn_2_3": 0.5, "nimin_syn_2_3": 0.125, "nimmi_syn_2_3": 0.25, "imin_syn_2_4": 0.0, "mi_2_4": 0.8112781244591329, "immi_syn_2_4": 0.0, "nimin_syn_2_4": 0.0, "nimmi_syn_2_4": 0.0, "imin_syn_2_5": 0.25, "mi_2_5": 2.0, "immi_syn_2_5": 0.5, "nimin_syn_2_5": 0.125, "nimmi_syn_2_5": 0.25, "imin_syn_2_6": 0.0, "mi_2_6": 0.8112781244591329, "immi_syn_2_6": 0.0, "nimin_syn_2_6": 0.0, "nimmi_syn_2_6": 0.0, "imin_syn_2_7": 0.25, "mi_2_7": 2.0, "immi_syn_2_7": 0.5, "nimin_syn_2_7": 0.125, "nimmi_syn_2_7": 0.25, "imin_syn_2_8": 0.25, "mi_2_8": 1.5, "immi_syn_2_8": 0.5, "nimin_syn_2_8": 0.16666666666666666, "nimmi_syn_2_8": 0.3333333333333333, "imin_syn_2_9": 0.25, "mi_2_9": 2.0, "immi_syn_2_9": 0.5, "nimin_syn_2_9": 0.125, "nimmi_syn_2_9": 0.25, "imin_syn_3_4": 0.0, "mi_3_4": 1.5, "immi_syn_3_4": 0.0, "nimin_syn_3_4": 0.0, "nimmi_syn_3_4": 0.0, "imin_syn_3_5": 0.25, "mi_3_5": 2.0, "immi_syn_3_5": 0.5, "nimin_syn_3_5": 0.125, "nimmi_syn_3_5": 0.25, "imin_syn_3_6": 0.25, "mi_3_6": 2.0, "immi_syn_3_6": 0.5, "nimin_syn_3_6": 0.125, "nimmi_syn_3_6": 0.25, "imin_syn_3_7": 0.25, "mi_3_7": 2.0, "immi_syn_3_7": 0.5, "nimin_syn_3_7": 0.125, "nimmi_syn_3_7": 0.25, "imin_syn_3_8": 0.0, "mi_3_8": 1.5, "immi_syn_3_8": 0.0, "nimin_syn_3_8": 0.0, "nimmi_syn_3_8": 0.0, "imin_syn_3_9": 0.25, "mi_3_9": 2.0, "immi_syn_3_9": 0.5, "nimin_syn_3_9": 0.125, "nimmi_syn_3_9": 0.25, "imin_syn_4_5": 0.0, "mi_4_5": 1.5, "immi_syn_4_5": 0.0, "nimin_syn_4_5": 0.0, "nimmi_syn_4_5": 0.0, "imin_syn_4_6": 0.0, "mi_4_6": 0.8112781244591329, "immi_syn_4_6": 0.0, "nimin_syn_4_6": 0.0, "nimmi_syn_4_6": 0.0, "imin_syn_4_7": 0.0, "mi_4_7": 1.5, "immi_syn_4_7": 0.0, "nimin_syn_4_7": 0.0, "nimmi_syn_4_7": 0.0, "imin_syn_4_8": 0.0, "mi_4_8": 1.0, "immi_syn_4_8": 0.0, "nimin_syn_4_8": 0.0, "nimmi_syn_4_8": 0.0, "imin_syn_4_9": 0.0, "mi_4_9": 1.5, "immi_syn_4_9": 0.0, "nimin_syn_4_9": 0.0, "nimmi_syn_4_9": 0.0, "imin_syn_5_6": 0.25, "mi_5_6": 2.0, "immi_syn_5_6": 0.5, "nimin_syn_5_6": 0.125, "nimmi_syn_5_6": 0.25, "imin_syn_5_7": 0.0, "mi_5_7": 1.5, "immi_syn_5_7": 0.0, "nimin_syn_5_7": 0.0, "nimmi_syn_5_7": 0.0, "imin_syn_5_8": 0.5, "mi_5_8": 2.0, "immi_syn_5_8": 0.5, "nimin_syn_5_8": 0.25, "nimmi_syn_5_8": 0.25, "imin_syn_5_9": 0.25, "mi_5_9": 2.0, "immi_syn_5_9": 0.5, "nimin_syn_5_9": 0.125, "nimmi_syn_5_9": 0.25, "imin_syn_6_7": 0.25, "mi_6_7": 2.0, "immi_syn_6_7": 0.5, "nimin_syn_6_7": 0.125, "nimmi_syn_6_7": 0.25, "imin_syn_6_8": 0.25, "mi_6_8": 1.5, "immi_syn_6_8": 0.5, "nimin_syn_6_8": 0.16666666666666666, "nimmi_syn_6_8": 0.3333333333333333, "imin_syn_6_9": 0.25, "mi_6_9": 2.0, "immi_syn_6_9": 0.5, "nimin_syn_6_9": 0.125, "nimmi_syn_6_9": 0.25, "imin_syn_7_8": 0.5, "mi_7_8": 2.0, "immi_syn_7_8": 0.5, "nimin_syn_7_8": 0.25, "nimmi_syn_7_8": 0.25, "imin_syn_7_9": 0.25, "mi_7_9": 2.0, "immi_syn_7_9": 0.5, "nimin_syn_7_9": 0.125, "nimmi_syn_7_9": 0.25, "imin_syn_8_9": 0.5, "mi_8_9": 2.0, "immi_syn_8_9": 0.5, "nimin_syn_8_9": 0.25, "nimmi_syn_8_9": 0.25}, {"imin_syn_0_1": 0.0, "mi_0_1": 1.0, "immi_syn_0_1": 0.0, "nimin_syn_0_1": 0.0, "nimmi_syn_0_1": 0.0, "imin_syn_0_2": 0.0, "mi_0_2": 1.0, "immi_syn_0_2": 0.0, "nimin_syn_0_2": 0.0, "nimmi_syn_0_2": 0.0, "imin_syn_0_3": 0.0, "mi_0_3": 1.0, "immi_syn_0_3": 0.0, "nimin_syn_0_3": 0.0, "nimmi_syn_0_3": 0.0, "imin_syn_0_4": 0.0, "mi_0_4": 1.0, "immi_syn_0_4": 0.0, "nimin_syn_0_4": 0.0, "nimmi_syn_0_4": 0.0, "imin_syn_0_5": 0.0, "mi_0_5": 1.0, "immi_syn_0_5": 0.0, "nimin_syn_0_5": 0.0, "nimmi_syn_0_5": 0.0, "imin_syn_0_6": 0.0, "mi_0_6": 1.0, "immi_syn_0_6": 0.0, "nimin_syn_0_6": 0.0, "nimmi_syn_0_6": 0.0, "imin_syn_0_7": 0.0, "mi_0_7": 1.0, "immi_syn_0_7": 0.0, "nimin_syn_0_7": 0.0, "nimmi_syn_0_7": 0.0, "imin_syn_0_8": 0.0, "mi_0_8": 1.0, "immi_syn_0_8": 0.0, "nimin_syn_0_8": 0.0, "nimmi_syn_0_8": 0.0, "imin_syn_0_9": 0.0, "mi_0_9": 1.0, "immi_syn_0_9": 0.0, "nimin_syn_0_9": 0.0, "nimmi_syn_0_9": 0.0, "imin_syn_1_2": 0.0, "mi_1_2": 1.0, "immi_syn_1_2": 0.0, "nimin_syn_1_2": 0.0, "nimmi_syn_1_2": 0.0, "imin_syn_1_3": 0.0, "mi_1_3": 1.0, "immi_syn_1_3": 0.0, "nimin_syn_1_3": 0.0, "nimmi_syn_1_3": 0.0, "imin_syn_1_4": 0.0, "mi_1_4": 1.0, "immi_syn_1_4": 0.0, "nimin_syn_1_4": 0.0, "nimmi_syn_1_4": 0.0, "imin_syn_1_5": 0.0, "mi_1_5": 1.0, "immi_syn_1_5": 0.0, "nimin_syn_1_5": 0.0, "nimmi_syn_1_5": 0.0, "imin_syn_1_6": 0.0, "mi_1_6": 1.0, "immi_syn_1_6": 0.0, "nimin_syn_1_6": 0.0, "nimmi_syn_1_6": 0.0, "imin_syn_1_7": 0.0, "mi_1_7": 1.0, "immi_syn_1_7": 0.0, "nimin_syn_1_7": 0.0, "nimmi_syn_1_7": 0.0, "imin_syn_1_8": 0.0, "mi_1_8": 1.0, "immi_syn_1_8": 0.0, "nimin_syn_1_8": 0.0,