{"avg_reward_avg": 1.0, "avg_reward_sem": 0.0, "accuracy_avg": 1.0, "accuracy_sem": 0.0, "k2_x2h_imin_syn_avg_avg": [1.0, 0.10502172223183766, 0.055117798642761874], "k2_x2h_imin_syn_avg_sem": [0.0, 0.02001691328961216, 0.017639714689229386], "k2_x2h_imin_syn_sem_avg": [NaN, 0.023615728891303884, 0.020168455032439928], "k2_x2h_imin_syn_sem_sem": [NaN, 0.002863682758698752, 0.0039631666342335335], "k2_x2h_mi_avg_avg": [2.0, 1.322511270776843, 0.727435242965411], "k2_x2h_mi_avg_sem": [0.0, 0.09390983057517073, 0.05451668240206326], "k2_x2h_mi_sem_avg": [NaN, 0.07667650168531534, 0.04605658304475936], "k2_x2h_mi_sem_sem": [NaN, 0.006749597970741137, 0.004175799720111846], "k2_x2h_immi_syn_avg_avg": [1.0, 0.1768354236243323, 0.056040104196714846], "k2_x2h_immi_syn_avg_sem": [0.0, 0.03503638818009895, 0.01771860999043454], "k2_x2h_immi_syn_sem_avg": [NaN, 0.034145358676826026, 0.020219267724654856], "k2_x2h_immi_syn_sem_sem": [NaN, 0.0019036275837945587, 0.0039741413450609265], "k2_x2h_nimin_syn_avg_avg": [0.5, 0.0575181018598647, 0.05922807643656538], "k2_x2h_nimin_syn_avg_sem": [0.0, 0.00994738396709168, 0.01944054356131053], "k2_x2h_nimin_syn_sem_avg": [NaN, 0.013091304888931486, 0.02058528208393916], "k2_x2h_nimin_syn_sem_sem": [NaN, 0.0016913098723547071, 0.004049396214377654], "k2_x2h_nimmi_syn_avg_avg": [0.5, 0.09729295602933587, 0.0610726875444713], "k2_x2h_nimmi_syn_avg_sem": [0.0, 0.017353491087689975, 0.019662811095258734], "k2_x2h_nimmi_syn_sem_avg": [NaN, 0.019401494114819322, 0.020859626801542425], "k2_x2h_nimmi_syn_sem_sem": [NaN, 0.0012873629352207834, 0.004114128373682116], "k2_x2h_imin_red_avg_avg": [1.0, 0.4245705762602827, 0.26332161790691727], "k2_x2h_imin_red_avg_sem": [0.0, 0.07749696402183709, 0.051218053253461356], "k2_x2h_imin_red_sem_avg": [NaN, 0.0629403003169868, 0.039343706591678566], "k2_x2h_imin_red_sem_sem": [NaN, 0.0038264118473006013, 0.004381457267652423], "k2_x2h_immi_red_avg_avg": [1.0, 0.49638427765277743, 0.2642439234608703], "k2_x2h_immi_red_avg_sem": [0.0, 0.09362453687108531, 0.05129627472819878], "k2_x2h_immi_red_sem_avg": [NaN, 0.07025346527867364, 0.039317615804103576], "k2_x2h_immi_red_sem_sem": [NaN, 0.004836137772175435, 0.0043843513145362814], "k2_x2h_nimin_red_avg_avg": [0.5, 0.25419895941281584, 0.299883020679086], "k2_x2h_nimin_red_avg_sem": [0.0, 0.04127450934876715, 0.051393212562319324], "k2_x2h_nimin_red_sem_avg": [NaN, 0.03980610113328255, 0.04623490240945222], "k2_x2h_nimin_red_sem_sem": [NaN, 0.0015559685443719455, 0.003368911566511795], "k2_x2h_nimmi_red_avg_avg": [0.5, 0.293973813582287, 0.301727631786992], "k2_x2h_nimmi_red_avg_sem": [0.0, 0.049119970082982585, 0.051785505656196024], "k2_x2h_nimmi_red_sem_avg": [NaN, 0.04291844925173948, 0.04634513031715941], "k2_x2h_nimmi_red_sem_sem": [NaN, 0.0021190085818896327, 0.0033655055848161126], "x2h_imin_syn_avg": [1.0, 0.0, 0.0], "x2h_imin_syn_sem": [0.0, 0.0, 0.0], "x2h_mi_avg": [2.0, 1.9, 1.0], "x2h_mi_sem": [0.0, 0.06666666666666665, 0.0], "x2h_immi_syn_avg": [1.0, 0.0, 0.0], "x2h_immi_syn_sem": [0.0, 0.0, 0.0], "x2h_nimin_syn_avg": [0.5, 0.0, 0.0], "x2h_nimin_syn_sem": [0.0, 0.0, 0.0], "x2h_nimmi_syn_avg": [0.5, 0.0, 0.0], "x2h_nimmi_syn_sem": [0.0, 0.0, 0.0], "x2h_imin_red_avg": [1.0, 0.056127812445913285, 0.0], "x2h_imin_red_sem": [0.0, 0.056127812445913285, 0.0], "x2h_immi_red_avg": [1.0, 0.0811278124459133, 0.0], "x2h_immi_red_sem": [0.0, 0.0811278124459133, 0.0], "x2h_nimin_red_avg": [0.5, 0.028063906222956642, 0.0], "x2h_nimin_red_sem": [0.0, 0.028063906222956642, 0.0], "x2h_nimmi_red_avg": [0.5, 0.04056390622295665, 0.0], "x2h_nimmi_red_sem": [0.0, 0.04056390622295665, 0.0]}