{"avg_reward_avg": 0.05469999999999999, "avg_reward_sem": 0.02191197034601052, "accuracy_avg": 0.05800000000000001, "accuracy_sem": 0.011135528725660045, "k2_xh2h_immi_syn_avg_avg": [0.17688131709616567], "k2_xh2h_immi_syn_avg_sem": [0.0038732453445911976], "k2_xh2h_immi_syn_sem_avg": [0.010137848740714713], "k2_xh2h_immi_syn_sem_sem": [0.0009497841804554318], "k2_xh2h_mi_avg_avg": [0.4728488572779697], "k2_xh2h_mi_avg_sem": [0.013448054934011043], "k2_xh2h_mi_sem_avg": [0.02621973959892963], "k2_xh2h_mi_sem_sem": [0.002911523227456873], "k2_xh2h_nimmi_syn_avg_avg": [0.38138953979194457], "k2_xh2h_nimmi_syn_avg_sem": [0.006900236381705202], "k2_xh2h_nimmi_syn_sem_avg": [0.013070732639656224], "k2_xh2h_nimmi_syn_sem_sem": [0.000643269852795656]}