{"avg_reward": 0.092, "accuracy": 0.05, "k2_xh2h_immi_syn_avg": [0.2024818350042126], "k2_xh2h_immi_syn_sem": [0.007533782349014622], "k2_xh2h_mi_avg": [0.5133664825263495], "k2_xh2h_mi_sem": [0.018041504549492163], "k2_xh2h_nimmi_syn_avg": [0.3994195585010088], "k2_xh2h_nimmi_syn_sem": [0.01078468687065788]}