{"avg_reward": 0.021, "accuracy": 0.1, "k2_xh2h_immi_syn_avg": [0.16720488341413706], "k2_xh2h_immi_syn_sem": [0.008262971580452722], "k2_xh2h_mi_avg": [0.4807338754510004], "k2_xh2h_mi_sem": [0.0238498715396189], "k2_xh2h_nimmi_syn_avg": [0.35449874431819683], "k2_xh2h_nimmi_syn_sem": [0.012927213620175392]}