{"avg_reward": 0.024, "accuracy": 0.04, "k2_xh2h_immi_syn_avg": [0.1786557763092061], "k2_xh2h_immi_syn_sem": [0.009191875356178467], "k2_xh2h_mi_avg": [0.4719877505236014], "k2_xh2h_mi_sem": [0.021656967772446325], "k2_xh2h_nimmi_syn_avg": [0.38196437619380585], "k2_xh2h_nimmi_syn_sem": [0.01213376122353338]}