{"avg_reward": 0.227, "accuracy": 0.05, "k2_xh2h_immi_syn_avg": [0.18034481356478188], "k2_xh2h_immi_syn_sem": [0.011666783216121373], "k2_xh2h_mi_avg": [0.4613217612030017], "k2_xh2h_mi_sem": [0.027254784180992454], "k2_xh2h_nimmi_syn_avg": [0.39437647631979883], "k2_xh2h_nimmi_syn_sem": [0.010376200957869244]}