{"avg_reward": 0.009, "accuracy": 0.04, "k2_xh2h_immi_syn_avg": [0.16857788811338809], "k2_xh2h_immi_syn_sem": [0.01676097057093664], "k2_xh2h_mi_avg": [0.4409896929888941], "k2_xh2h_mi_sem": [0.041203104554711226], "k2_xh2h_nimmi_syn_avg": [0.379774165891953], "k2_xh2h_nimmi_syn_sem": [0.015770434369895843]}