{"avg_reward": 0.024, "accuracy": 0.14, "k2_xh2h_immi_syn_avg": [0.1661688926408158], "k2_xh2h_immi_syn_sem": [0.00901273704958228], "k2_xh2h_mi_avg": [0.4635735407407161], "k2_xh2h_mi_sem": [0.024241979372556056], "k2_xh2h_nimmi_syn_avg": [0.3667559610704342], "k2_xh2h_nimmi_syn_sem": [0.013922981824644706]}