{"avg_reward": 0.037, "accuracy": 0.05, "k2_xh2h_immi_syn_avg": [0.1597955864411639], "k2_xh2h_immi_syn_sem": [0.0072197702858204866], "k2_xh2h_mi_avg": [0.3845411702705856], "k2_xh2h_mi_sem": [0.014644466940431734], "k2_xh2h_nimmi_syn_avg": [0.4148898822143624], "k2_xh2h_nimmi_syn_sem": [0.01096579742714178]}