{"avg_reward": 0.004, "accuracy": 0.02, "k2_xh2h_immi_syn_avg": [0.17768261559480733], "k2_xh2h_immi_syn_sem": [0.013548248924729119], "k2_xh2h_mi_avg": [0.5431449658007241], "k2_xh2h_mi_sem": [0.04225464137918975], "k2_xh2h_nimmi_syn_avg": [0.34393260682007], "k2_xh2h_nimmi_syn_sem": [0.016276019538746668]}