{"avg_reward": 0.009, "accuracy": 0.04, "k2_xh2h_immi_syn_avg": [0.18173616598826942], "k2_xh2h_immi_syn_sem": [0.008783683371143335], "k2_xh2h_mi_avg": [0.49727322843948546], "k2_xh2h_mi_sem": [0.02917666482463478], "k2_xh2h_nimmi_syn_avg": [0.3789987156434136], "k2_xh2h_nimmi_syn_sem": [0.013505870358819293]}