{"avg_reward": 0.9725, "accuracy": 0.855, "k2_xh2h_immi_syn_avg": [0.16964567280002987], "k2_xh2h_immi_syn_sem": [0.03238469071622411], "k2_xh2h_mi_avg": [0.6214129919835728], "k2_xh2h_mi_sem": [0.07460166017760587], "k2_xh2h_nimmi_syn_avg": [0.3164206002299626], "k2_xh2h_nimmi_syn_sem": [0.024772934511336258]}