{"avg_reward": 0.965, "accuracy": 0.82, "k2_xh2h_immi_syn_avg": [0.14237585675148726], "k2_xh2h_immi_syn_sem": [0.02587129096026241], "k2_xh2h_mi_avg": [0.5708767902321417], "k2_xh2h_mi_sem": [0.07618724635754795], "k2_xh2h_nimmi_syn_avg": [0.32095729508397003], "k2_xh2h_nimmi_syn_sem": [0.025923814056080074]}