{"avg_reward": 0.9485, "accuracy": 0.73, "k2_xh2h_immi_syn_avg": [0.11191690646452482], "k2_xh2h_immi_syn_sem": [0.018124343316986247], "k2_xh2h_mi_avg": [0.4442728274261328], "k2_xh2h_mi_sem": [0.06044382695327609], "k2_xh2h_nimmi_syn_avg": [0.35874019070634405], "k2_xh2h_nimmi_syn_sem": [0.026014818484071275]}