{"avg_reward": 0.972, "accuracy": 0.86, "k2_xh2h_immi_syn_avg": [0.10541110289846141], "k2_xh2h_immi_syn_sem": [0.013124974368905173], "k2_xh2h_mi_avg": [0.4964430584690306], "k2_xh2h_mi_sem": [0.05682237622257326], "k2_xh2h_nimmi_syn_avg": [0.30101298999522086], "k2_xh2h_nimmi_syn_sem": [0.025554522836538952]}