{"avg_reward": 0.9875, "accuracy": 0.94, "k2_xh2h_immi_syn_avg": [0.16359076119964225], "k2_xh2h_immi_syn_sem": [0.02942835213771534], "k2_xh2h_mi_avg": [0.5888643854045129], "k2_xh2h_mi_sem": [0.06906923228205604], "k2_xh2h_nimmi_syn_avg": [0.332897218279256], "k2_xh2h_nimmi_syn_sem": [0.02564051118193104]}