{"avg_reward": 0.964, "accuracy": 0.82, "k2_xh2h_immi_syn_avg": [0.11200842695140158], "k2_xh2h_immi_syn_sem": [0.015583354760337466], "k2_xh2h_mi_avg": [0.5091753643235458], "k2_xh2h_mi_sem": [0.05560485135389307], "k2_xh2h_nimmi_syn_avg": [0.30594893641283916], "k2_xh2h_nimmi_syn_sem": [0.02742824806301634]}