{"avg_reward": 0.98, "accuracy": 0.9, "k2_xh2h_immi_syn_avg": [0.13787155798368023], "k2_xh2h_immi_syn_sem": [0.020761894856900463], "k2_xh2h_mi_avg": [0.4649504170640505], "k2_xh2h_mi_sem": [0.058716856969497765], "k2_xh2h_nimmi_syn_avg": [0.3691470553190459], "k2_xh2h_nimmi_syn_sem": [0.022596673945588806]}