{"avg_reward_avg": 0.97915, "avg_reward_sem": 0.001433817747600206, "accuracy_avg": 0.8935000000000001, "accuracy_sem": 0.006710274046399129, "k2_xh2h_immi_syn_avg_avg": [0.1702865076372802], "k2_xh2h_immi_syn_avg_sem": [0.007263393093864093], "k2_xh2h_immi_syn_sem_avg": [0.028207407665691353], "k2_xh2h_immi_syn_sem_sem": [0.0013230689579424814], "k2_xh2h_mi_avg_avg": [0.6741993250893858], "k2_xh2h_mi_avg_sem": [0.021304366582069693], "k2_xh2h_mi_sem_avg": [0.06298705788425393], "k2_xh2h_mi_sem_sem": [0.0019099123345803581], "k2_xh2h_nimmi_syn_avg_avg": [0.2459162855314582], "k2_xh2h_nimmi_syn_avg_sem": [0.005952274477468933], "k2_xh2h_nimmi_syn_sem_avg": [0.024314439598948346], "k2_xh2h_nimmi_syn_sem_sem": [0.00041923982800474253]}