{"avg_reward": 0.98, "accuracy": 0.895, "k2_xh2h_immi_syn_avg": [0.15351309991633763], "k2_xh2h_immi_syn_sem": [0.023024428860576922], "k2_xh2h_mi_avg": [0.6298896117895361], "k2_xh2h_mi_sem": [0.05703662373532375], "k2_xh2h_nimmi_syn_avg": [0.25010322394292095], "k2_xh2h_nimmi_syn_sem": [0.02390213205217487]}