{"avg_reward": 0.9805, "accuracy": 0.9, "k2_xh2h_immi_syn_avg": [0.15235435807739056], "k2_xh2h_immi_syn_sem": [0.025584229033437086], "k2_xh2h_mi_avg": [0.6682342919695239], "k2_xh2h_mi_sem": [0.05583218452522492], "k2_xh2h_nimmi_syn_avg": [0.22147162488661332], "k2_xh2h_nimmi_syn_sem": [0.02505795436492922]}