{"avg_reward": 0.983, "accuracy": 0.91, "k2_xh2h_immi_syn_avg": [0.14288359676468698], "k2_xh2h_immi_syn_sem": [0.025269244995153154], "k2_xh2h_mi_avg": [0.6043446523814167], "k2_xh2h_mi_sem": [0.059038081729161224], "k2_xh2h_nimmi_syn_avg": [0.23905909742124534], "k2_xh2h_nimmi_syn_sem": [0.02491657418418101]}