{"avg_reward": 0.9805, "accuracy": 0.9, "k2_xh2h_immi_syn_avg": [0.13654354090645018], "k2_xh2h_immi_syn_sem": [0.021219422748301284], "k2_xh2h_mi_avg": [0.5907213278591404], "k2_xh2h_mi_sem": [0.05434786937655184], "k2_xh2h_nimmi_syn_avg": [0.2534019739487515], "k2_xh2h_nimmi_syn_sem": [0.025169959239841937]}