{"avg_reward": 0.9765, "accuracy": 0.89, "k2_xh2h_immi_syn_avg": [0.17043455581759082], "k2_xh2h_immi_syn_sem": [0.031711030379991526], "k2_xh2h_mi_avg": [0.7359528180793226], "k2_xh2h_mi_sem": [0.0669101850117185], "k2_xh2h_nimmi_syn_avg": [0.21819696781142944], "k2_xh2h_nimmi_syn_sem": [0.024306271113810424]}