{"avg_reward": 0.976, "accuracy": 0.875, "k2_xh2h_immi_syn_avg": [0.17613838356749226], "k2_xh2h_immi_syn_sem": [0.02833269461531868], "k2_xh2h_mi_avg": [0.6234996699003649], "k2_xh2h_mi_sem": [0.0663837764372592], "k2_xh2h_nimmi_syn_avg": [0.2806186203003349], "k2_xh2h_nimmi_syn_sem": [0.024567220843917246]}