{"avg_reward": 0.989, "accuracy": 0.94, "k2_xh2h_immi_syn_avg": [0.1946915013446411], "k2_xh2h_immi_syn_sem": [0.03242253789455373], "k2_xh2h_mi_avg": [0.6532647123835825], "k2_xh2h_mi_sem": [0.06869266717857764], "k2_xh2h_nimmi_syn_avg": [0.2645059355454351], "k2_xh2h_nimmi_syn_sem": [0.02457477426733518]}