{"avg_reward": 0.975, "accuracy": 0.88, "k2_xh2h_immi_syn_avg": [0.18128147980226356], "k2_xh2h_immi_syn_sem": [0.030042683288046695], "k2_xh2h_mi_avg": [0.6903870174282755], "k2_xh2h_mi_sem": [0.062391500357411846], "k2_xh2h_nimmi_syn_avg": [0.24566396652519024], "k2_xh2h_nimmi_syn_sem": [0.024977576208328946]}