{"avg_reward": 0.9775, "accuracy": 0.88, "k2_xh2h_immi_syn_avg": [0.19416132972027356], "k2_xh2h_immi_syn_sem": [0.03272635299275334], "k2_xh2h_mi_avg": [0.7577885686888002], "k2_xh2h_mi_sem": [0.07097355821216957], "k2_xh2h_nimmi_syn_avg": [0.23482186922222834], "k2_xh2h_nimmi_syn_sem": [0.020707817580421884]}