{"avg_reward_avg": 0.021228277828215313, "avg_reward_sem": 0.005683578106356926, "accuracy_avg": 0.5, "accuracy_sem": 0.0, "k2_x2h_ray_imin_syn_avg_avg": [0.3193461938788864, 0.04266123928724926, 0.021528590782337296], "k2_x2h_ray_imin_syn_avg_sem": [0.05634134897898893, 0.012827250364945525, 0.009650477057292607], "k2_x2h_ray_imin_syn_sem_avg": [0.028819321760349754, 0.013914362877501711, 0.004174379622976052], "k2_x2h_ray_imin_syn_sem_sem": [0.0063797555516470275, 0.003750423572145821, 0.001477398000032182], "k2_x2h_ray_immi_syn_avg_avg": [0.39047211362557244, 0.07112066435470779, 0.030380734834256698], "k2_x2h_ray_immi_syn_avg_sem": [0.07669906204087808, 0.02100415882355286, 0.015145983434741285], "k2_x2h_ray_immi_syn_sem_avg": [0.037364885753553484, 0.021917301592018726, 0.005517803770151576], "k2_x2h_ray_immi_syn_sem_sem": [0.006532391079170606, 0.005564371920067235, 0.0021240077508479574], "k2_x2h_pos_imin_syn_avg_avg": [0.3460991322352816, 0.04266123928724926, 0.021528590782337296], "k2_x2h_pos_imin_syn_avg_sem": [0.06382501013057093, 0.012827250364945525, 0.009650477057292607], "k2_x2h_pos_imin_syn_sem_avg": [0.044421535367807845, 0.013914362877501711, 0.004174379622976052], "k2_x2h_pos_imin_syn_sem_sem": [0.008338573467015274, 0.003750423572145821, 0.001477398000032182], "k2_x2h_pos_immi_syn_avg_avg": [0.4046267157443666, 0.07112066435470779, 0.030380734834256698], "k2_x2h_pos_immi_syn_avg_sem": [0.074425692800948, 0.02100415882355286, 0.015145983434741285], "k2_x2h_pos_immi_syn_sem_avg": [0.05206850361355853, 0.021917301592018726, 0.005517803770151576], "k2_x2h_pos_immi_syn_sem_sem": [0.010883506866561055, 0.005564371920067235, 0.0021240077508479574], "k2_x2h_ray_mi_avg_avg": [1.0356078803500148, 0.5985741894433629, 0.20106890745904163], "k2_x2h_ray_mi_avg_sem": [0.17048653065639177, 0.10335798180367112, 0.07769975142286929], "k2_x2h_ray_mi_sem_avg": [0.07763696021527054, 0.07406313991693449, 0.017329170559628897], "k2_x2h_ray_mi_sem_sem": [0.023747145065128334, 0.00619378364611941, 0.006852716224344278], "k2_x2h_ray_nimin_syn_avg_avg": [0.33668724723476834, 0.02761466978983736, 0.015793336641281134], "k2_x2h_ray_nimin_syn_avg_sem": [0.018304359253201865, 0.007639406267726534, 0.023491708058894525], "k2_x2h_ray_nimin_syn_sem_avg": [0.06001431650188681, 0.00843963342041406, 0.022411102568705373], "k2_x2h_ray_nimin_syn_sem_sem": [0.031375373350497296, 0.0020396448686683176, 0.009214223950548708], "k2_x2h_ray_nimmi_syn_avg_avg": [0.39498047931835933, 0.04762616849255565, 0.06878764069887972], "k2_x2h_ray_nimmi_syn_avg_sem": [0.024266035124030517, 0.013113530296440745, 0.027481413940851202], "k2_x2h_ray_nimmi_syn_sem_avg": [0.06805025494600875, 0.014001313635101141, 0.013260892992834708], "k2_x2h_ray_nimmi_syn_sem_sem": [0.030554405282693754, 0.0031076015774104885, 0.0036790424676582524], "k2_x2h_pos_mi_avg_avg": [1.2794546511767555, 0.5985741894433629, 0.20106890745904163], "k2_x2h_pos_mi_avg_sem": [0.18046854469975607, 0.10335798180367112, 0.07769975142286929], "k2_x2h_pos_mi_sem_avg": [0.0584166816112939, 0.07406313991693449, 0.017329170559628897], "k2_x2h_pos_mi_sem_sem": [0.010854782725930706, 0.00619378364611941, 0.006852716224344278], "k2_x2h_pos_nimin_syn_avg_avg": [0.26364557123545124, 0.02761466978983736, 0.015793336641281134], "k2_x2h_pos_nimin_syn_avg_sem": [0.028852393179524916, 0.007639406267726534, 0.023491708058894525], "k2_x2h_pos_nimin_syn_sem_avg": [0.03011386765140501, 0.00843963342041406, 0.022411102568705373], "k2_x2h_pos_nimin_syn_sem_sem": [0.009399654205518386, 0.0020396448686683176, 0.009214223950548708], "k2_x2h_pos_nimmi_syn_avg_avg": [0.3025755190226093, 0.04762616849255565, 0.06878764069887972], "k2_x2h_pos_nimmi_syn_avg_sem": [0.03254611878598687, 0.013113530296440745, 0.027481413940851202], "k2_x2h_pos_nimmi_syn_sem_avg": [0.03153561105227668, 0.014001313635101141, 0.013260892992834708], "k2_x2h_pos_nimmi_syn_sem_sem": [0.008025077801535115, 0.0031076015774104885, 0.0036790424676582524]}