{"avg_reward": 0.01497971111333335, "accuracy": 0.5, "k2_x2h_ray_imin_syn_avg": [0.5091058746472369, 0.06907340453771058, 0.02108797487636665], "k2_x2h_ray_imin_syn_sem": [0.009836018008239642, 0.023997166633359608, 0.006226855475134208], "k2_x2h_ray_immi_syn_avg": [0.6633928688798875, 0.09281824202799718, 0.02119996861129118], "k2_x2h_ray_immi_syn_sem": [0.02235173572457236, 0.03200740999823288, 0.006288537993479682], "k2_x2h_pos_imin_syn_avg": [0.6053712486318259, 0.06907340453771058, 0.02108797487636665], "k2_x2h_pos_imin_syn_sem": [0.03760736741482734, 0.023997166633359608, 0.006226855475134208], "k2_x2h_pos_immi_syn_avg": [0.7230162084241399, 0.09281824202799718, 0.02119996861129118], "k2_x2h_pos_immi_syn_sem": [0.020041855646240562, 0.03200740999823288, 0.006288537993479682], "k2_x2h_ray_mi_avg": [1.4783195875279203, 0.7313278601318944, 0.31739559914793175], "k2_x2h_ray_mi_sem": [0.025442615366472496, 0.08602856435461834, 0.04217519916195851], "k2_x2h_ray_nimin_syn_avg": [0.34481302397277425, 0.04477425949270588, -0.06182282512257898], "k2_x2h_ray_nimin_syn_sem": [0.012610201327934617, 0.01432030295416934, 0.0756530485718493], "k2_x2h_ray_nimmi_syn_avg": [0.4494565580863837, 0.060537189327175105, 0.06421435213094578], "k2_x2h_ray_nimmi_syn_sem": [0.022335776014373136, 0.019455145773335233, 0.018410701914172607], "k2_x2h_pos_mi_avg": [1.8526650546721612, 0.7313278601318944, 0.31739559914793175], "k2_x2h_pos_mi_sem": [0.020041855646240562, 0.08602856435461834, 0.04217519916195851], "k2_x2h_pos_nimin_syn_avg": [0.32663359701465994, 0.04477425949270588, -0.06182282512257898], "k2_x2h_pos_nimin_syn_sem": [0.018741860921525383, 0.01432030295416934, 0.0756530485718493], "k2_x2h_pos_nimmi_syn_avg": [0.39011378341026787, 0.060537189327175105, 0.06421435213094578], "k2_x2h_pos_nimmi_syn_sem": [0.0066372460361406125, 0.019455145773335233, 0.018410701914172607]}