{"avg_reward": 0.04010212846595743, "accuracy": 0.5, "k2_x2h_ray_imin_syn_avg": [0.1589907238559792, -1.1102230246251565e-16, -4.08948064316798e-18], "k2_x2h_ray_imin_syn_sem": [0.032550880541865695, 3.347448369359225e-17, 4.089480643167979e-18], "k2_x2h_ray_immi_syn_avg": [0.16526714424699632, 0.0, -4.934324553889585e-18], "k2_x2h_ray_immi_syn_sem": [0.03611269501117569, 0.0, 4.934324553889585e-18], "k2_x2h_pos_imin_syn_avg": [0.19284861652364058, -1.1102230246251565e-16, -4.08948064316798e-18], "k2_x2h_pos_imin_syn_sem": [0.09140988736034418, 3.347448369359225e-17, 4.089480643167979e-18], "k2_x2h_pos_immi_syn_avg": [0.20080731617479128, 0.0, -4.934324553889585e-18], "k2_x2h_pos_immi_syn_sem": [0.08614245397245028, 0.0, 4.934324553889585e-18], "k2_x2h_ray_mi_avg": [0.46897763119956587, 0.1683243844457186, 0.0], "k2_x2h_ray_mi_sem": [0.03415717766716423, 0.05075171147945302, 0.0], "k2_x2h_ray_nimin_syn_avg": [0.3344903882017083, -1.3191469890486153e-16, 0.0], "k2_x2h_ray_nimin_syn_sem": [0.05710326179988463, 3.977377823637565e-17, 0.0], "k2_x2h_ray_nimmi_syn_avg": [0.346264643527042, 0.0, 0.0], "k2_x2h_ray_nimmi_syn_sem": [0.06078535849689567, 0.0, 0.0], "k2_x2h_pos_mi_avg": [0.4979800167172351, 0.1683243844457186, 0.0], "k2_x2h_pos_mi_sem": [0.09868149412209305, 0.05075171147945302, 0.0], "k2_x2h_pos_nimin_syn_avg": [0.3481885545977632, -1.3191469890486153e-16, 0.0], "k2_x2h_pos_nimin_syn_sem": [0.10298390185795983, 3.977377823637565e-17, 0.0], "k2_x2h_pos_nimmi_syn_avg": [0.36937018026139873, 0.0, 0.0], "k2_x2h_pos_nimmi_syn_sem": [0.08647236754634555, 0.0, 0.0]}