{"avg_reward": 0.0037615624839671996, "accuracy": 0.5, "k2_x2h_ray_imin_syn_avg": [0.5206971078361816, 0.0546966049588072, 0.021293358327158604], "k2_x2h_ray_imin_syn_sem": [0.011034325062121939, 0.016631491809881372, 0.005916092083371928], "k2_x2h_ray_immi_syn_avg": [0.6761132469708023, 0.11349085211801858, 0.031036281054212623], "k2_x2h_ray_immi_syn_sem": [0.048685868830492994, 0.03376144648844113, 0.007450828264526826], "k2_x2h_pos_imin_syn_avg": [0.3375622419170729, 0.0546966049588072, 0.021293358327158604], "k2_x2h_pos_imin_syn_sem": [0.05189462086870828, 0.016631491809881372, 0.005916092083371928], "k2_x2h_pos_immi_syn_avg": [0.4727166362998627, 0.11349085211801858, 0.031036281054212623], "k2_x2h_pos_immi_syn_sem": [0.053069314074476584, 0.03376144648844113, 0.007450828264526826], "k2_x2h_ray_mi_avg": [1.864506730244454, 0.9463933271065353, 0.34875020248639693], "k2_x2h_ray_mi_sem": [0.07427713125391074, 0.09296257485708712, 0.027140302290847827], "k2_x2h_ray_nimin_syn_avg": [0.2804837202605523, 0.03277954475693901, 0.042254634549977105], "k2_x2h_ray_nimin_syn_sem": [0.016088243390284755, 0.00908115251053834, 0.010747184574357133], "k2_x2h_ray_nimmi_syn_avg": [0.3653208951928264, 0.0677680303491578, 0.062346878450309264], "k2_x2h_ray_nimmi_syn_sem": [0.03915926906474113, 0.01920125940967702, 0.014015413076855455], "k2_x2h_pos_mi_avg": [1.744931856382374, 0.9463933271065353, 0.34875020248639693], "k2_x2h_pos_mi_sem": [0.0637765674253616, 0.09296257485708712, 0.027140302290847827], "k2_x2h_pos_nimin_syn_avg": [0.19383951794720333, 0.03277954475693901, 0.042254634549977105], "k2_x2h_pos_nimin_syn_sem": [0.02956207505499871, 0.00908115251053834, 0.010747184574357133], "k2_x2h_pos_nimmi_syn_avg": [0.26940045692071685, 0.0677680303491578, 0.062346878450309264], "k2_x2h_pos_nimmi_syn_sem": [0.021446236029082497, 0.01920125940967702, 0.014015413076855455]}