{"avg_reward_avg": 0.012455090756823875, "avg_reward_sem": 0.001647714837371735, "accuracy_avg": 0.61875, "accuracy_sem": 0.03778824405670219, "k2_x2h_ray_imin_syn_avg_avg": [0.5995869575281927, 0.15891676122656, 0.07527918686156407], "k2_x2h_ray_imin_syn_avg_sem": [0.04230225129098487, 0.024119274236114388, 0.010499843982331617], "k2_x2h_ray_imin_syn_sem_avg": [0.05322267933187068, 0.03278169468178481, 0.01073864453323323], "k2_x2h_ray_imin_syn_sem_sem": [0.006156412203589611, 0.003923482909889364, 0.001246577038239858], "k2_x2h_ray_immi_syn_avg_avg": [0.7595990728780404, 0.27127781438806514, 0.10518065015673148], "k2_x2h_ray_immi_syn_avg_sem": [0.049374422588610405, 0.029043643441777425, 0.014834922688173572], "k2_x2h_ray_immi_syn_sem_avg": [0.056981933076185376, 0.04942198663102508, 0.013479424967307765], "k2_x2h_ray_immi_syn_sem_sem": [0.004143882889836779, 0.004441254665305186, 0.0017233475851073264], "k2_x2h_pos_imin_syn_avg_avg": [0.6485635872408293, 0.15891676122656, 0.07527918686156407], "k2_x2h_pos_imin_syn_avg_sem": [0.04079509717881445, 0.024119274236114388, 0.010499843982331617], "k2_x2h_pos_imin_syn_sem_avg": [0.050970173661865834, 0.03278169468178481, 0.01073864453323323], "k2_x2h_pos_imin_syn_sem_sem": [0.009972928343131038, 0.003923482909889364, 0.001246577038239858], "k2_x2h_pos_immi_syn_avg_avg": [0.728731648771469, 0.27127781438806514, 0.10518065015673148], "k2_x2h_pos_immi_syn_avg_sem": [0.04862210125561881, 0.029043643441777425, 0.014834922688173572], "k2_x2h_pos_immi_syn_sem_avg": [0.06383240145901073, 0.04942198663102508, 0.013479424967307765], "k2_x2h_pos_immi_syn_sem_sem": [0.011467788924487304, 0.004441254665305186, 0.0017233475851073264], "k2_x2h_ray_mi_avg_avg": [1.5942172295930515, 1.2596017727339617, 0.4474416434286426], "k2_x2h_ray_mi_avg_sem": [0.11900810927378015, 0.07266676127988919, 0.05638242355216757], "k2_x2h_ray_mi_sem_avg": [0.07899326524281625, 0.0962739583250982, 0.027752246484236194], "k2_x2h_ray_mi_sem_sem": [0.011282292962859158, 0.003999633380847772, 0.002973108912455379], "k2_x2h_ray_nimin_syn_avg_avg": [0.3792735774137071, 0.08458262263732765, 0.1510978009366349], "k2_x2h_ray_nimin_syn_avg_sem": [0.015068298024633638, 0.009288702553952586, 0.009990051497106548], "k2_x2h_ray_nimin_syn_sem_avg": [0.01900981604587623, 0.015165806594436684, 0.019769832715444986], "k2_x2h_ray_nimin_syn_sem_sem": [0.0020924953452644912, 0.0011394234314564542, 0.001323339801245611], "k2_x2h_ray_nimmi_syn_avg_avg": [0.4814157692717724, 0.1525521061921909, 0.21353435292807457], "k2_x2h_ray_nimmi_syn_avg_sem": [0.015070699143153276, 0.013733534854455508, 0.012371989563655098], "k2_x2h_ray_nimmi_syn_sem_avg": [0.016951592691495536, 0.024763208840581256, 0.02479840425258093], "k2_x2h_ray_nimmi_syn_sem_sem": [0.0024565474830714716, 0.0013202183955560373, 0.0010166515610531665], "k2_x2h_pos_mi_avg_avg": [2.2000260690095557, 1.2596017727339617, 0.4474416434286426], "k2_x2h_pos_mi_avg_sem": [0.14825886785219344, 0.07266676127988919, 0.05638242355216757], "k2_x2h_pos_mi_sem_avg": [0.06383240145901077, 0.0962739583250982, 0.027752246484236194], "k2_x2h_pos_mi_sem_sem": [0.011467788924487321, 0.003999633380847772, 0.002973108912455379], "k2_x2h_pos_nimin_syn_avg_avg": [0.29683801685554123, 0.08458262263732765, 0.1510978009366349], "k2_x2h_pos_nimin_syn_avg_sem": [0.011770505664453415, 0.009288702553952586, 0.009990051497106548], "k2_x2h_pos_nimin_syn_sem_avg": [0.01563515833862407, 0.015165806594436684, 0.019769832715444986], "k2_x2h_pos_nimin_syn_sem_sem": [0.0023599330615843026, 0.0011394234314564542, 0.001323339801245611], "k2_x2h_pos_nimmi_syn_avg_avg": [0.3354311270819043, 0.1525521061921909, 0.21353435292807457], "k2_x2h_pos_nimmi_syn_avg_sem": [0.02077746760080057, 0.013733534854455508, 0.012371989563655098], "k2_x2h_pos_nimmi_syn_sem_avg": [0.019025726640858057, 0.024763208840581256, 0.02479840425258093], "k2_x2h_pos_nimmi_syn_sem_sem": [0.0027032912635114475, 0.0013202183955560373, 0.0010166515610531665]}