{"avg_reward": 0.01160350314672531, "accuracy": 0.625, "k2_x2h_ray_imin_syn_avg": [0.4799038042621741, 0.12291753405938104, 0.05302533908341136], "k2_x2h_ray_imin_syn_sem": [0.05405871326647594, 0.015724034456755628, 0.012694682944417713], "k2_x2h_ray_immi_syn_avg": [0.5938276242526367, 0.24241200482708397, 0.06806056363861786], "k2_x2h_ray_immi_syn_sem": [0.06442199370019319, 0.030691466542405513, 0.015161257823000752], "k2_x2h_pos_imin_syn_avg": [0.5275535914196772, 0.12291753405938104, 0.05302533908341136], "k2_x2h_pos_imin_syn_sem": [0.0593679536990266, 0.015724034456755628, 0.012694682944417713], "k2_x2h_pos_immi_syn_avg": [0.5422657981805358, 0.24241200482708397, 0.06806056363861786], "k2_x2h_pos_immi_syn_sem": [0.06112212576802319, 0.030691466542405513, 0.015161257823000752], "k2_x2h_ray_mi_avg": [1.039778561375444, 1.2591188709147039, 0.30460894877253], "k2_x2h_ray_mi_sem": [0.07076222912637485, 0.07707285003863917, 0.025175427455933028], "k2_x2h_ray_nimin_syn_avg": [0.4589428649095893, 0.08791343316949045, 0.1134666698484691], "k2_x2h_ray_nimin_syn_sem": [0.01999464556228182, 0.012584960278783431, 0.021462740709231428], "k2_x2h_ray_nimmi_syn_avg": [0.5682860802664403, 0.16711498491342966, 0.14860798945252335], "k2_x2h_ray_nimmi_syn_sem": [0.023935155429699446, 0.021867029983227475, 0.027586375870769935], "k2_x2h_pos_mi_avg": [1.7059588990992183, 1.2591188709147039, 0.30460894877253], "k2_x2h_pos_mi_sem": [0.06112212576802319, 0.07707285003863917, 0.025175427455933028], "k2_x2h_pos_nimin_syn_avg": [0.3074763218504011, 0.08791343316949045, 0.1134666698484691], "k2_x2h_pos_nimin_syn_sem": [0.02467189383655585, 0.012584960278783431, 0.021462740709231428], "k2_x2h_pos_nimmi_syn_avg": [0.31604449836014076, 0.16711498491342966, 0.14860798945252335], "k2_x2h_pos_nimmi_syn_sem": [0.025415311685965915, 0.021867029983227475, 0.027586375870769935]}