{"avg_reward": 0.0033234471937305865, "accuracy": 0.375, "k2_x2h_ray_imin_syn_avg": [0.6765578741088523, 0.08891805490210526, 0.10140802856806765], "k2_x2h_ray_imin_syn_sem": [0.07078574691067063, 0.027069829972141097, 0.018368092017823388], "k2_x2h_ray_immi_syn_avg": [0.8140258881512908, 0.16146085856006928, 0.14026476265049925], "k2_x2h_ray_immi_syn_sem": [0.06780678394645683, 0.04069727237744343, 0.024012583789195924], "k2_x2h_pos_imin_syn_avg": [0.5838071330975255, 0.08891805490210526, 0.10140802856806765], "k2_x2h_pos_imin_syn_sem": [0.012061874926961473, 0.027069829972141097, 0.018368092017823388], "k2_x2h_pos_immi_syn_avg": [0.831250851148749, 0.16146085856006928, 0.14026476265049925], "k2_x2h_pos_immi_syn_sem": [0.04570465674414897, 0.04069727237744343, 0.024012583789195924], "k2_x2h_ray_mi_avg": [1.606939809250423, 1.0974376224691407, 0.6841351296755331], "k2_x2h_ray_mi_sem": [0.08726371892380838, 0.10400966161414779, 0.04300608229490825], "k2_x2h_ray_nimin_syn_avg": [0.41888461027999385, 0.04835653066654654, 0.11478479084191749], "k2_x2h_ray_nimin_syn_sem": [0.02091338332081418, 0.012140952863450492, 0.019015292311818463], "k2_x2h_ray_nimmi_syn_avg": [0.5052788773518454, 0.10093440781499605, 0.15894906049466756], "k2_x2h_ray_nimmi_syn_sem": [0.0172824793329391, 0.02098347612604817, 0.024721460785248287], "k2_x2h_pos_mi_avg": [1.8249417193181017, 1.0974376224691407, 0.6841351296755331], "k2_x2h_pos_mi_sem": [0.0457046567441488, 0.10400966161414779, 0.04300608229490825], "k2_x2h_pos_nimin_syn_avg": [0.3201498191169905, 0.04835653066654654, 0.11478479084191749], "k2_x2h_pos_nimin_syn_sem": [0.007760794873332382, 0.012140952863450492, 0.019015292311818463], "k2_x2h_pos_nimmi_syn_avg": [0.4548266545485644, 0.10093440781499605, 0.15894906049466756], "k2_x2h_pos_nimmi_syn_sem": [0.013332810347377171, 0.02098347612604817, 0.024721460785248287]}