{"avg_reward_avg": 0.9779, "avg_reward_sem": 0.002121058435991073, "accuracy_avg": 0.8859999999999999, "accuracy_sem": 0.01077032961426901, "k2_xh2h_immi_syn_avg_avg": [0.18925552277639235], "k2_xh2h_immi_syn_avg_sem": [0.011163969330408963], "k2_xh2h_immi_syn_sem_avg": [0.031145453233345343], "k2_xh2h_immi_syn_sem_sem": [0.0014840177225262591], "k2_xh2h_mi_avg_avg": [0.7183863454886829], "k2_xh2h_mi_avg_sem": [0.02345262311164199], "k2_xh2h_mi_sem_avg": [0.06985237435126185], "k2_xh2h_mi_sem_sem": [0.002325918857598329], "k2_xh2h_nimmi_syn_avg_avg": [0.25559591393104436], "k2_xh2h_nimmi_syn_avg_sem": [0.007209130613386621], "k2_xh2h_nimmi_syn_sem_avg": [0.021802801504073935], "k2_xh2h_nimmi_syn_sem_sem": [0.0004427110595052456]}