{"avg_reward": 0.974, "accuracy": 0.86, "k2_xh2h_immi_syn_avg": [0.15783997947966227], "k2_xh2h_immi_syn_sem": [0.027815559329619464], "k2_xh2h_mi_avg": [0.7220243168291307], "k2_xh2h_mi_sem": [0.06407146275521616], "k2_xh2h_nimmi_syn_avg": [0.21602892018852937], "k2_xh2h_nimmi_syn_sem": [0.023511337387723555]}