{"avg_reward": 0.983, "accuracy": 0.92, "k2_xh2h_immi_syn_avg": [0.19044652305781387], "k2_xh2h_immi_syn_sem": [0.027135944674743694], "k2_xh2h_mi_avg": [0.7014036761225427], "k2_xh2h_mi_sem": [0.06625437044327397], "k2_xh2h_nimmi_syn_avg": [0.28465514935011055], "k2_xh2h_nimmi_syn_sem": [0.02192678971253289]}