{"avg_reward": 0.989, "accuracy": 0.95, "k2_xh2h_immi_syn_avg": [0.2014241196704121], "k2_xh2h_immi_syn_sem": [0.02980212570617234], "k2_xh2h_mi_avg": [0.7507743894726265], "k2_xh2h_mi_sem": [0.06343677207039373], "k2_xh2h_nimmi_syn_avg": [0.25313363927029786], "k2_xh2h_nimmi_syn_sem": [0.02269683939922689]}