{"avg_reward": 0.981, "accuracy": 0.9, "k2_xh2h_immi_syn_avg": [0.21443861426001187], "k2_xh2h_immi_syn_sem": [0.03350134468962639], "k2_xh2h_mi_avg": [0.7448993037481214], "k2_xh2h_mi_sem": [0.07135433398296721], "k2_xh2h_nimmi_syn_avg": [0.2680869185735873], "k2_xh2h_nimmi_syn_sem": [0.020889889748106755]}