{"avg_reward": 0.972, "accuracy": 0.86, "k2_xh2h_immi_syn_avg": [0.25365229285883273], "k2_xh2h_immi_syn_sem": [0.04099600012642743], "k2_xh2h_mi_avg": [0.8502041659859584], "k2_xh2h_mi_sem": [0.08736602844361785], "k2_xh2h_nimmi_syn_avg": [0.2864352257864215], "k2_xh2h_nimmi_syn_sem": [0.022947544016423193]}