{"avg_reward": 0.982, "accuracy": 0.89, "k2_xh2h_immi_syn_avg": [0.1689789410348912], "k2_xh2h_immi_syn_sem": [0.027283644302495063], "k2_xh2h_mi_avg": [0.6682808536295015], "k2_xh2h_mi_sem": [0.06560321721406527], "k2_xh2h_nimmi_syn_avg": [0.24190406969911618], "k2_xh2h_nimmi_syn_sem": [0.02094694820743608]}