{"avg_reward": 0.98, "accuracy": 0.9, "k2_xh2h_immi_syn_avg": [0.15068380652732943], "k2_xh2h_immi_syn_sem": [0.03040055999085069], "k2_xh2h_mi_avg": [0.686225939908918], "k2_xh2h_mi_sem": [0.07063134289105172], "k2_xh2h_nimmi_syn_avg": [0.2323344174736976], "k2_xh2h_nimmi_syn_sem": [0.023820389202657145]}