{"avg_reward": 0.978, "accuracy": 0.88, "k2_xh2h_immi_syn_avg": [0.16096526508215497], "k2_xh2h_immi_syn_sem": [0.025917569487663734], "k2_xh2h_mi_avg": [0.6705354887330117], "k2_xh2h_mi_sem": [0.06321330365830091], "k2_xh2h_nimmi_syn_avg": [0.2415130255881537], "k2_xh2h_nimmi_syn_sem": [0.02036761670308607]}