{"avg_reward_avg": 0.1630768726195294, "avg_reward_sem": 0.015659514492242052, "accuracy_avg": 0.65, "accuracy_sem": 0.011111111111111103, "IQR_binning_avg": 1.0, "IQR_binning_sem": 0.0, "layer_max_bin_avg": 5.0, "layer_max_bin_sem": 0.0, "k2_x2h_ray_imin_syn_avg_avg": [0.2615942432232997, 0.0957280477162873, 0.044225155673793405], "k2_x2h_ray_imin_syn_avg_sem": [0.040026464936219794, 0.02783058743881111, 0.013228999566876554], "k2_x2h_ray_imin_syn_sem_avg": [0.0456789620602488, 0.023682653087973956, 0.009443014289145396], "k2_x2h_ray_imin_syn_sem_sem": [0.007957290219697497, 0.004422122872838114, 0.0024582803626320604], "k2_x2h_ray_mi_avg_avg": [0.8554905019245063, 1.06306910445141, 0.45225486148783445], "k2_x2h_ray_mi_avg_sem": [0.12301105996145469, 0.1961622001749003, 0.07384133913421388], "k2_x2h_ray_mi_sem_avg": [0.04822829456157191, 0.10703897980875243, 0.05009343617078823], "k2_x2h_ray_mi_sem_sem": [0.007203751941335893, 0.01492863499848052, 0.004548379270030689], "k2_x2h_ray_immi_syn_avg_avg": [0.37214468686867763, 0.13687978288585073, 0.05601477413865728], "k2_x2h_ray_immi_syn_avg_sem": [0.05740107821559652, 0.03617926617215345, 0.018185560879973507], "k2_x2h_ray_immi_syn_sem_avg": [0.04048665775775399, 0.03372716516020845, 0.011481887721083817], "k2_x2h_ray_immi_syn_sem_sem": [0.005849555409973192, 0.005916589064651278, 0.0032023552332937047], "k2_x2h_ray_nimin_syn_avg_avg": [0.3197054385065482, 0.04349668079275666, 0.07775082764347674], "k2_x2h_ray_nimin_syn_avg_sem": [0.024996582299546394, 0.010428956293070524, 0.01942999232465286], "k2_x2h_ray_nimin_syn_sem_avg": [0.050901446054581204, 0.01080299144968594, 0.01587408570860057], "k2_x2h_ray_nimin_syn_sem_sem": [0.007651997993732198, 0.001601137818740665, 0.002996863382142552], "k2_x2h_ray_nimmi_syn_avg_avg": [0.4379137588503587, 0.06390166297645315, 0.09041136194741006], "k2_x2h_ray_nimmi_syn_avg_sem": [0.022427081023587456, 0.01307562630293858, 0.02207223686312975], "k2_x2h_ray_nimmi_syn_sem_avg": [0.0462259753547856, 0.015952280801826514, 0.017801173226075676], "k2_x2h_ray_nimmi_syn_sem_sem": [0.008606741202979218, 0.0021289663607362147, 0.0031225304512396365], "k2_x2h_pos_imin_syn_avg_avg": [0.18737338400602727, 0.0957280477162873, 0.044225155673793405], "k2_x2h_pos_imin_syn_avg_sem": [0.029143915627586437, 0.02783058743881111, 0.013228999566876554], "k2_x2h_pos_imin_syn_sem_avg": [0.025022913006203, 0.023682653087973956, 0.009443014289145396], "k2_x2h_pos_imin_syn_sem_sem": [0.006280904302036057, 0.004422122872838114, 0.0024582803626320604], "k2_x2h_pos_mi_avg_avg": [0.8535333747910648, 1.06306910445141, 0.45225486148783445], "k2_x2h_pos_mi_avg_sem": [0.1181044649102579, 0.1961622001749003, 0.07384133913421388], "k2_x2h_pos_mi_sem_avg": [0.05013732448920235, 0.10703897980875243, 0.05009343617078823], "k2_x2h_pos_mi_sem_sem": [0.013040275048454756, 0.01492863499848052, 0.004548379270030689], "k2_x2h_pos_immi_syn_avg_avg": [0.30515363884437857, 0.13687978288585073, 0.05601477413865728], "k2_x2h_pos_immi_syn_avg_sem": [0.04745474975206182, 0.03617926617215345, 0.018185560879973507], "k2_x2h_pos_immi_syn_sem_avg": [0.03946349724231033, 0.03372716516020845, 0.011481887721083817], "k2_x2h_pos_immi_syn_sem_sem": [0.010473956548188086, 0.005916589064651278, 0.0032023552332937047], "k2_x2h_pos_nimin_syn_avg_avg": [0.22010819592653835, 0.04349668079275666, 0.07775082764347674], "k2_x2h_pos_nimin_syn_avg_sem": [0.010458270053729712, 0.010428956293070524, 0.01942999232465286], "k2_x2h_pos_nimin_syn_sem_avg": [0.020240956352488976, 0.01080299144968594, 0.01587408570860057], "k2_x2h_pos_nimin_syn_sem_sem": [0.003998886751511796, 0.001601137818740665, 0.002996863382142552], "k2_x2h_pos_nimmi_syn_avg_avg": [0.3390903163859894, 0.06390166297645315, 0.09041136194741006], "k2_x2h_pos_nimmi_syn_avg_sem": [0.019352545125412377, 0.01307562630293858, 0.02207223686312975], "k2_x2h_pos_nimmi_syn_sem_avg": [0.03527000417744643, 0.015952280801826514, 0.017801173226075676], "k2_x2h_pos_nimmi_syn_sem_sem": [0.006476132194402673, 0.0021289663607362147, 0.0031225304512396365]}