{"avg_reward": 0.16216470715176487, "accuracy": 0.6666666666666666, "IQR_binning": true, "layer_max_bin": 5, "k2_x2h_ray_imin_syn_avg": [0.31993937164138747, 0.03728297486420187, 0.05149088854106747], "k2_x2h_ray_imin_syn_sem": [0.03580724104658216, 0.019825998860274457, 0.006937261374063262], "k2_x2h_ray_mi_avg": [1.0944060091185395, 0.8651414594940567, 0.3724632940490306], "k2_x2h_ray_mi_sem": [0.06894504353649059, 0.12765916665545154, 0.03536414527311496], "k2_x2h_ray_immi_syn_avg": [0.41575204943557137, 0.053895849807684845, 0.06024842243396205], "k2_x2h_ray_immi_syn_sem": [0.044383202022377104, 0.02756839420104094, 0.007943985863157064], "k2_x2h_ray_nimin_syn_avg": [0.29296477490029366, 0.015976354586782177, 0.17733737368607286], "k2_x2h_ray_nimin_syn_sem": [0.02951962947099629, 0.008088740123409094, 0.024824787927725273], "k2_x2h_ray_nimmi_syn_avg": [0.3843837308881472, 0.023458508646891786, 0.19945615678505915], "k2_x2h_ray_nimmi_syn_sem": [0.054882389603389904, 0.011434907987060086, 0.025968281186124754], "k2_x2h_pos_imin_syn_avg": [0.24085825034856634, 0.03728297486420187, 0.05149088854106747], "k2_x2h_pos_imin_syn_sem": [0.045643049192712504, 0.019825998860274457, 0.006937261374063262], "k2_x2h_pos_mi_avg": [0.9431919413652543, 0.8651414594940567, 0.3724632940490306], "k2_x2h_pos_mi_sem": [0.10042883423203934, 0.12765916665545154, 0.03536414527311496], "k2_x2h_pos_immi_syn_avg": [0.3641341070410684, 0.053895849807684845, 0.06024842243396205], "k2_x2h_pos_immi_syn_sem": [0.00945972092513302, 0.02756839420104094, 0.007943985863157064], "k2_x2h_pos_nimin_syn_avg": [0.2515375985682708, 0.015976354586782177, 0.17733737368607286], "k2_x2h_pos_nimin_syn_sem": [0.026488872115845493, 0.008088740123409094, 0.024824787927725273], "k2_x2h_pos_nimmi_syn_avg": [0.3929683743636055, 0.023458508646891786, 0.19945615678505915], "k2_x2h_pos_nimmi_syn_sem": [0.033151171509803075, 0.011434907987060086, 0.025968281186124754]}