{"avg_reward": 0.16909254038955238, "accuracy": 0.5833333333333334, "IQR_binning": true, "layer_max_bin": 5, "k2_x2h_ray_imin_syn_avg": [0.2712454752713321, 0.12606575388095037, 0.0094734587173543], "k2_x2h_ray_imin_syn_sem": [0.027647606222564573, 0.030203102242196987, 0.003524352395925542], "k2_x2h_ray_mi_avg": [1.043170429846552, 1.027225653133642, 0.21954317428193068], "k2_x2h_ray_mi_sem": [0.06254815681678837, 0.09322665494394146, 0.026167668993281316], "k2_x2h_ray_immi_syn_avg": [0.45996920688021997, 0.1490611648827132, 0.012144021141892057], "k2_x2h_ray_immi_syn_sem": [0.02994486507976345, 0.03606477007519506, 0.004442967496452074], "k2_x2h_ray_nimin_syn_avg": [0.2650995788873056, 0.07567927671943865, 0.021581828103945374], "k2_x2h_ray_nimin_syn_sem": [0.04406274664055294, 0.017678196112838718, 0.0066882048082859595], "k2_x2h_ray_nimmi_syn_avg": [0.4407512940125013, 0.08996911451850673, 0.0274991866575544], "k2_x2h_ray_nimmi_syn_sem": [0.005929416450107973, 0.021329038257181153, 0.00838836277456429], "k2_x2h_pos_imin_syn_avg": [0.23685406024973232, 0.12606575388095037, 0.0094734587173543], "k2_x2h_pos_imin_syn_sem": [0.0564964552934078, 0.030203102242196987, 0.003524352395925542], "k2_x2h_pos_mi_avg": [1.0014986477797436, 1.027225653133642, 0.21954317428193068], "k2_x2h_pos_mi_sem": [0.05964152719050472, 0.09322665494394146, 0.026167668993281316], "k2_x2h_pos_immi_syn_avg": [0.4481326613183338, 0.1490611648827132, 0.012144021141892057], "k2_x2h_pos_immi_syn_sem": [0.09056445280414042, 0.03606477007519506, 0.004442967496452074], "k2_x2h_pos_nimin_syn_avg": [0.23128990232882277, 0.07567927671943865, 0.021581828103945374], "k2_x2h_pos_nimin_syn_sem": [0.04554631665216022, 0.017678196112838718, 0.0066882048082859595], "k2_x2h_pos_nimmi_syn_avg": [0.4395059481002712, 0.08996911451850673, 0.0274991866575544], "k2_x2h_pos_nimmi_syn_sem": [0.06788238691741456, 0.021329038257181153, 0.00838836277456429]}