{"avg_reward": 0.20795188655714297, "accuracy": 0.6666666666666666, "IQR_binning": true, "layer_max_bin": 5, "k2_x2h_ray_imin_syn_avg": [0.2485104573837812, 0.028383774421550594, 0.042323972654902266], "k2_x2h_ray_imin_syn_sem": [0.06618952968417577, 0.01703306380651478, 0.009574305592127299], "k2_x2h_ray_mi_avg": [0.6921874422367266, 0.5962828274909595, 0.3801673501604998], "k2_x2h_ray_mi_sem": [0.02663669439953068, 0.08855732545332379, 0.04922232648673485], "k2_x2h_ray_immi_syn_avg": [0.2902837364671879, 0.054646334472420205, 0.047790753015124074], "k2_x2h_ray_immi_syn_sem": [0.05147851443870194, 0.026687751709605807, 0.010310489853158463], "k2_x2h_ray_nimin_syn_avg": [0.35554426197588, 0.016458186801717404, 0.12652882313032507], "k2_x2h_ray_nimin_syn_sem": [0.08434028072875216, 0.009135943202901495, 0.02915374638492714], "k2_x2h_ray_nimmi_syn_avg": [0.41519896582108134, 0.033269157067866525, 0.13240247055097823], "k2_x2h_ray_nimmi_syn_sem": [0.05869511117973621, 0.015339959589637533, 0.029230227381603267], "k2_x2h_pos_imin_syn_avg": [0.1881992980517806, 0.028383774421550594, 0.042323972654902266], "k2_x2h_pos_imin_syn_sem": [0.019639436470434313, 0.01703306380651478, 0.009574305592127299], "k2_x2h_pos_mi_avg": [0.9645700903518294, 0.5962828274909595, 0.3801673501604998], "k2_x2h_pos_mi_sem": [0.04524951146425031, 0.08855732545332379, 0.04922232648673485], "k2_x2h_pos_immi_syn_avg": [0.2715499821939537, 0.054646334472420205, 0.047790753015124074], "k2_x2h_pos_immi_syn_sem": [0.04524951146425031, 0.026687751709605807, 0.010310489853158463], "k2_x2h_pos_nimin_syn_avg": [0.19492449952456678, 0.016458186801717404, 0.12652882313032507], "k2_x2h_pos_nimin_syn_sem": [0.01705974030290305, 0.009135943202901495, 0.02915374638492714], "k2_x2h_pos_nimmi_syn_avg": [0.27842769824389285, 0.033269157067866525, 0.13240247055097823], "k2_x2h_pos_nimmi_syn_sem": [0.03303090578899224, 0.015339959589637533, 0.029230227381603267]}