{"avg_reward": 0.181636846144737, "accuracy": 0.6666666666666666, "IQR_binning": true, "layer_max_bin": 5, "k2_x2h_ray_imin_syn_avg": [0.25322347907273374, 0.10916753128653041, 0.08424643398017986], "k2_x2h_ray_imin_syn_sem": [0.03534028770075016, 0.030150404090741805, 0.019526639502205713], "k2_x2h_ray_mi_avg": [1.0260850987721584, 1.6858213337429542, 0.6582800369640619], "k2_x2h_ray_mi_sem": [0.017334331356164003, 0.12551600512147443, 0.06340499751811314], "k2_x2h_ray_immi_syn_avg": [0.48818744535061703, 0.1732070045427515, 0.11281551905020043], "k2_x2h_ray_immi_syn_sem": [0.01761461325948421, 0.044604037867332615, 0.024599042015941416], "k2_x2h_ray_nimin_syn_avg": [0.24574991495261786, 0.04165898168074459, 0.08797706973462678], "k2_x2h_ray_nimin_syn_sem": [0.03082789162783209, 0.01090811442970396, 0.01970083829989813], "k2_x2h_ray_nimmi_syn_avg": [0.4754630624877784, 0.0680288026398399, 0.11325859122763861], "k2_x2h_ray_nimmi_syn_sem": [0.009293494694462686, 0.016419616464402462, 0.024361306206530108], "k2_x2h_pos_imin_syn_avg": [0.22640603748572127, 0.10916753128653041, 0.08424643398017986], "k2_x2h_pos_imin_syn_sem": [0.014018524486313608, 0.030150404090741805, 0.019526639502205713], "k2_x2h_pos_mi_avg": [0.995459662763996, 1.6858213337429542, 0.6582800369640619], "k2_x2h_pos_mi_sem": [0.032185793332821795, 0.12551600512147443, 0.06340499751811314], "k2_x2h_pos_immi_syn_avg": [0.3912826556702518, 0.1732070045427515, 0.11281551905020043], "k2_x2h_pos_immi_syn_sem": [0.032185793332821795, 0.044604037867332615, 0.024599042015941416], "k2_x2h_pos_nimin_syn_avg": [0.2271022639788244, 0.04165898168074459, 0.08797706973462678], "k2_x2h_pos_nimin_syn_sem": [0.008349251258327701, 0.01090811442970396, 0.01970083829989813], "k2_x2h_pos_nimmi_syn_avg": [0.3918318578394539, 0.0680288026398399, 0.11325859122763861], "k2_x2h_pos_nimmi_syn_sem": [0.019107259288663653, 0.016419616464402462, 0.024361306206530108]}