{"avg_reward": 0.19462535502112693, "accuracy": 0.6666666666666666, "IQR_binning": true, "layer_max_bin": 5, "k2_x2h_ray_imin_syn_avg": [0.08635528872373305, 0.022160928107316718, 0.02662868645769642], "k2_x2h_ray_imin_syn_sem": [0.03233483204465157, 0.006142115025065702, 0.012753271787518894], "k2_x2h_ray_mi_avg": [0.25736078675960306, 0.31660261944869605, 0.5354986963697077], "k2_x2h_ray_mi_sem": [0.05100468652900919, 0.02624190395718245, 0.06498646900042881], "k2_x2h_ray_immi_syn_avg": [0.11627687105233357, 0.04179532548026372, 0.030355290446494078], "k2_x2h_ray_immi_syn_sem": [0.048022235520820314, 0.011585290298729851, 0.01359315314518126], "k2_x2h_ray_nimin_syn_avg": [0.3138210540784896, 0.043258613754050566, 0.025791740768368845], "k2_x2h_ray_nimin_syn_sem": [0.0567856548319668, 0.011314444256615203, 0.011312424944063867], "k2_x2h_ray_nimmi_syn_avg": [0.4173186029655415, 0.08175287429136377, 0.029973971452589992], "k2_x2h_ray_nimmi_syn_sem": [0.08748969456606195, 0.022097941245835643, 0.012362262838598141], "k2_x2h_pos_imin_syn_avg": [0.08132926590177787, 0.022160928107316718, 0.02662868645769642], "k2_x2h_pos_imin_syn_sem": [0.005070353685815314, 0.006142115025065702, 0.012753271787518894], "k2_x2h_pos_mi_avg": [0.3336218191588293, 0.31660261944869605, 0.5354986963697077], "k2_x2h_pos_mi_sem": [0.009251990919998836, 0.02624190395718245, 0.06498646900042881], "k2_x2h_pos_immi_syn_avg": [0.09845496835518104, 0.04179532548026372, 0.030355290446494078], "k2_x2h_pos_immi_syn_sem": [0.00925199091999873, 0.011585290298729851, 0.01359315314518126], "k2_x2h_pos_nimin_syn_avg": [0.24332194923972716, 0.043258613754050566, 0.025791740768368845], "k2_x2h_pos_nimin_syn_sem": [0.00829877797387212, 0.011314444256615203, 0.011312424944063867], "k2_x2h_pos_nimmi_syn_avg": [0.2940437942762803, 0.08175287429136377, 0.029973971452589992], "k2_x2h_pos_nimmi_syn_sem": [0.019218353092941898, 0.022097941245835643, 0.012362262838598141]}