{"avg_reward": 0.06878575073307908, "accuracy": 0.6666666666666666, "IQR_binning": true, "layer_max_bin": 5, "k2_x2h_ray_imin_syn_avg": [0.3939042978854895, 0.14986950260173615, 0.08418297722821654], "k2_x2h_ray_imin_syn_sem": [0.09395318072393245, 0.03319632960591865, 0.019438521925352375], "k2_x2h_ray_mi_avg": [1.2428643059473083, 1.7439481357514097, 0.6782214633888908], "k2_x2h_ray_mi_sem": [0.04587594756659326, 0.12941362922539076, 0.06097930082909469], "k2_x2h_ray_immi_syn_avg": [0.5653139900546934, 0.2171619223338675, 0.10244828140651531], "k2_x2h_ray_immi_syn_sem": [0.06915491617982507, 0.0483896512439701, 0.02307926748484982], "k2_x2h_ray_nimin_syn_avg": [0.31276388058285004, 0.0580762835491757, 0.08176338064519757], "k2_x2h_ray_nimin_syn_sem": [0.06805163548517806, 0.012661837506788823, 0.019667839446386844], "k2_x2h_ray_nimmi_syn_avg": [0.45255157821230574, 0.08440722179705663, 0.09753423142464729], "k2_x2h_ray_nimmi_syn_sem": [0.04382945106513805, 0.018620903189127198, 0.022332251638312654], "k2_x2h_pos_imin_syn_avg": [0.14149349010354864, 0.14986950260173615, 0.08418297722821654], "k2_x2h_pos_imin_syn_sem": [0.005453027529301473, 0.03319632960591865, 0.019438521925352375], "k2_x2h_pos_mi_avg": [0.9549719521291978, 1.7439481357514097, 0.6782214633888908], "k2_x2h_pos_mi_sem": [0.021723934413667517, 0.12941362922539076, 0.06097930082909469], "k2_x2h_pos_immi_syn_avg": [0.3292588470677285, 0.2171619223338675, 0.10244828140651531], "k2_x2h_pos_immi_syn_sem": [0.02648502055541086, 0.0483896512439701, 0.02307926748484982], "k2_x2h_pos_nimin_syn_avg": [0.14849824022661615, 0.0580762835491757, 0.08176338064519757], "k2_x2h_pos_nimin_syn_sem": [0.0082801822211605, 0.012661837506788823, 0.019667839446386844], "k2_x2h_pos_nimmi_syn_avg": [0.3462718736743613, 0.08440722179705663, 0.09753423142464729], "k2_x2h_pos_nimmi_syn_sem": [0.034455790995806444, 0.018620903189127198, 0.022332251638312654]}