{"avg_reward": 0.178085163963226, "accuracy": 0.6666666666666666, "IQR_binning": true, "layer_max_bin": 5, "k2_x2h_ray_imin_syn_avg": [0.18191511804604674, 0.17115965164929167, 0.12464640524815374], "k2_x2h_ray_imin_syn_sem": [0.024349398578552544, 0.039385123676214225, 0.01871285409456684], "k2_x2h_ray_mi_avg": [0.9549127027236924, 1.2328776620420652, 0.8853095097651307], "k2_x2h_ray_mi_sem": [0.06492959673058628, 0.1880911763873113, 0.044812686969114786], "k2_x2h_ray_immi_syn_avg": [0.2655015499811748, 0.24029117552339016, 0.17487973854912525], "k2_x2h_ray_immi_syn_sem": [0.023703434465106768, 0.05534490336286087, 0.026793910120982846], "k2_x2h_ray_nimin_syn_avg": [0.1910966288929774, 0.06291320641257088, 0.11449471978620139], "k2_x2h_ray_nimin_syn_sem": [0.02284991472952196, 0.014460449030204194, 0.01538531371835516], "k2_x2h_ray_nimmi_syn_avg": [0.2836878819014984, 0.08798757595209242, 0.16043938658616094], "k2_x2h_ray_nimmi_syn_sem": [0.04457316049192815, 0.02019770355625044, 0.022553332213810867], "k2_x2h_pos_imin_syn_avg": [0.1773376251025276, 0.17115965164929167, 0.12464640524815374], "k2_x2h_pos_imin_syn_sem": [0.03157968574635975, 0.039385123676214225, 0.01871285409456684], "k2_x2h_pos_mi_avg": [0.8790707245425279, 1.2328776620420652, 0.8853095097651307], "k2_x2h_pos_mi_sem": [0.1319002403691228, 0.1880911763873113, 0.044812686969114786], "k2_x2h_pos_immi_syn_avg": [0.28195174041568166, 0.24029117552339016, 0.17487973854912525], "k2_x2h_pos_immi_syn_sem": [0.08730683289313951, 0.05534490336286087, 0.026793910120982846], "k2_x2h_pos_nimin_syn_avg": [0.1998901686881116, 0.06291320641257088, 0.11449471978620139], "k2_x2h_pos_nimin_syn_sem": [0.011529933420385602, 0.014460449030204194, 0.01538531371835516], "k2_x2h_pos_nimmi_syn_avg": [0.30924733778366004, 0.08798757595209242, 0.16043938658616094], "k2_x2h_pos_nimmi_syn_sem": [0.0741015264136585, 0.02019770355625044, 0.022553332213810867]}