{"avg_reward": 0.0779496514944058, "accuracy": 0.5833333333333334, "IQR_binning": true, "layer_max_bin": 5, "k2_x2h_ray_imin_syn_avg": [0.05152714786854503, 4.4408920985006264e-17, -6.5696227009815555e-18], "k2_x2h_ray_imin_syn_sem": [0.015433621303724396, 1.3389793477436902e-17, 1.3564854171486715e-17], "k2_x2h_ray_mi_avg": [0.10915902583797044, 0.133724918308034, 0.13372491830803399], "k2_x2h_ray_mi_sem": [0.010242914815630387, 0.04031957992260693, 0.04031957992260692], "k2_x2h_ray_immi_syn_avg": [0.05669066930009481, 0.0, 2.4671622769447924e-18], "k2_x2h_ray_immi_syn_sem": [0.01506094610221306, 0.0, 2.4671622769447924e-18], "k2_x2h_ray_nimin_syn_avg": [0.45645587148383315, 6.641831836114606e-17, 1.844953287809613e-17], "k2_x2h_ray_nimin_syn_sem": [0.09322505735598781, 2.0025876473663112e-17, 1.0843783309074585e-17], "k2_x2h_ray_nimmi_syn_avg": [0.5034028701963148, 0.0, 3.6899065756192255e-18], "k2_x2h_ray_nimmi_syn_sem": [0.08537038103146644, 0.0, 3.689906575619226e-18], "k2_x2h_pos_imin_syn_avg": [0.014602401700911325, 4.4408920985006264e-17, -6.5696227009815555e-18], "k2_x2h_pos_imin_syn_sem": [0.003681746389689247, 1.3389793477436902e-17, 1.3564854171486715e-17], "k2_x2h_pos_mi_avg": [0.05910274172876454, 0.133724918308034, 0.13372491830803399], "k2_x2h_pos_mi_sem": [0.010541509831099236, 0.04031957992260693, 0.04031957992260692], "k2_x2h_pos_immi_syn_avg": [0.014602401700911205, 0.0, 2.4671622769447924e-18], "k2_x2h_pos_immi_syn_sem": [0.003681746389689386, 0.0, 2.4671622769447924e-18], "k2_x2h_pos_nimin_syn_avg": [0.23966132679560234, 6.641831836114606e-17, 1.844953287809613e-17], "k2_x2h_pos_nimin_syn_sem": [0.02659546496407236, 2.0025876473663112e-17, 1.0843783309074585e-17], "k2_x2h_pos_nimmi_syn_avg": [0.2396613267955993, 0.0, 3.6899065756192255e-18], "k2_x2h_pos_nimmi_syn_sem": [0.02659546496407626, 0.0, 3.689906575619226e-18]}