{"avg_reward_avg": 0.060399999999999995, "avg_reward_sem": 0.024594579348574622, "accuracy_avg": 0.07200000000000001, "accuracy_sem": 0.007272474743090476, "k2_xh2h_immi_syn_avg_avg": [0.2078031189536616], "k2_xh2h_immi_syn_avg_sem": [0.008326547462805627], "k2_xh2h_immi_syn_sem_avg": [0.01127748211961628], "k2_xh2h_immi_syn_sem_sem": [0.0005886883075291611], "k2_xh2h_mi_avg_avg": [0.573771939813085], "k2_xh2h_mi_avg_sem": [0.01569216176598721], "k2_xh2h_mi_sem_avg": [0.027757996144602236], "k2_xh2h_mi_sem_sem": [0.0018069390198861745], "k2_xh2h_nimmi_syn_avg_avg": [0.367506007465381], "k2_xh2h_nimmi_syn_avg_sem": [0.008948234514035407], "k2_xh2h_nimmi_syn_sem_avg": [0.013562355728014544], "k2_xh2h_nimmi_syn_sem_sem": [0.0006626928391712604]}