{"avg_reward": 0.027, "accuracy": 0.09, "k2_xh2h_immi_syn_avg": [0.19605056321865352], "k2_xh2h_immi_syn_sem": [0.008968407228984496], "k2_xh2h_mi_avg": [0.5138232450267043], "k2_xh2h_mi_sem": [0.025804549861689625], "k2_xh2h_nimmi_syn_avg": [0.39440836219977526], "k2_xh2h_nimmi_syn_sem": [0.013067328351356938]}