{"avg_reward": 0.013, "accuracy": 0.07, "k2_xh2h_immi_syn_avg": [0.17299233413017137], "k2_xh2h_immi_syn_sem": [0.013411772645614073], "k2_xh2h_mi_avg": [0.5533163499691317], "k2_xh2h_mi_sem": [0.041041672572262496], "k2_xh2h_nimmi_syn_avg": [0.3234322875887106], "k2_xh2h_nimmi_syn_sem": [0.016701059567474506]}