{"avg_reward": 0.255, "accuracy": 0.05, "k2_xh2h_immi_syn_avg": [0.24083981261126608], "k2_xh2h_immi_syn_sem": [0.009619142691561975], "k2_xh2h_mi_avg": [0.6271080007085542], "k2_xh2h_mi_sem": [0.024186884251633133], "k2_xh2h_nimmi_syn_avg": [0.39152400329158044], "k2_xh2h_nimmi_syn_sem": [0.011752159740893017]}