{"avg_reward": 0.02, "accuracy": 0.11, "k2_xh2h_immi_syn_avg": [0.20062786421449982], "k2_xh2h_immi_syn_sem": [0.011071240967909558], "k2_xh2h_mi_avg": [0.5172138562893316], "k2_xh2h_mi_sem": [0.024357700623716425], "k2_xh2h_nimmi_syn_avg": [0.38606574530667365], "k2_xh2h_nimmi_syn_sem": [0.012890557794712376]}