{"avg_reward": 0.018, "accuracy": 0.09, "k2_xh2h_immi_syn_avg": [0.19471813362962836], "k2_xh2h_immi_syn_sem": [0.012515023549402638], "k2_xh2h_mi_avg": [0.5923616099926285], "k2_xh2h_mi_sem": [0.025464835928014608], "k2_xh2h_nimmi_syn_avg": [0.32672778506111017], "k2_xh2h_nimmi_syn_sem": [0.0142433010000216]}