{"avg_reward": 0.123, "accuracy": 0.08, "k2_xh2h_immi_syn_avg": [0.20740406742850281], "k2_xh2h_immi_syn_sem": [0.008998557065846078], "k2_xh2h_mi_avg": [0.5944404873010762], "k2_xh2h_mi_sem": [0.029399183951407577], "k2_xh2h_nimmi_syn_avg": [0.3673862346193766], "k2_xh2h_nimmi_syn_sem": [0.015003624660158142]}