{"avg_reward": 0.086, "accuracy": 0.03, "k2_xh2h_immi_syn_avg": [0.2656069584136728], "k2_xh2h_immi_syn_sem": [0.013428810707489176], "k2_xh2h_mi_avg": [0.6601281126054293], "k2_xh2h_mi_sem": [0.02200150398701608], "k2_xh2h_nimmi_syn_avg": [0.39542621528907024], "k2_xh2h_nimmi_syn_sem": [0.010556135138727578]}