{"avg_reward_avg": 0.8958000000000002, "avg_reward_sem": 0.0017876116903722578, "accuracy_avg": 0.4789999999999999, "accuracy_sem": 0.008875684637129566, "k2_xh2h_immi_syn_avg_avg": [0.15631297492866716], "k2_xh2h_immi_syn_avg_sem": [0.00644977668811004], "k2_xh2h_immi_syn_sem_avg": [0.019338800456033232], "k2_xh2h_immi_syn_sem_sem": [0.0015420879050675842], "k2_xh2h_mi_avg_avg": [0.608389709835638], "k2_xh2h_mi_avg_sem": [0.015936773180059118], "k2_xh2h_mi_sem_avg": [0.056156509823868495], "k2_xh2h_mi_sem_sem": [0.0017681918108266668], "k2_xh2h_nimmi_syn_avg_avg": [0.28400137214686383], "k2_xh2h_nimmi_syn_avg_sem": [0.005508863089898187], "k2_xh2h_nimmi_syn_sem_avg": [0.019630556879544646], "k2_xh2h_nimmi_syn_sem_sem": [0.0005523324263108696]}