{"avg_reward": 0.901, "accuracy": 0.5, "k2_xh2h_immi_syn_avg": [0.14507004543914695], "k2_xh2h_immi_syn_sem": [0.01621066897185144], "k2_xh2h_mi_avg": [0.6221389312683613], "k2_xh2h_mi_sem": [0.053127318704303934], "k2_xh2h_nimmi_syn_avg": [0.2817219037562345], "k2_xh2h_nimmi_syn_sem": [0.02206222809149957]}