{"avg_reward": 0.885, "accuracy": 0.42, "k2_xh2h_immi_syn_avg": [0.15956637648814137], "k2_xh2h_immi_syn_sem": [0.023821980119791298], "k2_xh2h_mi_avg": [0.6015925396315231], "k2_xh2h_mi_sem": [0.058889243020710226], "k2_xh2h_nimmi_syn_avg": [0.2918208822476826], "k2_xh2h_nimmi_syn_sem": [0.020328822450581364]}