{"avg_reward": 0.897, "accuracy": 0.49, "k2_xh2h_immi_syn_avg": [0.17539259204522764], "k2_xh2h_immi_syn_sem": [0.024597536830274814], "k2_xh2h_mi_avg": [0.6422687628196612], "k2_xh2h_mi_sem": [0.060501622254062914], "k2_xh2h_nimmi_syn_avg": [0.2833484836444781], "k2_xh2h_nimmi_syn_sem": [0.021546478148965962]}