{"avg_reward": 0.893, "accuracy": 0.47, "k2_xh2h_immi_syn_avg": [0.14651857458603304], "k2_xh2h_immi_syn_sem": [0.014943773495739157], "k2_xh2h_mi_avg": [0.5580811882568849], "k2_xh2h_mi_sem": [0.0498227852136764], "k2_xh2h_nimmi_syn_avg": [0.28737828094248646], "k2_xh2h_nimmi_syn_sem": [0.01814243960378079]}