{"avg_reward": 0.898, "accuracy": 0.48, "k2_xh2h_immi_syn_avg": [0.16088973916387853], "k2_xh2h_immi_syn_sem": [0.0175327860172277], "k2_xh2h_mi_avg": [0.6364869054135676], "k2_xh2h_mi_sem": [0.05471261867536131], "k2_xh2h_nimmi_syn_avg": [0.27997513867871077], "k2_xh2h_nimmi_syn_sem": [0.017994640223616264]}