{"avg_reward": 0.899, "accuracy": 0.49, "k2_xh2h_immi_syn_avg": [0.186001255806759], "k2_xh2h_immi_syn_sem": [0.026657995878743387], "k2_xh2h_mi_avg": [0.6472814511413112], "k2_xh2h_mi_sem": [0.06755146389685099], "k2_xh2h_nimmi_syn_avg": [0.3000097140237881], "k2_xh2h_nimmi_syn_sem": [0.020212176003486692]}