{"avg_reward": 0.902, "accuracy": 0.51, "k2_xh2h_immi_syn_avg": [0.1500438718321015], "k2_xh2h_immi_syn_sem": [0.020724531294828947], "k2_xh2h_mi_avg": [0.5553877362176399], "k2_xh2h_mi_sem": [0.05451297240103829], "k2_xh2h_nimmi_syn_avg": [0.29917542010194026], "k2_xh2h_nimmi_syn_sem": [0.019972495839087362]}