{"avg_reward": 0.893, "accuracy": 0.47, "k2_xh2h_immi_syn_avg": [0.11127757888224545], "k2_xh2h_immi_syn_sem": [0.010494657646199796], "k2_xh2h_mi_avg": [0.5249910384271045], "k2_xh2h_mi_sem": [0.049164950102328166], "k2_xh2h_nimmi_syn_avg": [0.24294025985063522], "k2_xh2h_nimmi_syn_sem": [0.016197549684992464]}