{"avg_reward_avg": 0.14744800209, "avg_reward_sem": 5.334666666672224e-06, "accuracy_avg": 0.5, "accuracy_sem": 0.0, "k2_x2h_ray_imin_syn_avg_avg": [0.03323215233647718, 0.000939760893411775, 7.4625221491160205e-06], "k2_x2h_ray_imin_syn_avg_sem": [0.012410183758818116, 0.0006584603147104525, 7.4625221491160205e-06], "k2_x2h_ray_imin_syn_sem_avg": [0.012893084623483212, 0.0007153309491122379, 7.46252214911375e-06], "k2_x2h_ray_imin_syn_sem_sem": [0.004951050235325442, 0.0004781956247001539, 7.46252214911375e-06], "k2_x2h_ray_immi_syn_avg_avg": [0.042860164562219284, 0.0012442123145203965, 7.4625221491133846e-06], "k2_x2h_ray_immi_syn_avg_sem": [0.01724032474556249, 0.0008617061695373538, 7.462522149113385e-06], "k2_x2h_ray_immi_syn_sem_avg": [0.011740010780273352, 0.0009837910471501778, 7.462522149113386e-06], "k2_x2h_ray_immi_syn_sem_sem": [0.003701529882705799, 0.0006570409852136976, 7.462522149113385e-06], "k2_x2h_pos_imin_syn_avg_avg": [0.0074290310010290865, 0.000939760893411775, 7.4625221491160205e-06], "k2_x2h_pos_imin_syn_avg_sem": [0.005044934142629685, 0.0006584603147104525, 7.4625221491160205e-06], "k2_x2h_pos_imin_syn_sem_avg": [0.003362213398545358, 0.0007153309491122379, 7.46252214911375e-06], "k2_x2h_pos_imin_syn_sem_sem": [0.0019401519152276807, 0.0004781956247001539, 7.46252214911375e-06], "k2_x2h_pos_immi_syn_avg_avg": [0.010890102222156531, 0.0012442123145203965, 7.4625221491133846e-06], "k2_x2h_pos_immi_syn_avg_sem": [0.008344027750891613, 0.0008617061695373538, 7.462522149113385e-06], "k2_x2h_pos_immi_syn_sem_avg": [0.004667420988413462, 0.0009837910471501778, 7.462522149113386e-06], "k2_x2h_pos_immi_syn_sem_sem": [0.003134544591431605, 0.0006570409852136976, 7.462522149113385e-06], "k2_x2h_ray_mi_avg_avg": [0.139257654737831, 0.04161774010721923, 0.0012138157685431731], "k2_x2h_ray_mi_avg_sem": [0.043245133446433694, 0.018995575755481837, 0.001213815768543173], "k2_x2h_ray_mi_sem_avg": [0.02721506130056602, 0.009430933553606899, 0.0002530358918786099], "k2_x2h_ray_mi_sem_sem": [0.009672197298820694, 0.0040027281698746765, 0.0002530358918786099], "k2_x2h_ray_nimin_syn_avg_avg": [0.12957508902469275, 0.001956648897706693, 0.0001670454084480094], "k2_x2h_ray_nimin_syn_avg_sem": [0.05201411270614977, 0.001381215787913166, 0.0001670454084480094], "k2_x2h_ray_nimin_syn_sem_avg": [0.06032594111443577, 0.0015377088508285275, 0.0001670454084479487], "k2_x2h_ray_nimin_syn_sem_sem": [0.016849993549321114, 0.001034906279505448, 0.0001670454084479487], "k2_x2h_ray_nimmi_syn_avg_avg": [0.19112218663832928, 0.0026182347369099303, 0.00016704540844794075], "k2_x2h_ray_nimmi_syn_avg_sem": [0.05113370646745781, 0.0018305896980737035, 0.00016704540844794072], "k2_x2h_ray_nimmi_syn_sem_avg": [0.058177041876107095, 0.002137877602308255, 0.00016704540844794078], "k2_x2h_ray_nimmi_syn_sem_sem": [0.018380694497986235, 0.0014383430217596528, 0.00016704540844794072], "k2_x2h_pos_mi_avg_avg": [0.08708466634775566, 0.04161774010721923, 0.0012138157685431731], "k2_x2h_pos_mi_avg_sem": [0.029223483528761543, 0.018995575755481837, 0.001213815768543173], "k2_x2h_pos_mi_sem_avg": [0.02420384454670852, 0.009430933553606899, 0.0002530358918786099], "k2_x2h_pos_mi_sem_sem": [0.006963553159034705, 0.0040027281698746765, 0.0002530358918786099], "k2_x2h_pos_nimin_syn_avg_avg": [0.04396103301030306, 0.001956648897706693, 0.0001670454084480094], "k2_x2h_pos_nimin_syn_avg_sem": [0.02502492172391839, 0.001381215787913166, 0.0001670454084480094], "k2_x2h_pos_nimin_syn_sem_avg": [0.0197830479140183, 0.0015377088508285275, 0.0001670454084479487], "k2_x2h_pos_nimin_syn_sem_sem": [0.011319721342501844, 0.001034906279505448, 0.0001670454084479487], "k2_x2h_pos_nimmi_syn_avg_avg": [0.060961510245236716, 0.0026182347369099303, 0.00016704540844794075], "k2_x2h_pos_nimmi_syn_avg_sem": [0.0373541790488085, 0.0018305896980737035, 0.00016704540844794072], "k2_x2h_pos_nimmi_syn_sem_avg": [0.025968046964417273, 0.002137877602308255, 0.00016704540844794078], "k2_x2h_pos_nimmi_syn_sem_sem": [0.014472397316875172, 0.0014383430217596528, 0.00016704540844794072]}