{"avg_reward": 0.14744000008999997, "accuracy": 0.5, "k2_x2h_ray_imin_syn_avg": [0.09684981117053933, 4.4408920985006264e-17, 0.0], "k2_x2h_ray_imin_syn_sem": [0.026710477772060988, 1.3389793477436902e-17, 0.0], "k2_x2h_ray_immi_syn_avg": [0.09684981117053944, 0.0, 0.0], "k2_x2h_ray_immi_syn_sem": [0.026710477772060988, 0.0, 0.0], "k2_x2h_pos_imin_syn_avg": [0.013306789231102454, 4.4408920985006264e-17, 0.0], "k2_x2h_pos_imin_syn_sem": [0.006566975642845051, 1.3389793477436902e-17, 0.0], "k2_x2h_pos_immi_syn_avg": [0.013929226296572525, 0.0, 0.0], "k2_x2h_pos_immi_syn_sem": [0.0064417342408097135, 0.0, 0.0], "k2_x2h_ray_mi_avg": [0.2436429136065915, 0.0539732851910157, 0.0], "k2_x2h_ray_mi_sem": [0.026710477772060988, 0.01627355778922224, 0.0], "k2_x2h_ray_nimin_syn_avg": [0.3812752317492758, 1.6455889549001733e-16, 0.0], "k2_x2h_ray_nimin_syn_sem": [0.07421816637462231, 4.961637384142679e-17, 0.0], "k2_x2h_ray_nimmi_syn_avg": [0.38127523174927624, 0.0, 0.0], "k2_x2h_ray_nimmi_syn_sem": [0.0742181663746223, 0.0, 0.0], "k2_x2h_pos_mi_avg": [0.11650004073599447, 0.0539732851910157, 0.0], "k2_x2h_pos_mi_sem": [0.045665445870925185, 0.01627355778922224, 0.0], "k2_x2h_pos_nimin_syn_avg": [0.1874720256485571, 1.6455889549001733e-16, 0.0], "k2_x2h_pos_nimin_syn_sem": [0.10568785825676337, 4.961637384142679e-17, 0.0], "k2_x2h_pos_nimmi_syn_avg": [0.21135642588927306, 0.0, 0.0], "k2_x2h_pos_nimmi_syn_sem": [0.12840956837233705, 0.0, 0.0]}