{"avg_reward_avg": 0.976, "avg_reward_sem": 0.0023851391759997778, "accuracy_avg": 0.874, "accuracy_sem": 0.011661903789690595, "k2_xh2h_immi_syn_avg_avg": [0.18230412766049156], "k2_xh2h_immi_syn_avg_sem": [0.007060800515497974], "k2_xh2h_immi_syn_sem_avg": [0.02567894354000374], "k2_xh2h_immi_syn_sem_sem": [0.0009040610633136831], "k2_xh2h_mi_avg_avg": [0.6643075589471719], "k2_xh2h_mi_avg_sem": [0.017127149478190638], "k2_xh2h_mi_sem_avg": [0.0575869561946021], "k2_xh2h_mi_sem_sem": [0.0016713891935851296], "k2_xh2h_nimmi_syn_avg_avg": [0.2675087240428987], "k2_xh2h_nimmi_syn_avg_sem": [0.006843690218895239], "k2_xh2h_nimmi_syn_sem_avg": [0.021651798845912403], "k2_xh2h_nimmi_syn_sem_sem": [0.00043051720785089204]}