{"avg_reward": 0.978, "accuracy": 0.87, "k2_xh2h_immi_syn_avg": [0.1593734365598453], "k2_xh2h_immi_syn_sem": [0.020817143445272586], "k2_xh2h_mi_avg": [0.6804095047165835], "k2_xh2h_mi_sem": [0.050904529700693375], "k2_xh2h_nimmi_syn_avg": [0.23444474107465632], "k2_xh2h_nimmi_syn_sem": [0.019293253016801307]}