{"avg_reward": 0.991, "accuracy": 0.95, "k2_xh2h_immi_syn_avg": [0.17856213353772238], "k2_xh2h_immi_syn_sem": [0.026501767176644535], "k2_xh2h_mi_avg": [0.6761818046781233], "k2_xh2h_mi_sem": [0.0588539119812807], "k2_xh2h_nimmi_syn_avg": [0.25503428690798424], "k2_xh2h_nimmi_syn_sem": [0.02183110842579256]}