{"avg_reward": 0.963, "accuracy": 0.81, "k2_xh2h_immi_syn_avg": [0.17273912830727867], "k2_xh2h_immi_syn_sem": [0.027054852676724642], "k2_xh2h_mi_avg": [0.6583444716612495], "k2_xh2h_mi_sem": [0.0608020720803792], "k2_xh2h_nimmi_syn_avg": [0.2640264236826276], "k2_xh2h_nimmi_syn_sem": [0.02301732233548707]}