{"avg_reward": 0.977, "accuracy": 0.88, "k2_xh2h_immi_syn_avg": [0.22523234944242831], "k2_xh2h_immi_syn_sem": [0.027601648889459963], "k2_xh2h_mi_avg": [0.7044467052196842], "k2_xh2h_mi_sem": [0.05806551618168455], "k2_xh2h_nimmi_syn_avg": [0.30204648694226005], "k2_xh2h_nimmi_syn_sem": [0.02060077619703309]}