{"avg_reward": 0.972, "accuracy": 0.86, "k2_xh2h_immi_syn_avg": [0.16985056772955442], "k2_xh2h_immi_syn_sem": [0.02519050100006008], "k2_xh2h_mi_avg": [0.5963435326415933], "k2_xh2h_mi_sem": [0.05880237203871914], "k2_xh2h_nimmi_syn_avg": [0.2884451544307514], "k2_xh2h_nimmi_syn_sem": [0.022929498821834104]}