{"avg_reward_avg": 0.9356, "avg_reward_sem": 0.002574231276841029, "accuracy_avg": 0.6759999999999999, "accuracy_sem": 0.013432961119739918, "k2_xh2h_immi_syn_avg_avg": [0.17874603444992207], "k2_xh2h_immi_syn_avg_sem": [0.0104250322732502], "k2_xh2h_immi_syn_sem_avg": [0.02678210083181608], "k2_xh2h_immi_syn_sem_sem": [0.001588574499808341], "k2_xh2h_mi_avg_avg": [0.6643185295771225], "k2_xh2h_mi_avg_sem": [0.02280151628748671], "k2_xh2h_mi_sem_avg": [0.061239660187754896], "k2_xh2h_mi_sem_sem": [0.0015677998733895867], "k2_xh2h_nimmi_syn_avg_avg": [0.26372051624477433], "k2_xh2h_nimmi_syn_avg_sem": [0.005552101977202335], "k2_xh2h_nimmi_syn_sem_avg": [0.021103061728642052], "k2_xh2h_nimmi_syn_sem_sem": [0.0005329813145690717]}