{"avg_reward": 0.932, "accuracy": 0.67, "k2_xh2h_immi_syn_avg": [0.22314675386073146], "k2_xh2h_immi_syn_sem": [0.028855073227119037], "k2_xh2h_mi_avg": [0.7460659158602005], "k2_xh2h_mi_sem": [0.06216232077388199], "k2_xh2h_nimmi_syn_avg": [0.28139944778606907], "k2_xh2h_nimmi_syn_sem": [0.019668537776257152]}