{"avg_reward": 0.928, "accuracy": 0.64, "k2_xh2h_immi_syn_avg": [0.17608412608717425], "k2_xh2h_immi_syn_sem": [0.031807681915622665], "k2_xh2h_mi_avg": [0.6199604703793907], "k2_xh2h_mi_sem": [0.0679342459372468], "k2_xh2h_nimmi_syn_avg": [0.25640694646305984], "k2_xh2h_nimmi_syn_sem": [0.01947585827374014]}