{"avg_reward": 0.926, "accuracy": 0.62, "k2_xh2h_immi_syn_avg": [0.16757679911682974], "k2_xh2h_immi_syn_sem": [0.023081729971885703], "k2_xh2h_mi_avg": [0.6124112850558171], "k2_xh2h_mi_sem": [0.06036400165298625], "k2_xh2h_nimmi_syn_avg": [0.28826158518887013], "k2_xh2h_nimmi_syn_sem": [0.020959492045974477]}