{"avg_reward": 0.924, "accuracy": 0.62, "k2_xh2h_immi_syn_avg": [0.19988248166016204], "k2_xh2h_immi_syn_sem": [0.030408399526107265], "k2_xh2h_mi_avg": [0.7316798164414183], "k2_xh2h_mi_sem": [0.061019712706454926], "k2_xh2h_nimmi_syn_avg": [0.2630412106623484], "k2_xh2h_nimmi_syn_sem": [0.024089484063133555]}