{"avg_reward": 0.944, "accuracy": 0.72, "k2_xh2h_immi_syn_avg": [0.16534719329059303], "k2_xh2h_immi_syn_sem": [0.028590875996153186], "k2_xh2h_mi_avg": [0.6010595682223954], "k2_xh2h_mi_sem": [0.06519710769552492], "k2_xh2h_nimmi_syn_avg": [0.2681925624321163], "k2_xh2h_nimmi_syn_sem": [0.022333330080299665]}