{"avg_reward_avg": 0.9817499999999999, "avg_reward_sem": 0.0010034662148993604, "accuracy_avg": 0.9075, "accuracy_sem": 0.006291528696058963, "k2_xh2h_immi_syn_avg_avg": [0.16760243324109853], "k2_xh2h_immi_syn_avg_sem": [0.008690359893383567], "k2_xh2h_immi_syn_sem_avg": [0.026765343333780195], "k2_xh2h_immi_syn_sem_sem": [0.0016435878282242374], "k2_xh2h_mi_avg_avg": [0.6703437832318092], "k2_xh2h_mi_avg_sem": [0.0218552369726228], "k2_xh2h_mi_sem_avg": [0.06243958023590832], "k2_xh2h_mi_sem_sem": [0.0030105585947725953], "k2_xh2h_nimmi_syn_avg_avg": [0.2425083599362256], "k2_xh2h_nimmi_syn_avg_sem": [0.006336998465962431], "k2_xh2h_nimmi_syn_sem_avg": [0.023430060873806786], "k2_xh2h_nimmi_syn_sem_sem": [0.00041295108835159616]}