{"avg_reward": 0.982, "accuracy": 0.91, "k2_xh2h_immi_syn_avg": [0.183977605165688], "k2_xh2h_immi_syn_sem": [0.025474905520898837], "k2_xh2h_mi_avg": [0.6812414567239911], "k2_xh2h_mi_sem": [0.058419765287989436], "k2_xh2h_nimmi_syn_avg": [0.259538827658241], "k2_xh2h_nimmi_syn_sem": [0.023814272191970572]}