{"avg_reward": 0.9865, "accuracy": 0.935, "k2_xh2h_immi_syn_avg": [0.15889046978116098], "k2_xh2h_immi_syn_sem": [0.023622641463753997], "k2_xh2h_mi_avg": [0.6145538919107683], "k2_xh2h_mi_sem": [0.05252902141152328], "k2_xh2h_nimmi_syn_avg": [0.24821343685528924], "k2_xh2h_nimmi_syn_sem": [0.024007838471477642]}