{"avg_reward": 0.982, "accuracy": 0.92, "k2_xh2h_immi_syn_avg": [0.22473485128442922], "k2_xh2h_immi_syn_sem": [0.03814051851434736], "k2_xh2h_mi_avg": [0.7993787241663719], "k2_xh2h_mi_sem": [0.08316991364790606], "k2_xh2h_nimmi_syn_avg": [0.259846309980916], "k2_xh2h_nimmi_syn_sem": [0.02421528157883744]}