{"avg_reward": 0.9765, "accuracy": 0.87, "k2_xh2h_immi_syn_avg": [0.119863324332455], "k2_xh2h_immi_syn_sem": [0.021756967298358947], "k2_xh2h_mi_avg": [0.5872716786206599], "k2_xh2h_mi_sem": [0.06351901922942092], "k2_xh2h_nimmi_syn_avg": [0.22310134008614313], "k2_xh2h_nimmi_syn_sem": [0.02113423171197221]}