{"avg_reward": 0.9835, "accuracy": 0.915, "k2_xh2h_immi_syn_avg": [0.16240258454070336], "k2_xh2h_immi_syn_sem": [0.025974732674928686], "k2_xh2h_mi_avg": [0.7239651859844987], "k2_xh2h_mi_sem": [0.0639077261680307], "k2_xh2h_nimmi_syn_avg": [0.23514009115611312], "k2_xh2h_nimmi_syn_sem": [0.023928360547193713]}