{"avg_reward": 0.984, "accuracy": 0.92, "k2_xh2h_immi_syn_avg": [0.15437155590354956], "k2_xh2h_immi_syn_sem": [0.022493777527326456], "k2_xh2h_mi_avg": [0.5595763720322491], "k2_xh2h_mi_sem": [0.049979476204904914], "k2_xh2h_nimmi_syn_avg": [0.2682511611174777], "k2_xh2h_nimmi_syn_sem": [0.02342960572539504]}