{"avg_reward": 0.977, "accuracy": 0.885, "k2_xh2h_immi_syn_avg": [0.17848918393139926], "k2_xh2h_immi_syn_sem": [0.03240517465938043], "k2_xh2h_mi_avg": [0.6708481365936999], "k2_xh2h_mi_sem": [0.07197184683088173], "k2_xh2h_nimmi_syn_avg": [0.2512680197171575], "k2_xh2h_nimmi_syn_sem": [0.024151572196833386]}