{"avg_reward": 0.9845, "accuracy": 0.925, "k2_xh2h_immi_syn_avg": [0.15179507279721416], "k2_xh2h_immi_syn_sem": [0.023578359098968712], "k2_xh2h_mi_avg": [0.6923571024831067], "k2_xh2h_mi_sem": [0.058598943319745904], "k2_xh2h_nimmi_syn_avg": [0.20010500200407447], "k2_xh2h_nimmi_syn_sem": [0.020889528910116847]}