{"avg_reward_avg": 0.06565000000000001, "avg_reward_sem": 0.03120123305967962, "accuracy_avg": 0.06050000000000001, "accuracy_sem": 0.004740487551109297, "k2_xh2h_immi_syn_avg_avg": [0.20329671464084878], "k2_xh2h_immi_syn_avg_sem": [0.006104417444104927], "k2_xh2h_immi_syn_sem_avg": [0.010369217926975973], "k2_xh2h_immi_syn_sem_sem": [0.0006844712794373761], "k2_xh2h_mi_avg_avg": [0.5592504899064267], "k2_xh2h_mi_avg_sem": [0.02167895590029601], "k2_xh2h_mi_sem_avg": [0.028511347415913622], "k2_xh2h_mi_sem_sem": [0.0023676793973672543], "k2_xh2h_nimmi_syn_avg_avg": [0.37343396368177767], "k2_xh2h_nimmi_syn_avg_sem": [0.005390340160024585], "k2_xh2h_nimmi_syn_sem_avg": [0.013343918895512605], "k2_xh2h_nimmi_syn_sem_sem": [0.0005260365307754456]}