{"avg_reward": 0.0355, "accuracy": 0.065, "k2_xh2h_immi_syn_avg": [0.18413918222275277], "k2_xh2h_immi_syn_sem": [0.008239254351262755], "k2_xh2h_mi_avg": [0.5068908522032705], "k2_xh2h_mi_sem": [0.024900420560438796], "k2_xh2h_nimmi_syn_avg": [0.3731587760394868], "k2_xh2h_nimmi_syn_sem": [0.012307829984283333]}