{"avg_reward": 0.0175, "accuracy": 0.085, "k2_xh2h_immi_syn_avg": [0.19684571046324129], "k2_xh2h_immi_syn_sem": [0.012467513121485219], "k2_xh2h_mi_avg": [0.5467256544432916], "k2_xh2h_mi_sem": [0.028064660212414053], "k2_xh2h_nimmi_syn_avg": [0.36128772124136205], "k2_xh2h_nimmi_syn_sem": [0.013495169635470539]}