{"avg_reward": 0.014, "accuracy": 0.08, "k2_xh2h_immi_syn_avg": [0.1899661651997906], "k2_xh2h_immi_syn_sem": [0.0073533494621355125], "k2_xh2h_mi_avg": [0.5008764827136631], "k2_xh2h_mi_sem": [0.02600157189851212], "k2_xh2h_nimmi_syn_avg": [0.39168696179158197], "k2_xh2h_nimmi_syn_sem": [0.011427917541821661]}