{"avg_reward": 0.0105, "accuracy": 0.06, "k2_xh2h_immi_syn_avg": [0.22451342648849265], "k2_xh2h_immi_syn_sem": [0.013720844711130449], "k2_xh2h_mi_avg": [0.6819599273517607], "k2_xh2h_mi_sem": [0.04124786505345051], "k2_xh2h_nimmi_syn_avg": [0.34179293828874113], "k2_xh2h_nimmi_syn_sem": [0.014484790832574717]}