{"avg_reward": 0.332, "accuracy": 0.035, "k2_xh2h_immi_syn_avg": [0.23936842065232938], "k2_xh2h_immi_syn_sem": [0.012453414054533506], "k2_xh2h_mi_avg": [0.6395385541911712], "k2_xh2h_mi_sem": [0.02967062090500806], "k2_xh2h_nimmi_syn_avg": [0.3752151075722164], "k2_xh2h_nimmi_syn_sem": [0.012705463762057537]}