{"avg_reward": 0.0145, "accuracy": 0.065, "k2_xh2h_immi_syn_avg": [0.2118000844556083], "k2_xh2h_immi_syn_sem": [0.011157940601563169], "k2_xh2h_mi_avg": [0.6322118488338463], "k2_xh2h_mi_sem": [0.04214784873833035], "k2_xh2h_nimmi_syn_avg": [0.3573204503983495], "k2_xh2h_nimmi_syn_sem": [0.015786385184428063]}