{"avg_reward": 0.032, "accuracy": 0.045, "k2_xh2h_immi_syn_avg": [0.17551793781479952], "k2_xh2h_immi_syn_sem": [0.010233347745105655], "k2_xh2h_mi_avg": [0.47319816336844267], "k2_xh2h_mi_sem": [0.0197851831769368], "k2_xh2h_nimmi_syn_avg": [0.3735529333356519], "k2_xh2h_nimmi_syn_sem": [0.014967605661860669]}