{"avg_reward_avg": 0.8972999999999999, "avg_reward_sem": 0.0017130220210039477, "accuracy_avg": 0.489, "accuracy_sem": 0.009712534856222312, "k2_xh2h_immi_syn_avg_avg": [0.12436694443944522], "k2_xh2h_immi_syn_avg_sem": [0.006618748298990295], "k2_xh2h_immi_syn_sem_avg": [0.024002092979261425], "k2_xh2h_immi_syn_sem_sem": [0.002175599886625589], "k2_xh2h_mi_avg_avg": [0.5829512017819758], "k2_xh2h_mi_avg_sem": [0.013221395158144612], "k2_xh2h_mi_sem_avg": [0.06559728233919934], "k2_xh2h_mi_sem_sem": [0.003156848232073562], "k2_xh2h_nimmi_syn_avg_avg": [0.21293085914911125], "k2_xh2h_nimmi_syn_avg_sem": [0.009051060020620833], "k2_xh2h_nimmi_syn_sem_avg": [0.023779143055731367], "k2_xh2h_nimmi_syn_sem_sem": [0.0004231867323424561]}