{"avg_reward": 0.905, "accuracy": 0.54, "k2_xh2h_immi_syn_avg": [0.08778185238087238], "k2_xh2h_immi_syn_sem": [0.013988783045585977], "k2_xh2h_mi_avg": [0.5231424110937207], "k2_xh2h_mi_sem": [0.0585005742631577], "k2_xh2h_nimmi_syn_avg": [0.20809079765450073], "k2_xh2h_nimmi_syn_sem": [0.02440302795571948]}