{"avg_reward": 0.898, "accuracy": 0.49, "k2_xh2h_immi_syn_avg": [0.14262820405838086], "k2_xh2h_immi_syn_sem": [0.01918535859957544], "k2_xh2h_mi_avg": [0.6134141466466414], "k2_xh2h_mi_sem": [0.053263069210284904], "k2_xh2h_nimmi_syn_avg": [0.24217211506024006], "k2_xh2h_nimmi_syn_sem": [0.02534637047215916]}