{"avg_reward": 0.891, "accuracy": 0.45, "k2_xh2h_immi_syn_avg": [0.10341088326859875], "k2_xh2h_immi_syn_sem": [0.020649324097735254], "k2_xh2h_mi_avg": [0.5714110093888957], "k2_xh2h_mi_sem": [0.05942303837666334], "k2_xh2h_nimmi_syn_avg": [0.1785057844536465], "k2_xh2h_nimmi_syn_sem": [0.02239125066064036]}