{"avg_reward": 0.892, "accuracy": 0.47, "k2_xh2h_immi_syn_avg": [0.12037974894095539], "k2_xh2h_immi_syn_sem": [0.031241288725871428], "k2_xh2h_mi_avg": [0.5873581338853078], "k2_xh2h_mi_sem": [0.0759958543336643], "k2_xh2h_nimmi_syn_avg": [0.18759453515132174], "k2_xh2h_nimmi_syn_sem": [0.02537110433841291]}