{"avg_reward": 0.904, "accuracy": 0.52, "k2_xh2h_immi_syn_avg": [0.1346974633319657], "k2_xh2h_immi_syn_sem": [0.022985370032169366], "k2_xh2h_mi_avg": [0.5869229580693329], "k2_xh2h_mi_sem": [0.06207245535177087], "k2_xh2h_nimmi_syn_avg": [0.24060527516558217], "k2_xh2h_nimmi_syn_sem": [0.024809948989609566]}