{"avg_reward": 0.897, "accuracy": 0.49, "k2_xh2h_immi_syn_avg": [0.13190260153226036], "k2_xh2h_immi_syn_sem": [0.028129385542292905], "k2_xh2h_mi_avg": [0.6212328230210412], "k2_xh2h_mi_sem": [0.07059338530838237], "k2_xh2h_nimmi_syn_avg": [0.1952583990617394], "k2_xh2h_nimmi_syn_sem": [0.023229842119286047]}