{"avg_reward": 0.901, "accuracy": 0.5, "k2_xh2h_immi_syn_avg": [0.1129713166539782], "k2_xh2h_immi_syn_sem": [0.025587131111122038], "k2_xh2h_mi_avg": [0.5262639511402301], "k2_xh2h_mi_sem": [0.059264920241320296], "k2_xh2h_nimmi_syn_avg": [0.19507214432645895], "k2_xh2h_nimmi_syn_sem": [0.024850383314803083]}