{"avg_reward": 0.9, "accuracy": 0.51, "k2_xh2h_immi_syn_avg": [0.13870492970771692], "k2_xh2h_immi_syn_sem": [0.025756154534785074], "k2_xh2h_mi_avg": [0.5399037422280502], "k2_xh2h_mi_sem": [0.07338609006311027], "k2_xh2h_nimmi_syn_avg": [0.2649527133911333], "k2_xh2h_nimmi_syn_sem": [0.02214961236324645]}