{"avg_reward_avg": 0.03753798746429601, "avg_reward_sem": 0.00670250083681737, "accuracy_avg": 0.8, "accuracy_sem": 0.08217951218048342, "IQR_binning_avg": 1.0, "IQR_binning_sem": 0.0, "layer_max_bin_avg": 5.0, "layer_max_bin_sem": 0.0, "k2_x2h_ray_imin_syn_avg_avg": [0.709877558645393, 0.3044862184144943, 0.11484685274085482], "k2_x2h_ray_imin_syn_avg_sem": [0.09755560505051901, 0.0883541303186098, 0.02707642239649285], "k2_x2h_ray_imin_syn_sem_avg": [0.03070880402802475, 0.048065988739292576, 0.01495189710508997], "k2_x2h_ray_imin_syn_sem_sem": [0.003160706207416969, 0.009445846944497717, 0.003206121494693456], "k2_x2h_ray_mi_avg_avg": [1.965475606100621, 1.982030924759023, 0.6649607882883874], "k2_x2h_ray_mi_avg_sem": [0.27797665816393535, 0.3288552794306446, 0.10011401322593272], "k2_x2h_ray_mi_sem_avg": [0.05724965925862611, 0.14285540121185256, 0.045322015991813444], "k2_x2h_ray_mi_sem_sem": [0.012313136946757529, 0.01666872141464865, 0.005168391243201151], "k2_x2h_ray_immi_syn_avg_avg": [0.8805289897149475, 0.43309318308324274, 0.14739278630176506], "k2_x2h_ray_immi_syn_avg_sem": [0.12684859526655376, 0.1094755717106144, 0.03441397960134119], "k2_x2h_ray_immi_syn_sem_avg": [0.04242859190147237, 0.06616230746460608, 0.01900277898184508], "k2_x2h_ray_immi_syn_sem_sem": [0.005755067487800428, 0.010612857609292899, 0.0042478474232352445], "k2_x2h_ray_nimin_syn_avg_avg": [0.3722648289633107, 0.09163437378069532, 0.13140783233474432], "k2_x2h_ray_nimin_syn_avg_sem": [0.016081188657207892, 0.019978801688079154, 0.022277253545378687], "k2_x2h_ray_nimin_syn_sem_avg": [0.027065709394173777, 0.014236104806863456, 0.015347273610619518], "k2_x2h_ray_nimin_syn_sem_sem": [0.009088583597703422, 0.0015981044684889435, 0.0018491045444944236], "k2_x2h_ray_nimmi_syn_avg_avg": [0.45520761100492796, 0.14012186360273082, 0.17134212323593762], "k2_x2h_ray_nimmi_syn_avg_sem": [0.01935485180463126, 0.024663912231176085, 0.026531709970432086], "k2_x2h_ray_nimmi_syn_sem_avg": [0.03273947648848911, 0.021508502603035988, 0.019746371255233913], "k2_x2h_ray_nimmi_syn_sem_sem": [0.00886165358751741, 0.001870654183035776, 0.0023410507965215626], "k2_x2h_pos_imin_syn_avg_avg": [0.6627808949140661, 0.3044862184144943, 0.11484685274085482], "k2_x2h_pos_imin_syn_avg_sem": [0.10288432215491783, 0.0883541303186098, 0.02707642239649285], "k2_x2h_pos_imin_syn_sem_avg": [0.046333905661182596, 0.048065988739292576, 0.01495189710508997], "k2_x2h_pos_imin_syn_sem_sem": [0.0059420779145191215, 0.009445846944497717, 0.003206121494693456], "k2_x2h_pos_mi_avg_avg": [2.8506711727149856, 1.982030924759023, 0.6649607882883874], "k2_x2h_pos_mi_avg_sem": [0.40063542100626265, 0.3288552794306446, 0.10011401322593272], "k2_x2h_pos_mi_sem_avg": [0.05108774781173829, 0.14285540121185256, 0.045322015991813444], "k2_x2h_pos_mi_sem_sem": [0.006968365027420516, 0.01666872141464865, 0.005168391243201151], "k2_x2h_pos_immi_syn_avg_avg": [0.7378967591079577, 0.43309318308324274, 0.14739278630176506], "k2_x2h_pos_immi_syn_avg_sem": [0.11562091676504573, 0.1094755717106144, 0.03441397960134119], "k2_x2h_pos_immi_syn_sem_avg": [0.05108774781173818, 0.06616230746460608, 0.01900277898184508], "k2_x2h_pos_immi_syn_sem_sem": [0.006968365027420536, 0.010612857609292899, 0.0042478474232352445], "k2_x2h_pos_nimin_syn_avg_avg": [0.25292649885091434, 0.09163437378069532, 0.13140783233474432], "k2_x2h_pos_nimin_syn_avg_sem": [0.02925236727090656, 0.019978801688079154, 0.022277253545378687], "k2_x2h_pos_nimin_syn_sem_avg": [0.015612325254034817, 0.014236104806863456, 0.015347273610619518], "k2_x2h_pos_nimin_syn_sem_sem": [0.0036507986771248217, 0.0015981044684889435, 0.0018491045444944236], "k2_x2h_pos_nimmi_syn_avg_avg": [0.2827589837729766, 0.14012186360273082, 0.17134212323593762], "k2_x2h_pos_nimmi_syn_avg_sem": [0.03369468566952284, 0.024663912231176085, 0.026531709970432086], "k2_x2h_pos_nimmi_syn_sem_avg": [0.01682027469576875, 0.021508502603035988, 0.019746371255233913], "k2_x2h_pos_nimmi_syn_sem_sem": [0.0034561069230221015, 0.001870654183035776, 0.0023410507965215626]}