{"avg_reward": 0.029997569298784457, "accuracy": 1.0, "IQR_binning": true, "layer_max_bin": 5, "k2_x2h_ray_imin_syn_avg": [0.8203771355008579, 0.1840379174933228, 0.21374443207573743], "k2_x2h_ray_imin_syn_sem": [0.020363829407951204, 0.038571667565755724, 0.027860033983969395], "k2_x2h_ray_mi_avg": [2.129091489897918, 1.8335203976517351, 0.9984611715049314], "k2_x2h_ray_mi_sem": [0.028307045475391902, 0.14741520011621184, 0.051130000703560184], "k2_x2h_ray_immi_syn_avg": [1.0099516209226174, 0.30548799955052264, 0.26675757132267514], "k2_x2h_ray_immi_syn_sem": [0.03358336858055133, 0.05910560938502153, 0.031937936429320586], "k2_x2h_ray_nimin_syn_avg": [0.38548166277380425, 0.07417103167134156, 0.18478069664854205], "k2_x2h_ray_nimin_syn_sem": [0.011382886414338779, 0.012257193924430835, 0.016752880044463344], "k2_x2h_ray_nimmi_syn_avg": [0.4748175252264639, 0.12928502437434966, 0.23629497160584528], "k2_x2h_ray_nimmi_syn_sem": [0.02087928890569398, 0.0201202213714733, 0.019248360600075523], "k2_x2h_pos_imin_syn_avg": [0.7440784900290393, 0.1840379174933228, 0.21374443207573743], "k2_x2h_pos_imin_syn_sem": [0.05127131682294256, 0.038571667565755724, 0.027860033983969395], "k2_x2h_pos_mi_avg": [3.068875858137629, 1.8335203976517351, 0.9984611715049314], "k2_x2h_pos_mi_sem": [0.05407736456806692, 0.14741520011621184, 0.051130000703560184], "k2_x2h_pos_immi_syn_avg": [0.7706169194542566, 0.30548799955052264, 0.26675757132267514], "k2_x2h_pos_immi_syn_sem": [0.05407736456806693, 0.05910560938502153, 0.031937936429320586], "k2_x2h_pos_nimin_syn_avg": [0.24202766666026163, 0.07417103167134156, 0.18478069664854205], "k2_x2h_pos_nimin_syn_sem": [0.012288319296325992, 0.012257193924430835, 0.016752880044463344], "k2_x2h_pos_nimmi_syn_avg": [0.25064847012528374, 0.12928502437434966, 0.23629497160584528], "k2_x2h_pos_nimmi_syn_sem": [0.013017956927191827, 0.0201202213714733, 0.019248360600075523]}