{"avg_reward": 0.06258780660243929, "accuracy": 1.0, "IQR_binning": true, "layer_max_bin": 5, "k2_x2h_ray_imin_syn_avg": [0.7133874453634265, 0.15124519349480833, 0.028262978722493105], "k2_x2h_ray_imin_syn_sem": [0.03315575384626409, 0.032162183037646466, 0.008535254131382841], "k2_x2h_ray_mi_avg": [1.754270327990622, 1.6124873971214242, 0.5978364338540765], "k2_x2h_ray_mi_sem": [0.007176581035644685, 0.15263015083502643, 0.0668409559116159], "k2_x2h_ray_immi_syn_avg": [0.867830927515938, 0.25801897050499356, 0.036693645246645784], "k2_x2h_ray_immi_syn_sem": [0.03932124907090806, 0.05182286003619783, 0.010821441329991103], "k2_x2h_ray_nimin_syn_avg": [0.4068105686768189, 0.0603321754071352, 0.05833716909244428], "k2_x2h_ray_nimin_syn_sem": [0.020489535922090463, 0.01237521669579173, 0.01529409255263902], "k2_x2h_ray_nimmi_syn_avg": [0.4948845112850153, 0.10561907638010201, 0.07926712548689419], "k2_x2h_ray_nimmi_syn_sem": [0.024410223736729117, 0.02031609906295763, 0.021266530414008073], "k2_x2h_pos_imin_syn_avg": [0.481072079016132, 0.15124519349480833, 0.028262978722493105], "k2_x2h_pos_imin_syn_sem": [0.02020844502229435, 0.032162183037646466, 0.008535254131382841], "k2_x2h_pos_mi_avg": [2.718269754427124, 1.6124873971214242, 0.5978364338540765], "k2_x2h_pos_mi_sem": [0.023351587140592715, 0.15263015083502643, 0.0668409559116159], "k2_x2h_pos_immi_syn_avg": [0.5020998015881976, 0.25801897050499356, 0.036693645246645784], "k2_x2h_pos_immi_syn_sem": [0.023351587140592187, 0.05182286003619783, 0.010821441329991103], "k2_x2h_pos_nimin_syn_avg": [0.1768818989718297, 0.0603321754071352, 0.05833716909244428], "k2_x2h_pos_nimin_syn_sem": [0.0059752623363485795, 0.01237521669579173, 0.01529409255263902], "k2_x2h_pos_nimmi_syn_avg": [0.18459248691692873, 0.10561907638010201, 0.07926712548689419], "k2_x2h_pos_nimmi_syn_sem": [0.007015352857708153, 0.02031609906295763, 0.021266530414008073]}