{"avg_reward": 0.047225591007744365, "accuracy": 0.9375, "IQR_binning": true, "layer_max_bin": 5, "k2_x2h_ray_imin_syn_avg": [1.062871004761866, 0.8600040417029852, 0.12819850351152987], "k2_x2h_ray_imin_syn_sem": [0.04247511349966115, 0.08159874705743121, 0.020291994863003343], "k2_x2h_ray_mi_avg": [3.029443520791204, 3.298957130117385, 0.7155849908679879], "k2_x2h_ray_mi_sem": [0.10262549578787514, 0.12312694811144578, 0.054452540904935384], "k2_x2h_ray_immi_syn_avg": [1.3331590530807838, 1.1402330951012665, 0.18630454247844636], "k2_x2h_ray_immi_syn_sem": [0.07352516923663169, 0.09618995031427721, 0.025037195704540577], "k2_x2h_ray_nimin_syn_avg": [0.3516974416364191, 0.23034511075765163, 0.14170566218443478], "k2_x2h_ray_nimin_syn_sem": [0.01930063856220907, 0.019398427198534327, 0.01623806899916356], "k2_x2h_ray_nimmi_syn_avg": [0.43983383535931725, 0.31121872220066515, 0.21966286057632836], "k2_x2h_ray_nimmi_syn_sem": [0.01603449525832011, 0.024247076838648705, 0.02255646571742596], "k2_x2h_pos_imin_syn_avg": [1.0469112652315327, 0.8600040417029852, 0.12819850351152987], "k2_x2h_pos_imin_syn_sem": [0.07164319202463279, 0.08159874705743121, 0.020291994863003343], "k2_x2h_pos_mi_avg": [4.116652862075473, 3.298957130117385, 0.7155849908679879], "k2_x2h_pos_mi_sem": [0.062234521396910464, 0.12312694811144578, 0.054452540904935384], "k2_x2h_pos_immi_syn_avg": [1.2188611121914519, 1.1402330951012665, 0.18630454247844636], "k2_x2h_pos_immi_syn_sem": [0.062234521396910054, 0.09618995031427721, 0.025037195704540577], "k2_x2h_pos_nimin_syn_avg": [0.25394429262391754, 0.23034511075765163, 0.14170566218443478], "k2_x2h_pos_nimin_syn_sem": [0.01394560774972266, 0.019398427198534327, 0.01623806899916356], "k2_x2h_pos_nimmi_syn_avg": [0.29575493474142167, 0.31121872220066515, 0.21966286057632836], "k2_x2h_pos_nimmi_syn_sem": [0.01077196969426562, 0.024247076838648705, 0.02255646571742596]}