{"avg_reward": -0.0014817930385178162, "accuracy": 0.125, "IQR_binning": true, "layer_max_bin": 5, "k2_x2h_ray_imin_syn_avg": [0.0838388319941437, 0.003388148677814166, -6.1306347487831704e-18], "k2_x2h_ray_imin_syn_sem": [0.014204260347773333, 0.003113787765985724, 7.740962022239387e-18], "k2_x2h_ray_mi_avg": [0.1964034453504251, 0.24222098093388356, 0.07537795660552278], "k2_x2h_ray_mi_sem": [0.009066041598368524, 0.03974280847241988, 0.022727309047655495], "k2_x2h_ray_immi_syn_avg": [0.09805080691814494, 0.004830143030079413, -4.934324553889585e-18], "k2_x2h_ray_immi_syn_sem": [0.013646264041816255, 0.004474592197390153, 5.240245495647371e-18], "k2_x2h_ray_nimin_syn_avg": [0.42600903916328675, 0.004794272666365134, 1.3092221588633658e-17], "k2_x2h_ray_nimin_syn_sem": [0.07038780119260551, 0.004087571664887449, 1.3092221588633653e-17], "k2_x2h_ray_nimmi_syn_avg": [0.49945191602153566, 0.006789669997197207, 3.2730553971584133e-18], "k2_x2h_ray_nimmi_syn_sem": [0.06968961326088463, 0.005872029482778244, 3.273055397158413e-18], "k2_x2h_pos_imin_syn_avg": [0.14392235449137483, 0.003388148677814166, -6.1306347487831704e-18], "k2_x2h_pos_imin_syn_sem": [0.024205843304648277, 0.003113787765985724, 7.740962022239387e-18], "k2_x2h_pos_mi_avg": [0.28671774352883544, 0.24222098093388356, 0.07537795660552278], "k2_x2h_pos_mi_sem": [0.024577747029273345, 0.03974280847241988, 0.022727309047655495], "k2_x2h_pos_immi_syn_avg": [0.16353896789025946, 0.004830143030079413, -4.934324553889585e-18], "k2_x2h_pos_immi_syn_sem": [0.024577747029273227, 0.004474592197390153, 5.240245495647371e-18], "k2_x2h_pos_nimin_syn_avg": [0.49671509382613327, 0.004794272666365134, 1.3092221588633658e-17], "k2_x2h_pos_nimin_syn_sem": [0.0464020500937794, 0.004087571664887449, 1.3092221588633653e-17], "k2_x2h_pos_nimmi_syn_avg": [0.5637561531492886, 0.006789669997197207, 3.2730553971584133e-18], "k2_x2h_pos_nimmi_syn_sem": [0.038776610042892554, 0.005872029482778244, 3.273055397158413e-18]}