{"avg_reward": 0.07246116309449566, "accuracy": 0.8125, "IQR_binning": true, "layer_max_bin": 5, "k2_x2h_ray_imin_syn_avg": [0.8309078574757826, 0.21534017284430998, 0.1738512912913226], "k2_x2h_ray_imin_syn_sem": [0.03516161301619811, 0.04556152923085655, 0.013262401016536795], "k2_x2h_ray_mi_avg": [2.2306640757281717, 1.8757303484555798, 0.8343872231602051], "k2_x2h_ray_mi_sem": [0.08430506294382568, 0.13982336969850417, 0.030637140329732047], "k2_x2h_ray_immi_syn_avg": [1.0011478692524125, 0.36702517208740126, 0.19832023675668617], "k2_x2h_ray_immi_syn_sem": [0.05435217961463979, 0.06975803604542173, 0.015337785407631999], "k2_x2h_ray_nimin_syn_avg": [0.3748237576384003, 0.07843170489393449, 0.21774514352242463], "k2_x2h_ray_nimin_syn_sem": [0.030975920764474574, 0.013937645555359068, 0.017424799214836775], "k2_x2h_ray_nimmi_syn_avg": [0.4520148081405875, 0.14134359152728787, 0.24910509322877789], "k2_x2h_ray_nimmi_syn_sem": [0.04278797581679278, 0.02356495872358898, 0.020176885691115493], "k2_x2h_pos_imin_syn_avg": [0.6867925991275405, 0.21534017284430998, 0.1738512912913226], "k2_x2h_pos_imin_syn_sem": [0.06553774965189017, 0.04556152923085655, 0.013262401016536795], "k2_x2h_pos_mi_avg": [3.58008650114351, 1.8757303484555798, 0.8343872231602051], "k2_x2h_pos_mi_sem": [0.07980651975731709, 0.13982336969850417, 0.030637140329732047], "k2_x2h_pos_immi_syn_avg": [0.7198040397700766, 0.36702517208740126, 0.19832023675668617], "k2_x2h_pos_immi_syn_sem": [0.07980651975731709, 0.06975803604542173, 0.015337785407631999], "k2_x2h_pos_nimin_syn_avg": [0.19123116129451834, 0.07843170489393449, 0.21774514352242463], "k2_x2h_pos_nimin_syn_sem": [0.014143882051283453, 0.013937645555359068, 0.017424799214836775], "k2_x2h_pos_nimmi_syn_avg": [0.20027227210054774, 0.14134359152728787, 0.24910509322877789], "k2_x2h_pos_nimmi_syn_sem": [0.017620623222869, 0.02356495872358898, 0.020176885691115493]}