{"avg_reward": 0.03620605412343871, "accuracy": 0.9375, "IQR_binning": true, "layer_max_bin": 5, "k2_x2h_ray_imin_syn_avg": [0.7940575744016668, 0.2887800226947214, 0.23443617331839153], "k2_x2h_ray_imin_syn_sem": [0.019740698848182834, 0.0700562704439238, 0.032898426919183835], "k2_x2h_ray_mi_avg": [1.8795146096301074, 2.0874431541872798, 1.0356521316326845], "k2_x2h_ray_mi_sem": [0.023370345936619637, 0.16784068423427273, 0.07262450570822374], "k2_x2h_ray_immi_syn_avg": [1.0009153752618953, 0.4105386069107323, 0.3135748872221641], "k2_x2h_ray_immi_syn_sem": [0.015756825895847378, 0.09021961591841093, 0.04607519215169007], "k2_x2h_ray_nimin_syn_avg": [0.4224428083167721, 0.08603014028990544, 0.18025530958492844], "k2_x2h_ray_nimin_syn_sem": [0.008085566509058334, 0.018740851546295102, 0.019548786983343468], "k2_x2h_ray_nimmi_syn_avg": [0.5324950089213037, 0.12635384697869909, 0.23455668587580555], "k2_x2h_ray_nimmi_syn_sem": [0.0017941393855672723, 0.024484382495582272, 0.027780088177651718], "k2_x2h_pos_imin_syn_avg": [0.7893024786769148, 0.2887800226947214, 0.23443617331839153], "k2_x2h_pos_imin_syn_sem": [0.04687664282887761, 0.0700562704439238, 0.032898426919183835], "k2_x2h_pos_mi_avg": [2.9795487932893274, 2.0874431541872798, 1.0356521316326845], "k2_x2h_pos_mi_sem": [0.05608061616016415, 0.16784068423427273, 0.07262450570822374], "k2_x2h_pos_immi_syn_avg": [0.815501844711334, 0.4105386069107323, 0.3135748872221641], "k2_x2h_pos_immi_syn_sem": [0.056080616160164146, 0.09021961591841093, 0.04607519215169007], "k2_x2h_pos_nimin_syn_avg": [0.26450528681266844, 0.08603014028990544, 0.18025530958492844], "k2_x2h_pos_nimin_syn_sem": [0.010969127055216328, 0.018740851546295102, 0.019548786983343468], "k2_x2h_pos_nimmi_syn_avg": [0.2731763606541425, 0.12635384697869909, 0.23455668587580555], "k2_x2h_pos_nimmi_syn_sem": [0.013905180743425977, 0.024484382495582272, 0.027780088177651718]}