{"avg_reward": 0.03828469154820873, "accuracy": 0.8125, "IQR_binning": true, "layer_max_bin": 5, "k2_x2h_ray_imin_syn_avg": [0.9977239973004725, 0.6926009624797522, 0.029086622984457713], "k2_x2h_ray_imin_syn_sem": [0.03968940771812425, 0.09210520746882331, 0.006114857049771392], "k2_x2h_ray_mi_avg": [3.0714111897272645, 3.5687364121009777, 0.3384970863397484], "k2_x2h_ray_mi_sem": [0.06136980588516937, 0.22205020278092, 0.038800692441792795], "k2_x2h_ray_immi_syn_avg": [1.3090606743645503, 0.8789517859129293, 0.03399708806763278], "k2_x2h_ray_immi_syn_sem": [0.05422947537185584, 0.1141208589769932, 0.006430532240212863], "k2_x2h_ray_nimin_syn_avg": [0.3248914176441986, 0.15762893079640503, 0.10455306638447105], "k2_x2h_ray_nimin_syn_sem": [0.01205347707009396, 0.02037325238096161, 0.017336202363494077], "k2_x2h_ray_nimmi_syn_avg": [0.42627721714249533, 0.20537325098653755, 0.14282192630268234], "k2_x2h_ray_nimmi_syn_sem": [0.016650444820639078, 0.02639096281946606, 0.022125291160744107], "k2_x2h_pos_imin_syn_avg": [1.1623556726222757, 0.6926009624797522, 0.029086622984457713], "k2_x2h_pos_imin_syn_sem": [0.0589521008245811, 0.09210520746882331, 0.006114857049771392], "k2_x2h_pos_mi_avg": [4.1753421978571374, 3.5687364121009777, 0.3384970863397484], "k2_x2h_pos_mi_sem": [0.07821501038154126, 0.22205020278092, 0.038800692441792795], "k2_x2h_pos_immi_syn_avg": [1.3286264626473958, 0.8789517859129293, 0.03399708806763278], "k2_x2h_pos_immi_syn_sem": [0.07821501038154126, 0.1141208589769932, 0.006430532240212863], "k2_x2h_pos_nimin_syn_avg": [0.2780760756615503, 0.15762893079640503, 0.10455306638447105], "k2_x2h_pos_nimin_syn_sem": [0.009525809464122218, 0.02037325238096161, 0.017336202363494077], "k2_x2h_pos_nimmi_syn_avg": [0.31772616837856554, 0.20537325098653755, 0.14282192630268234], "k2_x2h_pos_nimmi_syn_sem": [0.012857528192089353, 0.02639096281946606, 0.022125291160744107]}