{"avg_reward": 0.017300740168211207, "accuracy": 0.6875, "IQR_binning": true, "layer_max_bin": 5, "k2_x2h_ray_imin_syn_avg": [0.33520786075285364, 0.053199787054375544, 0.03698356927626515], "k2_x2h_ray_imin_syn_sem": [0.04302451608513133, 0.011764485068938275, 0.007404690734184362], "k2_x2h_ray_mi_avg": [0.9053764111437513, 0.9009048055967721, 0.35687877816002467], "k2_x2h_ray_mi_sem": [0.0782109913434278, 0.10961793513213369, 0.030286118145953594], "k2_x2h_ray_immi_syn_avg": [0.37765191118432, 0.11466820881793505, 0.057873926215054716], "k2_x2h_ray_immi_syn_sem": [0.041258535576268254, 0.02537584773599209, 0.010866123183981592], "k2_x2h_ray_nimin_syn_avg": [0.38527853817531815, 0.04567685132497844, 0.07889404680480246], "k2_x2h_ray_nimin_syn_sem": [0.08742914546781363, 0.009355829943058919, 0.012106181388976253], "k2_x2h_ray_nimmi_syn_avg": [0.432716748989267, 0.1020101147350227, 0.1262221697828301], "k2_x2h_ray_nimmi_syn_sem": [0.09055334526191955, 0.021526562653311536, 0.018402784232293207], "k2_x2h_pos_imin_syn_avg": [0.2458841162697254, 0.053199787054375544, 0.03698356927626515], "k2_x2h_pos_imin_syn_sem": [0.028018104793687666, 0.011764485068938275, 0.007404690734184362], "k2_x2h_pos_mi_avg": [1.0924998600961444, 0.9009048055967721, 0.35687877816002467], "k2_x2h_pos_mi_sem": [0.04973504774118062, 0.10961793513213369, 0.030286118145953594], "k2_x2h_pos_immi_syn_avg": [0.275707845530239, 0.11466820881793505, 0.057873926215054716], "k2_x2h_pos_immi_syn_sem": [0.04973504774118062, 0.02537584773599209, 0.010866123183981592], "k2_x2h_pos_nimin_syn_avg": [0.2237170111130464, 0.04567685132497844, 0.07889404680480246], "k2_x2h_pos_nimin_syn_sem": [0.014926584180803353, 0.009355829943058919, 0.012106181388976253], "k2_x2h_pos_nimmi_syn_avg": [0.2493796819544872, 0.1020101147350227, 0.1262221697828301], "k2_x2h_pos_nimmi_syn_sem": [0.032783906094791156, 0.021526562653311536, 0.018402784232293207]}