{"avg_reward": 0.029041314325992055, "accuracy": 0.75, "IQR_binning": true, "layer_max_bin": 5, "k2_x2h_ray_imin_syn_avg": [0.5277252903188099, 0.1510315552666409, 0.1256648220091884], "k2_x2h_ray_imin_syn_sem": [0.029137010322303997, 0.03351328534098079, 0.01659868068209967], "k2_x2h_ray_mi_avg": [2.059650382232416, 1.489789860714345, 0.8729167148144807], "k2_x2h_ray_mi_sem": [0.1169889813600313, 0.11298169510659159, 0.03687616219367824], "k2_x2h_ray_immi_syn_avg": [0.6322397267360375, 0.2788233869966767, 0.15779745168232767], "k2_x2h_ray_immi_syn_sem": [0.04721298844284243, 0.06022678415935984, 0.019974908007016522], "k2_x2h_ray_nimin_syn_avg": [0.25655731133136794, 0.06523281230602129, 0.14094964931635612], "k2_x2h_ray_nimin_syn_sem": [0.007892360190214508, 0.014287306081235402, 0.01895792326447553], "k2_x2h_ray_nimmi_syn_avg": [0.31008678827739217, 0.12140816418370876, 0.17639034637578482], "k2_x2h_ray_nimmi_syn_sem": [0.0352444436362469, 0.02619079580723691, 0.02272102104481385], "k2_x2h_pos_imin_syn_avg": [0.49595817217590277, 0.1510315552666409, 0.1256648220091884], "k2_x2h_pos_imin_syn_sem": [0.06362647435241839, 0.03351328534098079, 0.01659868068209967], "k2_x2h_pos_mi_avg": [2.7445990259225326, 1.489789860714345, 0.8729167148144807], "k2_x2h_pos_mi_sem": [0.06364620659061983, 0.11298169510659159, 0.03687616219367824], "k2_x2h_pos_immi_syn_avg": [0.7198347019845069, 0.2788233869966767, 0.15779745168232767], "k2_x2h_pos_immi_syn_sem": [0.06364620659061983, 0.06022678415935984, 0.019974908007016522], "k2_x2h_pos_nimin_syn_avg": [0.18015378123210715, 0.06523281230602129, 0.14094964931635612], "k2_x2h_pos_nimin_syn_sem": [0.02022783887413779, 0.014287306081235402, 0.01895792326447553], "k2_x2h_pos_nimmi_syn_avg": [0.2614614471278582, 0.12140816418370876, 0.17639034637578482], "k2_x2h_pos_nimmi_syn_sem": [0.01750265404043053, 0.02619079580723691, 0.02272102104481385]}