{"avg_reward": 0.9805, "accuracy": 0.895, "k2_xh2h_immi_syn_avg": [0.15025768733191086], "k2_xh2h_immi_syn_sem": [0.02765824976603215], "k2_xh2h_mi_avg": [0.6491752007766447], "k2_xh2h_mi_sem": [0.06381967896912562], "k2_xh2h_nimmi_syn_avg": [0.2267833983811419], "k2_xh2h_nimmi_syn_sem": [0.02330488067736424]}