{"avg_reward": 0.977, "accuracy": 0.885, "k2_xh2h_immi_syn_avg": [0.21620779923780542], "k2_xh2h_immi_syn_sem": [0.0311447201869089], "k2_xh2h_mi_avg": [0.7743781872728335], "k2_xh2h_mi_sem": [0.07002962311181928], "k2_xh2h_nimmi_syn_avg": [0.2666185176583729], "k2_xh2h_nimmi_syn_sem": [0.022953650513153206]}