{"avg_reward": 0.981, "accuracy": 0.9, "k2_xh2h_immi_syn_avg": [0.16470222425160075], "k2_xh2h_immi_syn_sem": [0.025098192525411334], "k2_xh2h_mi_avg": [0.6429755095728655], "k2_xh2h_mi_sem": [0.0698569808461325], "k2_xh2h_nimmi_syn_avg": [0.287479441230777], "k2_xh2h_nimmi_syn_sem": [0.022861366966274086]}