{"avg_reward": 0.984, "accuracy": 0.92, "k2_xh2h_immi_syn_avg": [0.18964962243311484], "k2_xh2h_immi_syn_sem": [0.029136262352165467], "k2_xh2h_mi_avg": [0.7299857350300768], "k2_xh2h_mi_sem": [0.06090650121904809], "k2_xh2h_nimmi_syn_avg": [0.25103878012159475], "k2_xh2h_nimmi_syn_sem": [0.02532185381168852]}