{"avg_reward": 0.9765, "accuracy": 0.87, "k2_xh2h_immi_syn_avg": [0.15871118402278767], "k2_xh2h_immi_syn_sem": [0.020993357009259018], "k2_xh2h_mi_avg": [0.6632452574111596], "k2_xh2h_mi_sem": [0.06315650935338277], "k2_xh2h_nimmi_syn_avg": [0.26490622176518286], "k2_xh2h_nimmi_syn_sem": [0.02470489383458124]}