{"avg_reward": 0.9865, "accuracy": 0.935, "k2_xh2h_immi_syn_avg": [0.16807087683802027], "k2_xh2h_immi_syn_sem": [0.0290241944370122], "k2_xh2h_mi_avg": [0.686587858900194], "k2_xh2h_mi_sem": [0.05927239725357828], "k2_xh2h_nimmi_syn_avg": [0.2372720268818114], "k2_xh2h_nimmi_syn_sem": [0.025044926015252905]}