{"avg_reward": 1.0, "accuracy": 1.0, "k2_x2h_imin_syn_avg": [1.0, 0.024110277793803477, 0.0], "k2_x2h_imin_syn_sem": [NaN, 0.015587159297638957, 0.0], "k2_x2h_mi_avg": [2.0, 0.9471679166426281, 0.9333333333333333], "k2_x2h_mi_sem": [NaN, 0.02584990023291658, 0.037605071654517735], "k2_x2h_immi_syn_avg": [1.0, 0.026416041678685935, 0.0], "k2_x2h_immi_syn_sem": [NaN, 0.015957877312876956, 0.0], "k2_x2h_nimin_syn_avg": [0.5, 0.025998333365384735, 0.0], "k2_x2h_nimin_syn_sem": [NaN, 0.015866526704169645, 0.0], "k2_x2h_nimmi_syn_avg": [0.5, 0.030609861135149647, 0.0], "k2_x2h_nimmi_syn_sem": [NaN, 0.01741212313199968, 0.0], "k2_x2h_imin_red_avg": [1.0, 0.5014536109348284, 0.4666666666666667], "k2_x2h_imin_red_sem": [NaN, 0.05766532423470754, 0.07521014330903548], "k2_x2h_immi_red_avg": [1.0, 0.503759374819711, 0.4666666666666667], "k2_x2h_immi_red_sem": [NaN, 0.057443882207858156, 0.07521014330903548], "k2_x2h_nimin_red_avg": [0.5, 0.5060651387045935, 0.4666666666666667], "k2_x2h_nimin_red_sem": [NaN, 0.057314419488574374, 0.07521014330903548], "k2_x2h_nimmi_red_avg": [0.5, 0.5106766664743584, 0.4666666666666667], "k2_x2h_nimmi_red_sem": [NaN, 0.05733348166885753, 0.07521014330903548], "k2_x2h_tuples_syn": [{"imin_syn_0_1": 1.0, "mi_0_1": 2.0, "immi_syn_0_1": 1.0, "nimin_syn_0_1": 0.5, "nimmi_syn_0_1": 0.5}, {"imin_syn_0_1": 1.1102230246251565e-16, "mi_0_1": 0.31127812445913294, "immi_syn_0_1": 0.0, "nimin_syn_0_1": 3.566659322926226e-16, "nimmi_syn_0_1": 0.0, "imin_syn_0_2": 0.0, "mi_0_2": 1.0, "immi_syn_0_2": 0.0, "nimin_syn_0_2": 0.0, "nimmi_syn_0_2": 0.0, "imin_syn_0_3": 0.0, "mi_0_3": 1.0, "immi_syn_0_3": 0.0, "nimin_syn_0_3": 0.0, "nimmi_syn_0_3": 0.0, "imin_syn_0_4": 0.5, "mi_0_4": 1.0, "immi_syn_0_4": 0.5, "nimin_syn_0_4": 0.5, "nimmi_syn_0_4": 0.5, "imin_syn_0_5": 0.08496250072115624, "mi_0_5": 0.5, "immi_syn_0_5": 0.18872187554086706, "nimin_syn_0_5": 0.16992500144231248, "nimmi_syn_0_5": 0.3774437510817341, "imin_syn_0_6": 0.0, "mi_0_6": 1.0, "immi_syn_0_6": 0.0, "nimin_syn_0_6": 0.0, "nimmi_syn_0_6": 0.0, "imin_syn_0_7": 0.0, "mi_0_7": 1.0, "immi_syn_0_7": 0.0, "nimin_syn_0_7": 0.0, "nimmi_syn_0_7": 0.0, "imin_syn_0_8": 0.0, "mi_0_8": 1.0, "immi_syn_0_8": 0.0, "nimin_syn_0_8": 0.0, "nimmi_syn_0_8": 0.0, "imin_syn_0_9": 0.0, "mi_0_9": 1.0, "immi_syn_0_9": 0.0, "nimin_syn_0_9": 0.0, "nimmi_syn_0_9": 0.0, "imin_syn_1_2": 0.0, "mi_1_2": 1.0, "immi_syn_1_2": 0.0, "nimin_syn_1_2": 0.0, "nimmi_syn_1_2": 0.0, "imin_syn_1_3": 0.0, "mi_1_3": 1.0, "immi_syn_1_3": 0.0, "nimin_syn_1_3": 0.0, "nimmi_syn_1_3": 0.0, "imin_syn_1_4": 0.0, "mi_1_4": 0.5, "immi_syn_1_4": 0.0, "nimin_syn_1_4": 0.0, "nimmi_syn_1_4": 0.0, "imin_syn_1_5": 1.1102230246251565e-16, "mi_1_5": 0.31127812445913294, "immi_syn_1_5": 0.0, "nimin_syn_1_5": 3.566659322926226e-16, "nimmi_syn_1_5": 0.0, "imin_syn_1_6": 0.0, "mi_1_6": 1.0, "immi_syn_1_6": 0.0, "nimin_syn_1_6": 0.0, "nimmi_syn_1_6": 0.0, "imin_syn_1_7": 0.0, "mi_1_7": 1.0, "immi_syn_1_7": 0.0, "nimin_syn_1_7": 0.0, "nimmi_syn_1_7": 0.0, "imin_syn_1_8": 0.0, "mi_1_8": 1.0, "immi_syn_1_8": 0.0, "nimin_syn_1_8": 0.0, "nimmi_syn_1_8": 0.0, "imin_syn_1_9": 0.0, "mi_1_9": 1.0, "immi_syn_1_9": 0.0, "nimin_syn_1_9": 0.0, "nimmi_syn_1_9": 0.0, "imin_syn_2_3": 0.0, "mi_2_3": 1.0, "immi_syn_2_3": 0.0, "nimin_syn_2_3": 0.0, "nimmi_syn_2_3": 0.0, "imin_syn_2_4": 0.0, "mi_2_4": 1.0, "immi_syn_2_4": 0.0, "nimin_syn_2_4": 0.0, "nimmi_syn_2_4": 0.0, "imin_syn_2_5": 0.0, "mi_2_5": 1.0, "immi_syn_2_5": 0.0, "nimin_syn_2_5": 0.0, "nimmi_syn_2_5": 0.0, "imin_syn_2_6": 0.0, "mi_2_6": 1.0, "immi_syn_2_6": 0.0, "nimin_syn_2_6": 0.0, "nimmi_syn_2_6": 0.0, "imin_syn_2_7": 0.0, "mi_2_7": 1.0, "immi_syn_2_7": 0.0, "nimin_syn_2_7": 0.0, "nimmi_syn_2_7": 0.0, "imin_syn_2_8": 0.0, "mi_2_8": 1.0, "immi_syn_2_8": 0.0, "nimin_syn_2_8": 0.0, "nimmi_syn_2_8": 0.0, "imin_syn_2_9": 0.0, "mi_2_9": 1.0, "immi_syn_2_9": 0.0, "nimin_syn_2_9": 0.0, "nimmi_syn_2_9": 0.0, "imin_syn_3_4": 0.0, "mi_3_4": 1.0, "immi_syn_3_4": 0.0, "nimin_syn_3_4": 0.0, "nimmi_syn_3_4": 0.0, "imin_syn_3_5": 0.0, "mi_3_5": 1.0, "immi_syn_3_5": 0.0, "nimin_syn_3_5": 0.0, "nimmi_syn_3_5": 0.0, "imin_syn_3_6": 0.0, "mi_3_6": 1.0, "immi_syn_3_6": 0.0, "nimin_syn_3_6": 0.0, "nimmi_syn_3_6": 0.0, "imin_syn_3_7": 0.0, "mi_3_7": 1.0, "immi_syn_3_7": 0.0, "nimin_syn_3_7": 0.0, "nimmi_syn_3_7": 0.0, "imin_syn_3_8": 0.0, "mi_3_8": 1.0, "immi_syn_3_8": 0.0, "nimin_syn_3_8": 0.0, "nimmi_syn_3_8": 0.0, "imin_syn_3_9": 0.0, "mi_3_9": 1.0, "immi_syn_3_9": 0.0, "nimin_syn_3_9": 0.0, "nimmi_syn_3_9": 0.0, "imin_syn_4_5": 0.5, "mi_4_5": 1.0, "immi_syn_4_5": 0.5, "nimin_syn_4_5": 0.5, "nimmi_syn_4_5": 0.5, "imin_syn_4_6": 0.0, "mi_4_6": 1.0, "immi_syn_4_6": 0.0, "nimin_syn_4_6": 0.0, "nimmi_syn_4_6": 0.0, "imin_syn_4_7": 0.0, "mi_4_7": 1.0, "immi_syn_4_7": 0.0, "nimin_syn_4_7": 0.0, "nimmi_syn_4_7": 0.0, "imin_syn_4_8": 0.0, "mi_4_8": 1.0, "immi_syn_4_8": 0.0, "nimin_syn_4_8": 0.0, "nimmi_syn_4_8": 0.0, "imin_syn_4_9": 0.0, "mi_4_9": 1.0, "immi_syn_4_9": 0.0, "nimin_syn_4_9": 0.0, "nimmi_syn_4_9": 0.0, "imin_syn_5_6": 0.0, "mi_5_6": 1.0, "immi_syn_5_6": 0.0, "nimin_syn_5_6": 0.0, "nimmi_syn_5_6": 0.0, "imin_syn_5_7": 0.0, "mi_5_7": 1.0, "immi_syn_5_7": 0.0, "nimin_syn_5_7": 0.0, "nimmi_syn_5_7": 0.0, "imin_syn_5_8": 0.0, "mi_5_8": 1.0, "immi_syn_5_8": 0.0, "nimin_syn_5_8": 0.0, "nimmi_syn_5_8": 0.0, "imin_syn_5_9": 0.0, "mi_5_9": 1.0, "immi_syn_5_9": 0.0, "nimin_syn_5_9": 0.0, "nimmi_syn_5_9": 0.0, "imin_syn_6_7": 0.0, "mi_6_7": 1.0, "immi_syn_6_7": 0.0, "nimin_syn_6_7": 0.0, "nimmi_syn_6_7": 0.0, "imin_syn_6_8": 0.0, "mi_6_8": 1.0, "immi_syn_6_8": 0.0, "nimin_syn_6_8": 0.0, "nimmi_syn_6_8": 0.0, "imin_syn_6_9": 0.0, "mi_6_9": 1.0, "immi_syn_6_9": 0.0, "nimin_syn_6_9": 0.0, "nimmi_syn_6_9": 0.0, "imin_syn_7_8": 0.0, "mi_7_8": 1.0, "immi_syn_7_8": 0.0, "nimin_syn_7_8": 0.0, "nimmi_syn_7_8": 0.0, "imin_syn_7_9": 0.0, "mi_7_9": 1.0, "immi_syn_7_9": 0.0, "nimin_syn_7_9": 0.0, "nimmi_syn_7_9": 0.0, "imin_syn_8_9": 0.0, "mi_8_9": 1.0, "immi_syn_8_9": 0.0, "nimin_syn_8_9": 0.0, "nimmi_syn_8_9": 0.0}, {"imin_syn_0_1": 0.0, "mi_0_1": 1.0, "immi_syn_0_1": 0.0, "nimin_syn_0_1": 0.0, "nimmi_syn_0_1": 0.0, "imin_syn_0_2": 0.0, "mi_0_2": 1.0, "immi_syn_0_2": 0.0, "nimin_syn_0_2": 0.0, "nimmi_syn_0_2": 0.0, "imin_syn_0_3": 0.0, "mi_0_3": 1.0, "immi_syn_0_3": 0.0, "nimin_syn_0_3": 0.0, "nimmi_syn_0_3": 0.0, "imin_syn_0_4": 0.0, "mi_0_4": 1.0, "immi_syn_0_4": 0.0, "nimin_syn_0_4": 0.0, "nimmi_syn_0_4": 0.0, "imin_syn_0_5": 0.0, "mi_0_5": 1.0, "immi_syn_0_5": 0.0, "nimin_syn_0_5": 0.0, "nimmi_syn_0_5": 0.0, "imin_syn_0_6": 0.0, "mi_0_6": 1.0, "immi_syn_0_6": 0.0, "nimin_syn_0_6": 0.0, "nimmi_syn_0_6": 0.0, "imin_syn_0_7": 0.0, "mi_0_7": 1.0, "immi_syn_0_7": 0.0, "nimin_syn_0_7": 0.0, "nimmi_syn_0_7": 0.0, "imin_syn_0_8": 0.0, "mi_0_8": 1.0, "immi_syn_0_8": 0.0, "nimin_syn_0_8": 0.0, "nimmi_syn_0_8": 0.0, "imin_syn_0_9": 0.0, "mi_0_9": 1.0, "immi_syn_0_9": 0.0, "nimin_syn_0_9": 0.0, "nimmi_syn_0_9": 0.0, "imin_syn_1_2": 0.0, "mi_1_2": 1.0, "immi_syn_1_2": 0.0, "nimin_syn_1_2": 0.0, "nimmi_syn_1_2": 0.0, "imin_syn_1_3": 0.0, "mi_1_3": 1.0, "immi_syn_1_3": 0.0, "nimin_syn_1_3": 0.0, "nimmi_syn_1_3": 0.0, "imin_syn_1_4": 0.0, "mi_1_4": 1.0, "immi_syn_1_4": 0.0, "nimin_syn_1_4": 0.0, "nimmi_syn_1_4": 0.0, "imin_syn_1_5": 0.0, "mi_1_5": 1.0, "immi_syn_1_5": 0.0, "nimin_syn_1_5": 0.0, "nimmi_syn_1_5": 0.0, "imin_syn_1_6": 0.0, "mi_1_6": 1.0, "immi_syn_1_6": 0.0, "nimin_syn_1_6": 0.0, "nimmi_syn_1_6": 0.0, "imin_syn_1_7": 0.0, "mi_1_7": 1.0, "immi_syn_1_7": 0.0, "nimin_syn_1_7": 0.0, "nimmi_syn_1_7": 0.0, "imin_syn_1_8": 0.0, "mi_1_8": 1.0, "immi_syn_1_8": 0.0, "nimin_syn_1_8": 0.0, "nimmi_syn_1_8": 0.0, "imin_syn_1_9": 0.0, "mi_1_9": 1.0, "immi_syn_1_9": 0.0, "nimin_syn_1_9": 0.0, "nimmi_syn_1_9": 0.0, "imin_syn_2_3": 0.0, "mi_2_3": 1.0, "immi_syn_2_3": 0.0, "nimin_syn_2_3": 0.0, "nimmi_syn_2_3": 0.0, "imin_syn_2_4": 0.0, "mi_2_4": 1.0, "immi_syn_2_4": 0.0, "nimin_syn_2_4": 0.0, "nimmi_syn_2_4": 0.0, "imin_syn_2_5": 0.0, "mi_2_5": 1.0,