{"avg_reward_avg": 0.8972, "avg_reward_sem": 0.0017876116903722578, "accuracy_avg": 0.48500000000000004, "accuracy_sem": 0.0093392838174146, "k2_xh2h_immi_syn_avg_avg": [0.1592276598909853], "k2_xh2h_immi_syn_avg_sem": [0.00750709565326942], "k2_xh2h_immi_syn_sem_avg": [0.018745766218425546], "k2_xh2h_immi_syn_sem_sem": [0.0021485867525513343], "k2_xh2h_mi_avg_avg": [0.6383058493389537], "k2_xh2h_mi_avg_sem": [0.016866339857962227], "k2_xh2h_mi_sem_avg": [0.05997146073344983], "k2_xh2h_mi_sem_sem": [0.0026615499881842996], "k2_xh2h_nimmi_syn_avg_avg": [0.28595223217178806], "k2_xh2h_nimmi_syn_avg_sem": [0.004194680685794725], "k2_xh2h_nimmi_syn_sem_avg": [0.019958629584978786], "k2_xh2h_nimmi_syn_sem_sem": [0.0006695508157886461]}