{"avg_reward": 0.897, "accuracy": 0.5, "k2_xh2h_immi_syn_avg": [0.20014034998087812], "k2_xh2h_immi_syn_sem": [0.028096565109479013], "k2_xh2h_mi_avg": [0.7720053022509391], "k2_xh2h_mi_sem": [0.07236596912872814], "k2_xh2h_nimmi_syn_avg": [0.2774672533462565], "k2_xh2h_nimmi_syn_sem": [0.020354330643824893]}