{"avg_reward": 0.903, "accuracy": 0.52, "k2_xh2h_immi_syn_avg": [0.13617493217497645], "k2_xh2h_immi_syn_sem": [0.016270198911167683], "k2_xh2h_mi_avg": [0.5939229645773993], "k2_xh2h_mi_sem": [0.053412323867749564], "k2_xh2h_nimmi_syn_avg": [0.2814445343452104], "k2_xh2h_nimmi_syn_sem": [0.022888783749099237]}