{"avg_reward": 0.902, "accuracy": 0.49, "k2_xh2h_immi_syn_avg": [0.19184773436729244], "k2_xh2h_immi_syn_sem": [0.027902473887030876], "k2_xh2h_mi_avg": [0.676143844216383], "k2_xh2h_mi_sem": [0.06940722161913293], "k2_xh2h_nimmi_syn_avg": [0.2951167866476945], "k2_xh2h_nimmi_syn_sem": [0.01835406488783035]}