{"avg_reward": 0.903, "accuracy": 0.51, "k2_xh2h_immi_syn_avg": [0.13746101170148964], "k2_xh2h_immi_syn_sem": [0.016368749251632026], "k2_xh2h_mi_avg": [0.6085540459182259], "k2_xh2h_mi_sem": [0.05327423671292152], "k2_xh2h_nimmi_syn_avg": [0.261003938965783], "k2_xh2h_nimmi_syn_sem": [0.020731097687437805]}