{"avg_reward": 0.894, "accuracy": 0.48, "k2_xh2h_immi_syn_avg": [0.16136942181829791], "k2_xh2h_immi_syn_sem": [0.02517073130116669], "k2_xh2h_mi_avg": [0.629533800895763], "k2_xh2h_mi_sem": [0.06351041212432985], "k2_xh2h_nimmi_syn_avg": [0.28422108000473795], "k2_xh2h_nimmi_syn_sem": [0.021152547082702037]}