{"avg_reward": 0.891, "accuracy": 0.45, "k2_xh2h_immi_syn_avg": [0.15436859867464614], "k2_xh2h_immi_syn_sem": [0.010246176364563922], "k2_xh2h_mi_avg": [0.607320069989406], "k2_xh2h_mi_sem": [0.046542270490413255], "k2_xh2h_nimmi_syn_avg": [0.2831390095603767], "k2_xh2h_nimmi_syn_sem": [0.01542120446693055]}