{"avg_reward": 0.888, "accuracy": 0.44, "k2_xh2h_immi_syn_avg": [0.1782508558625181], "k2_xh2h_immi_syn_sem": [0.017170537785104998], "k2_xh2h_mi_avg": [0.6489239303990024], "k2_xh2h_mi_sem": [0.06070147367811205], "k2_xh2h_nimmi_syn_avg": [0.3101916905545323], "k2_xh2h_nimmi_syn_sem": [0.018394393867257365]}