{"avg_reward": 0.892, "accuracy": 0.45, "k2_xh2h_immi_syn_avg": [0.14247777844974996], "k2_xh2h_immi_syn_sem": [0.02014104761811305], "k2_xh2h_mi_avg": [0.6263485481742789], "k2_xh2h_mi_sem": [0.0667912551782336], "k2_xh2h_nimmi_syn_avg": [0.2793392127270842], "k2_xh2h_nimmi_syn_sem": [0.021029495122577253]}