{"avg_reward": 0.903, "accuracy": 0.52, "k2_xh2h_immi_syn_avg": [0.1564669025869723], "k2_xh2h_immi_syn_sem": [0.018019599435278737], "k2_xh2h_mi_avg": [0.6269217941065539], "k2_xh2h_mi_sem": [0.061737133694060815], "k2_xh2h_nimmi_syn_avg": [0.29692268640650077], "k2_xh2h_nimmi_syn_sem": [0.019649400630105184]}