{"avg_reward": 1.0, "accuracy": 1.0, "k2_x2h_imin_syn_avg": [1.0, 0.10566416671474374, 0.033333333333333354], "k2_x2h_imin_syn_sem": [NaN, 0.019602752655815608, 0.018802535827258868], "k2_x2h_mi_avg": [2.0, 1.4886716665705124, 0.8178111804473821], "k2_x2h_mi_sem": [NaN, 0.06849363191503076, 0.046468007502000495], "k2_x2h_immi_syn_avg": [1.0, 0.2362740278498934, 0.03333333333333333], "k2_x2h_immi_syn_sem": [NaN, 0.04254458861512966, 0.018802535827258868], "k2_x2h_nimin_syn_avg": [0.5, 0.05933166669871806, 0.03333333333333341], "k2_x2h_nimin_syn_sem": [NaN, 0.011397537639523348, 0.018802535827258864], "k2_x2h_nimmi_syn_avg": [0.5, 0.13344194449252153, 0.03333333333333333], "k2_x2h_nimmi_syn_sem": [NaN, 0.02538687517337037, 0.018802535827258868], "k2_x2h_imin_red_avg": [1.0, 0.4660149997115374, 0.30228902756143095], "k2_x2h_imin_red_sem": [NaN, 0.0656995390825185, 0.0483675623077732], "k2_x2h_immi_red_avg": [1.0, 0.5966248608466872, 0.30228902756143095], "k2_x2h_immi_red_sem": [NaN, 0.07772501771122288, 0.0483675623077732], "k2_x2h_nimin_red_avg": [0.5, 0.2718239813051988, 0.34820381926415533], "k2_x2h_nimin_red_sem": [NaN, 0.03838344079179041, 0.05503601012498531], "k2_x2h_nimmi_red_avg": [0.5, 0.34593425909900233, 0.34820381926415545], "k2_x2h_nimmi_red_sem": [NaN, 0.044032615476040725, 0.05503601012498531], "k2_x2h_tuples_syn": [{"imin_syn_0_1": 1.0, "mi_0_1": 2.0, "immi_syn_0_1": 1.0, "nimin_syn_0_1": 0.5, "nimmi_syn_0_1": 0.5}, {"imin_syn_0_1": 0.29248125036057804, "mi_0_1": 1.5, "immi_syn_0_1": 0.6887218755408671, "nimin_syn_0_1": 0.19498750024038536, "nimmi_syn_0_1": 0.4591479170272447, "imin_syn_0_2": 1.1102230246251565e-16, "mi_0_2": 0.8112781244591329, "immi_syn_0_2": 0.0, "nimin_syn_0_2": 1.3684863318178654e-16, "nimmi_syn_0_2": 0.0, "imin_syn_0_3": 0.25, "mi_0_3": 2.0, "immi_syn_0_3": 0.5, "nimin_syn_0_3": 0.125, "nimmi_syn_0_3": 0.25, "imin_syn_0_4": 0.0, "mi_0_4": 1.5, "immi_syn_0_4": 0.0, "nimin_syn_0_4": 0.0, "nimmi_syn_0_4": 0.0, "imin_syn_0_5": 1.1102230246251565e-16, "mi_0_5": 0.8112781244591329, "immi_syn_0_5": 0.0, "nimin_syn_0_5": 1.3684863318178654e-16, "nimmi_syn_0_5": 0.0, "imin_syn_0_6": 0.29248125036057804, "mi_0_6": 1.5, "immi_syn_0_6": 0.6887218755408671, "nimin_syn_0_6": 0.19498750024038536, "nimmi_syn_0_6": 0.4591479170272447, "imin_syn_0_7": 0.0, "mi_0_7": 1.5, "immi_syn_0_7": 0.0, "nimin_syn_0_7": 0.0, "nimmi_syn_0_7": 0.0, "imin_syn_0_8": 0.29248125036057804, "mi_0_8": 1.5, "immi_syn_0_8": 0.6887218755408671, "nimin_syn_0_8": 0.19498750024038536, "nimmi_syn_0_8": 0.4591479170272447, "imin_syn_0_9": 0.0, "mi_0_9": 1.5, "immi_syn_0_9": 0.0, "nimin_syn_0_9": 0.0, "nimmi_syn_0_9": 0.0, "imin_syn_1_2": 0.0, "mi_1_2": 0.8112781244591329, "immi_syn_1_2": 0.0, "nimin_syn_1_2": 0.0, "nimmi_syn_1_2": 0.0, "imin_syn_1_3": 0.0, "mi_1_3": 1.5, "immi_syn_1_3": 0.0, "nimin_syn_1_3": 0.0, "nimmi_syn_1_3": 0.0, "imin_syn_1_4": 0.25, "mi_1_4": 2.0, "immi_syn_1_4": 0.5, "nimin_syn_1_4": 0.125, "nimmi_syn_1_4": 0.25, "imin_syn_1_5": 0.0, "mi_1_5": 0.8112781244591329, "immi_syn_1_5": 0.0, "nimin_syn_1_5": 0.0, "nimmi_syn_1_5": 0.0, "imin_syn_1_6": 0.29248125036057804, "mi_1_6": 1.5, "immi_syn_1_6": 0.6887218755408671, "nimin_syn_1_6": 0.19498750024038536, "nimmi_syn_1_6": 0.4591479170272447, "imin_syn_1_7": 0.25, "mi_1_7": 2.0, "immi_syn_1_7": 0.5, "nimin_syn_1_7": 0.125, "nimmi_syn_1_7": 0.25, "imin_syn_1_8": 0.29248125036057804, "mi_1_8": 1.5, "immi_syn_1_8": 0.6887218755408671, "nimin_syn_1_8": 0.19498750024038536, "nimmi_syn_1_8": 0.4591479170272447, "imin_syn_1_9": 0.25, "mi_1_9": 2.0, "immi_syn_1_9": 0.5, "nimin_syn_1_9": 0.125, "nimmi_syn_1_9": 0.25, "imin_syn_2_3": 0.0, "mi_2_3": 1.5, "immi_syn_2_3": 0.0, "nimin_syn_2_3": 0.0, "nimmi_syn_2_3": 0.0, "imin_syn_2_4": 0.0, "mi_2_4": 1.5, "immi_syn_2_4": 0.0, "nimin_syn_2_4": 0.0, "nimmi_syn_2_4": 0.0, "imin_syn_2_5": 0.0, "mi_2_5": 0.0, "immi_syn_2_5": 0.0, "nimin_syn_2_5": 0, "nimmi_syn_2_5": 0, "imin_syn_2_6": 1.1102230246251565e-16, "mi_2_6": 0.8112781244591329, "immi_syn_2_6": 0.0, "nimin_syn_2_6": 1.3684863318178654e-16, "nimmi_syn_2_6": 0.0, "imin_syn_2_7": 0.0, "mi_2_7": 1.5, "immi_syn_2_7": 0.0, "nimin_syn_2_7": 0.0, "nimmi_syn_2_7": 0.0, "imin_syn_2_8": 0.0, "mi_2_8": 0.8112781244591329, "immi_syn_2_8": 0.0, "nimin_syn_2_8": 0.0, "nimmi_syn_2_8": 0.0, "imin_syn_2_9": 0.0, "mi_2_9": 1.5, "immi_syn_2_9": 0.0, "nimin_syn_2_9": 0.0, "nimmi_syn_2_9": 0.0, "imin_syn_3_4": 0.25, "mi_3_4": 2.0, "immi_syn_3_4": 0.5, "nimin_syn_3_4": 0.125, "nimmi_syn_3_4": 0.25, "imin_syn_3_5": 0.0, "mi_3_5": 1.5, "immi_syn_3_5": 0.0, "nimin_syn_3_5": 0.0, "nimmi_syn_3_5": 0.0, "imin_syn_3_6": 0.0, "mi_3_6": 1.5, "immi_syn_3_6": 0.0, "nimin_syn_3_6": 0.0, "nimmi_syn_3_6": 0.0, "imin_syn_3_7": 0.0, "mi_3_7": 2.0, "immi_syn_3_7": 0.5, "nimin_syn_3_7": 0.0, "nimmi_syn_3_7": 0.25, "imin_syn_3_8": 0.25, "mi_3_8": 2.0, "immi_syn_3_8": 0.5, "nimin_syn_3_8": 0.125, "nimmi_syn_3_8": 0.25, "imin_syn_3_9": 0.25, "mi_3_9": 2.0, "immi_syn_3_9": 0.5, "nimin_syn_3_9": 0.125, "nimmi_syn_3_9": 0.25, "imin_syn_4_5": 0.0, "mi_4_5": 1.5, "immi_syn_4_5": 0.0, "nimin_syn_4_5": 0.0, "nimmi_syn_4_5": 0.0, "imin_syn_4_6": 0.0, "mi_4_6": 1.5, "immi_syn_4_6": 0.0, "nimin_syn_4_6": 0.0, "nimmi_syn_4_6": 0.0, "imin_syn_4_7": 0.25, "mi_4_7": 2.0, "immi_syn_4_7": 0.5, "nimin_syn_4_7": 0.125, "nimmi_syn_4_7": 0.25, "imin_syn_4_8": 0.25, "mi_4_8": 2.0, "immi_syn_4_8": 0.5, "nimin_syn_4_8": 0.125, "nimmi_syn_4_8": 0.25, "imin_syn_4_9": 0.0, "mi_4_9": 1.5, "immi_syn_4_9": 0.0, "nimin_syn_4_9": 0.0, "nimmi_syn_4_9": 0.0, "imin_syn_5_6": 1.1102230246251565e-16, "mi_5_6": 0.8112781244591329, "immi_syn_5_6": 0.0, "nimin_syn_5_6": 1.3684863318178654e-16, "nimmi_syn_5_6": 0.0, "imin_syn_5_7": 0.0, "mi_5_7": 1.5, "immi_syn_5_7": 0.0, "nimin_syn_5_7": 0.0, "nimmi_syn_5_7": 0.0, "imin_syn_5_8": 0.0, "mi_5_8": 0.8112781244591329, "immi_syn_5_8": 0.0, "nimin_syn_5_8": 0.0, "nimmi_syn_5_8": 0.0, "imin_syn_5_9": 0.0, "mi_5_9": 1.5, "immi_syn_5_9": 0.0, "nimin_syn_5_9": 0.0, "nimmi_syn_5_9": 0.0, "imin_syn_6_7": 0.25, "mi_6_7": 2.0, "immi_syn_6_7": 0.5, "nimin_syn_6_7": 0.125, "nimmi_syn_6_7": 0.25, "imin_syn_6_8": 0.29248125036057804, "mi_6_8": 1.5, "immi_syn_6_8": 0.6887218755408671, "nimin_syn_6_8": 0.19498750024038536, "nimmi_syn_6_8": 0.4591479170272447, "imin_syn_6_9": 0.0, "mi_6_9": 1.5, "immi_syn_6_9": 0.0, "nimin_syn_6_9": 0.0, "nimmi_syn_6_9": 0.0, "imin_syn_7_8": 0.0, "mi_7_8": 1.5, "immi_syn_7_8": 0.0, "nimin_syn_7_8": 0.0, "nimmi_syn_7_8": 0.0, "imin_syn_7_9": 0.25, "mi_7_9": 2.0, "immi_syn_7_9": 0.5, "nimin_syn_7_9": 0.125, "nimmi_syn_7_9": 0.25, "imin_syn_8_9": 0.25, "mi_8_9": 2.0, "immi_syn_8_9": 0.5, "nimin_syn_8_9": 0.125, "nimmi_syn_8_9": 0.25}, {"imin_syn_0_1": 1.1102230246251565e-16, "mi_0_1": 0.31127812445913294, "immi_syn_0_1": 0.0, "nimin_syn_0_1": 3.566659322926226e-16, "nimmi_syn_0_1": 0.0, "imin_syn_0_2": 1.1102230246251565e-16, "mi_0_2": 0.31127812445913294, "immi_syn_0_2": 0.0, "nimin_syn_0_2": 3.566659322926226e-16, "nimmi_syn_0_2": 0.0, "imin_syn_0_3": 0.0, "mi_0_3": 1.0, "immi_syn_0_3": 0.0, "nimin_syn_0_3": 0.0, "nimmi_syn_0_3": 0.0, "imin_syn_0_4": 0.0, "mi_0_4": 1.0, "immi_syn_0_4": 0.0, "nimin_syn_0_4": 0.0, "nimmi_syn_0_4": 0.0, "imin_syn_0_5": 0.5, "mi_0_5": 1.0, "immi_syn_0_5": 0.5, "nimin_syn_0_5": 0.5, "nimmi_syn_0_5": 0.5, "imin_syn_0_6": 0.0, "mi_0_6": 1.0, "immi_syn_0_6": 0.0, "nimin_syn_0_6": 0.0, "nimmi_syn_0_6": 0.0, "imin_syn_0_7": 1.1102230246251565e-16, "mi_0_7": 0.31127812445913294, "immi_syn_0_7": 0.0, "nimin_syn_0_7": 3.566659322926226e-16, "nimmi_syn_0_7": 0.0, "imin_syn_0_8": 0.0, "mi_0_8": 1.0, "immi_syn_0_8": 0.0, "nimin_syn_0_8": 0.0, "nimmi_syn_0_8": 0.0, "imin_syn_0_9": 1.1102230246251565e-16, "mi_0_9": 0.31127812445913294, "immi_syn_0_9": 0.0, "nimin_syn_0_9": 3.566659322926226e-16, "nimmi_syn_0_9": 0.0, "imin_syn_1_2": 1.1102230246251565e-16, "mi_1_2": 0.31127812445913294, "immi_syn_1_2": 0.0, "nimin_syn_1_2": 3.566659322926226e-16, "nimmi_syn_1_2": 0.0, "imin_syn_1_3": 0.0,