{"avg_reward": 1.0, "accuracy": 1.0, "k2_x2h_imin_syn_avg": [1.0, 0.062055138896901736, 0.15555555555555556], "k2_x2h_imin_syn_sem": [NaN, 0.01994002965908617, 0.03489602963661555], "k2_x2h_mi_avg": [2.0, 1.1220049999038457, 0.8318629860750532], "k2_x2h_mi_sem": [NaN, 0.0844324267211136, 0.03827638042047306], "k2_x2h_immi_syn_avg": [1.0, 0.10419381945646372, 0.15555555555555556], "k2_x2h_immi_syn_sem": [NaN, 0.03166907471918176, 0.034896029636615554], "k2_x2h_nimin_syn_avg": [0.5, 0.03581453704237895, 0.15555555555555559], "k2_x2h_nimin_syn_sem": [NaN, 0.011183966438768005, 0.03489602963661555], "k2_x2h_nimmi_syn_avg": [0.5, 0.062055138896901736, 0.15555555555555556], "k2_x2h_nimmi_syn_sem": [NaN, 0.01922715675068851, 0.034896029636615554], "k2_x2h_imin_red_avg": [1.0, 0.26456138877670904, 0.3482038192641554], "k2_x2h_imin_red_sem": [NaN, 0.060028467981515406, 0.03176098849651041], "k2_x2h_immi_red_avg": [1.0, 0.30670006933627103, 0.34820381926415545], "k2_x2h_immi_red_sem": [NaN, 0.06719723641933487, 0.03176098849651041], "k2_x2h_nimin_red_avg": [0.5, 0.16966582168647593, 0.41340013867254205], "k2_x2h_nimin_red_sem": [NaN, 0.03942170467619442, 0.04100234337036385], "k2_x2h_nimmi_red_avg": [0.5, 0.19590642354099871, 0.41340013867254205], "k2_x2h_nimmi_red_sem": [NaN, 0.04339756334007766, 0.04100234337036385], "k2_x2h_tuples_syn": [{"imin_syn_0_1": 1.0, "mi_0_1": 2.0, "immi_syn_0_1": 1.0, "nimin_syn_0_1": 0.5, "nimmi_syn_0_1": 0.5}, {"imin_syn_0_1": 0.0, "mi_0_1": 1.5, "immi_syn_0_1": 0.0, "nimin_syn_0_1": 0.0, "nimmi_syn_0_1": 0.0, "imin_syn_0_2": 0.0, "mi_0_2": 0.0, "immi_syn_0_2": 0.0, "nimin_syn_0_2": 0, "nimmi_syn_0_2": 0, "imin_syn_0_3": 0.0, "mi_0_3": 1.5, "immi_syn_0_3": 0.0, "nimin_syn_0_3": 0.0, "nimmi_syn_0_3": 0.0, "imin_syn_0_4": 0.0, "mi_0_4": 0.8112781244591329, "immi_syn_0_4": 0.0, "nimin_syn_0_4": 0.0, "nimmi_syn_0_4": 0.0, "imin_syn_0_5": 0.0, "mi_0_5": 0.0, "immi_syn_0_5": 0.0, "nimin_syn_0_5": 0, "nimmi_syn_0_5": 0, "imin_syn_0_6": 1.1102230246251565e-16, "mi_0_6": 0.8112781244591329, "immi_syn_0_6": 0.0, "nimin_syn_0_6": 1.3684863318178654e-16, "nimmi_syn_0_6": 0.0, "imin_syn_0_7": 0.0, "mi_0_7": 1.0, "immi_syn_0_7": 0.0, "nimin_syn_0_7": 0.0, "nimmi_syn_0_7": 0.0, "imin_syn_0_8": 0.0, "mi_0_8": 1.0, "immi_syn_0_8": 0.0, "nimin_syn_0_8": 0.0, "nimmi_syn_0_8": 0.0, "imin_syn_0_9": 0.0, "mi_0_9": 0.0, "immi_syn_0_9": 0.0, "nimin_syn_0_9": 0, "nimmi_syn_0_9": 0, "imin_syn_1_2": 0.0, "mi_1_2": 1.5, "immi_syn_1_2": 0.0, "nimin_syn_1_2": 0.0, "nimmi_syn_1_2": 0.0, "imin_syn_1_3": 0.25, "mi_1_3": 2.0, "immi_syn_1_3": 0.5, "nimin_syn_1_3": 0.125, "nimmi_syn_1_3": 0.25, "imin_syn_1_4": 0.0, "mi_1_4": 1.5, "immi_syn_1_4": 0.0, "nimin_syn_1_4": 0.0, "nimmi_syn_1_4": 0.0, "imin_syn_1_5": 0.0, "mi_1_5": 1.5, "immi_syn_1_5": 0.0, "nimin_syn_1_5": 0.0, "nimmi_syn_1_5": 0.0, "imin_syn_1_6": 0.25, "mi_1_6": 2.0, "immi_syn_1_6": 0.5, "nimin_syn_1_6": 0.125, "nimmi_syn_1_6": 0.25, "imin_syn_1_7": 0.0, "mi_1_7": 1.5, "immi_syn_1_7": 0.0, "nimin_syn_1_7": 0.0, "nimmi_syn_1_7": 0.0, "imin_syn_1_8": 0.0, "mi_1_8": 1.5, "immi_syn_1_8": 0.0, "nimin_syn_1_8": 0.0, "nimmi_syn_1_8": 0.0, "imin_syn_1_9": 0.0, "mi_1_9": 1.5, "immi_syn_1_9": 0.0, "nimin_syn_1_9": 0.0, "nimmi_syn_1_9": 0.0, "imin_syn_2_3": 0.0, "mi_2_3": 1.5, "immi_syn_2_3": 0.0, "nimin_syn_2_3": 0.0, "nimmi_syn_2_3": 0.0, "imin_syn_2_4": 0.0, "mi_2_4": 0.8112781244591329, "immi_syn_2_4": 0.0, "nimin_syn_2_4": 0.0, "nimmi_syn_2_4": 0.0, "imin_syn_2_5": 0.0, "mi_2_5": 0.0, "immi_syn_2_5": 0.0, "nimin_syn_2_5": 0, "nimmi_syn_2_5": 0, "imin_syn_2_6": 1.1102230246251565e-16, "mi_2_6": 0.8112781244591329, "immi_syn_2_6": 0.0, "nimin_syn_2_6": 1.3684863318178654e-16, "nimmi_syn_2_6": 0.0, "imin_syn_2_7": 0.0, "mi_2_7": 1.0, "immi_syn_2_7": 0.0, "nimin_syn_2_7": 0.0, "nimmi_syn_2_7": 0.0, "imin_syn_2_8": 0.0, "mi_2_8": 1.0, "immi_syn_2_8": 0.0, "nimin_syn_2_8": 0.0, "nimmi_syn_2_8": 0.0, "imin_syn_2_9": 0.0, "mi_2_9": 0.0, "immi_syn_2_9": 0.0, "nimin_syn_2_9": 0, "nimmi_syn_2_9": 0, "imin_syn_3_4": 0.0, "mi_3_4": 1.5, "immi_syn_3_4": 0.0, "nimin_syn_3_4": 0.0, "nimmi_syn_3_4": 0.0, "imin_syn_3_5": 0.0, "mi_3_5": 1.5, "immi_syn_3_5": 0.0, "nimin_syn_3_5": 0.0, "nimmi_syn_3_5": 0.0, "imin_syn_3_6": 0.0, "mi_3_6": 1.5, "immi_syn_3_6": 0.0, "nimin_syn_3_6": 0.0, "nimmi_syn_3_6": 0.0, "imin_syn_3_7": 0.5, "mi_3_7": 2.0, "immi_syn_3_7": 0.5, "nimin_syn_3_7": 0.25, "nimmi_syn_3_7": 0.25, "imin_syn_3_8": 0.5, "mi_3_8": 2.0, "immi_syn_3_8": 0.5, "nimin_syn_3_8": 0.25, "nimmi_syn_3_8": 0.25, "imin_syn_3_9": 0.0, "mi_3_9": 1.5, "immi_syn_3_9": 0.0, "nimin_syn_3_9": 0.0, "nimmi_syn_3_9": 0.0, "imin_syn_4_5": 0.0, "mi_4_5": 0.8112781244591329, "immi_syn_4_5": 0.0, "nimin_syn_4_5": 0.0, "nimmi_syn_4_5": 0.0, "imin_syn_4_6": 0.29248125036057804, "mi_4_6": 1.5, "immi_syn_4_6": 0.6887218755408671, "nimin_syn_4_6": 0.19498750024038536, "nimmi_syn_4_6": 0.4591479170272447, "imin_syn_4_7": 0.25, "mi_4_7": 1.5, "immi_syn_4_7": 0.5, "nimin_syn_4_7": 0.16666666666666666, "nimmi_syn_4_7": 0.3333333333333333, "imin_syn_4_8": 0.25, "mi_4_8": 1.5, "immi_syn_4_8": 0.5, "nimin_syn_4_8": 0.16666666666666666, "nimmi_syn_4_8": 0.3333333333333333, "imin_syn_4_9": 0.0, "mi_4_9": 0.8112781244591329, "immi_syn_4_9": 0.0, "nimin_syn_4_9": 0.0, "nimmi_syn_4_9": 0.0, "imin_syn_5_6": 1.1102230246251565e-16, "mi_5_6": 0.8112781244591329, "immi_syn_5_6": 0.0, "nimin_syn_5_6": 1.3684863318178654e-16, "nimmi_syn_5_6": 0.0, "imin_syn_5_7": 0.0, "mi_5_7": 1.0, "immi_syn_5_7": 0.0, "nimin_syn_5_7": 0.0, "nimmi_syn_5_7": 0.0, "imin_syn_5_8": 0.0, "mi_5_8": 1.0, "immi_syn_5_8": 0.0, "nimin_syn_5_8": 0.0, "nimmi_syn_5_8": 0.0, "imin_syn_5_9": 0.0, "mi_5_9": 0.0, "immi_syn_5_9": 0.0, "nimin_syn_5_9": 0, "nimmi_syn_5_9": 0, "imin_syn_6_7": 0.25, "mi_6_7": 1.5, "immi_syn_6_7": 0.5, "nimin_syn_6_7": 0.16666666666666666, "nimmi_syn_6_7": 0.3333333333333333, "imin_syn_6_8": 0.25, "mi_6_8": 1.5, "immi_syn_6_8": 0.5, "nimin_syn_6_8": 0.16666666666666666, "nimmi_syn_6_8": 0.3333333333333333, "imin_syn_6_9": 1.1102230246251565e-16, "mi_6_9": 0.8112781244591329, "immi_syn_6_9": 0.0, "nimin_syn_6_9": 1.3684863318178654e-16, "nimmi_syn_6_9": 0.0, "imin_syn_7_8": 0.0, "mi_7_8": 1.0, "immi_syn_7_8": 0.0, "nimin_syn_7_8": 0.0, "nimmi_syn_7_8": 0.0, "imin_syn_7_9": 0.0, "mi_7_9": 1.0, "immi_syn_7_9": 0.0, "nimin_syn_7_9": 0.0, "nimmi_syn_7_9": 0.0, "imin_syn_8_9": 0.0, "mi_8_9": 1.0, "immi_syn_8_9": 0.0, "nimin_syn_8_9": 0.0, "nimmi_syn_8_9": 0.0}, {"imin_syn_0_1": 0.0, "mi_0_1": 1.0, "immi_syn_0_1": 0.0, "nimin_syn_0_1": 0.0, "nimmi_syn_0_1": 0.0, "imin_syn_0_2": 0.0, "mi_0_2": 1.0, "immi_syn_0_2": 0.0, "nimin_syn_0_2": 0.0, "nimmi_syn_0_2": 0.0, "imin_syn_0_3": 0.0, "mi_0_3": 1.0, "immi_syn_0_3": 0.0, "nimin_syn_0_3": 0.0, "nimmi_syn_0_3": 0.0, "imin_syn_0_4": 0.0, "mi_0_4": 1.0, "immi_syn_0_4": 0.0, "nimin_syn_0_4": 0.0, "nimmi_syn_0_4": 0.0, "imin_syn_0_5": 0.0, "mi_0_5": 1.0, "immi_syn_0_5": 0.0, "nimin_syn_0_5": 0.0, "nimmi_syn_0_5": 0.0, "imin_syn_0_6": 0.0, "mi_0_6": 1.0, "immi_syn_0_6": 0.0, "nimin_syn_0_6": 0.0, "nimmi_syn_0_6": 0.0, "imin_syn_0_7": 0.0, "mi_0_7": 1.0, "immi_syn_0_7": 0.0, "nimin_syn_0_7": 0.0, "nimmi_syn_0_7": 0.0, "imin_syn_0_8": 0.0, "mi_0_8": 1.0, "immi_syn_0_8": 0.0, "nimin_syn_0_8": 0.0, "nimmi_syn_0_8": 0.0, "imin_syn_0_9": 0.0, "mi_0_9": 1.0, "immi_syn_0_9": 0.0, "nimin_syn_0_9": 0.0, "nimmi_syn_0_9": 0.0, "imin_syn_1_2": 0.0, "mi_1_2": 1.0, "immi_syn_1_2": 0.0, "nimin_syn_1_2": 0.0, "nimmi_syn_1_2": 0.0, "imin_syn_1_3": 0.5, "mi_1_3": 1.0, "immi_syn_1_3": 0.5, "nimin_syn_1_3": 0.5, "nimmi_syn_1_3": 0.5, "imin_syn_1_4": 0.0, "mi_1_4": 0.5, "immi_syn_1_4": 0.0, "nimin_syn_1_4": 0.0, "nimmi_syn_1_4": 0.0, "imin_syn_1_5": 0.0, "mi_1_5": 0.5, "immi_syn_1_5": 0.0, "nimin_syn_1_5": 0.0, "nimmi_syn_1_5": 0.0, "imin_syn_1_6": 0.0, "mi_1_6": 0.5, "immi_syn_1_6": 0.0, "nimin_syn_1_6": 0.0, "nimmi_syn_1_6": 0.0, "imin_syn_1_7": 0.5, "mi_1_7": 1.0, "immi_syn_1_7": 0.5, "nimin_syn_1_7": 0.5, "nimmi_syn_1_7": 0.5, "imin_syn_1_8": 0.0,