{"avg_reward": 1.0, "accuracy": 1.0, "k2_x2h_imin_syn_avg": [1.0, 0.22411027779380346, 0.1325146530301825], "k2_x2h_imin_syn_sem": [NaN, 0.03578800385920394, 0.034946616073960865], "k2_x2h_mi_avg": [2.0, 1.5832247221741451, 0.642756874867788], "k2_x2h_mi_sem": [NaN, 0.05875675478147066, 0.043372341241794884], "k2_x2h_immi_syn_avg": [1.0, 0.3417209722462608, 0.160183819648772], "k2_x2h_immi_syn_sem": [NaN, 0.0431925487776153, 0.03477512129874084], "k2_x2h_nimin_syn_avg": [0.5, 0.12255500001068381, 0.15517131988915753], "k2_x2h_nimin_syn_sem": [NaN, 0.018337155101066774, 0.03470413876140465], "k2_x2h_nimmi_syn_avg": [0.5, 0.192628796312322, 0.2105096531263366], "k2_x2h_nimmi_syn_sem": [NaN, 0.024509019436759528, 0.03785345479702067], "k2_x2h_imin_red_avg": [1.0, 0.6276524302951381, 0.22554715240518033], "k2_x2h_imin_red_sem": [NaN, 0.05800799853839264, 0.01888446661320692], "k2_x2h_immi_red_avg": [1.0, 0.7452631247475954, 0.25321631902377006], "k2_x2h_immi_red_sem": [NaN, 0.06186432479019995, 0.019539648722329106], "k2_x2h_nimin_red_avg": [0.5, 0.38005428225382787, 0.36977437453124834], "k2_x2h_nimin_red_sem": [NaN, 0.03739438637702669, 0.0399987420304927], "k2_x2h_nimmi_red_avg": [0.5, 0.4501280785554661, 0.42511270776842774], "k2_x2h_nimmi_red_sem": [NaN, 0.038832048136322926, 0.04364801213147177], "k2_x2h_tuples_syn": [{"imin_syn_0_1": 1.0, "mi_0_1": 2.0, "immi_syn_0_1": 1.0, "nimin_syn_0_1": 0.5, "nimmi_syn_0_1": 0.5}, {"imin_syn_0_1": 0.5, "mi_0_1": 2.0, "immi_syn_0_1": 0.5, "nimin_syn_0_1": 0.25, "nimmi_syn_0_1": 0.25, "imin_syn_0_2": 0.25, "mi_0_2": 2.0, "immi_syn_0_2": 0.5, "nimin_syn_0_2": 0.125, "nimmi_syn_0_2": 0.25, "imin_syn_0_3": 0.5, "mi_0_3": 2.0, "immi_syn_0_3": 0.5, "nimin_syn_0_3": 0.25, "nimmi_syn_0_3": 0.25, "imin_syn_0_4": 0.0, "mi_0_4": 1.5, "immi_syn_0_4": 0.0, "nimin_syn_0_4": 0.0, "nimmi_syn_0_4": 0.0, "imin_syn_0_5": 0.25, "mi_0_5": 2.0, "immi_syn_0_5": 0.5, "nimin_syn_0_5": 0.125, "nimmi_syn_0_5": 0.25, "imin_syn_0_6": 0.25, "mi_0_6": 2.0, "immi_syn_0_6": 0.5, "nimin_syn_0_6": 0.125, "nimmi_syn_0_6": 0.25, "imin_syn_0_7": 0.25, "mi_0_7": 2.0, "immi_syn_0_7": 0.5, "nimin_syn_0_7": 0.125, "nimmi_syn_0_7": 0.25, "imin_syn_0_8": 0.5, "mi_0_8": 2.0, "immi_syn_0_8": 0.5, "nimin_syn_0_8": 0.25, "nimmi_syn_0_8": 0.25, "imin_syn_0_9": 0.25, "mi_0_9": 2.0, "immi_syn_0_9": 0.5, "nimin_syn_0_9": 0.125, "nimmi_syn_0_9": 0.25, "imin_syn_1_2": 0.25, "mi_1_2": 1.5, "immi_syn_1_2": 0.5, "nimin_syn_1_2": 0.16666666666666666, "nimmi_syn_1_2": 0.3333333333333333, "imin_syn_1_3": 1.0, "mi_1_3": 2.0, "immi_syn_1_3": 1.0, "nimin_syn_1_3": 0.5, "nimmi_syn_1_3": 0.5, "imin_syn_1_4": 0.0, "mi_1_4": 1.0, "immi_syn_1_4": 0.0, "nimin_syn_1_4": 0.0, "nimmi_syn_1_4": 0.0, "imin_syn_1_5": 0.0, "mi_1_5": 1.5, "immi_syn_1_5": 0.0, "nimin_syn_1_5": 0.0, "nimmi_syn_1_5": 0.0, "imin_syn_1_6": 0.25, "mi_1_6": 1.5, "immi_syn_1_6": 0.5, "nimin_syn_1_6": 0.16666666666666666, "nimmi_syn_1_6": 0.3333333333333333, "imin_syn_1_7": 0.25, "mi_1_7": 1.5, "immi_syn_1_7": 0.5, "nimin_syn_1_7": 0.16666666666666666, "nimmi_syn_1_7": 0.3333333333333333, "imin_syn_1_8": 1.0, "mi_1_8": 2.0, "immi_syn_1_8": 1.0, "nimin_syn_1_8": 0.5, "nimmi_syn_1_8": 0.5, "imin_syn_1_9": 0.5, "mi_1_9": 2.0, "immi_syn_1_9": 0.5, "nimin_syn_1_9": 0.25, "nimmi_syn_1_9": 0.25, "imin_syn_2_3": 0.25, "mi_2_3": 1.5, "immi_syn_2_3": 0.5, "nimin_syn_2_3": 0.16666666666666666, "nimmi_syn_2_3": 0.3333333333333333, "imin_syn_2_4": 0.0, "mi_2_4": 0.8112781244591329, "immi_syn_2_4": 0.0, "nimin_syn_2_4": 0.0, "nimmi_syn_2_4": 0.0, "imin_syn_2_5": 0.25, "mi_2_5": 2.0, "immi_syn_2_5": 0.5, "nimin_syn_2_5": 0.125, "nimmi_syn_2_5": 0.25, "imin_syn_2_6": 0.0, "mi_2_6": 0.8112781244591329, "immi_syn_2_6": 0.0, "nimin_syn_2_6": 0.0, "nimmi_syn_2_6": 0.0, "imin_syn_2_7": 0.29248125036057804, "mi_2_7": 1.5, "immi_syn_2_7": 0.6887218755408671, "nimin_syn_2_7": 0.19498750024038536, "nimmi_syn_2_7": 0.4591479170272447, "imin_syn_2_8": 0.25, "mi_2_8": 1.5, "immi_syn_2_8": 0.5, "nimin_syn_2_8": 0.16666666666666666, "nimmi_syn_2_8": 0.3333333333333333, "imin_syn_2_9": 0.0, "mi_2_9": 1.5, "immi_syn_2_9": 0.0, "nimin_syn_2_9": 0.0, "nimmi_syn_2_9": 0.0, "imin_syn_3_4": 0.0, "mi_3_4": 1.0, "immi_syn_3_4": 0.0, "nimin_syn_3_4": 0.0, "nimmi_syn_3_4": 0.0, "imin_syn_3_5": 0.5, "mi_3_5": 2.0, "immi_syn_3_5": 0.5, "nimin_syn_3_5": 0.25, "nimmi_syn_3_5": 0.25, "imin_syn_3_6": 0.25, "mi_3_6": 1.5, "immi_syn_3_6": 0.5, "nimin_syn_3_6": 0.16666666666666666, "nimmi_syn_3_6": 0.3333333333333333, "imin_syn_3_7": 0.25, "mi_3_7": 1.5, "immi_syn_3_7": 0.5, "nimin_syn_3_7": 0.16666666666666666, "nimmi_syn_3_7": 0.3333333333333333, "imin_syn_3_8": 0.0, "mi_3_8": 1.0, "immi_syn_3_8": 0.0, "nimin_syn_3_8": 0.0, "nimmi_syn_3_8": 0.0, "imin_syn_3_9": 0.0, "mi_3_9": 1.5, "immi_syn_3_9": 0.0, "nimin_syn_3_9": 0.0, "nimmi_syn_3_9": 0.0, "imin_syn_4_5": 0.0, "mi_4_5": 1.5, "immi_syn_4_5": 0.0, "nimin_syn_4_5": 0.0, "nimmi_syn_4_5": 0.0, "imin_syn_4_6": 0.0, "mi_4_6": 0.8112781244591329, "immi_syn_4_6": 0.0, "nimin_syn_4_6": 0.0, "nimmi_syn_4_6": 0.0, "imin_syn_4_7": 1.1102230246251565e-16, "mi_4_7": 0.8112781244591329, "immi_syn_4_7": 0.0, "nimin_syn_4_7": 1.3684863318178654e-16, "nimmi_syn_4_7": 0.0, "imin_syn_4_8": 0.0, "mi_4_8": 1.0, "immi_syn_4_8": 0.0, "nimin_syn_4_8": 0.0, "nimmi_syn_4_8": 0.0, "imin_syn_4_9": 0.0, "mi_4_9": 1.5, "immi_syn_4_9": 0.0, "nimin_syn_4_9": 0.0, "nimmi_syn_4_9": 0.0, "imin_syn_5_6": 0.25, "mi_5_6": 2.0, "immi_syn_5_6": 0.5, "nimin_syn_5_6": 0.125, "nimmi_syn_5_6": 0.25, "imin_syn_5_7": 0.0, "mi_5_7": 1.5, "immi_syn_5_7": 0.0, "nimin_syn_5_7": 0.0, "nimmi_syn_5_7": 0.0, "imin_syn_5_8": 0.5, "mi_5_8": 2.0, "immi_syn_5_8": 0.5, "nimin_syn_5_8": 0.25, "nimmi_syn_5_8": 0.25, "imin_syn_5_9": 0.25, "mi_5_9": 2.0, "immi_syn_5_9": 0.5, "nimin_syn_5_9": 0.125, "nimmi_syn_5_9": 0.25, "imin_syn_6_7": 0.29248125036057804, "mi_6_7": 1.5, "immi_syn_6_7": 0.6887218755408671, "nimin_syn_6_7": 0.19498750024038536, "nimmi_syn_6_7": 0.4591479170272447, "imin_syn_6_8": 0.25, "mi_6_8": 1.5, "immi_syn_6_8": 0.5, "nimin_syn_6_8": 0.16666666666666666, "nimmi_syn_6_8": 0.3333333333333333, "imin_syn_6_9": 0.0, "mi_6_9": 1.5, "immi_syn_6_9": 0.0, "nimin_syn_6_9": 0.0, "nimmi_syn_6_9": 0.0, "imin_syn_7_8": 0.25, "mi_7_8": 1.5, "immi_syn_7_8": 0.5, "nimin_syn_7_8": 0.16666666666666666, "nimmi_syn_7_8": 0.3333333333333333, "imin_syn_7_9": 0.25, "mi_7_9": 2.0, "immi_syn_7_9": 0.5, "nimin_syn_7_9": 0.125, "nimmi_syn_7_9": 0.25, "imin_syn_8_9": 0.0, "mi_8_9": 1.5, "immi_syn_8_9": 0.0, "nimin_syn_8_9": 0.0, "nimmi_syn_8_9": 0.0}, {"imin_syn_0_1": 0.0, "mi_0_1": 1.0, "immi_syn_0_1": 0.0, "nimin_syn_0_1": 0.0, "nimmi_syn_0_1": 0.0, "imin_syn_0_2": 0.5, "mi_0_2": 1.0, "immi_syn_0_2": 0.5, "nimin_syn_0_2": 0.5, "nimmi_syn_0_2": 0.5, "imin_syn_0_3": 0.6887218755408672, "mi_0_3": 1.0, "immi_syn_0_3": 0.6887218755408671, "nimin_syn_0_3": 0.6887218755408672, "nimmi_syn_0_3": 0.6887218755408671, "imin_syn_0_4": 0.08496250072115624, "mi_0_4": 0.5, "immi_syn_0_4": 0.18872187554086706, "nimin_syn_0_4": 0.16992500144231248, "nimmi_syn_0_4": 0.3774437510817341, "imin_syn_0_5": 0.08496250072115624, "mi_0_5": 0.5, "immi_syn_0_5": 0.18872187554086706, "nimin_syn_0_5": 0.16992500144231248, "nimmi_syn_0_5": 0.3774437510817341, "imin_syn_0_6": 1.1102230246251565e-16, "mi_0_6": 0.31127812445913294, "immi_syn_0_6": 0.0, "nimin_syn_0_6": 3.566659322926226e-16, "nimmi_syn_0_6": 0.0, "imin_syn_0_7": 0.08496250072115624, "mi_0_7": 0.5, "immi_syn_0_7": 0.18872187554086706, "nimin_syn_0_7": 0.16992500144231248, "nimmi_syn_0_7": 0.3774437510817341, "imin_syn_0_8": 0.08496250072115624, "mi_0_8": 0.5, "immi_syn_0_8": 0.18872187554086706, "nimin_syn_0_8": 0.16992500144231248, "nimmi_syn_0_8": 0.3774437510817341, "imin_syn_0_9": 1.1102230246251565e-16, "mi_0_9": 0.31127812445913294, "immi_syn_0_9": 0.0, "nimin_syn_0_9": 3.566659322926226e-16, "nimmi_syn_0_9": 0.0, "imin_syn_1_2": 0.0, "mi_1_2": 1.0, "immi_syn_1_2": 0.0, "nimin_syn_1_2": 0.0, "nimmi_syn_1_2": 0.0, "imin_syn_1_3": 0.0,