{"avg_reward_avg": 1.0, "avg_reward_sem": 0.0, "accuracy_avg": 1.0, "accuracy_sem": 0.0, "k2_x2h_imin_syn_avg_avg": [1.0, 0.10374352779540605, 0.07413367365798629], "k2_x2h_imin_syn_avg_sem": [0.0, 0.021290324896709234, 0.020334447040000994], "k2_x2h_imin_syn_sem_avg": [NaN, 0.02470782845742852, 0.023839636825255906], "k2_x2h_imin_syn_sem_sem": [NaN, 0.0023562302550378775, 0.0036205969080056223], "k2_x2h_mi_avg_avg": [2.0, 1.2659699166041667, 0.7038078401804216], "k2_x2h_mi_avg_sem": [0.0, 0.08147102811538325, 0.047369554858399894], "k2_x2h_mi_sem_avg": [NaN, 0.08052499724700538, 0.04838238268180739], "k2_x2h_mi_sem_sem": [NaN, 0.006038778566455622, 0.0031394228047544556], "k2_x2h_immi_syn_avg_avg": [1.0, 0.17478195835977572, 0.07690059031984522], "k2_x2h_immi_syn_avg_sem": [0.0, 0.03824611624573606, 0.021378547625670735], "k2_x2h_immi_syn_sem_avg": [NaN, 0.03505607150909533, 0.023822487347733904], "k2_x2h_immi_syn_sem_sem": [NaN, 0.001858277434801645, 0.003614787328793069], "k2_x2h_nimin_syn_avg_avg": [0.5, 0.05870119908662754, 0.07975439590905481], "k2_x2h_nimin_syn_avg_sem": [0.0, 0.012074730138368244, 0.022300899051435404], "k2_x2h_nimin_syn_sem_avg": [NaN, 0.013647492451325044, 0.02419578115778135], "k2_x2h_nimin_syn_sem_sem": [NaN, 0.001456481675315704, 0.003656944397384182], "k2_x2h_nimmi_syn_avg_avg": [0.5, 0.10101476159290428, 0.08528822923277264], "k2_x2h_nimmi_syn_avg_sem": [0.0, 0.022343041108170543, 0.024913784809930728], "k2_x2h_nimmi_syn_sem_avg": [NaN, 0.020565141829982543, 0.024510712761342954], "k2_x2h_nimmi_syn_sem_sem": [NaN, 0.0013673808467178001, 0.003769330120063316], "k2_x2h_imin_red_avg_avg": [1.0, 0.36473598595325807, 0.23086714566386163], "k2_x2h_imin_red_avg_sem": [0.0, 0.05818651520370526, 0.03911155411788658], "k2_x2h_imin_red_sem_avg": [NaN, 0.05843022354203279, 0.035021514712570326], "k2_x2h_imin_red_sem_sem": [NaN, 0.003601291134324324, 0.004060895447590626], "k2_x2h_immi_red_avg_avg": [1.0, 0.4357744165176278, 0.23363406232572062], "k2_x2h_immi_red_avg_sem": [0.0, 0.07554640325281113, 0.03916756805202991], "k2_x2h_immi_red_sem_avg": [NaN, 0.06385881755347918, 0.035087032923482545], "k2_x2h_immi_red_sem_sem": [NaN, 0.00532389066563935, 0.00403239574788792], "k2_x2h_nimin_red_avg_avg": [0.5, 0.2254956712014776, 0.27736505537286266], "k2_x2h_nimin_red_avg_sem": [0.0, 0.03570838744156905, 0.04368426845448441], "k2_x2h_nimin_red_sem_avg": [NaN, 0.037632985659938896, 0.043567254213284536], "k2_x2h_nimin_red_sem_sem": [NaN, 0.001261690459113523, 0.0029516937012302145], "k2_x2h_nimmi_red_avg_avg": [0.5, 0.26780923370775434, 0.28289888869658064], "k2_x2h_nimmi_red_avg_sem": [0.0, 0.046132897016285375, 0.04530538738443671], "k2_x2h_nimmi_red_sem_avg": [NaN, 0.04013502111408565, 0.04393218122338245], "k2_x2h_nimmi_red_sem_sem": [NaN, 0.002263970505698334, 0.0029251118477096397], "x2h_imin_syn_avg": [1.0, 0.0, 0.0], "x2h_imin_syn_sem": [0.0, 0.0, 0.0], "x2h_mi_avg": [2.0, 1.95, 1.0], "x2h_mi_sem": [0.0, 0.049999999999999996, 0.0], "x2h_immi_syn_avg": [1.0, 0.0, 0.0], "x2h_immi_syn_sem": [0.0, 0.0, 0.0], "x2h_nimin_syn_avg": [0.5, 0.0, 0.0], "x2h_nimin_syn_sem": [0.0, 0.0, 0.0], "x2h_nimmi_syn_avg": [0.5, 0.0, 0.0], "x2h_nimmi_syn_sem": [0.0, 0.0, 0.0], "x2h_imin_red_avg": [1.0, 0.04150374992788437, 0.0], "x2h_imin_red_sem": [0.0, 0.04150374992788437, 0.0], "x2h_immi_red_avg": [1.0, 0.0811278124459133, 0.0], "x2h_immi_red_sem": [0.0, 0.0811278124459133, 0.0], "x2h_nimin_red_avg": [0.5, 0.020751874963942187, 0.0], "x2h_nimin_red_sem": [0.0, 0.020751874963942187, 0.0], "x2h_nimmi_red_avg": [0.5, 0.04056390622295665, 0.0], "x2h_nimmi_red_sem": [0.0, 0.04056390622295665, 0.0]}