{"avg_reward_avg": 0.9782, "avg_reward_sem": 0.0016852299546352733, "accuracy_avg": 0.889, "accuracy_sem": 0.007666666666666672, "k2_xh2h_immi_syn_avg_avg": [0.1844468900373133], "k2_xh2h_immi_syn_avg_sem": [0.009942098153570599], "k2_xh2h_immi_syn_sem_avg": [0.028607192197982474], "k2_xh2h_immi_syn_sem_sem": [0.0016484420652413485], "k2_xh2h_mi_avg_avg": [0.7155261842392093], "k2_xh2h_mi_avg_sem": [0.020142342723279916], "k2_xh2h_mi_sem_avg": [0.06547109688143998], "k2_xh2h_mi_sem_sem": [0.002621138316742473], "k2_xh2h_nimmi_syn_avg_avg": [0.2506677039306606], "k2_xh2h_nimmi_syn_avg_sem": [0.008500448893745767], "k2_xh2h_nimmi_syn_sem_avg": [0.02178442467831778], "k2_xh2h_nimmi_syn_sem_sem": [0.0005083179265553385]}