{"avg_reward": 0.976, "accuracy": 0.88, "k2_xh2h_immi_syn_avg": [0.1616216768833988], "k2_xh2h_immi_syn_sem": [0.030886234978961202], "k2_xh2h_mi_avg": [0.6784775243139474], "k2_xh2h_mi_sem": [0.07099766262067278], "k2_xh2h_nimmi_syn_avg": [0.22841907481403026], "k2_xh2h_nimmi_syn_sem": [0.020092990865335152]}