{"avg_reward": 0.977, "accuracy": 0.9, "k2_xh2h_immi_syn_avg": [0.195300687106243], "k2_xh2h_immi_syn_sem": [0.028560308029613585], "k2_xh2h_mi_avg": [0.7775860517857802], "k2_xh2h_mi_sem": [0.06652692038983364], "k2_xh2h_nimmi_syn_avg": [0.2474045944489922], "k2_xh2h_nimmi_syn_sem": [0.022286670852626297]}