{"avg_reward": 0.976, "accuracy": 0.87, "k2_xh2h_immi_syn_avg": [0.15659612038025944], "k2_xh2h_immi_syn_sem": [0.02083168839588652], "k2_xh2h_mi_avg": [0.6804182016747706], "k2_xh2h_mi_sem": [0.04979918869104933], "k2_xh2h_nimmi_syn_avg": [0.22143311896722334], "k2_xh2h_nimmi_syn_sem": [0.021786596222252715]}