{"avg_reward": 0.974, "accuracy": 0.87, "k2_xh2h_immi_syn_avg": [0.16609841909421788], "k2_xh2h_immi_syn_sem": [0.026324029356752862], "k2_xh2h_mi_avg": [0.653376609408033], "k2_xh2h_mi_sem": [0.06406414923731071], "k2_xh2h_nimmi_syn_avg": [0.2626609475425488], "k2_xh2h_nimmi_syn_sem": [0.02453219677332334]}