{"avg_reward": 0.99, "accuracy": 0.93, "k2_xh2h_immi_syn_avg": [0.21192570460265303], "k2_xh2h_immi_syn_sem": [0.03463489271584857], "k2_xh2h_mi_avg": [0.6920100106897635], "k2_xh2h_mi_sem": [0.07948539113384429], "k2_xh2h_nimmi_syn_avg": [0.2982390624993928], "k2_xh2h_nimmi_syn_sem": [0.021483335823576068]}