{"avg_reward": 0.981, "accuracy": 0.91, "k2_xh2h_immi_syn_avg": [0.14727658978853964], "k2_xh2h_immi_syn_sem": [0.023159522207746478], "k2_xh2h_mi_avg": [0.7022185229996536], "k2_xh2h_mi_sem": [0.06516145555051264], "k2_xh2h_nimmi_syn_avg": [0.20978312729236467], "k2_xh2h_nimmi_syn_sem": [0.01931463508302943]}