{"avg_reward": 0.972, "accuracy": 0.86, "k2_xh2h_immi_syn_avg": [0.19842028065376455], "k2_xh2h_immi_syn_sem": [0.03147714595484912], "k2_xh2h_mi_avg": [0.6840167029434852], "k2_xh2h_mi_sem": [0.06773193403195538], "k2_xh2h_nimmi_syn_avg": [0.27656100858300253], "k2_xh2h_nimmi_syn_sem": [0.02000254108116852]}