{"avg_reward": 0.983, "accuracy": 0.91, "k2_xh2h_immi_syn_avg": [0.21193953298358717], "k2_xh2h_immi_syn_sem": [0.03188565447567209], "k2_xh2h_mi_avg": [0.8051944446970611], "k2_xh2h_mi_sem": [0.06429606437029343], "k2_xh2h_nimmi_syn_avg": [0.24186146650005316], "k2_xh2h_nimmi_syn_sem": [0.02254997022844898]}