{"avg_reward": 0.979, "accuracy": 0.9, "k2_xh2h_immi_syn_avg": [0.1545824516085409], "k2_xh2h_immi_syn_sem": [0.022519322867470413], "k2_xh2h_mi_avg": [0.6539883450252102], "k2_xh2h_mi_sem": [0.05535919523588531], "k2_xh2h_nimmi_syn_avg": [0.25190089192768944], "k2_xh2h_nimmi_syn_sem": [0.022613808949328736]}