{"avg_reward_avg": 0.425, "avg_reward_sem": 0.053359368645273735, "accuracy_avg": 0.9, "accuracy_sem": 0.09999999999999999}