{"avg_reward_avg": 0.1630768726195294, "avg_reward_sem": 0.015659514492242052, "accuracy_avg": 0.65, "accuracy_sem": 0.011111111111111103, "IQR_binning_avg": 1.0, "IQR_binning_sem": 0.0, "layer_max_bin_avg": 5.0, "layer_max_bin_sem": 0.0, "k2_x2h_ray_imin_syn_avg_avg": [0.24715635782422338, 0.07057990438481528, 0.03344060061779875], "k2_x2h_ray_imin_syn_avg_sem": [0.040592076838088256, 0.02054999189054928, 0.01087315022665429], "k2_x2h_ray_imin_syn_sem_avg": [0.0396290455578923, 0.019879552540668376, 0.00651910285661496], "k2_x2h_ray_imin_syn_sem_sem": [0.008886890038733787, 0.0039591409082082975, 0.0016404440707219223], "k2_x2h_ray_mi_avg_avg": [0.789658971543502, 0.7951464781009099, 0.24787254075919662], "k2_x2h_ray_mi_avg_sem": [0.1199495727990179, 0.13350116882585442, 0.07671687095017406], "k2_x2h_ray_mi_sem_avg": [0.04090752597045679, 0.08675651467038231, 0.02096839755425182], "k2_x2h_ray_mi_sem_sem": [0.007049365382365164, 0.011135659753810838, 0.00494604832521801], "k2_x2h_ray_immi_syn_avg_avg": [0.3398888310373592, 0.10000864990549845, 0.04164711412550043], "k2_x2h_ray_immi_syn_avg_sem": [0.05620408520006811, 0.028757891717855838, 0.015693758442445995], "k2_x2h_ray_immi_syn_sem_avg": [0.03578014268322241, 0.0281935613184503, 0.00811815462336973], "k2_x2h_ray_immi_syn_sem_sem": [0.007036033077399188, 0.005178410781407382, 0.0023714695295254306], "k2_x2h_ray_nimin_syn_avg_avg": [0.3168058532226515, 0.04940546797640798, 0.09831087875063317], "k2_x2h_ray_nimin_syn_avg_sem": [0.027223858644758413, 0.013209054302242703, 0.027478155178885428], "k2_x2h_ray_nimin_syn_sem_avg": [0.04581835856820785, 0.01177493845442422, 0.01690850392510892], "k2_x2h_ray_nimin_syn_sem_sem": [0.008452847729099268, 0.0020470363951493324, 0.0038043627721606483], "k2_x2h_ray_nimmi_syn_avg_avg": [0.428499711201398, 0.05961625329581165, 0.11041910621032947], "k2_x2h_ray_nimmi_syn_avg_sem": [0.023999805792035242, 0.015091657706447098, 0.02939978303183746], "k2_x2h_ray_nimmi_syn_sem_avg": [0.04267816833589626, 0.016670329867338494, 0.01895060421149996], "k2_x2h_ray_nimmi_syn_sem_sem": [0.007277209803900917, 0.0025406568493286123, 0.0038970351000007708], "k2_x2h_pos_imin_syn_avg_avg": [0.24748999641334718, 0.07057990438481528, 0.03344060061779875], "k2_x2h_pos_imin_syn_avg_sem": [0.03894370909693049, 0.02054999189054928, 0.01087315022665429], "k2_x2h_pos_imin_syn_sem_avg": [0.043719823529848205, 0.019879552540668376, 0.00651910285661496], "k2_x2h_pos_imin_syn_sem_sem": [0.007054687321242826, 0.0039591409082082975, 0.0016404440707219223], "k2_x2h_pos_mi_avg_avg": [1.0695223813869927, 0.7951464781009099, 0.24787254075919662], "k2_x2h_pos_mi_avg_sem": [0.15777701196071225, 0.13350116882585442, 0.07671687095017406], "k2_x2h_pos_mi_sem_avg": [0.05105499232544891, 0.08675651467038231, 0.02096839755425182], "k2_x2h_pos_mi_sem_sem": [0.00882679030153, 0.011135659753810838, 0.00494604832521801], "k2_x2h_pos_immi_syn_avg_avg": [0.31150341342745425, 0.10000864990549845, 0.04164711412550043], "k2_x2h_pos_immi_syn_avg_sem": [0.05089825863096786, 0.028757891717855838, 0.015693758442445995], "k2_x2h_pos_immi_syn_sem_avg": [0.04903530402071376, 0.0281935613184503, 0.00811815462336973], "k2_x2h_pos_immi_syn_sem_sem": [0.00830630631785023, 0.005178410781407382, 0.0023714695295254306], "k2_x2h_pos_nimin_syn_avg_avg": [0.2259427170174547, 0.04940546797640798, 0.09831087875063317], "k2_x2h_pos_nimin_syn_avg_sem": [0.0192058585035288, 0.013209054302242703, 0.027478155178885428], "k2_x2h_pos_nimin_syn_sem_avg": [0.03299871035923592, 0.01177493845442422, 0.01690850392510892], "k2_x2h_pos_nimin_syn_sem_sem": [0.004288086806181732, 0.0020470363951493324, 0.0038043627721606483], "k2_x2h_pos_nimmi_syn_avg_avg": [0.2786960676545105, 0.05961625329581165, 0.11041910621032947], "k2_x2h_pos_nimmi_syn_avg_sem": [0.029076794654889333, 0.015091657706447098, 0.02939978303183746], "k2_x2h_pos_nimmi_syn_sem_avg": [0.035399257258099164, 0.016670329867338494, 0.01895060421149996], "k2_x2h_pos_nimmi_syn_sem_sem": [0.004260214730650663, 0.0025406568493286123, 0.0038970351000007708]}