{"avg_reward": 0.06878575073307908, "accuracy": 0.6666666666666666, "IQR_binning": true, "layer_max_bin": 5, "k2_x2h_ray_imin_syn_avg": [0.36771164401659645, 0.16330015603769896, 0.05025891636115568], "k2_x2h_ray_imin_syn_sem": [0.08299572772969219, 0.036580346141495794, 0.011646583615902515], "k2_x2h_ray_mi_avg": [1.162927168822842, 1.3019394857804905, 0.4365631950989395], "k2_x2h_ray_mi_sem": [0.03601604145733294, 0.10400009273776663, 0.044821683931598646], "k2_x2h_ray_immi_syn_avg": [0.528833844181191, 0.21970987201197012, 0.06318243599530429], "k2_x2h_ray_immi_syn_sem": [0.062439856933270324, 0.04846942660652191, 0.015061542015330436], "k2_x2h_ray_nimin_syn_avg": [0.3133228404478798, 0.08020044179114424, 0.07715645304046362], "k2_x2h_ray_nimin_syn_sem": [0.06629502306375415, 0.017530958763905664, 0.01783548624029872], "k2_x2h_ray_nimmi_syn_avg": [0.4534569022249946, 0.10862032646484815, 0.09240934281019904], "k2_x2h_ray_nimmi_syn_sem": [0.04724710235953144, 0.02364424256347178, 0.020775427721532416], "k2_x2h_pos_imin_syn_avg": [0.3969634593755326, 0.16330015603769896, 0.05025891636115568], "k2_x2h_pos_imin_syn_sem": [0.0334136034722897, 0.036580346141495794, 0.011646583615902515], "k2_x2h_pos_mi_avg": [1.5060547789618008, 1.3019394857804905, 0.4365631950989395], "k2_x2h_pos_mi_sem": [0.06700139250700622, 0.10400009273776663, 0.044821683931598646], "k2_x2h_pos_immi_syn_avg": [0.5139405433200105, 0.21970987201197012, 0.06318243599530429], "k2_x2h_pos_immi_syn_sem": [0.06700139250700622, 0.04846942660652191, 0.015061542015330436], "k2_x2h_pos_nimin_syn_avg": [0.26267854287339554, 0.08020044179114424, 0.07715645304046362], "k2_x2h_pos_nimin_syn_sem": [0.010138046272946215, 0.017530958763905664, 0.01783548624029872], "k2_x2h_pos_nimmi_syn_avg": [0.3387163352129215, 0.10862032646484815, 0.09240934281019904], "k2_x2h_pos_nimmi_syn_sem": [0.028483365901162617, 0.02364424256347178, 0.020775427721532416]}