{"avg_reward": 0.2063701553149255, "accuracy": 0.6666666666666666, "IQR_binning": true, "layer_max_bin": 5, "k2_x2h_ray_imin_syn_avg": [0.38435904668123416, 0.059662136157022476, 0.0011639464022348313], "k2_x2h_ray_imin_syn_sem": [0.05104625359491388, 0.024280347025014363, 0.0005447169951483153], "k2_x2h_ray_mi_avg": [0.9104193528137848, 0.8613790334607545, 0.055792472668920096], "k2_x2h_ray_mi_sem": [0.05881733696134248, 0.11038489068737074, 0.009344968349607335], "k2_x2h_ray_immi_syn_avg": [0.4989303927434185, 0.07665555778738382, 0.0011639464022346797], "k2_x2h_ray_immi_syn_sem": [0.06279239679721006, 0.031194330891644972, 0.000544716995148313], "k2_x2h_ray_nimin_syn_avg": [0.4188864428253425, 0.1167377580337686, 0.008714555874858558], "k2_x2h_ray_nimin_syn_sem": [0.03312735487366267, 0.019091028003598198, 0.0036427355529395555], "k2_x2h_ray_nimmi_syn_avg": [0.5433982253693572, 0.03888794490800523, 0.008714555874854776], "k2_x2h_ray_nimmi_syn_sem": [0.03617947978056263, 0.015580233583227635, 0.0036427355529396765], "k2_x2h_pos_imin_syn_avg": [0.29772533262114953, 0.059662136157022476, 0.0011639464022348313], "k2_x2h_pos_imin_syn_sem": [0.07102113325660575, 0.024280347025014363, 0.0005447169951483153], "k2_x2h_pos_mi_avg": [1.3660373826390917, 0.8613790334607545, 0.055792472668920096], "k2_x2h_pos_mi_sem": [0.06575049648124334, 0.11038489068737074, 0.009344968349607335], "k2_x2h_pos_immi_syn_avg": [0.37253332594982097, 0.07665555778738382, 0.0011639464022346797], "k2_x2h_pos_immi_syn_sem": [0.06575049648124334, 0.031194330891644972, 0.000544716995148313], "k2_x2h_pos_nimin_syn_avg": [0.2140856863569012, 0.1167377580337686, 0.008714555874858558], "k2_x2h_pos_nimin_syn_sem": [0.040273832108099886, 0.019091028003598198, 0.0036427355529395555], "k2_x2h_pos_nimmi_syn_avg": [0.2694539541637002, 0.03888794490800523, 0.008714555874854776], "k2_x2h_pos_nimmi_syn_sem": [0.033846704994731865, 0.015580233583227635, 0.0036427355529396765]}