{"avg_reward": 0.16909254038955238, "accuracy": 0.5833333333333334, "IQR_binning": true, "layer_max_bin": 5, "k2_x2h_ray_imin_syn_avg": [0.285612659843523, 0.07642462608940198, 0.008656618424082519], "k2_x2h_ray_imin_syn_sem": [0.003688597233532383, 0.021087123272918586, 0.0028483750219558744], "k2_x2h_ray_mi_avg": [0.8168364853567254, 0.6483935829503279, 0.16384657574867076], "k2_x2h_ray_mi_sem": [0.0444602684182618, 0.07282348791509877, 0.019012324192234968], "k2_x2h_ray_immi_syn_avg": [0.349073009497574, 0.09485402224660017, 0.01089110120821714], "k2_x2h_ray_immi_syn_sem": [0.016373893941718995, 0.026399050711333857, 0.003874873976924265], "k2_x2h_ray_nimin_syn_avg": [0.352084468774694, 0.06556223544553559, 0.030083894746401142], "k2_x2h_ray_nimin_syn_sem": [0.02256185759027746, 0.01713397666660841, 0.009916520000268436], "k2_x2h_ray_nimmi_syn_avg": [0.4277729677867232, 0.08373121057999068, 0.0374569504246549], "k2_x2h_ray_nimmi_syn_sem": [0.0054909903068497065, 0.022901063808790673, 0.012952092417157111], "k2_x2h_pos_imin_syn_avg": [0.28972809998555055, 0.07642462608940198, 0.008656618424082519], "k2_x2h_pos_imin_syn_sem": [0.041923744954967875, 0.021087123272918586, 0.0028483750219558744], "k2_x2h_pos_mi_avg": [1.1560336795217898, 0.6483935829503279, 0.16384657574867076], "k2_x2h_pos_mi_sem": [0.04203541982559927, 0.07282348791509877, 0.019012324192234968], "k2_x2h_pos_immi_syn_avg": [0.36744133450046057, 0.09485402224660017, 0.01089110120821714], "k2_x2h_pos_immi_syn_sem": [0.04203541982559927, 0.026399050711333857, 0.003874873976924265], "k2_x2h_pos_nimin_syn_avg": [0.2493281291091161, 0.06556223544553559, 0.030083894746401142], "k2_x2h_pos_nimin_syn_sem": [0.0291031312131887, 0.01713397666660841, 0.009916520000268436], "k2_x2h_pos_nimmi_syn_avg": [0.31599593412525184, 0.08373121057999068, 0.0374569504246549], "k2_x2h_pos_nimmi_syn_sem": [0.025457810503527696, 0.022901063808790673, 0.012952092417157111]}