{"avg_reward": 0.20795188655714297, "accuracy": 0.6666666666666666, "IQR_binning": true, "layer_max_bin": 5, "k2_x2h_ray_imin_syn_avg": [0.2485104573837812, 0.015093610137264611, 0.037593479260481705], "k2_x2h_ray_imin_syn_sem": [0.06618952968417574, 0.008527448763398204, 0.0073818702440632085], "k2_x2h_ray_mi_avg": [0.6921874422367266, 0.5820145919551681, 0.12055912787351182], "k2_x2h_ray_mi_sem": [0.02663669439953068, 0.08545122902461065, 0.013515535243240383], "k2_x2h_ray_immi_syn_avg": [0.2902837364671879, 0.03196646208874962, 0.03834331055722354], "k2_x2h_ray_immi_syn_sem": [0.05147851443870194, 0.018132030343712798, 0.007431571075283914], "k2_x2h_ray_nimin_syn_avg": [0.35554426197587996, 0.0094997221494664, 0.2343945073221338], "k2_x2h_ray_nimin_syn_sem": [0.08434028072875213, 0.005372888380286277, 0.04047783236295682], "k2_x2h_ray_nimmi_syn_avg": [0.41519896582108134, 0.0201301282883228, 0.2417395173453522], "k2_x2h_ray_nimmi_syn_sem": [0.05869511117973621, 0.011438110794861117, 0.041447101618576385], "k2_x2h_pos_imin_syn_avg": [0.2760448908249717, 0.015093610137264611, 0.037593479260481705], "k2_x2h_pos_imin_syn_sem": [0.0685412024993238, 0.008527448763398204, 0.0073818702440632085], "k2_x2h_pos_mi_avg": [0.8061462243222509, 0.5820145919551681, 0.12055912787351182], "k2_x2h_pos_mi_sem": [0.08005200021515431, 0.08545122902461065, 0.013515535243240383], "k2_x2h_pos_immi_syn_avg": [0.3460788262521926, 0.03196646208874962, 0.03834331055722354], "k2_x2h_pos_immi_syn_sem": [0.08005200021515431, 0.018132030343712798, 0.007431571075283914], "k2_x2h_pos_nimin_syn_avg": [0.33279564593907107, 0.0094997221494664, 0.2343945073221338], "k2_x2h_pos_nimin_syn_sem": [0.05203192670188753, 0.005372888380286277, 0.04047783236295682], "k2_x2h_pos_nimmi_syn_avg": [0.4172792617228173, 0.0201301282883228, 0.2417395173453522], "k2_x2h_pos_nimmi_syn_sem": [0.060769471969542604, 0.011438110794861117, 0.041447101618576385]}