{"avg_reward": 0.178085163963226, "accuracy": 0.6666666666666666, "IQR_binning": true, "layer_max_bin": 5, "k2_x2h_ray_imin_syn_avg": [0.1819151180460472, 0.03212405348536117, 0.1159709298810345], "k2_x2h_ray_imin_syn_sem": [0.02434939857855207, 0.019788855538110044, 0.015847420257287574], "k2_x2h_ray_mi_avg": [0.9549127027236929, 0.8462027297342546, 0.8086123047667606], "k2_x2h_ray_mi_sem": [0.06492959673058599, 0.12474807811498818, 0.03564920793030718], "k2_x2h_ray_immi_syn_avg": [0.265501549981175, 0.04035479267025798, 0.16767113247887697], "k2_x2h_ray_immi_syn_sem": [0.023703434465106907, 0.024552989343093513, 0.02347698330570573], "k2_x2h_ray_nimin_syn_avg": [0.19109662889297785, 0.013898568759884962, 0.12557676191168976], "k2_x2h_ray_nimin_syn_sem": [0.022849914729521657, 0.008432997551610876, 0.015519380175211385], "k2_x2h_ray_nimmi_syn_avg": [0.28368788190149846, 0.017472041279643493, 0.17981918115792792], "k2_x2h_ray_nimmi_syn_sem": [0.0445731604919284, 0.010477468467238946, 0.02304007934489205], "k2_x2h_pos_imin_syn_avg": [0.259433632628582, 0.03212405348536117, 0.1159709298810345], "k2_x2h_pos_imin_syn_sem": [0.058178642180373275, 0.019788855538110044, 0.015847420257287574], "k2_x2h_pos_mi_avg": [0.9908124564296384, 0.8462027297342546, 0.8086123047667606], "k2_x2h_pos_mi_sem": [0.08001237866851744, 0.12474807811498818, 0.03564920793030718], "k2_x2h_pos_immi_syn_avg": [0.37223862346484893, 0.04035479267025798, 0.16767113247887697], "k2_x2h_pos_immi_syn_sem": [0.0598154956211661, 0.024552989343093513, 0.02347698330570573], "k2_x2h_pos_nimin_syn_avg": [0.25949397418419196, 0.013898568759884962, 0.12557676191168976], "k2_x2h_pos_nimin_syn_sem": [0.049677044636317766, 0.008432997551610876, 0.015519380175211385], "k2_x2h_pos_nimmi_syn_avg": [0.37612043510854615, 0.017472041279643493, 0.17981918115792792], "k2_x2h_pos_nimmi_syn_sem": [0.05205017680381774, 0.010477468467238946, 0.02304007934489205]}