{"avg_reward": 0.1841066694253335, "accuracy": 0.6666666666666666, "IQR_binning": true, "layer_max_bin": 5, "k2_x2h_ray_imin_syn_avg": [0.37484891228949807, 0.15633332606499553, 0.020225441769521818], "k2_x2h_ray_imin_syn_sem": [0.06805526792642513, 0.02804644347443375, 0.0034477984471004], "k2_x2h_ray_mi_avg": [1.1188085593945105, 1.222659170845932, 0.10331572361649022], "k2_x2h_ray_mi_sem": [0.07185365848575238, 0.08263748252755118, 0.006946250779978939], "k2_x2h_ray_immi_syn_avg": [0.5239918336948955, 0.22051489639068167, 0.020231439788016406], "k2_x2h_ray_immi_syn_sem": [0.057169532956043344, 0.03906033653247872, 0.0034481442409221488], "k2_x2h_ray_nimin_syn_avg": [0.331492985563995, 0.0940618826067109, 0.1874975231345938], "k2_x2h_ray_nimin_syn_sem": [0.043716761532795204, 0.016338698443103823, 0.029083529175382938], "k2_x2h_ray_nimmi_syn_avg": [0.4669143687977387, 0.13405508618314446, 0.18762854745850202], "k2_x2h_ray_nimmi_syn_sem": [0.03182903610688717, 0.023280358878752797, 0.02912909529402874], "k2_x2h_pos_imin_syn_avg": [0.3932103806488012, 0.15633332606499553, 0.020225441769521818], "k2_x2h_pos_imin_syn_sem": [0.051332383258866146, 0.02804644347443375, 0.0034477984471004], "k2_x2h_pos_mi_avg": [1.4201552178190466, 1.222659170845932, 0.10331572361649022], "k2_x2h_pos_mi_sem": [0.08165328554620203, 0.08263748252755118, 0.006946250779978939], "k2_x2h_pos_immi_syn_avg": [0.49270769037766887, 0.22051489639068167, 0.020231439788016406], "k2_x2h_pos_immi_syn_sem": [0.08165328554620203, 0.03906033653247872, 0.0034481442409221488], "k2_x2h_pos_nimin_syn_avg": [0.2745696103462158, 0.0940618826067109, 0.1874975231345938], "k2_x2h_pos_nimin_syn_sem": [0.021535654222594253, 0.016338698443103823, 0.029083529175382938], "k2_x2h_pos_nimmi_syn_avg": [0.3426044649428334, 0.13405508618314446, 0.18762854745850202], "k2_x2h_pos_nimmi_syn_sem": [0.03775935440345182, 0.023280358878752797, 0.02912909529402874]}