{"avg_reward": 0.181636846144737, "accuracy": 0.6666666666666666, "IQR_binning": true, "layer_max_bin": 5, "k2_x2h_ray_imin_syn_avg": [0.22952073622939537, 0.1566915874585626, 0.04914092486822138], "k2_x2h_ray_imin_syn_sem": [0.04588403618549378, 0.035261833299777064, 0.011544398982230407], "k2_x2h_ray_mi_avg": [0.9240292164739351, 1.309271969340218, 0.41310546189568786], "k2_x2h_ray_mi_sem": [0.01689672244104456, 0.0999486186402397, 0.03939700523680321], "k2_x2h_ray_immi_syn_avg": [0.4232532784714082, 0.2372007143374331, 0.06000147402868487], "k2_x2h_ray_immi_syn_sem": [0.01917569405986417, 0.051893246215435854, 0.015153765050289283], "k2_x2h_ray_nimin_syn_avg": [0.2467448830112137, 0.0768459780650976, 0.07847089346263768], "k2_x2h_ray_nimin_syn_sem": [0.04526313559778768, 0.0170136892455386, 0.017079278350505187], "k2_x2h_ray_nimmi_syn_avg": [0.457601791765241, 0.11687936181071322, 0.09468410338389328], "k2_x2h_ray_nimmi_syn_sem": [0.012354575283462512, 0.02531312598195911, 0.02195491660596332], "k2_x2h_pos_imin_syn_avg": [0.20659143617987819, 0.1566915874585626, 0.04914092486822138], "k2_x2h_pos_imin_syn_sem": [0.06109219168475805, 0.035261833299777064, 0.011544398982230407], "k2_x2h_pos_mi_avg": [1.5704865700672708, 1.309271969340218, 0.41310546189568786], "k2_x2h_pos_mi_sem": [0.043334442467172773, 0.0999486186402397, 0.03939700523680321], "k2_x2h_pos_immi_syn_avg": [0.28382524634551415, 0.2372007143374331, 0.06000147402868487], "k2_x2h_pos_immi_syn_sem": [0.04333444246717271, 0.051893246215435854, 0.015153765050289283], "k2_x2h_pos_nimin_syn_avg": [0.1297104898412659, 0.0768459780650976, 0.07847089346263768], "k2_x2h_pos_nimin_syn_sem": [0.03610449598981556, 0.0170136892455386, 0.017079278350505187], "k2_x2h_pos_nimmi_syn_avg": [0.17944042938743657, 0.11687936181071322, 0.09468410338389328], "k2_x2h_pos_nimmi_syn_sem": [0.02326674661546075, 0.02531312598195911, 0.02195491660596332]}