{"avg_reward": 0.19462535502112693, "accuracy": 0.6666666666666666, "IQR_binning": true, "layer_max_bin": 5, "k2_x2h_ray_imin_syn_avg": [0.026226357021099534, 0.008298949773081956, 0.015363803159635253], "k2_x2h_ray_imin_syn_sem": [0.0018731318811782238, 0.003178778061167541, 0.006731490584823398], "k2_x2h_ray_mi_avg": [0.13207209966449854, 0.1761885780888892, 0.22586944732513087], "k2_x2h_ray_mi_sem": [0.018916434155139914, 0.018975987167852433, 0.03159748700985129], "k2_x2h_ray_immi_syn_avg": [0.04335988667647032, 0.02132473826345335, 0.0153638031596352], "k2_x2h_ray_immi_syn_sem": [0.004276044723285421, 0.008852939470830407, 0.006731490584823386], "k2_x2h_ray_nimin_syn_avg": [0.20382756879860053, 0.022076152884394573, 0.029625940852297288], "k2_x2h_ray_nimin_syn_sem": [0.01888814033915303, 0.008157003990365024, 0.011292517880048931], "k2_x2h_ray_nimmi_syn_avg": [0.3411362106202298, 0.05332854008874437, 0.029625940852296972], "k2_x2h_ray_nimmi_syn_sem": [0.054318700940650715, 0.020908335195935674, 0.011292517880048912], "k2_x2h_pos_imin_syn_avg": [0.05244629913045525, 0.008298949773081956, 0.015363803159635253], "k2_x2h_pos_imin_syn_sem": [0.011349776647637535, 0.003178778061167541, 0.006731490584823398], "k2_x2h_pos_mi_avg": [0.309530708889376, 0.1761885780888892, 0.22586944732513087], "k2_x2h_pos_mi_sem": [0.011349776647637535, 0.018975987167852433, 0.03159748700985129], "k2_x2h_pos_immi_syn_avg": [0.052446299130455586, 0.02132473826345335, 0.0153638031596352], "k2_x2h_pos_immi_syn_sem": [0.011349776647637535, 0.008852939470830407, 0.006731490584823386], "k2_x2h_pos_nimin_syn_avg": [0.16718245688677014, 0.022076152884394573, 0.029625940852297288], "k2_x2h_pos_nimin_syn_sem": [0.03077798942760214, 0.008157003990365024, 0.011292517880048931], "k2_x2h_pos_nimmi_syn_avg": [0.16718245688677125, 0.05332854008874437, 0.029625940852296972], "k2_x2h_pos_nimmi_syn_sem": [0.030777989427602105, 0.020908335195935674, 0.011292517880048912]}