{"avg_reward_avg": 0.9367999999999999, "avg_reward_sem": 0.0028276413413931196, "accuracy_avg": 0.689, "accuracy_sem": 0.01456403484996898, "k2_xh2h_immi_syn_avg_avg": [0.18413270150815722], "k2_xh2h_immi_syn_avg_sem": [0.00886500876755345], "k2_xh2h_immi_syn_sem_avg": [0.027967890148478003], "k2_xh2h_immi_syn_sem_sem": [0.0017200733118277606], "k2_xh2h_mi_avg_avg": [0.6711253714490291], "k2_xh2h_mi_avg_sem": [0.015853091404899818], "k2_xh2h_mi_sem_avg": [0.06071759712351339], "k2_xh2h_mi_sem_sem": [0.001626988719822065], "k2_xh2h_nimmi_syn_avg_avg": [0.260541332975629], "k2_xh2h_nimmi_syn_avg_sem": [0.009377330380652924], "k2_xh2h_nimmi_syn_sem_avg": [0.021532154334796588], "k2_xh2h_nimmi_syn_sem_sem": [0.0003745464221452007]}