{"avg_reward": 0.929, "accuracy": 0.65, "k2_xh2h_immi_syn_avg": [0.20207608616202108], "k2_xh2h_immi_syn_sem": [0.026701905196881523], "k2_xh2h_mi_avg": [0.7282720538921043], "k2_xh2h_mi_sem": [0.06119466267423972], "k2_xh2h_nimmi_syn_avg": [0.2720481035395284], "k2_xh2h_nimmi_syn_sem": [0.020411516944691392]}