{"avg_reward": 0.925, "accuracy": 0.63, "k2_xh2h_immi_syn_avg": [0.1707464239179686], "k2_xh2h_immi_syn_sem": [0.025732787061499306], "k2_xh2h_mi_avg": [0.6167895768098043], "k2_xh2h_mi_sem": [0.058261388904478274], "k2_xh2h_nimmi_syn_avg": [0.2663438275623966], "k2_xh2h_nimmi_syn_sem": [0.021176016202195568]}