{"avg_reward": 0.934, "accuracy": 0.67, "k2_xh2h_immi_syn_avg": [0.15979241396686578], "k2_xh2h_immi_syn_sem": [0.027559548373513845], "k2_xh2h_mi_avg": [0.7055353472150651], "k2_xh2h_mi_sem": [0.06619630348665581], "k2_xh2h_nimmi_syn_avg": [0.22714925531299532], "k2_xh2h_nimmi_syn_sem": [0.020359756759135646]}