{"avg_reward": 0.942, "accuracy": 0.71, "k2_xh2h_immi_syn_avg": [0.18316370846303726], "k2_xh2h_immi_syn_sem": [0.028822481958574838], "k2_xh2h_mi_avg": [0.6743848437675385], "k2_xh2h_mi_sem": [0.06626446275729628], "k2_xh2h_nimmi_syn_avg": [0.2674913468040403], "k2_xh2h_nimmi_syn_sem": [0.022483710310710767]}