{"avg_reward": 0.95, "accuracy": 0.76, "k2_xh2h_immi_syn_avg": [0.19637401396254464], "k2_xh2h_immi_syn_sem": [0.02565710004530364], "k2_xh2h_mi_avg": [0.713400157745611], "k2_xh2h_mi_sem": [0.055406025857736206], "k2_xh2h_nimmi_syn_avg": [0.25326245628546457], "k2_xh2h_nimmi_syn_sem": [0.021411007715240172]}