{"avg_reward": 0.946, "accuracy": 0.74, "k2_xh2h_immi_syn_avg": [0.18584416817835675], "k2_xh2h_immi_syn_sem": [0.028201210873991384], "k2_xh2h_mi_avg": [0.6540023656212415], "k2_xh2h_mi_sem": [0.057714458471498815], "k2_xh2h_nimmi_syn_avg": [0.27438228672670745], "k2_xh2h_nimmi_syn_sem": [0.022962501052400296]}