{"avg_reward": 0.923, "accuracy": 0.62, "k2_xh2h_immi_syn_avg": [0.23742654692704074], "k2_xh2h_immi_syn_sem": [0.04010358067936615], "k2_xh2h_mi_avg": [0.6083477071616926], "k2_xh2h_mi_sem": [0.062175294098097036], "k2_xh2h_nimmi_syn_avg": [0.3210679531734608], "k2_xh2h_nimmi_syn_sem": [0.023565303838995834]}