{"avg_reward": 0.937, "accuracy": 0.69, "k2_xh2h_immi_syn_avg": [0.1326478631157678], "k2_xh2h_immi_syn_sem": [0.01853805833041668], "k2_xh2h_mi_avg": [0.5975521135928787], "k2_xh2h_mi_sem": [0.05252296200892407], "k2_xh2h_nimmi_syn_avg": [0.22400504959683182], "k2_xh2h_nimmi_syn_sem": [0.020013639265459834]}