{"avg_reward": 0.941, "accuracy": 0.71, "k2_xh2h_immi_syn_avg": [0.17393429761353932], "k2_xh2h_immi_syn_sem": [0.026511985866264954], "k2_xh2h_mi_avg": [0.731694535518045], "k2_xh2h_mi_sem": [0.05889040669036164], "k2_xh2h_nimmi_syn_avg": [0.22624810703815137], "k2_xh2h_nimmi_syn_sem": [0.020992130514017153]}