{"avg_reward": 1.0, "accuracy": 1.0, "k2_x2h_imin_syn_avg": [1.0, 0.05000000000000001, 0.0009440277857906724], "k2_x2h_imin_syn_sem": [NaN, 0.017041245271518166, 0.0009440277857906243], "k2_x2h_mi_avg": [2.0, 1.272113611063034, 0.8094235415344548], "k2_x2h_mi_sem": [NaN, 0.08935911547215139, 0.05305594837389499], "k2_x2h_immi_syn_avg": [1.0, 0.12222222222222222, 0.004193819456463712], "k2_x2h_immi_syn_sem": [NaN, 0.032394177193585005, 0.004193819456463711], "k2_x2h_nimin_syn_avg": [0.5, 0.028703703703703714, 0.0009440277857906979], "k2_x2h_nimin_syn_sem": [NaN, 0.009624529211289761, 0.0009440277857906238], "k2_x2h_nimmi_syn_avg": [0.5, 0.0685185185185185, 0.004193819456463712], "k2_x2h_nimmi_syn_sem": [NaN, 0.018404531341817944, 0.004193819456463711], "k2_x2h_imin_red_avg": [1.0, 0.29422722212606806, 0.26592312487580083], "k2_x2h_imin_red_sem": [NaN, 0.07005686544990711, 0.05260031742196757], "k2_x2h_immi_red_avg": [1.0, 0.36644944434829035, 0.26917291654647396], "k2_x2h_immi_red_sem": [NaN, 0.08325009107576764, 0.0528235697078364], "k2_x2h_nimin_red_avg": [0.5, 0.1751002429974624, 0.2791381252645424], "k2_x2h_nimin_red_sem": [NaN, 0.04328173180026893, 0.05686793209527362], "k2_x2h_nimmi_red_avg": [0.5, 0.21491505781227724, 0.2823879169352155], "k2_x2h_nimmi_red_sem": [NaN, 0.04931476068981122, 0.0570573898259698], "k2_x2h_tuples_syn": [{"imin_syn_0_1": 1.0, "mi_0_1": 2.0, "immi_syn_0_1": 1.0, "nimin_syn_0_1": 0.5, "nimmi_syn_0_1": 0.5}, {"imin_syn_0_1": 0.25, "mi_0_1": 2.0, "immi_syn_0_1": 0.5, "nimin_syn_0_1": 0.125, "nimmi_syn_0_1": 0.25, "imin_syn_0_2": 0.0, "mi_0_2": 1.5, "immi_syn_0_2": 0.0, "nimin_syn_0_2": 0.0, "nimmi_syn_0_2": 0.0, "imin_syn_0_3": 0.5, "mi_0_3": 2.0, "immi_syn_0_3": 0.5, "nimin_syn_0_3": 0.25, "nimmi_syn_0_3": 0.25, "imin_syn_0_4": 0.0, "mi_0_4": 1.5, "immi_syn_0_4": 0.0, "nimin_syn_0_4": 0.0, "nimmi_syn_0_4": 0.0, "imin_syn_0_5": 0.0, "mi_0_5": 1.5, "immi_syn_0_5": 0.0, "nimin_syn_0_5": 0.0, "nimmi_syn_0_5": 0.0, "imin_syn_0_6": 0.0, "mi_0_6": 2.0, "immi_syn_0_6": 0.5, "nimin_syn_0_6": 0.0, "nimmi_syn_0_6": 0.25, "imin_syn_0_7": 0.0, "mi_0_7": 1.5, "immi_syn_0_7": 0.0, "nimin_syn_0_7": 0.0, "nimmi_syn_0_7": 0.0, "imin_syn_0_8": 0.0, "mi_0_8": 1.5, "immi_syn_0_8": 0.0, "nimin_syn_0_8": 0.0, "nimmi_syn_0_8": 0.0, "imin_syn_0_9": 0.0, "mi_0_9": 1.5, "immi_syn_0_9": 0.0, "nimin_syn_0_9": 0.0, "nimmi_syn_0_9": 0.0, "imin_syn_1_2": 1.1102230246251565e-16, "mi_1_2": 0.8112781244591329, "immi_syn_1_2": 0.0, "nimin_syn_1_2": 1.3684863318178654e-16, "nimmi_syn_1_2": 0.0, "imin_syn_1_3": 0.25, "mi_1_3": 1.5, "immi_syn_1_3": 0.5, "nimin_syn_1_3": 0.16666666666666666, "nimmi_syn_1_3": 0.3333333333333333, "imin_syn_1_4": 0.25, "mi_1_4": 2.0, "immi_syn_1_4": 0.5, "nimin_syn_1_4": 0.125, "nimmi_syn_1_4": 0.25, "imin_syn_1_5": 1.1102230246251565e-16, "mi_1_5": 0.8112781244591329, "immi_syn_1_5": 0.0, "nimin_syn_1_5": 1.3684863318178654e-16, "nimmi_syn_1_5": 0.0, "imin_syn_1_6": 0.0, "mi_1_6": 1.5, "immi_syn_1_6": 0.0, "nimin_syn_1_6": 0.0, "nimmi_syn_1_6": 0.0, "imin_syn_1_7": 1.1102230246251565e-16, "mi_1_7": 0.8112781244591329, "immi_syn_1_7": 0.0, "nimin_syn_1_7": 1.3684863318178654e-16, "nimmi_syn_1_7": 0.0, "imin_syn_1_8": 0.25, "mi_1_8": 2.0, "immi_syn_1_8": 0.5, "nimin_syn_1_8": 0.125, "nimmi_syn_1_8": 0.25, "imin_syn_1_9": 1.1102230246251565e-16, "mi_1_9": 0.8112781244591329, "immi_syn_1_9": 0.0, "nimin_syn_1_9": 1.3684863318178654e-16, "nimmi_syn_1_9": 0.0, "imin_syn_2_3": 0.0, "mi_2_3": 1.0, "immi_syn_2_3": 0.0, "nimin_syn_2_3": 0.0, "nimmi_syn_2_3": 0.0, "imin_syn_2_4": 0.0, "mi_2_4": 1.5, "immi_syn_2_4": 0.0, "nimin_syn_2_4": 0.0, "nimmi_syn_2_4": 0.0, "imin_syn_2_5": 0.0, "mi_2_5": 0.0, "immi_syn_2_5": 0.0, "nimin_syn_2_5": 0, "nimmi_syn_2_5": 0, "imin_syn_2_6": 0.0, "mi_2_6": 1.5, "immi_syn_2_6": 0.0, "nimin_syn_2_6": 0.0, "nimmi_syn_2_6": 0.0, "imin_syn_2_7": 0.0, "mi_2_7": 0.0, "immi_syn_2_7": 0.0, "nimin_syn_2_7": 0, "nimmi_syn_2_7": 0, "imin_syn_2_8": 0.0, "mi_2_8": 1.5, "immi_syn_2_8": 0.0, "nimin_syn_2_8": 0.0, "nimmi_syn_2_8": 0.0, "imin_syn_2_9": 0.0, "mi_2_9": 0.0, "immi_syn_2_9": 0.0, "nimin_syn_2_9": 0, "nimmi_syn_2_9": 0, "imin_syn_3_4": 0.25, "mi_3_4": 1.5, "immi_syn_3_4": 0.5, "nimin_syn_3_4": 0.16666666666666666, "nimmi_syn_3_4": 0.3333333333333333, "imin_syn_3_5": 0.0, "mi_3_5": 1.0, "immi_syn_3_5": 0.0, "nimin_syn_3_5": 0.0, "nimmi_syn_3_5": 0.0, "imin_syn_3_6": 0.25, "mi_3_6": 1.5, "immi_syn_3_6": 0.5, "nimin_syn_3_6": 0.16666666666666666, "nimmi_syn_3_6": 0.3333333333333333, "imin_syn_3_7": 0.0, "mi_3_7": 1.0, "immi_syn_3_7": 0.0, "nimin_syn_3_7": 0.0, "nimmi_syn_3_7": 0.0, "imin_syn_3_8": 0.25, "mi_3_8": 1.5, "immi_syn_3_8": 0.5, "nimin_syn_3_8": 0.16666666666666666, "nimmi_syn_3_8": 0.3333333333333333, "imin_syn_3_9": 0.0, "mi_3_9": 1.0, "immi_syn_3_9": 0.0, "nimin_syn_3_9": 0.0, "nimmi_syn_3_9": 0.0, "imin_syn_4_5": 0.0, "mi_4_5": 1.5, "immi_syn_4_5": 0.0, "nimin_syn_4_5": 0.0, "nimmi_syn_4_5": 0.0, "imin_syn_4_6": 0.0, "mi_4_6": 2.0, "immi_syn_4_6": 0.5, "nimin_syn_4_6": 0.0, "nimmi_syn_4_6": 0.25, "imin_syn_4_7": 0.0, "mi_4_7": 1.5, "immi_syn_4_7": 0.0, "nimin_syn_4_7": 0.0, "nimmi_syn_4_7": 0.0, "imin_syn_4_8": 0.0, "mi_4_8": 1.5, "immi_syn_4_8": 0.0, "nimin_syn_4_8": 0.0, "nimmi_syn_4_8": 0.0, "imin_syn_4_9": 0.0, "mi_4_9": 1.5, "immi_syn_4_9": 0.0, "nimin_syn_4_9": 0.0, "nimmi_syn_4_9": 0.0, "imin_syn_5_6": 0.0, "mi_5_6": 1.5, "immi_syn_5_6": 0.0, "nimin_syn_5_6": 0.0, "nimmi_syn_5_6": 0.0, "imin_syn_5_7": 0.0, "mi_5_7": 0.0, "immi_syn_5_7": 0.0, "nimin_syn_5_7": 0, "nimmi_syn_5_7": 0, "imin_syn_5_8": 0.0, "mi_5_8": 1.5, "immi_syn_5_8": 0.0, "nimin_syn_5_8": 0.0, "nimmi_syn_5_8": 0.0, "imin_syn_5_9": 0.0, "mi_5_9": 0.0, "immi_syn_5_9": 0.0, "nimin_syn_5_9": 0, "nimmi_syn_5_9": 0, "imin_syn_6_7": 0.0, "mi_6_7": 1.5, "immi_syn_6_7": 0.0, "nimin_syn_6_7": 0.0, "nimmi_syn_6_7": 0.0, "imin_syn_6_8": 0.0, "mi_6_8": 2.0, "immi_syn_6_8": 0.5, "nimin_syn_6_8": 0.0, "nimmi_syn_6_8": 0.25, "imin_syn_6_9": 0.0, "mi_6_9": 1.5, "immi_syn_6_9": 0.0, "nimin_syn_6_9": 0.0, "nimmi_syn_6_9": 0.0, "imin_syn_7_8": 0.0, "mi_7_8": 1.5, "immi_syn_7_8": 0.0, "nimin_syn_7_8": 0.0, "nimmi_syn_7_8": 0.0, "imin_syn_7_9": 0.0, "mi_7_9": 0.0, "immi_syn_7_9": 0.0, "nimin_syn_7_9": 0, "nimmi_syn_7_9": 0, "imin_syn_8_9": 0.0, "mi_8_9": 1.5, "immi_syn_8_9": 0.0, "nimin_syn_8_9": 0.0, "nimmi_syn_8_9": 0.0}, {"imin_syn_0_1": 0.0, "mi_0_1": 0.0, "immi_syn_0_1": 0.0, "nimin_syn_0_1": 0, "nimmi_syn_0_1": 0, "imin_syn_0_2": 0.0, "mi_0_2": 0.5, "immi_syn_0_2": 0.0, "nimin_syn_0_2": 0.0, "nimmi_syn_0_2": 0.0, "imin_syn_0_3": 0.0, "mi_0_3": 1.0, "immi_syn_0_3": 0.0, "nimin_syn_0_3": 0.0, "nimmi_syn_0_3": 0.0, "imin_syn_0_4": 0.0, "mi_0_4": 1.0, "immi_syn_0_4": 0.0, "nimin_syn_0_4": 0.0, "nimmi_syn_0_4": 0.0, "imin_syn_0_5": 0.0, "mi_0_5": 0.0, "immi_syn_0_5": 0.0, "nimin_syn_0_5": 0, "nimmi_syn_0_5": 0, "imin_syn_0_6": 0.0, "mi_0_6": 1.0, "immi_syn_0_6": 0.0, "nimin_syn_0_6": 0.0, "nimmi_syn_0_6": 0.0, "imin_syn_0_7": 2.220446049250313e-16, "mi_0_7": 0.8112781244591329, "immi_syn_0_7": 0.0, "nimin_syn_0_7": 2.736972663635731e-16, "nimmi_syn_0_7": 0.0, "imin_syn_0_8": 1.1102230246251565e-16, "mi_0_8": 0.31127812445913294, "immi_syn_0_8": 0.0, "nimin_syn_0_8": 3.566659322926226e-16, "nimmi_syn_0_8": 0.0, "imin_syn_0_9": 0.0, "mi_0_9": 0.5, "immi_syn_0_9": 0.0, "nimin_syn_0_9": 0.0, "nimmi_syn_0_9": 0.0, "imin_syn_1_2": 0.0, "mi_1_2": 0.5, "immi_syn_1_2": 0.0, "nimin_syn_1_2": 0.0, "nimmi_syn_1_2": 0.0, "imin_syn_1_3": 0.0, "mi_1_3": 1.0, "immi_syn_1_3": 0.0, "nimin_syn_1_3": 0.0, "nimmi_syn_1_3": 0.0, "imin_syn_1_4": 0.0, "mi_1_4": 1.0, "immi_syn_1_4": 0.0, "nimin_syn_1_4": 0.0, "nimmi_syn_1_4": 0.0, "imin_syn_1_5": 0.0, "mi_1_5": 0.0, "immi_syn_1_5": 0.0, "nimin_syn_1_5": 0, "nimmi_syn_1_5": 0, "imin_syn_1_6": 0.0, "mi_1_6": 1.0, "immi_syn_1_6": 0.0, "nimin_syn_1_6": 0.0, "nimmi_syn_1_6": 0.0, "imin_syn_1_7": 2.220446049250313e-16, "mi_1_7": 0.8112781244591329, "immi_syn_1_7": 0.0, "nimin_syn_1_7": 2.736972663635731e-16, "nimmi_syn_1_7": 0.0,