{"avg_reward": 1.0, "accuracy": 1.0, "k2_x2h_imin_syn_avg": [1.0, 0.06111111111111111, 0.19057645846554536], "k2_x2h_imin_syn_sem": [NaN, 0.016197088596792503, 0.03982115491004593], "k2_x2h_mi_avg": [2.0, 1.736056805531517, 0.79558895822516], "k2_x2h_mi_sem": [NaN, 0.061303801145179866, 0.05898453001543372], "k2_x2h_immi_syn_avg": [1.0, 0.13333333333333333, 0.1905764584655453], "k2_x2h_immi_syn_sem": [NaN, 0.03333333333333334, 0.03982115491004593], "k2_x2h_nimin_syn_avg": [0.5, 0.03148148148148148, 0.19673074093304915], "k2_x2h_nimin_syn_sem": [NaN, 0.008391584659876718, 0.038997254516325255], "k2_x2h_nimmi_syn_avg": [0.5, 0.0685185185185185, 0.19673074093304901], "k2_x2h_nimmi_syn_sem": [NaN, 0.017223217812720622, 0.03899725451632527], "k2_x2h_imin_red_avg": [1.0, 0.7594235415344547, 0.2270174996634604], "k2_x2h_imin_red_sem": [NaN, 0.09061487983519716, 0.02881385267264578], "k2_x2h_immi_red_avg": [1.0, 0.8316457637566768, 0.22701749966346046], "k2_x2h_immi_red_sem": [NaN, 0.09761378677732, 0.02881385267264579], "k2_x2h_nimin_red_avg": [0.5, 0.3993650693683224, 0.2923586339507646], "k2_x2h_nimin_red_sem": [NaN, 0.047066076224426164, 0.043982996797540516], "k2_x2h_nimmi_red_avg": [0.5, 0.4364021064053595, 0.29235863395076467], "k2_x2h_nimmi_red_sem": [NaN, 0.05027579110851422, 0.04398299679754054], "k2_x2h_tuples_syn": [{"imin_syn_0_1": 1.0, "mi_0_1": 2.0, "immi_syn_0_1": 1.0, "nimin_syn_0_1": 0.5, "nimmi_syn_0_1": 0.5}, {"imin_syn_0_1": 0.0, "mi_0_1": 1.5, "immi_syn_0_1": 0.0, "nimin_syn_0_1": 0.0, "nimmi_syn_0_1": 0.0, "imin_syn_0_2": 0.0, "mi_0_2": 1.5, "immi_syn_0_2": 0.0, "nimin_syn_0_2": 0.0, "nimmi_syn_0_2": 0.0, "imin_syn_0_3": 0.0, "mi_0_3": 2.0, "immi_syn_0_3": 0.0, "nimin_syn_0_3": 0.0, "nimmi_syn_0_3": 0.0, "imin_syn_0_4": 0.0, "mi_0_4": 2.0, "immi_syn_0_4": 0.5, "nimin_syn_0_4": 0.0, "nimmi_syn_0_4": 0.25, "imin_syn_0_5": 0.25, "mi_0_5": 2.0, "immi_syn_0_5": 0.5, "nimin_syn_0_5": 0.125, "nimmi_syn_0_5": 0.25, "imin_syn_0_6": 0.0, "mi_0_6": 1.5, "immi_syn_0_6": 0.0, "nimin_syn_0_6": 0.0, "nimmi_syn_0_6": 0.0, "imin_syn_0_7": 0.25, "mi_0_7": 2.0, "immi_syn_0_7": 0.5, "nimin_syn_0_7": 0.125, "nimmi_syn_0_7": 0.25, "imin_syn_0_8": 0.0, "mi_0_8": 2.0, "immi_syn_0_8": 0.0, "nimin_syn_0_8": 0.0, "nimmi_syn_0_8": 0.0, "imin_syn_0_9": 0.0, "mi_0_9": 1.5, "immi_syn_0_9": 0.0, "nimin_syn_0_9": 0.0, "nimmi_syn_0_9": 0.0, "imin_syn_1_2": 0.0, "mi_1_2": 0.8112781244591329, "immi_syn_1_2": 0.0, "nimin_syn_1_2": 0.0, "nimmi_syn_1_2": 0.0, "imin_syn_1_3": 0.0, "mi_1_3": 2.0, "immi_syn_1_3": 0.0, "nimin_syn_1_3": 0.0, "nimmi_syn_1_3": 0.0, "imin_syn_1_4": 0.0, "mi_1_4": 1.5, "immi_syn_1_4": 0.0, "nimin_syn_1_4": 0.0, "nimmi_syn_1_4": 0.0, "imin_syn_1_5": 0.0, "mi_1_5": 1.5, "immi_syn_1_5": 0.0, "nimin_syn_1_5": 0.0, "nimmi_syn_1_5": 0.0, "imin_syn_1_6": 0.0, "mi_1_6": 1.5, "immi_syn_1_6": 0.0, "nimin_syn_1_6": 0.0, "nimmi_syn_1_6": 0.0, "imin_syn_1_7": 0.0, "mi_1_7": 1.5, "immi_syn_1_7": 0.0, "nimin_syn_1_7": 0.0, "nimmi_syn_1_7": 0.0, "imin_syn_1_8": 0.0, "mi_1_8": 2.0, "immi_syn_1_8": 0.0, "nimin_syn_1_8": 0.0, "nimmi_syn_1_8": 0.0, "imin_syn_1_9": 0.0, "mi_1_9": 0.0, "immi_syn_1_9": 0.0, "nimin_syn_1_9": 0, "nimmi_syn_1_9": 0, "imin_syn_2_3": 0.0, "mi_2_3": 2.0, "immi_syn_2_3": 0.0, "nimin_syn_2_3": 0.0, "nimmi_syn_2_3": 0.0, "imin_syn_2_4": 0.25, "mi_2_4": 2.0, "immi_syn_2_4": 0.5, "nimin_syn_2_4": 0.125, "nimmi_syn_2_4": 0.25, "imin_syn_2_5": 0.0, "mi_2_5": 1.5, "immi_syn_2_5": 0.0, "nimin_syn_2_5": 0.0, "nimmi_syn_2_5": 0.0, "imin_syn_2_6": 0.0, "mi_2_6": 1.5, "immi_syn_2_6": 0.0, "nimin_syn_2_6": 0.0, "nimmi_syn_2_6": 0.0, "imin_syn_2_7": 0.0, "mi_2_7": 1.5, "immi_syn_2_7": 0.0, "nimin_syn_2_7": 0.0, "nimmi_syn_2_7": 0.0, "imin_syn_2_8": 0.0, "mi_2_8": 2.0, "immi_syn_2_8": 0.0, "nimin_syn_2_8": 0.0, "nimmi_syn_2_8": 0.0, "imin_syn_2_9": 0.0, "mi_2_9": 0.8112781244591329, "immi_syn_2_9": 0.0, "nimin_syn_2_9": 0.0, "nimmi_syn_2_9": 0.0, "imin_syn_3_4": 0.25, "mi_3_4": 2.0, "immi_syn_3_4": 0.5, "nimin_syn_3_4": 0.125, "nimmi_syn_3_4": 0.25, "imin_syn_3_5": 0.0, "mi_3_5": 2.0, "immi_syn_3_5": 0.0, "nimin_syn_3_5": 0.0, "nimmi_syn_3_5": 0.0, "imin_syn_3_6": 0.25, "mi_3_6": 2.0, "immi_syn_3_6": 0.5, "nimin_syn_3_6": 0.125, "nimmi_syn_3_6": 0.25, "imin_syn_3_7": 0.0, "mi_3_7": 2.0, "immi_syn_3_7": 0.0, "nimin_syn_3_7": 0.0, "nimmi_syn_3_7": 0.0, "imin_syn_3_8": 0.0, "mi_3_8": 2.0, "immi_syn_3_8": 0.0, "nimin_syn_3_8": 0.0, "nimmi_syn_3_8": 0.0, "imin_syn_3_9": 0.25, "mi_3_9": 2.0, "immi_syn_3_9": 0.5, "nimin_syn_3_9": 0.125, "nimmi_syn_3_9": 0.25, "imin_syn_4_5": 0.0, "mi_4_5": 2.0, "immi_syn_4_5": 0.0, "nimin_syn_4_5": 0.0, "nimmi_syn_4_5": 0.0, "imin_syn_4_6": 0.25, "mi_4_6": 2.0, "immi_syn_4_6": 0.5, "nimin_syn_4_6": 0.125, "nimmi_syn_4_6": 0.25, "imin_syn_4_7": 0.0, "mi_4_7": 2.0, "immi_syn_4_7": 0.0, "nimin_syn_4_7": 0.0, "nimmi_syn_4_7": 0.0, "imin_syn_4_8": 0.0, "mi_4_8": 2.0, "immi_syn_4_8": 0.0, "nimin_syn_4_8": 0.0, "nimmi_syn_4_8": 0.0, "imin_syn_4_9": 0.25, "mi_4_9": 1.5, "immi_syn_4_9": 0.5, "nimin_syn_4_9": 0.16666666666666666, "nimmi_syn_4_9": 0.3333333333333333, "imin_syn_5_6": 0.25, "mi_5_6": 2.0, "immi_syn_5_6": 0.5, "nimin_syn_5_6": 0.125, "nimmi_syn_5_6": 0.25, "imin_syn_5_7": 0.25, "mi_5_7": 2.0, "immi_syn_5_7": 0.5, "nimin_syn_5_7": 0.125, "nimmi_syn_5_7": 0.25, "imin_syn_5_8": 0.0, "mi_5_8": 2.0, "immi_syn_5_8": 0.0, "nimin_syn_5_8": 0.0, "nimmi_syn_5_8": 0.0, "imin_syn_5_9": 0.0, "mi_5_9": 1.5, "immi_syn_5_9": 0.0, "nimin_syn_5_9": 0.0, "nimmi_syn_5_9": 0.0, "imin_syn_6_7": 0.25, "mi_6_7": 2.0, "immi_syn_6_7": 0.5, "nimin_syn_6_7": 0.125, "nimmi_syn_6_7": 0.25, "imin_syn_6_8": 0.0, "mi_6_8": 2.0, "immi_syn_6_8": 0.0, "nimin_syn_6_8": 0.0, "nimmi_syn_6_8": 0.0, "imin_syn_6_9": 0.0, "mi_6_9": 1.5, "immi_syn_6_9": 0.0, "nimin_syn_6_9": 0.0, "nimmi_syn_6_9": 0.0, "imin_syn_7_8": 0.0, "mi_7_8": 2.0, "immi_syn_7_8": 0.0, "nimin_syn_7_8": 0.0, "nimmi_syn_7_8": 0.0, "imin_syn_7_9": 0.0, "mi_7_9": 1.5, "immi_syn_7_9": 0.0, "nimin_syn_7_9": 0.0, "nimmi_syn_7_9": 0.0, "imin_syn_8_9": 0.0, "mi_8_9": 2.0, "immi_syn_8_9": 0.0, "nimin_syn_8_9": 0.0, "nimmi_syn_8_9": 0.0}, {"imin_syn_0_1": 0.5, "mi_0_1": 1.5, "immi_syn_0_1": 0.5, "nimin_syn_0_1": 0.3333333333333333, "nimmi_syn_0_1": 0.3333333333333333, "imin_syn_0_2": 0.5, "mi_0_2": 1.5, "immi_syn_0_2": 0.5, "nimin_syn_0_2": 0.3333333333333333, "nimmi_syn_0_2": 0.3333333333333333, "imin_syn_0_3": 0.0, "mi_0_3": 1.0, "immi_syn_0_3": 0.0, "nimin_syn_0_3": 0.0, "nimmi_syn_0_3": 0.0, "imin_syn_0_4": 0.5, "mi_0_4": 1.5, "immi_syn_0_4": 0.5, "nimin_syn_0_4": 0.3333333333333333, "nimmi_syn_0_4": 0.3333333333333333, "imin_syn_0_5": 0.5, "mi_0_5": 1.5, "immi_syn_0_5": 0.5, "nimin_syn_0_5": 0.3333333333333333, "nimmi_syn_0_5": 0.3333333333333333, "imin_syn_0_6": 0.0, "mi_0_6": 1.0, "immi_syn_0_6": 0.0, "nimin_syn_0_6": 0.0, "nimmi_syn_0_6": 0.0, "imin_syn_0_7": 0.0, "mi_0_7": 1.0, "immi_syn_0_7": 0.0, "nimin_syn_0_7": 0.0, "nimmi_syn_0_7": 0.0, "imin_syn_0_8": 0.0, "mi_0_8": 1.5, "immi_syn_0_8": 0.0, "nimin_syn_0_8": 0.0, "nimmi_syn_0_8": 0.0, "imin_syn_0_9": 0.0, "mi_0_9": 1.0, "immi_syn_0_9": 0.0, "nimin_syn_0_9": 0.0, "nimmi_syn_0_9": 0.0, "imin_syn_1_2": 1.1102230246251565e-16, "mi_1_2": 0.31127812445913294, "immi_syn_1_2": 0.0, "nimin_syn_1_2": 3.566659322926226e-16, "nimmi_syn_1_2": 0.0, "imin_syn_1_3": 0.6887218755408672, "mi_1_3": 1.0, "immi_syn_1_3": 0.6887218755408671, "nimin_syn_1_3": 0.6887218755408672, "nimmi_syn_1_3": 0.6887218755408671, "imin_syn_1_4": 1.1102230246251565e-16, "mi_1_4": 0.31127812445913294, "immi_syn_1_4": 0.0, "nimin_syn_1_4": 3.566659322926226e-16, "nimmi_syn_1_4": 0.0, "imin_syn_1_5": 0.0, "mi_1_5": 0.5, "immi_syn_1_5": 0.0, "nimin_syn_1_5": 0.0, "nimmi_syn_1_5": 0.0, "imin_syn_1_6": 0.6887218755408672, "mi_1_6": 1.0, "immi_syn_1_6": 0.6887218755408671, "nimin_syn_1_6": 0.6887218755408672, "nimmi_syn_1_6": 0.6887218755408671, "imin_syn_1_7": 1.1102230246251565e-16, "mi_1_7": 0.31127812445913294, "immi_syn_1_7": 0.0, "nimin_syn_1_7": 3.566659322926226e-16,