{"avg_reward": 1.0, "accuracy": 1.0, "k2_x2h_imin_syn_avg": [1.0, 0.13333333333333333, 0.08333333333333337], "k2_x2h_imin_syn_sem": [NaN, 0.023300843180651055, 0.02752409412815902], "k2_x2h_mi_avg": [2.0, 1.8958061805435364, 0.8370927081530446], "k2_x2h_mi_sem": [NaN, 0.036752817914417986, 0.06590385114964087], "k2_x2h_immi_syn_avg": [1.0, 0.24444444444444444, 0.08888888888888889], "k2_x2h_immi_syn_sem": [NaN, 0.0376796110173626, 0.02881887397512547], "k2_x2h_nimin_syn_avg": [0.5, 0.0685185185185185, 0.09440497630410996], "k2_x2h_nimin_syn_sem": [NaN, 0.011929721043264004, 0.03198739758128816], "k2_x2h_nimmi_syn_avg": [0.5, 0.1259259259259259, 0.09810868000781357], "k2_x2h_nimmi_syn_sem": [NaN, 0.019574281922516146, 0.03238944724576248], "k2_x2h_imin_red_avg": [1.0, 1.0620384025734504, 0.35081868030315083], "k2_x2h_imin_red_sem": [NaN, 0.056187304508982974, 0.0620446229833853], "k2_x2h_immi_red_avg": [1.0, 1.1731495136845616, 0.3563742358587064], "k2_x2h_immi_red_sem": [NaN, 0.05152393360320625, 0.0627179859606724], "k2_x2h_nimin_red_avg": [0.5, 0.5673572684143516, 0.3583683034964054], "k2_x2h_nimin_red_sem": [NaN, 0.030209342005772657, 0.06006610847089236], "k2_x2h_nimmi_red_avg": [0.5, 0.6247646758217591, 0.3620720072001092], "k2_x2h_nimmi_red_sem": [NaN, 0.026648657462635197, 0.06020230578280337], "k2_x2h_tuples_syn": [{"imin_syn_0_1": 1.0, "mi_0_1": 2.0, "immi_syn_0_1": 1.0, "nimin_syn_0_1": 0.5, "nimmi_syn_0_1": 0.5}, {"imin_syn_0_1": 0.0, "mi_0_1": 2.0, "immi_syn_0_1": 0.0, "nimin_syn_0_1": 0.0, "nimmi_syn_0_1": 0.0, "imin_syn_0_2": 0.0, "mi_0_2": 2.0, "immi_syn_0_2": 0.0, "nimin_syn_0_2": 0.0, "nimmi_syn_0_2": 0.0, "imin_syn_0_3": 0.0, "mi_0_3": 2.0, "immi_syn_0_3": 0.0, "nimin_syn_0_3": 0.0, "nimmi_syn_0_3": 0.0, "imin_syn_0_4": 0.0, "mi_0_4": 2.0, "immi_syn_0_4": 0.0, "nimin_syn_0_4": 0.0, "nimmi_syn_0_4": 0.0, "imin_syn_0_5": 0.0, "mi_0_5": 2.0, "immi_syn_0_5": 0.0, "nimin_syn_0_5": 0.0, "nimmi_syn_0_5": 0.0, "imin_syn_0_6": 0.0, "mi_0_6": 2.0, "immi_syn_0_6": 0.0, "nimin_syn_0_6": 0.0, "nimmi_syn_0_6": 0.0, "imin_syn_0_7": 0.0, "mi_0_7": 2.0, "immi_syn_0_7": 0.0, "nimin_syn_0_7": 0.0, "nimmi_syn_0_7": 0.0, "imin_syn_0_8": 0.0, "mi_0_8": 2.0, "immi_syn_0_8": 0.0, "nimin_syn_0_8": 0.0, "nimmi_syn_0_8": 0.0, "imin_syn_0_9": 0.0, "mi_0_9": 2.0, "immi_syn_0_9": 0.0, "nimin_syn_0_9": 0.0, "nimmi_syn_0_9": 0.0, "imin_syn_1_2": 0.0, "mi_1_2": 2.0, "immi_syn_1_2": 0.0, "nimin_syn_1_2": 0.0, "nimmi_syn_1_2": 0.0, "imin_syn_1_3": 0.25, "mi_1_3": 2.0, "immi_syn_1_3": 0.5, "nimin_syn_1_3": 0.125, "nimmi_syn_1_3": 0.25, "imin_syn_1_4": 0.25, "mi_1_4": 2.0, "immi_syn_1_4": 0.5, "nimin_syn_1_4": 0.125, "nimmi_syn_1_4": 0.25, "imin_syn_1_5": 0.0, "mi_1_5": 1.5, "immi_syn_1_5": 0.0, "nimin_syn_1_5": 0.0, "nimmi_syn_1_5": 0.0, "imin_syn_1_6": 0.25, "mi_1_6": 2.0, "immi_syn_1_6": 0.5, "nimin_syn_1_6": 0.125, "nimmi_syn_1_6": 0.25, "imin_syn_1_7": 0.25, "mi_1_7": 2.0, "immi_syn_1_7": 0.5, "nimin_syn_1_7": 0.125, "nimmi_syn_1_7": 0.25, "imin_syn_1_8": 0.25, "mi_1_8": 2.0, "immi_syn_1_8": 0.5, "nimin_syn_1_8": 0.125, "nimmi_syn_1_8": 0.25, "imin_syn_1_9": 0.0, "mi_1_9": 1.5, "immi_syn_1_9": 0.0, "nimin_syn_1_9": 0.0, "nimmi_syn_1_9": 0.0, "imin_syn_2_3": 0.0, "mi_2_3": 2.0, "immi_syn_2_3": 0.0, "nimin_syn_2_3": 0.0, "nimmi_syn_2_3": 0.0, "imin_syn_2_4": 0.0, "mi_2_4": 2.0, "immi_syn_2_4": 0.0, "nimin_syn_2_4": 0.0, "nimmi_syn_2_4": 0.0, "imin_syn_2_5": 0.0, "mi_2_5": 2.0, "immi_syn_2_5": 0.0, "nimin_syn_2_5": 0.0, "nimmi_syn_2_5": 0.0, "imin_syn_2_6": 0.0, "mi_2_6": 2.0, "immi_syn_2_6": 0.0, "nimin_syn_2_6": 0.0, "nimmi_syn_2_6": 0.0, "imin_syn_2_7": 0.0, "mi_2_7": 2.0, "immi_syn_2_7": 0.0, "nimin_syn_2_7": 0.0, "nimmi_syn_2_7": 0.0, "imin_syn_2_8": 0.0, "mi_2_8": 2.0, "immi_syn_2_8": 0.0, "nimin_syn_2_8": 0.0, "nimmi_syn_2_8": 0.0, "imin_syn_2_9": 0.0, "mi_2_9": 2.0, "immi_syn_2_9": 0.0, "nimin_syn_2_9": 0.0, "nimmi_syn_2_9": 0.0, "imin_syn_3_4": 0.0, "mi_3_4": 2.0, "immi_syn_3_4": 0.5, "nimin_syn_3_4": 0.0, "nimmi_syn_3_4": 0.25, "imin_syn_3_5": 0.5, "mi_3_5": 2.0, "immi_syn_3_5": 0.5, "nimin_syn_3_5": 0.25, "nimmi_syn_3_5": 0.25, "imin_syn_3_6": 0.0, "mi_3_6": 1.5, "immi_syn_3_6": 0.0, "nimin_syn_3_6": 0.0, "nimmi_syn_3_6": 0.0, "imin_syn_3_7": 0.0, "mi_3_7": 1.5, "immi_syn_3_7": 0.0, "nimin_syn_3_7": 0.0, "nimmi_syn_3_7": 0.0, "imin_syn_3_8": 0.25, "mi_3_8": 2.0, "immi_syn_3_8": 0.5, "nimin_syn_3_8": 0.125, "nimmi_syn_3_8": 0.25, "imin_syn_3_9": 0.25, "mi_3_9": 2.0, "immi_syn_3_9": 0.5, "nimin_syn_3_9": 0.125, "nimmi_syn_3_9": 0.25, "imin_syn_4_5": 0.5, "mi_4_5": 2.0, "immi_syn_4_5": 0.5, "nimin_syn_4_5": 0.25, "nimmi_syn_4_5": 0.25, "imin_syn_4_6": 0.25, "mi_4_6": 2.0, "immi_syn_4_6": 0.5, "nimin_syn_4_6": 0.125, "nimmi_syn_4_6": 0.25, "imin_syn_4_7": 0.25, "mi_4_7": 2.0, "immi_syn_4_7": 0.5, "nimin_syn_4_7": 0.125, "nimmi_syn_4_7": 0.25, "imin_syn_4_8": 0.25, "mi_4_8": 2.0, "immi_syn_4_8": 0.5, "nimin_syn_4_8": 0.125, "nimmi_syn_4_8": 0.25, "imin_syn_4_9": 0.25, "mi_4_9": 2.0, "immi_syn_4_9": 0.5, "nimin_syn_4_9": 0.125, "nimmi_syn_4_9": 0.25, "imin_syn_5_6": 0.25, "mi_5_6": 1.5, "immi_syn_5_6": 0.5, "nimin_syn_5_6": 0.16666666666666666, "nimmi_syn_5_6": 0.3333333333333333, "imin_syn_5_7": 0.25, "mi_5_7": 1.5, "immi_syn_5_7": 0.5, "nimin_syn_5_7": 0.16666666666666666, "nimmi_syn_5_7": 0.3333333333333333, "imin_syn_5_8": 0.5, "mi_5_8": 2.0, "immi_syn_5_8": 0.5, "nimin_syn_5_8": 0.25, "nimmi_syn_5_8": 0.25, "imin_syn_5_9": 0.0, "mi_5_9": 1.5, "immi_syn_5_9": 0.0, "nimin_syn_5_9": 0.0, "nimmi_syn_5_9": 0.0, "imin_syn_6_7": 0.0, "mi_6_7": 0.8112781244591329, "immi_syn_6_7": 0.0, "nimin_syn_6_7": 0.0, "nimmi_syn_6_7": 0.0, "imin_syn_6_8": 0.25, "mi_6_8": 2.0, "immi_syn_6_8": 0.5, "nimin_syn_6_8": 0.125, "nimmi_syn_6_8": 0.25, "imin_syn_6_9": 0.25, "mi_6_9": 2.0, "immi_syn_6_9": 0.5, "nimin_syn_6_9": 0.125, "nimmi_syn_6_9": 0.25, "imin_syn_7_8": 0.25, "mi_7_8": 2.0, "immi_syn_7_8": 0.5, "nimin_syn_7_8": 0.125, "nimmi_syn_7_8": 0.25, "imin_syn_7_9": 0.25, "mi_7_9": 2.0, "immi_syn_7_9": 0.5, "nimin_syn_7_9": 0.125, "nimmi_syn_7_9": 0.25, "imin_syn_8_9": 0.25, "mi_8_9": 2.0, "immi_syn_8_9": 0.5, "nimin_syn_8_9": 0.125, "nimmi_syn_8_9": 0.25}, {"imin_syn_0_1": 2.220446049250313e-16, "mi_0_1": 0.8112781244591329, "immi_syn_0_1": 0.0, "nimin_syn_0_1": 2.736972663635731e-16, "nimmi_syn_0_1": 0.0, "imin_syn_0_2": 0.5000000000000002, "mi_0_2": 0.8112781244591329, "immi_syn_0_2": 0.5, "nimin_syn_0_2": 0.6163114534036559, "nimmi_syn_0_2": 0.6163114534036556, "imin_syn_0_3": 1.6653345369377348e-16, "mi_0_3": 0.31127812445913294, "immi_syn_0_3": 0.0, "nimin_syn_0_3": 5.349988984389338e-16, "nimmi_syn_0_3": 0.0, "imin_syn_0_4": 0.0, "mi_0_4": 1.0, "immi_syn_0_4": 0.0, "nimin_syn_0_4": 0.0, "nimmi_syn_0_4": 0.0, "imin_syn_0_5": 2.220446049250313e-16, "mi_0_5": 0.8112781244591329, "immi_syn_0_5": 0.0, "nimin_syn_0_5": 2.736972663635731e-16, "nimmi_syn_0_5": 0.0, "imin_syn_0_6": 0.5000000000000002, "mi_0_6": 0.8112781244591329, "immi_syn_0_6": 0.5, "nimin_syn_0_6": 0.6163114534036559, "nimmi_syn_0_6": 0.6163114534036556, "imin_syn_0_7": 0.5000000000000002, "mi_0_7": 0.8112781244591329, "immi_syn_0_7": 0.5, "nimin_syn_0_7": 0.6163114534036559, "nimmi_syn_0_7": 0.6163114534036556, "imin_syn_0_8": 0.5000000000000002, "mi_0_8": 0.8112781244591329, "immi_syn_0_8": 0.5, "nimin_syn_0_8": 0.6163114534036559, "nimmi_syn_0_8": 0.6163114534036556, "imin_syn_0_9": 0.5000000000000002, "mi_0_9": 0.8112781244591329, "immi_syn_0_9": 0.5, "nimin_syn_0_9": 0.6163114534036559, "nimmi_syn_0_9": 0.6163114534036556, "imin_syn_1_2": 0.0, "mi_1_2": 1.0, "immi_syn_1_2": 0.0, "nimin_syn_1_2": 0.0, "nimmi_syn_1_2": 0.0, "imin_syn_1_3": 0.0, "mi_1_3": 1.0, "immi_syn_1_3": 0.0, "nimin_syn_1_3": 0.0, "nimmi_syn_1_3": 0.0, "imin_syn_1_4": 0.25, "mi_1_4": 1.5, "immi_syn_1_4": 0.5, "nimin_syn_1_4": 0.16666666666666666, "nimmi_syn_1_4": 0.3333333333333333, "imin_syn_1_5": 0.0, "mi_1_5": 1.0, "immi_syn_1_5": 0.0, "nimin_syn_1_5": 0.0, "nimmi_syn_1_5": 0.0, "imin_syn_1_6": 0.0, "mi_1_6": 1.0,