{"avg_reward": 1.0, "accuracy": 1.0, "k2_x2h_imin_syn_avg": [1.0, 0.044444444444444446, 0.050108611159188264], "k2_x2h_imin_syn_sem": [NaN, 0.014409436987562734, 0.021422477086263686], "k2_x2h_mi_avg": [2.0, 1.876307430519498, 0.8716791664262814], "k2_x2h_mi_sem": [NaN, 0.04794086089403492, 0.06273397183575127], "k2_x2h_immi_syn_avg": [1.0, 0.08888888888888889, 0.05702590281383558], "k2_x2h_immi_syn_sem": [NaN, 0.02881887397512547, 0.02202512256234604], "k2_x2h_nimin_syn_avg": [0.5, 0.022222222222222233, 0.0661115737320348], "k2_x2h_nimin_syn_sem": [NaN, 0.007204718493781365, 0.026678969137285822], "k2_x2h_nimmi_syn_avg": [0.5, 0.044444444444444446, 0.07994615704132943], "k2_x2h_nimmi_syn_sem": [NaN, 0.014409436987562734, 0.0289473409476709], "k2_x2h_imin_red_avg": [1.0, 0.9926482637085999, 0.38382618015891956], "k2_x2h_imin_red_sem": [NaN, 0.10012106979145, 0.058266871602131835], "k2_x2h_immi_red_avg": [1.0, 1.0370927081530443, 0.3907434718135671], "k2_x2h_immi_red_sem": [NaN, 0.09853042674624722, 0.05792079063359182], "k2_x2h_nimin_red_avg": [0.5, 0.5150877082491985, 0.4281616453755781], "k2_x2h_nimin_red_sem": [NaN, 0.05213111610036893, 0.050134171061252036], "k2_x2h_nimmi_red_avg": [0.5, 0.5373099304714207, 0.44199622868487304], "k2_x2h_nimmi_red_sem": [NaN, 0.05118304653939473, 0.05065649700358353], "k2_x2h_tuples_syn": [{"imin_syn_0_1": 1.0, "mi_0_1": 2.0, "immi_syn_0_1": 1.0, "nimin_syn_0_1": 0.5, "nimmi_syn_0_1": 0.5}, {"imin_syn_0_1": 0.0, "mi_0_1": 2.0, "immi_syn_0_1": 0.0, "nimin_syn_0_1": 0.0, "nimmi_syn_0_1": 0.0, "imin_syn_0_2": 0.0, "mi_0_2": 2.0, "immi_syn_0_2": 0.0, "nimin_syn_0_2": 0.0, "nimmi_syn_0_2": 0.0, "imin_syn_0_3": 0.0, "mi_0_3": 2.0, "immi_syn_0_3": 0.0, "nimin_syn_0_3": 0.0, "nimmi_syn_0_3": 0.0, "imin_syn_0_4": 0.0, "mi_0_4": 2.0, "immi_syn_0_4": 0.0, "nimin_syn_0_4": 0.0, "nimmi_syn_0_4": 0.0, "imin_syn_0_5": 0.0, "mi_0_5": 2.0, "immi_syn_0_5": 0.0, "nimin_syn_0_5": 0.0, "nimmi_syn_0_5": 0.0, "imin_syn_0_6": 0.0, "mi_0_6": 2.0, "immi_syn_0_6": 0.0, "nimin_syn_0_6": 0.0, "nimmi_syn_0_6": 0.0, "imin_syn_0_7": 0.0, "mi_0_7": 2.0, "immi_syn_0_7": 0.0, "nimin_syn_0_7": 0.0, "nimmi_syn_0_7": 0.0, "imin_syn_0_8": 0.0, "mi_0_8": 2.0, "immi_syn_0_8": 0.0, "nimin_syn_0_8": 0.0, "nimmi_syn_0_8": 0.0, "imin_syn_0_9": 0.0, "mi_0_9": 2.0, "immi_syn_0_9": 0.0, "nimin_syn_0_9": 0.0, "nimmi_syn_0_9": 0.0, "imin_syn_1_2": 0.25, "mi_1_2": 2.0, "immi_syn_1_2": 0.5, "nimin_syn_1_2": 0.125, "nimmi_syn_1_2": 0.25, "imin_syn_1_3": 0.25, "mi_1_3": 2.0, "immi_syn_1_3": 0.5, "nimin_syn_1_3": 0.125, "nimmi_syn_1_3": 0.25, "imin_syn_1_4": 0.0, "mi_1_4": 1.5, "immi_syn_1_4": 0.0, "nimin_syn_1_4": 0.0, "nimmi_syn_1_4": 0.0, "imin_syn_1_5": 0.0, "mi_1_5": 1.5, "immi_syn_1_5": 0.0, "nimin_syn_1_5": 0.0, "nimmi_syn_1_5": 0.0, "imin_syn_1_6": 0.25, "mi_1_6": 2.0, "immi_syn_1_6": 0.5, "nimin_syn_1_6": 0.125, "nimmi_syn_1_6": 0.25, "imin_syn_1_7": 0.0, "mi_1_7": 2.0, "immi_syn_1_7": 0.0, "nimin_syn_1_7": 0.0, "nimmi_syn_1_7": 0.0, "imin_syn_1_8": 0.0, "mi_1_8": 2.0, "immi_syn_1_8": 0.0, "nimin_syn_1_8": 0.0, "nimmi_syn_1_8": 0.0, "imin_syn_1_9": 0.0, "mi_1_9": 2.0, "immi_syn_1_9": 0.0, "nimin_syn_1_9": 0.0, "nimmi_syn_1_9": 0.0, "imin_syn_2_3": 0.25, "mi_2_3": 2.0, "immi_syn_2_3": 0.5, "nimin_syn_2_3": 0.125, "nimmi_syn_2_3": 0.25, "imin_syn_2_4": 1.1102230246251565e-16, "mi_2_4": 0.8112781244591329, "immi_syn_2_4": 0.0, "nimin_syn_2_4": 1.3684863318178654e-16, "nimmi_syn_2_4": 0.0, "imin_syn_2_5": 0.25, "mi_2_5": 2.0, "immi_syn_2_5": 0.5, "nimin_syn_2_5": 0.125, "nimmi_syn_2_5": 0.25, "imin_syn_2_6": 1.1102230246251565e-16, "mi_2_6": 0.8112781244591329, "immi_syn_2_6": 0.0, "nimin_syn_2_6": 1.3684863318178654e-16, "nimmi_syn_2_6": 0.0, "imin_syn_2_7": 0.0, "mi_2_7": 2.0, "immi_syn_2_7": 0.0, "nimin_syn_2_7": 0.0, "nimmi_syn_2_7": 0.0, "imin_syn_2_8": 0.0, "mi_2_8": 2.0, "immi_syn_2_8": 0.0, "nimin_syn_2_8": 0.0, "nimmi_syn_2_8": 0.0, "imin_syn_2_9": 0.0, "mi_2_9": 2.0, "immi_syn_2_9": 0.0, "nimin_syn_2_9": 0.0, "nimmi_syn_2_9": 0.0, "imin_syn_3_4": 0.0, "mi_3_4": 1.5, "immi_syn_3_4": 0.0, "nimin_syn_3_4": 0.0, "nimmi_syn_3_4": 0.0, "imin_syn_3_5": 0.25, "mi_3_5": 2.0, "immi_syn_3_5": 0.5, "nimin_syn_3_5": 0.125, "nimmi_syn_3_5": 0.25, "imin_syn_3_6": 0.25, "mi_3_6": 2.0, "immi_syn_3_6": 0.5, "nimin_syn_3_6": 0.125, "nimmi_syn_3_6": 0.25, "imin_syn_3_7": 0.0, "mi_3_7": 2.0, "immi_syn_3_7": 0.0, "nimin_syn_3_7": 0.0, "nimmi_syn_3_7": 0.0, "imin_syn_3_8": 0.0, "mi_3_8": 2.0, "immi_syn_3_8": 0.0, "nimin_syn_3_8": 0.0, "nimmi_syn_3_8": 0.0, "imin_syn_3_9": 0.0, "mi_3_9": 2.0, "immi_syn_3_9": 0.0, "nimin_syn_3_9": 0.0, "nimmi_syn_3_9": 0.0, "imin_syn_4_5": 0.0, "mi_4_5": 1.5, "immi_syn_4_5": 0.0, "nimin_syn_4_5": 0.0, "nimmi_syn_4_5": 0.0, "imin_syn_4_6": 1.1102230246251565e-16, "mi_4_6": 0.8112781244591329, "immi_syn_4_6": 0.0, "nimin_syn_4_6": 1.3684863318178654e-16, "nimmi_syn_4_6": 0.0, "imin_syn_4_7": 0.0, "mi_4_7": 2.0, "immi_syn_4_7": 0.0, "nimin_syn_4_7": 0.0, "nimmi_syn_4_7": 0.0, "imin_syn_4_8": 0.0, "mi_4_8": 2.0, "immi_syn_4_8": 0.0, "nimin_syn_4_8": 0.0, "nimmi_syn_4_8": 0.0, "imin_syn_4_9": 0.0, "mi_4_9": 2.0, "immi_syn_4_9": 0.0, "nimin_syn_4_9": 0.0, "nimmi_syn_4_9": 0.0, "imin_syn_5_6": 0.25, "mi_5_6": 2.0, "immi_syn_5_6": 0.5, "nimin_syn_5_6": 0.125, "nimmi_syn_5_6": 0.25, "imin_syn_5_7": 0.0, "mi_5_7": 2.0, "immi_syn_5_7": 0.0, "nimin_syn_5_7": 0.0, "nimmi_syn_5_7": 0.0, "imin_syn_5_8": 0.0, "mi_5_8": 2.0, "immi_syn_5_8": 0.0, "nimin_syn_5_8": 0.0, "nimmi_syn_5_8": 0.0, "imin_syn_5_9": 0.0, "mi_5_9": 2.0, "immi_syn_5_9": 0.0, "nimin_syn_5_9": 0.0, "nimmi_syn_5_9": 0.0, "imin_syn_6_7": 0.0, "mi_6_7": 2.0, "immi_syn_6_7": 0.0, "nimin_syn_6_7": 0.0, "nimmi_syn_6_7": 0.0, "imin_syn_6_8": 0.0, "mi_6_8": 2.0, "immi_syn_6_8": 0.0, "nimin_syn_6_8": 0.0, "nimmi_syn_6_8": 0.0, "imin_syn_6_9": 0.0, "mi_6_9": 2.0, "immi_syn_6_9": 0.0, "nimin_syn_6_9": 0.0, "nimmi_syn_6_9": 0.0, "imin_syn_7_8": 0.0, "mi_7_8": 2.0, "immi_syn_7_8": 0.0, "nimin_syn_7_8": 0.0, "nimmi_syn_7_8": 0.0, "imin_syn_7_9": 0.0, "mi_7_9": 2.0, "immi_syn_7_9": 0.0, "nimin_syn_7_9": 0.0, "nimmi_syn_7_9": 0.0, "imin_syn_8_9": 0.0, "mi_8_9": 2.0, "immi_syn_8_9": 0.0, "nimin_syn_8_9": 0.0, "nimmi_syn_8_9": 0.0}, {"imin_syn_0_1": 0.0, "mi_0_1": 1.5, "immi_syn_0_1": 0.0, "nimin_syn_0_1": 0.0, "nimmi_syn_0_1": 0.0, "imin_syn_0_2": 0.0, "mi_0_2": 1.5, "immi_syn_0_2": 0.0, "nimin_syn_0_2": 0.0, "nimmi_syn_0_2": 0.0, "imin_syn_0_3": 0.0, "mi_0_3": 1.5, "immi_syn_0_3": 0.0, "nimin_syn_0_3": 0.0, "nimmi_syn_0_3": 0.0, "imin_syn_0_4": 0.0, "mi_0_4": 1.5, "immi_syn_0_4": 0.0, "nimin_syn_0_4": 0.0, "nimmi_syn_0_4": 0.0, "imin_syn_0_5": 0.0, "mi_0_5": 1.5, "immi_syn_0_5": 0.0, "nimin_syn_0_5": 0.0, "nimmi_syn_0_5": 0.0, "imin_syn_0_6": 0.0, "mi_0_6": 1.5, "immi_syn_0_6": 0.0, "nimin_syn_0_6": 0.0, "nimmi_syn_0_6": 0.0, "imin_syn_0_7": 0.0, "mi_0_7": 1.5, "immi_syn_0_7": 0.0, "nimin_syn_0_7": 0.0, "nimmi_syn_0_7": 0.0, "imin_syn_0_8": 0.0, "mi_0_8": 1.5, "immi_syn_0_8": 0.0, "nimin_syn_0_8": 0.0, "nimmi_syn_0_8": 0.0, "imin_syn_0_9": 0.0, "mi_0_9": 1.5, "immi_syn_0_9": 0.0, "nimin_syn_0_9": 0.0, "nimmi_syn_0_9": 0.0, "imin_syn_1_2": 2.220446049250313e-16, "mi_1_2": 0.8112781244591329, "immi_syn_1_2": 0.0, "nimin_syn_1_2": 2.736972663635731e-16, "nimmi_syn_1_2": 0.0, "imin_syn_1_3": 2.220446049250313e-16, "mi_1_3": 0.8112781244591329, "immi_syn_1_3": 0.0, "nimin_syn_1_3": 2.736972663635731e-16, "nimmi_syn_1_3": 0.0, "imin_syn_1_4": 0.5000000000000002, "mi_1_4": 0.8112781244591329, "immi_syn_1_4": 0.5, "nimin_syn_1_4": 0.6163114534036559, "nimmi_syn_1_4": 0.6163114534036556, "imin_syn_1_5": 0.5000000000000002, "mi_1_5": 0.8112781244591329, "immi_syn_1_5": 0.5, "nimin_syn_1_5": 0.6163114534036559, "nimmi_syn_1_5": 0.6163114534036556, "imin_syn_1_6": 0.5000000000000002, "mi_1_6": 0.8112781244591329, "immi_syn_1_6": 0.5, "nimin_syn_1_6": 0.6163114534036559, "nimmi_syn_1_6": 0.6163114534036556, "imin_syn_1_7": 0.5000000000000002, "mi_1_7": 0.8112781244591329, "immi_syn_1_7": 0.5,