{"avg_reward_avg": 1.0, "avg_reward_sem": 0.0, "accuracy_avg": 1.0, "accuracy_sem": 0.0, "k2_x2h_imin_syn_avg_avg": [1.0, 0.065294069451656, 0.04449875002403857], "k2_x2h_imin_syn_avg_sem": [0.0, 0.009804090720996498, 0.018789116121322044], "k2_x2h_imin_syn_sem_avg": [NaN, 0.019107186436813493, 0.015226951014065812], "k2_x2h_imin_syn_sem_sem": [NaN, 0.001877973457213165, 0.004269419266034235], "k2_x2h_mi_avg_avg": [2.0, 1.4346081805050743, 0.8769506943242519], "k2_x2h_mi_avg_sem": [0.0, 0.1123525084359152, 0.05614153787547641], "k2_x2h_mi_sem_avg": [NaN, 0.07492321986209884, 0.056611896318614886], "k2_x2h_mi_sem_sem": [NaN, 0.006690768453792584, 0.002726519975230264], "k2_x2h_immi_syn_avg_avg": [1.0, 0.12599665973303956, 0.05060986113514965], "k2_x2h_immi_syn_avg_sem": [0.0, 0.018425192729143364, 0.01925152887354628], "k2_x2h_immi_syn_sem_avg": [NaN, 0.032616495715152294, 0.01753598389730559], "k2_x2h_immi_syn_sem_sem": [NaN, 0.0017709804329384949, 0.004460777711539436], "k2_x2h_nimin_syn_avg_avg": [0.5, 0.035073796301638205, 0.04587538419472036], "k2_x2h_nimin_syn_avg_sem": [0.0, 0.005255036931833242, 0.019751202878345378], "k2_x2h_nimin_syn_sem_avg": [NaN, 0.01016161128764163, 0.015350604421431786], "k2_x2h_nimin_syn_sem_sem": [NaN, 0.0010087810312857611, 0.004507237206213954], "k2_x2h_nimmi_syn_avg_avg": [0.5, 0.06816625000801282, 0.05105694900793254], "k2_x2h_nimmi_syn_avg_sem": [0.0, 0.009846503784902032, 0.019996544082276812], "k2_x2h_nimmi_syn_sem_avg": [NaN, 0.017836173445810184, 0.01703080617539658], "k2_x2h_nimmi_syn_sem_sem": [NaN, 0.0011351498716178142, 0.004492596163311113], "k2_x2h_imin_red_avg_avg": [1.0, 0.5287426734849088, 0.3568094998173071], "k2_x2h_imin_red_avg_sem": [0.0, 0.09961414994738724, 0.06886033682632894], "k2_x2h_imin_red_sem_avg": [NaN, 0.07366527190425567, 0.053123101334853], "k2_x2h_imin_red_sem_sem": [NaN, 0.005622877715009662, 0.005622644803089963], "k2_x2h_immi_red_avg_avg": [1.0, 0.5894452637662924, 0.36292061092841826], "k2_x2h_immi_red_avg_sem": [0.0, 0.10528864162490259, 0.06800836842086774], "k2_x2h_immi_red_sem_avg": [NaN, 0.07916631970780137, 0.05437636831337578], "k2_x2h_immi_red_sem_sem": [NaN, 0.006059585797964267, 0.005097013900289245], "k2_x2h_nimin_red_avg_avg": [0.5, 0.29552547099343374, 0.34217303894646367], "k2_x2h_nimin_red_avg_sem": [0.0, 0.04851285389085023, 0.05512672431760234], "k2_x2h_nimin_red_sem_avg": [NaN, 0.04315219983292976, 0.050071187799522444], "k2_x2h_nimin_red_sem_sem": [NaN, 0.002258131475800713, 0.003975419191326173], "k2_x2h_nimmi_red_avg_avg": [0.5, 0.3286179246998084, 0.3473546037596759], "k2_x2h_nimmi_red_avg_sem": [0.0, 0.05104455546010118, 0.05445659948534126], "k2_x2h_nimmi_red_sem_avg": [NaN, 0.04563745759503587, 0.05079491777466746], "k2_x2h_nimmi_red_sem_sem": [NaN, 0.002675925922505416, 0.00346787561136654], "x2h_imin_syn_avg": [1.0, 0.0, 2.2204460492503132e-17], "x2h_imin_syn_sem": [0.0, 0.0, 2.220446049250313e-17], "x2h_mi_avg": [2.0, 2.0, 1.2811278124459133], "x2h_mi_sem": [0.0, 0.0, 0.09099984597065208], "x2h_immi_syn_avg": [1.0, 0.0, 0.0], "x2h_immi_syn_sem": [0.0, 0.0, 0.0], "x2h_nimin_syn_avg": [0.5, 0.0, 2.7369726636357307e-17], "x2h_nimin_syn_sem": [0.0, 0.0, 2.736972663635731e-17], "x2h_nimmi_syn_avg": [0.5, 0.0, 0.0], "x2h_nimmi_syn_sem": [0.0, 0.0, 0.0], "x2h_imin_red_avg": [1.0, 0.056127812445913285, 0.056127812445913285], "x2h_imin_red_sem": [0.0, 0.056127812445913285, 0.056127812445913285], "x2h_immi_red_avg": [1.0, 0.0811278124459133, 0.0811278124459133], "x2h_immi_red_sem": [0.0, 0.0811278124459133, 0.0811278124459133], "x2h_nimin_red_avg": [0.5, 0.028063906222956642, 0.037418541630608856], "x2h_nimin_red_sem": [0.0, 0.028063906222956642, 0.03741854163060885], "x2h_nimmi_red_avg": [0.5, 0.04056390622295665, 0.05408520829727553], "x2h_nimmi_red_sem": [0.0, 0.04056390622295665, 0.05408520829727553]}