{"avg_reward_avg": 1.0, "avg_reward_sem": 0.0, "accuracy_avg": 1.0, "accuracy_sem": 0.0, "k2_x2h_imin_syn_avg_avg": [1.0, 0.08385213895459423, 0.04885213895459424], "k2_x2h_imin_syn_avg_sem": [0.0, 0.010213411309885005, 0.014051947606412412], "k2_x2h_imin_syn_sem_avg": [NaN, 0.01890889434476495, 0.020357127761831295], "k2_x2h_imin_syn_sem_sem": [NaN, 0.0007679117625643787, 0.00385989121773274], "k2_x2h_mi_avg_avg": [2.0, 1.2198596248149034, 0.8612531249399036], "k2_x2h_mi_avg_sem": [0.0, 0.08121247451397715, 0.0279978116804654], "k2_x2h_mi_sem_avg": [NaN, 0.07023982269634817, 0.03653759234293697], "k2_x2h_mi_sem_sem": [NaN, 0.004900059466772755, 0.0033049808751358257], "k2_x2h_immi_syn_avg_avg": [1.0, 0.18313117370606333, 0.0541553958898239], "k2_x2h_immi_syn_avg_sem": [0.0, 0.025964727705421554, 0.016184093763823425], "k2_x2h_immi_syn_sem_avg": [NaN, 0.04019125614426429, 0.02072427614722728], "k2_x2h_immi_syn_sem_sem": [NaN, 0.0017321219737003832, 0.003747454531130923], "k2_x2h_nimin_syn_avg_avg": [0.5, 0.052480930601762996, 0.054452812606170256], "k2_x2h_nimin_syn_avg_sem": [0.0, 0.0060096490905643335, 0.015842936584623664], "k2_x2h_nimin_syn_sem_avg": [NaN, 0.012026912558167803, 0.020882549427671863], "k2_x2h_nimin_syn_sem_sem": [NaN, 0.0006392248062018092, 0.0037956754931702643], "k2_x2h_nimmi_syn_avg_avg": [0.5, 0.11366695376940905, 0.06505932647662953], "k2_x2h_nimmi_syn_avg_sem": [0.0, 0.014001121553417909, 0.020433101068932594], "k2_x2h_nimmi_syn_sem_avg": [NaN, 0.025814456392869594, 0.022417240163305048], "k2_x2h_nimmi_syn_sem_sem": [NaN, 0.0012060537878603133, 0.0038339275154221845], "k2_x2h_imin_red_avg_avg": [1.0, 0.36527063859882386, 0.3930425761577182], "k2_x2h_imin_red_avg_sem": [0.0, 0.061538792565266745, 0.04414729462682644], "k2_x2h_imin_red_sem_avg": [NaN, 0.05146460429219266, 0.04707581068768114], "k2_x2h_imin_red_sem_sem": [NaN, 0.0015281798844591305, 0.004336321765518006], "k2_x2h_immi_red_avg_avg": [1.0, 0.46454967335029307, 0.3983458330929479], "k2_x2h_immi_red_avg_sem": [0.0, 0.07576948318134058, 0.04243579477916482], "k2_x2h_immi_red_sem_avg": [NaN, 0.06005983376625836, 0.0470611393179685], "k2_x2h_immi_red_sem_sem": [NaN, 0.0016591179590858495, 0.004321396314211939], "k2_x2h_nimin_red_avg_avg": [0.5, 0.25340738524792944, 0.4318462497516017], "k2_x2h_nimin_red_avg_sem": [0.0, 0.03282954948709421, 0.039472775583515606], "k2_x2h_nimin_red_sem_avg": [NaN, 0.04057700954559412, 0.05096473579001187], "k2_x2h_nimin_red_sem_sem": [NaN, 0.0020333914629177695, 0.0028886696600975703], "k2_x2h_nimmi_red_avg_avg": [0.5, 0.3145934084155756, 0.4424527636220611], "k2_x2h_nimmi_red_avg_sem": [0.0, 0.039884306031095725, 0.03712715953448672], "k2_x2h_nimmi_red_sem_avg": [NaN, 0.043778849037205685, 0.051832489428316794], "k2_x2h_nimmi_red_sem_sem": [NaN, 0.002573448225959665, 0.002624921453578615], "x2h_imin_syn_avg": [1.0, 0.0, 0.0], "x2h_imin_syn_sem": [0.0, 0.0, 0.0], "x2h_mi_avg": [2.0, 1.95, 1.0], "x2h_mi_sem": [0.0, 0.049999999999999996, 0.0], "x2h_immi_syn_avg": [1.0, 0.0, 0.0], "x2h_immi_syn_sem": [0.0, 0.0, 0.0], "x2h_nimin_syn_avg": [0.5, 0.0, 0.0], "x2h_nimin_syn_sem": [0.0, 0.0, 0.0], "x2h_nimmi_syn_avg": [0.5, 0.0, 0.0], "x2h_nimmi_syn_sem": [0.0, 0.0, 0.0], "x2h_imin_red_avg": [1.0, 0.04150374992788437, 0.062255624891826566], "x2h_imin_red_sem": [0.0, 0.04150374992788437, 0.04150374992788437], "x2h_immi_red_avg": [1.0, 0.0811278124459133, 0.06225562489182659], "x2h_immi_red_sem": [0.0, 0.0811278124459133, 0.04150374992788438], "x2h_nimin_red_avg": [0.5, 0.020751874963942187, 0.062255624891826566], "x2h_nimin_red_sem": [0.0, 0.020751874963942187, 0.04150374992788437], "x2h_nimmi_red_avg": [0.5, 0.04056390622295665, 0.06225562489182659], "x2h_nimmi_red_sem": [0.0, 0.04056390622295665, 0.04150374992788438]}