{"avg_reward_avg": 0.05505, "avg_reward_sem": 0.02118758153048882, "accuracy_avg": 0.05500000000000001, "accuracy_sem": 0.005916079783099616, "k2_xh2h_immi_syn_avg_avg": [0.17329705447828997], "k2_xh2h_immi_syn_avg_sem": [0.0038121542479073013], "k2_xh2h_immi_syn_sem_avg": [0.009213482817345575], "k2_xh2h_immi_syn_sem_sem": [0.0007847718371826808], "k2_xh2h_mi_avg_avg": [0.5003014525912578], "k2_xh2h_mi_avg_sem": [0.00989500322923727], "k2_xh2h_mi_sem_avg": [0.032643752026352044], "k2_xh2h_mi_sem_sem": [0.0014760180349807262], "k2_xh2h_nimmi_syn_avg_avg": [0.3664564046567921], "k2_xh2h_nimmi_syn_avg_sem": [0.004796129718539472], "k2_xh2h_nimmi_syn_sem_avg": [0.014243455491761158], "k2_xh2h_nimmi_syn_sem_sem": [0.000334032456414568]}