{"avg_reward": 0.123, "accuracy": 0.055, "k2_xh2h_immi_syn_avg": [0.19208447947766638], "k2_xh2h_immi_syn_sem": [0.010325952676305561], "k2_xh2h_mi_avg": [0.5407735836079627], "k2_xh2h_mi_sem": [0.043178152143471836], "k2_xh2h_nimmi_syn_avg": [0.38967195347191147], "k2_xh2h_nimmi_syn_sem": [0.015621108027864981]}