{"avg_reward": 0.0085, "accuracy": 0.045, "k2_xh2h_immi_syn_avg": [0.17350608976732143], "k2_xh2h_immi_syn_sem": [0.012228447818895092], "k2_xh2h_mi_avg": [0.4997109342929739], "k2_xh2h_mi_sem": [0.030531279237641432], "k2_xh2h_nimmi_syn_avg": [0.3553479203362814], "k2_xh2h_nimmi_syn_sem": [0.01580481461188894]}