{"avg_reward": 0.1065, "accuracy": 0.05, "k2_xh2h_immi_syn_avg": [0.15628418249786938], "k2_xh2h_immi_syn_sem": [0.009281076584821135], "k2_xh2h_mi_avg": [0.4514995087235548], "k2_xh2h_mi_sem": [0.029942985628339195], "k2_xh2h_nimmi_syn_avg": [0.3570784417126166], "k2_xh2h_nimmi_syn_sem": [0.012607835092944317]}