{"avg_reward": 0.0185, "accuracy": 0.09, "k2_xh2h_immi_syn_avg": [0.164477600482449], "k2_xh2h_immi_syn_sem": [0.007591554593718639], "k2_xh2h_mi_avg": [0.4686576925849942], "k2_xh2h_mi_sem": [0.030304976539398683], "k2_xh2h_nimmi_syn_avg": [0.3728335500325644], "k2_xh2h_nimmi_syn_sem": [0.01333086693801503]}