{"avg_reward": 0.0105, "accuracy": 0.06, "k2_xh2h_immi_syn_avg": [0.18876692578053703], "k2_xh2h_immi_syn_sem": [0.012933445591944199], "k2_xh2h_mi_avg": [0.5500945004167819], "k2_xh2h_mi_sem": [0.0383561317544836], "k2_xh2h_nimmi_syn_avg": [0.36383479240458727], "k2_xh2h_nimmi_syn_sem": [0.013421838101617635]}