{"avg_reward": 0.016, "accuracy": 0.04, "k2_xh2h_immi_syn_avg": [0.16112584951668957], "k2_xh2h_immi_syn_sem": [0.006909055854146739], "k2_xh2h_mi_avg": [0.480097683428423], "k2_xh2h_mi_sem": [0.0326110543184009], "k2_xh2h_nimmi_syn_avg": [0.36595041610803136], "k2_xh2h_nimmi_syn_sem": [0.013902647493795195]}