{"avg_reward": 0.011, "accuracy": 0.04, "k2_xh2h_immi_syn_avg": [0.17118112925349205], "k2_xh2h_immi_syn_sem": [0.009277859889538404], "k2_xh2h_mi_avg": [0.4858499148992137], "k2_xh2h_mi_sem": [0.03291258849527452], "k2_xh2h_nimmi_syn_avg": [0.36758991008696895], "k2_xh2h_nimmi_syn_sem": [0.015017250114383254]}