{"avg_reward_avg": 0.9782, "avg_reward_sem": 0.0016852299546352733, "accuracy_avg": 0.889, "accuracy_sem": 0.007666666666666672, "k2_xh2h_immi_syn_avg_avg": [0.17902884986757034], "k2_xh2h_immi_syn_avg_sem": [0.010296541679620127], "k2_xh2h_immi_syn_sem_avg": [0.029173768164882243], "k2_xh2h_immi_syn_sem_sem": [0.0020260952490164037], "k2_xh2h_mi_avg_avg": [0.7430845403214638], "k2_xh2h_mi_avg_sem": [0.034557068048670175], "k2_xh2h_mi_sem_avg": [0.06597606847421045], "k2_xh2h_mi_sem_sem": [0.0024423950877820056], "k2_xh2h_nimmi_syn_avg_avg": [0.2422911055093877], "k2_xh2h_nimmi_syn_avg_sem": [0.006083190271247403], "k2_xh2h_nimmi_syn_sem_avg": [0.023094419710659283], "k2_xh2h_nimmi_syn_sem_sem": [0.00043783470900066846]}