{"avg_reward": 0.983, "accuracy": 0.91, "k2_xh2h_immi_syn_avg": [0.1447630344038756], "k2_xh2h_immi_syn_sem": [0.021171914196590848], "k2_xh2h_mi_avg": [0.6483460082913645], "k2_xh2h_mi_sem": [0.056664215487292655], "k2_xh2h_nimmi_syn_avg": [0.23730639239343082], "k2_xh2h_nimmi_syn_sem": [0.02202960303187937]}