{"avg_reward": 0.972, "accuracy": 0.86, "k2_xh2h_immi_syn_avg": [0.19057635840635434], "k2_xh2h_immi_syn_sem": [0.02900137877283669], "k2_xh2h_mi_avg": [0.6905756043734886], "k2_xh2h_mi_sem": [0.06718872293013903], "k2_xh2h_nimmi_syn_avg": [0.2680438642880411], "k2_xh2h_nimmi_syn_sem": [0.020469860745224736]}