{"avg_reward": 0.976, "accuracy": 0.88, "k2_xh2h_immi_syn_avg": [0.17650125199247052], "k2_xh2h_immi_syn_sem": [0.032782098523269035], "k2_xh2h_mi_avg": [0.7872980573245032], "k2_xh2h_mi_sem": [0.07381591996364356], "k2_xh2h_nimmi_syn_avg": [0.22956089499497065], "k2_xh2h_nimmi_syn_sem": [0.023825148338018916]}