{"avg_reward": 0.976, "accuracy": 0.87, "k2_xh2h_immi_syn_avg": [0.19986637014179193], "k2_xh2h_immi_syn_sem": [0.02818584882839894], "k2_xh2h_mi_avg": [0.7315125989806931], "k2_xh2h_mi_sem": [0.06205347015501216], "k2_xh2h_nimmi_syn_avg": [0.2656324738640451], "k2_xh2h_nimmi_syn_sem": [0.025138786628969612]}