{"avg_reward": 0.99, "accuracy": 0.93, "k2_xh2h_immi_syn_avg": [0.14770275401177047], "k2_xh2h_immi_syn_sem": [0.02643071349160263], "k2_xh2h_mi_avg": [0.6337101727340738], "k2_xh2h_mi_sem": [0.05779242333038699], "k2_xh2h_nimmi_syn_avg": [0.23536441481342976], "k2_xh2h_nimmi_syn_sem": [0.02200139309457437]}