{"avg_reward": 0.979, "accuracy": 0.9, "k2_xh2h_immi_syn_avg": [0.1587361598763118], "k2_xh2h_immi_syn_sem": [0.018780192364422257], "k2_xh2h_mi_avg": [0.6578842281512578], "k2_xh2h_mi_sem": [0.056964242357744686], "k2_xh2h_nimmi_syn_avg": [0.27101445311478206], "k2_xh2h_nimmi_syn_sem": [0.022654376283945645]}