{"avg_reward": 0.974, "accuracy": 0.86, "k2_xh2h_immi_syn_avg": [0.19699963897293718], "k2_xh2h_immi_syn_sem": [0.03431021277081045], "k2_xh2h_mi_avg": [0.8695195095168586], "k2_xh2h_mi_sem": [0.06416722164555369], "k2_xh2h_nimmi_syn_avg": [0.2136756357483043], "k2_xh2h_nimmi_syn_sem": [0.024630501317031095]}