{"avg_reward": 0.981, "accuracy": 0.91, "k2_xh2h_immi_syn_avg": [0.16906788562083427], "k2_xh2h_immi_syn_sem": [0.0313139875778489], "k2_xh2h_mi_avg": [0.7432465471422846], "k2_xh2h_mi_sem": [0.07236044305889693], "k2_xh2h_nimmi_syn_avg": [0.2290963669862637], "k2_xh2h_nimmi_syn_sem": [0.023308902139357896]}