{"avg_reward": 0.977, "accuracy": 0.9, "k2_xh2h_immi_syn_avg": [0.25215720774079875], "k2_xh2h_immi_syn_sem": [0.04119526921056365], "k2_xh2h_mi_avg": [0.9789097342102862], "k2_xh2h_mi_sem": [0.07876314416373893], "k2_xh2h_nimmi_syn_avg": [0.23818841594901558], "k2_xh2h_nimmi_syn_sem": [0.023933086114627678]}