{"avg_reward": 0.974, "accuracy": 0.87, "k2_xh2h_immi_syn_avg": [0.15391783750855847], "k2_xh2h_immi_syn_sem": [0.028566065912479042], "k2_xh2h_mi_avg": [0.6898429424898269], "k2_xh2h_mi_sem": [0.06999088164969584], "k2_xh2h_nimmi_syn_avg": [0.23502814294159388], "k2_xh2h_nimmi_syn_sem": [0.02295253941296352]}