{"avg_reward_avg": 0.8972, "avg_reward_sem": 0.0017876116903722578, "accuracy_avg": 0.48500000000000004, "accuracy_sem": 0.0093392838174146, "k2_xh2h_immi_syn_avg_avg": [0.15706272819601227], "k2_xh2h_immi_syn_avg_sem": [0.007290614335745813], "k2_xh2h_immi_syn_sem_avg": [0.017189103744877584], "k2_xh2h_immi_syn_sem_sem": [0.0019580822396859116], "k2_xh2h_mi_avg_avg": [0.6279122201175404], "k2_xh2h_mi_avg_sem": [0.018635094686874482], "k2_xh2h_mi_sem_avg": [0.05869317688477725], "k2_xh2h_mi_sem_sem": [0.0022534542024145073], "k2_xh2h_nimmi_syn_avg_avg": [0.28940743869416574], "k2_xh2h_nimmi_syn_avg_sem": [0.00673556473419912], "k2_xh2h_nimmi_syn_sem_avg": [0.019779733993291686], "k2_xh2h_nimmi_syn_sem_sem": [0.00038277810602547406]}