{"avg_reward": 0.892, "accuracy": 0.45, "k2_xh2h_immi_syn_avg": [0.1289103983383743], "k2_xh2h_immi_syn_sem": [0.017615673660634514], "k2_xh2h_mi_avg": [0.6236917094932398], "k2_xh2h_mi_sem": [0.06295866016106937], "k2_xh2h_nimmi_syn_avg": [0.24783735645615732], "k2_xh2h_nimmi_syn_sem": [0.01993478966421868]}