{"avg_reward": 0.891, "accuracy": 0.45, "k2_xh2h_immi_syn_avg": [0.1571378870883828], "k2_xh2h_immi_syn_sem": [0.012622562518060975], "k2_xh2h_mi_avg": [0.591333830019493], "k2_xh2h_mi_sem": [0.04998030144175733], "k2_xh2h_nimmi_syn_avg": [0.29461722245632765], "k2_xh2h_nimmi_syn_sem": [0.01703273454108474]}