{"avg_reward": 0.888, "accuracy": 0.44, "k2_xh2h_immi_syn_avg": [0.19539701510556048], "k2_xh2h_immi_syn_sem": [0.0247043254813523], "k2_xh2h_mi_avg": [0.6885796105242683], "k2_xh2h_mi_sem": [0.06935543811963611], "k2_xh2h_nimmi_syn_avg": [0.31817367116961126], "k2_xh2h_nimmi_syn_sem": [0.02030611698319071]}