{"avg_reward": 0.903, "accuracy": 0.52, "k2_xh2h_immi_syn_avg": [0.136188055147355], "k2_xh2h_immi_syn_sem": [0.008610605517347549], "k2_xh2h_mi_avg": [0.5637976545572749], "k2_xh2h_mi_sem": [0.05770835368588524], "k2_xh2h_nimmi_syn_avg": [0.3062922138937226], "k2_xh2h_nimmi_syn_sem": [0.019370707756089102]}