{"avg_reward": 0.903, "accuracy": 0.52, "k2_xh2h_immi_syn_avg": [0.1616740368649747], "k2_xh2h_immi_syn_sem": [0.017281804648051888], "k2_xh2h_mi_avg": [0.6047821779899597], "k2_xh2h_mi_sem": [0.057344211669221386], "k2_xh2h_nimmi_syn_avg": [0.3084194721147625], "k2_xh2h_nimmi_syn_sem": [0.019086618050371526]}