{"avg_reward": 0.894, "accuracy": 0.48, "k2_xh2h_immi_syn_avg": [0.14321483026066312], "k2_xh2h_immi_syn_sem": [0.011573219338606333], "k2_xh2h_mi_avg": [0.5976510606230208], "k2_xh2h_mi_sem": [0.049585546410027735], "k2_xh2h_nimmi_syn_avg": [0.27698770602353984], "k2_xh2h_nimmi_syn_sem": [0.019405775055966773]}