{"avg_reward": 0.903, "accuracy": 0.51, "k2_xh2h_immi_syn_avg": [0.17077802279876775], "k2_xh2h_immi_syn_sem": [0.02258267444068502], "k2_xh2h_mi_avg": [0.6820412586688097], "k2_xh2h_mi_sem": [0.055065414784821014], "k2_xh2h_nimmi_syn_avg": [0.26358974425846093], "k2_xh2h_nimmi_syn_sem": [0.021238743115596176]}