{"avg_reward_avg": 0.0558, "avg_reward_sem": 0.023932683370933006, "accuracy_avg": 0.06700000000000002, "accuracy_sem": 0.008306623862918073, "k2_xh2h_immi_syn_avg_avg": [0.19864075465250397], "k2_xh2h_immi_syn_avg_sem": [0.006503325806161163], "k2_xh2h_immi_syn_sem_avg": [0.01132288886894949], "k2_xh2h_immi_syn_sem_sem": [0.00041180337193646316], "k2_xh2h_mi_avg_avg": [0.5486553616116157], "k2_xh2h_mi_avg_sem": [0.010312751465586568], "k2_xh2h_mi_sem_avg": [0.028040724019023643], "k2_xh2h_mi_sem_sem": [0.001576849240892303], "k2_xh2h_nimmi_syn_avg_avg": [0.36755119495887], "k2_xh2h_nimmi_syn_avg_sem": [0.007350963058721207], "k2_xh2h_nimmi_syn_sem_avg": [0.013971984453110367], "k2_xh2h_nimmi_syn_sem_sem": [0.0008017862890406966]}