{"avg_reward": 0.091, "accuracy": 0.09, "k2_xh2h_immi_syn_avg": [0.21497045585730395], "k2_xh2h_immi_syn_sem": [0.011421985348822664], "k2_xh2h_mi_avg": [0.5937349728300004], "k2_xh2h_mi_sem": [0.02594883537185222], "k2_xh2h_nimmi_syn_avg": [0.3634728836757987], "k2_xh2h_nimmi_syn_sem": [0.011859538856392895]}