{"avg_reward": 0.016, "accuracy": 0.07, "k2_xh2h_immi_syn_avg": [0.17454964063653225], "k2_xh2h_immi_syn_sem": [0.011411755169465718], "k2_xh2h_mi_avg": [0.5446951929418502], "k2_xh2h_mi_sem": [0.04151718288018146], "k2_xh2h_nimmi_syn_avg": [0.349848205196566], "k2_xh2h_nimmi_syn_sem": [0.019145732473706652]}