{"avg_reward": 0.095, "accuracy": 0.02, "k2_xh2h_immi_syn_avg": [0.1613571481355267], "k2_xh2h_immi_syn_sem": [0.012314774366573274], "k2_xh2h_mi_avg": [0.49212670581796714], "k2_xh2h_mi_sem": [0.027869368141142763], "k2_xh2h_nimmi_syn_avg": [0.33075608482526175], "k2_xh2h_nimmi_syn_sem": [0.017414214477595096]}