{"avg_reward": 0.031, "accuracy": 0.07, "k2_xh2h_immi_syn_avg": [0.21218586211025475], "k2_xh2h_immi_syn_sem": [0.009108946254630077], "k2_xh2h_mi_avg": [0.5301119547386578], "k2_xh2h_mi_sem": [0.027248358438334598], "k2_xh2h_nimmi_syn_avg": [0.4088042559248176], "k2_xh2h_nimmi_syn_sem": [0.01100329787018657]}