{"avg_reward": 0.012, "accuracy": 0.06, "k2_xh2h_immi_syn_avg": [0.21370568645678042], "k2_xh2h_immi_syn_sem": [0.01164788010684815], "k2_xh2h_mi_avg": [0.5683061055531493], "k2_xh2h_mi_sem": [0.025641490060995406], "k2_xh2h_nimmi_syn_avg": [0.3812962289097244], "k2_xh2h_nimmi_syn_sem": [0.012752801779479532]}