{"avg_reward": 0.251, "accuracy": 0.04, "k2_xh2h_immi_syn_avg": [0.22131440832315213], "k2_xh2h_immi_syn_sem": [0.011626389233486512], "k2_xh2h_mi_avg": [0.5739232732786378], "k2_xh2h_mi_sem": [0.028875217309688114], "k2_xh2h_nimmi_syn_avg": [0.39311727444185807], "k2_xh2h_nimmi_syn_sem": [0.012223693764347314]}