{"avg_reward": 0.0057727755683984455, "accuracy": 0.4166666666666667, "k2_x2h_ray_imin_syn_avg": [0.23961807574350424, 0.0565677115678485, 0.017921551557849993], "k2_x2h_ray_imin_syn_sem": [0.019571858657301017, 0.010395639721904736, 0.003936412305721671], "k2_x2h_ray_immi_syn_avg": [0.28774224292344314, 0.12254866514232247, 0.021898437476359837], "k2_x2h_ray_immi_syn_sem": [0.04245852240305207, 0.022986436829712315, 0.004487126370724836], "k2_x2h_pos_imin_syn_avg": [0.2812445615752633, 0.0565677115678485, 0.017921551557849993], "k2_x2h_pos_imin_syn_sem": [0.03092251451797108, 0.010395639721904736, 0.003936412305721671], "k2_x2h_pos_immi_syn_avg": [0.3206076282338722, 0.12254866514232247, 0.021898437476359837], "k2_x2h_pos_immi_syn_sem": [0.050874276647702096, 0.022986436829712315, 0.004487126370724836], "k2_x2h_ray_mi_avg": [0.6970908927213723, 0.8536730018158947, 0.3583013550085765], "k2_x2h_ray_mi_sem": [0.05067183789392911, 0.06339138438349007, 0.028458360722472487], "k2_x2h_ray_nimin_syn_avg": [0.3438615536338836, 0.051151438250649266, 0.0445641175236344], "k2_x2h_ray_nimin_syn_sem": [0.014828287514794303, 0.008548242197137837, 0.009228049579417122], "k2_x2h_ray_nimmi_syn_avg": [0.4091050110785777, 0.11268307090571164, 0.055019878248154935], "k2_x2h_ray_nimmi_syn_sem": [0.033265459969339974, 0.018682143952878007, 0.010568626398923045], "k2_x2h_pos_mi_avg": [1.0676946149450366, 0.8536730018158947, 0.3583013550085765], "k2_x2h_pos_mi_sem": [0.050874276647702166, 0.06339138438349007, 0.028458360722472487], "k2_x2h_pos_nimin_syn_avg": [0.26189239315556784, 0.051151438250649266, 0.0445641175236344], "k2_x2h_pos_nimin_syn_sem": [0.015964700869108044, 0.008548242197137837, 0.009228049579417122], "k2_x2h_pos_nimmi_syn_avg": [0.2971792055186015, 0.11268307090571164, 0.055019878248154935], "k2_x2h_pos_nimmi_syn_sem": [0.03256410089032686, 0.018682143952878007, 0.010568626398923045]}