{"avg_reward": 0.14744000009000016, "accuracy": 0.5, "k2_x2h_ray_imin_syn_avg": [0.009007301164118187, 1.6935237934223578e-17, 0.0], "k2_x2h_ray_imin_syn_sem": [0.0048331614140364, 5.1061663602921e-18, 0.0], "k2_x2h_ray_immi_syn_avg": [0.009007301164118187, 0.0, 0.0], "k2_x2h_ray_immi_syn_sem": [0.00483316141403636, 0.0, 0.0], "k2_x2h_pos_imin_syn_avg": [5.088522196198634e-17, 1.6935237934223578e-17, 0.0], "k2_x2h_pos_imin_syn_sem": [8.641949050938461e-17, 5.1061663602921e-18, 0.0], "k2_x2h_pos_immi_syn_avg": [0.0, 0.0, 0.0], "k2_x2h_pos_immi_syn_sem": [0.0, 0.0, 0.0], "k2_x2h_ray_mi_avg": [0.051425356342493345, 0.00012279219278292785, 0.0], "k2_x2h_ray_mi_sem": [0.017320221220978992, 3.702323914963253e-05, 0.0], "k2_x2h_ray_nimin_syn_avg": [0.13182571073160262, 2.7583574412034008e-14, 0.0], "k2_x2h_ray_nimin_syn_sem": [0.06613930156184615, 8.316760609233168e-15, 0.0], "k2_x2h_ray_nimmi_syn_avg": [0.13182571073160346, 0.0, 0.0], "k2_x2h_ray_nimmi_syn_sem": [0.06613930156184483, 0.0, 0.0], "k2_x2h_pos_mi_avg": [0.024020768740872372, 0.00012279219278292785, 0.0], "k2_x2h_pos_mi_sem": [0.016328713567471165, 3.702323914963253e-05, 0.0], "k2_x2h_pos_nimin_syn_avg": [0.33333333333333215, 2.7583574412034008e-14, 0.0], "k2_x2h_pos_nimin_syn_sem": [0.333333333333334, 8.316760609233168e-15, 0.0], "k2_x2h_pos_nimmi_syn_avg": [0.0, 0.0, 0.0], "k2_x2h_pos_nimmi_syn_sem": [0.0, 0.0, 0.0]}