{"avg_reward": -0.0010735947572640722, "accuracy": 0.1875, "k2_x2h_ray_imin_syn_avg": [0.31607090664292514, 0.13374077577043195, 0.0038468714481423145], "k2_x2h_ray_imin_syn_sem": [0.015097917341972042, 0.007721272071370994, 0.0008389740356200545], "k2_x2h_ray_immi_syn_avg": [0.40596334332909717, 0.29595887833255125, 0.004325511652665365], "k2_x2h_ray_immi_syn_sem": [0.015441603788071445, 0.018833111982762465, 0.0008518844399772818], "k2_x2h_pos_imin_syn_avg": [0.2945756163910098, 0.13374077577043195, 0.0038468714481423145], "k2_x2h_pos_imin_syn_sem": [0.0010524389283314915, 0.007721272071370994, 0.0008389740356200545], "k2_x2h_pos_immi_syn_avg": [0.3094348466660281, 0.29595887833255125, 0.004325511652665365], "k2_x2h_pos_immi_syn_sem": [0.004430667157256741, 0.018833111982762465, 0.0008518844399772818], "k2_x2h_ray_mi_avg": [0.8549245416116037, 0.8845356223968364, 0.04205969368909597], "k2_x2h_ray_mi_sem": [0.015015987664444745, 0.02998792876735802, 0.0032261802884536108], "k2_x2h_ray_nimin_syn_avg": [0.36937528652410395, 0.1487316379672655, 0.09190136173603136], "k2_x2h_ray_nimin_syn_sem": [0.012460262162284652, 0.0057562230191924415, 0.01712754922421518], "k2_x2h_ray_nimmi_syn_avg": [0.4745113988215925, 0.3274858954363466, 0.10263000183320847], "k2_x2h_ray_nimmi_syn_sem": [0.009980022285064623, 0.016590966068644106, 0.017917306564086664], "k2_x2h_pos_mi_avg": [1.301327642612019, 0.8845356223968364, 0.04205969368909597], "k2_x2h_pos_mi_sem": [0.004430667157256742, 0.02998792876735802, 0.0032261802884536108], "k2_x2h_pos_nimin_syn_avg": [0.22637606386325962, 0.1487316379672655, 0.09190136173603136], "k2_x2h_pos_nimin_syn_sem": [0.0015678905468477498, 0.0057562230191924415, 0.01712754922421518], "k2_x2h_pos_nimmi_syn_avg": [0.2377663076068358, 0.3274858954363466, 0.10263000183320847], "k2_x2h_pos_nimmi_syn_sem": [0.002593088141746622, 0.016590966068644106, 0.017917306564086664]}