{"avg_reward": 0.00046210365316020914, "accuracy": 0.25, "k2_x2h_ray_imin_syn_avg": [0.1169201740656826, 0.014983668183726422, 0.0], "k2_x2h_ray_imin_syn_sem": [0.013062094373993964, 0.005696583517734382, 0.0], "k2_x2h_ray_immi_syn_avg": [0.14094846726731447, 0.025080015879342367, 0.0], "k2_x2h_ray_immi_syn_sem": [0.006565102986527323, 0.010057494794187249, 0.0], "k2_x2h_pos_imin_syn_avg": [0.14698926636055176, 0.014983668183726422, 0.0], "k2_x2h_pos_imin_syn_sem": [0.016025513975919888, 0.005696583517734382, 0.0], "k2_x2h_pos_immi_syn_avg": [0.16921983569177446, 0.025080015879342367, 0.0], "k2_x2h_pos_immi_syn_sem": [0.026135904304618304, 0.010057494794187249, 0.0], "k2_x2h_ray_mi_avg": [0.274071931546182, 0.31960387185899025, 0.0], "k2_x2h_ray_mi_sem": [0.003950682200503604, 0.041598806342349935, 0.0], "k2_x2h_ray_nimin_syn_avg": [0.42668907990407834, 0.021916794733089037, 0.0], "k2_x2h_ray_nimin_syn_sem": [0.0471756177183412, 0.008288893806864794, 0.0], "k2_x2h_ray_nimmi_syn_avg": [0.5138358238295803, 0.03600829268320097, 0.0], "k2_x2h_ray_nimmi_syn_sem": [0.01709900786926741, 0.01426273969922274, 0.0], "k2_x2h_pos_mi_avg": [0.5118903455416076, 0.31960387185899025, 0.0], "k2_x2h_pos_mi_sem": [0.026135904304618592, 0.041598806342349935, 0.0], "k2_x2h_pos_nimin_syn_avg": [0.2854061590779375, 0.021916794733089037, 0.0], "k2_x2h_pos_nimin_syn_sem": [0.017528467015976584, 0.008288893806864794, 0.0], "k2_x2h_pos_nimmi_syn_avg": [0.326901326132865, 0.03600829268320097, 0.0], "k2_x2h_pos_nimmi_syn_sem": [0.03601754979587167, 0.01426273969922274, 0.0]}