{"avg_reward": 0.00761922316661121, "accuracy": 0.5, "k2_x2h_ray_imin_syn_avg": [0.2837714236563551, 0.025249463297690573, 0.02020867110110221], "k2_x2h_ray_imin_syn_sem": [0.01251317830486811, 0.012851966630402336, 0.004543229881130823], "k2_x2h_ray_immi_syn_avg": [0.3551501783662472, 0.043193491516618, 0.02512383929112431], "k2_x2h_ray_immi_syn_sem": [0.00950598078941155, 0.01943331108350656, 0.005778424020251758], "k2_x2h_pos_imin_syn_avg": [0.2489536723609472, 0.025249463297690573, 0.02020867110110221], "k2_x2h_pos_imin_syn_sem": [0.04007059006666341, 0.012851966630402336, 0.004543229881130823], "k2_x2h_pos_immi_syn_avg": [0.2520227043120607, 0.043193491516618, 0.02512383929112431], "k2_x2h_pos_immi_syn_sem": [0.04206076422228314, 0.01943331108350656, 0.005778424020251758], "k2_x2h_ray_mi_avg": [0.7497137891328256, 0.5078214393777503, 0.23144720854517128], "k2_x2h_ray_mi_sem": [0.026083878543924997, 0.07045284184828303, 0.028358785141147477], "k2_x2h_ray_nimin_syn_avg": [0.37894522209437015, 0.02410466070992917, 0.0857634522132049], "k2_x2h_ray_nimin_syn_sem": [0.01618627586922512, 0.009158238517669628, 0.018807884177411895], "k2_x2h_ray_nimmi_syn_avg": [0.47432204013128737, 0.05418806036152335, 0.10838794015934801], "k2_x2h_ray_nimmi_syn_sem": [0.01309021347165335, 0.016441461339909116, 0.024956860633767775], "k2_x2h_pos_mi_avg": [1.5455117692029567, 0.5078214393777503, 0.23144720854517128], "k2_x2h_pos_mi_sem": [0.042060764222282845, 0.07045284184828303, 0.028358785141147477], "k2_x2h_pos_nimin_syn_avg": [0.15993647692217508, 0.02410466070992917, 0.0857634522132049], "k2_x2h_pos_nimin_syn_sem": [0.021049264422521623, 0.009158238517669628, 0.018807884177411895], "k2_x2h_pos_nimmi_syn_avg": [0.1618567149890125, 0.05418806036152335, 0.10838794015934801], "k2_x2h_pos_nimmi_syn_sem": [0.022245614599808273, 0.016441461339909116, 0.024956860633767775]}