{"avg_reward": 0.0015447597050310964, "accuracy": 0.3125, "k2_x2h_ray_imin_syn_avg": [0.18212984677129798, 0.050389208909002045, -2.046615401437662e-17], "k2_x2h_ray_imin_syn_sem": [0.022618708452796173, 0.017350305930795024, 1.1095231196235436e-17], "k2_x2h_ray_immi_syn_avg": [0.2263456545808505, 0.08108435892367248, -4.934324553889585e-18], "k2_x2h_ray_immi_syn_sem": [0.021289001254288585, 0.025220294248454327, 4.934324553889585e-18], "k2_x2h_pos_imin_syn_avg": [0.20726045441427074, 0.050389208909002045, -2.046615401437662e-17], "k2_x2h_pos_imin_syn_sem": [0.008190826301579737, 0.017350305930795024, 1.1095231196235436e-17], "k2_x2h_pos_immi_syn_avg": [0.20951164874702677, 0.08108435892367248, -4.934324553889585e-18], "k2_x2h_pos_immi_syn_sem": [0.00845608830980008, 0.025220294248454327, 4.934324553889585e-18], "k2_x2h_ray_mi_avg": [0.42058512254942154, 0.6159575270952459, 1.58823571578321e-17], "k2_x2h_ray_mi_sem": [0.022992293168430662, 0.070556899439057, 1.4472416027752082e-17], "k2_x2h_ray_nimin_syn_avg": [0.4300228862099318, 0.04107781101684555, -0.07361848714816534], "k2_x2h_ray_nimin_syn_sem": [0.03523635941715793, 0.011842766234648916, 0.0438970370833802], "k2_x2h_ray_nimmi_syn_avg": [0.5357412081186627, 0.07105140266398954, 0.011111111111111112], "k2_x2h_ray_nimmi_syn_sem": [0.02220123995076636, 0.019121832093868342, 0.011111111111111112], "k2_x2h_pos_mi_avg": [0.824330881070308, 0.6159575270952459, 1.58823571578321e-17], "k2_x2h_pos_mi_sem": [0.00845608830980008, 0.070556899439057, 1.4472416027752082e-17], "k2_x2h_pos_nimin_syn_avg": [0.2512775355772001, 0.04107781101684555, -0.07361848714816534], "k2_x2h_pos_nimin_syn_sem": [0.007386940191405084, 0.011842766234648916, 0.0438970370833802], "k2_x2h_pos_nimmi_syn_avg": [0.25400231684387536, 0.07105140266398954, 0.011111111111111112], "k2_x2h_pos_nimmi_syn_sem": [0.0076691278096032035, 0.019121832093868342, 0.011111111111111112]}