{"avg_reward": 1.0, "accuracy": 1.0, "k2_x2h_imin_syn_avg": [1.0, 0.012999166682692397, 0.06258145836939115], "k2_x2h_imin_syn_sem": [NaN, 0.009086746330576758, 0.02310308434675691], "k2_x2h_mi_avg": [2.0, 1.0217877775854696, 1.0138345833092948], "k2_x2h_mi_sem": [NaN, 0.10552536512199348, 0.03227579296121513], "k2_x2h_immi_syn_avg": [1.0, 0.030609861135149647, 0.0792481250360578], "k2_x2h_immi_syn_sem": [NaN, 0.02139706722274882, 0.02764272215930904], "k2_x2h_nimin_syn_avg": [0.5, 0.008666111121794955, 0.05702590281383559], "k2_x2h_nimin_syn_sem": [NaN, 0.006057830887051171, 0.02227655759463912], "k2_x2h_nimmi_syn_avg": [0.5, 0.020406574090099765, 0.06813701392494668], "k2_x2h_nimmi_syn_sem": [NaN, 0.01426471148183255, 0.024308452179718103], "k2_x2h_imin_red_avg": [1.0, 0.21131159710603595, 0.571570555267093], "k2_x2h_imin_red_sem": [NaN, 0.06130875256766841, 0.040662486737202845], "k2_x2h_immi_red_avg": [1.0, 0.22892229155849325, 0.5882372219337598], "k2_x2h_immi_red_sem": [NaN, 0.06382309062642573, 0.04164161824389632], "k2_x2h_nimin_red_avg": [0.5, 0.1365079281773057, 0.5804121062130511], "k2_x2h_nimin_red_sem": [NaN, 0.04050352260010497, 0.0424866596385346], "k2_x2h_nimmi_red_avg": [0.5, 0.1482483911456106, 0.5915232173241622], "k2_x2h_nimmi_red_sem": [NaN, 0.042222012296130505, 0.041716220577811845], "k2_x2h_tuples_syn": [{"imin_syn_0_1": 1.0, "mi_0_1": 2.0, "immi_syn_0_1": 1.0, "nimin_syn_0_1": 0.5, "nimmi_syn_0_1": 0.5}, {"imin_syn_0_1": 0.0, "mi_0_1": 0.0, "immi_syn_0_1": 0.0, "nimin_syn_0_1": 0, "nimmi_syn_0_1": 0, "imin_syn_0_2": 1.1102230246251565e-16, "mi_0_2": 0.8112781244591329, "immi_syn_0_2": 0.0, "nimin_syn_0_2": 1.3684863318178654e-16, "nimmi_syn_0_2": 0.0, "imin_syn_0_3": 0.0, "mi_0_3": 0.0, "immi_syn_0_3": 0.0, "nimin_syn_0_3": 0, "nimmi_syn_0_3": 0, "imin_syn_0_4": 0.0, "mi_0_4": 0.0, "immi_syn_0_4": 0.0, "nimin_syn_0_4": 0, "nimmi_syn_0_4": 0, "imin_syn_0_5": 1.1102230246251565e-16, "mi_0_5": 0.8112781244591329, "immi_syn_0_5": 0.0, "nimin_syn_0_5": 1.3684863318178654e-16, "nimmi_syn_0_5": 0.0, "imin_syn_0_6": 0.0, "mi_0_6": 1.5, "immi_syn_0_6": 0.0, "nimin_syn_0_6": 0.0, "nimmi_syn_0_6": 0.0, "imin_syn_0_7": 1.1102230246251565e-16, "mi_0_7": 0.8112781244591329, "immi_syn_0_7": 0.0, "nimin_syn_0_7": 1.3684863318178654e-16, "nimmi_syn_0_7": 0.0, "imin_syn_0_8": 0.0, "mi_0_8": 0.0, "immi_syn_0_8": 0.0, "nimin_syn_0_8": 0, "nimmi_syn_0_8": 0, "imin_syn_0_9": 0.0, "mi_0_9": 2.0, "immi_syn_0_9": 0.0, "nimin_syn_0_9": 0.0, "nimmi_syn_0_9": 0.0, "imin_syn_1_2": 1.1102230246251565e-16, "mi_1_2": 0.8112781244591329, "immi_syn_1_2": 0.0, "nimin_syn_1_2": 1.3684863318178654e-16, "nimmi_syn_1_2": 0.0, "imin_syn_1_3": 0.0, "mi_1_3": 0.0, "immi_syn_1_3": 0.0, "nimin_syn_1_3": 0, "nimmi_syn_1_3": 0, "imin_syn_1_4": 0.0, "mi_1_4": 0.0, "immi_syn_1_4": 0.0, "nimin_syn_1_4": 0, "nimmi_syn_1_4": 0, "imin_syn_1_5": 1.1102230246251565e-16, "mi_1_5": 0.8112781244591329, "immi_syn_1_5": 0.0, "nimin_syn_1_5": 1.3684863318178654e-16, "nimmi_syn_1_5": 0.0, "imin_syn_1_6": 0.0, "mi_1_6": 1.5, "immi_syn_1_6": 0.0, "nimin_syn_1_6": 0.0, "nimmi_syn_1_6": 0.0, "imin_syn_1_7": 1.1102230246251565e-16, "mi_1_7": 0.8112781244591329, "immi_syn_1_7": 0.0, "nimin_syn_1_7": 1.3684863318178654e-16, "nimmi_syn_1_7": 0.0, "imin_syn_1_8": 0.0, "mi_1_8": 0.0, "immi_syn_1_8": 0.0, "nimin_syn_1_8": 0, "nimmi_syn_1_8": 0, "imin_syn_1_9": 0.0, "mi_1_9": 2.0, "immi_syn_1_9": 0.0, "nimin_syn_1_9": 0.0, "nimmi_syn_1_9": 0.0, "imin_syn_2_3": 1.1102230246251565e-16, "mi_2_3": 0.8112781244591329, "immi_syn_2_3": 0.0, "nimin_syn_2_3": 1.3684863318178654e-16, "nimmi_syn_2_3": 0.0, "imin_syn_2_4": 1.1102230246251565e-16, "mi_2_4": 0.8112781244591329, "immi_syn_2_4": 0.0, "nimin_syn_2_4": 1.3684863318178654e-16, "nimmi_syn_2_4": 0.0, "imin_syn_2_5": 0.29248125036057804, "mi_2_5": 1.5, "immi_syn_2_5": 0.6887218755408671, "nimin_syn_2_5": 0.19498750024038536, "nimmi_syn_2_5": 0.4591479170272447, "imin_syn_2_6": 0.0, "mi_2_6": 1.5, "immi_syn_2_6": 0.0, "nimin_syn_2_6": 0.0, "nimmi_syn_2_6": 0.0, "imin_syn_2_7": 0.29248125036057804, "mi_2_7": 1.5, "immi_syn_2_7": 0.6887218755408671, "nimin_syn_2_7": 0.19498750024038536, "nimmi_syn_2_7": 0.4591479170272447, "imin_syn_2_8": 1.1102230246251565e-16, "mi_2_8": 0.8112781244591329, "immi_syn_2_8": 0.0, "nimin_syn_2_8": 1.3684863318178654e-16, "nimmi_syn_2_8": 0.0, "imin_syn_2_9": 0.0, "mi_2_9": 2.0, "immi_syn_2_9": 0.0, "nimin_syn_2_9": 0.0, "nimmi_syn_2_9": 0.0, "imin_syn_3_4": 0.0, "mi_3_4": 0.0, "immi_syn_3_4": 0.0, "nimin_syn_3_4": 0, "nimmi_syn_3_4": 0, "imin_syn_3_5": 1.1102230246251565e-16, "mi_3_5": 0.8112781244591329, "immi_syn_3_5": 0.0, "nimin_syn_3_5": 1.3684863318178654e-16, "nimmi_syn_3_5": 0.0, "imin_syn_3_6": 0.0, "mi_3_6": 1.5, "immi_syn_3_6": 0.0, "nimin_syn_3_6": 0.0, "nimmi_syn_3_6": 0.0, "imin_syn_3_7": 1.1102230246251565e-16, "mi_3_7": 0.8112781244591329, "immi_syn_3_7": 0.0, "nimin_syn_3_7": 1.3684863318178654e-16, "nimmi_syn_3_7": 0.0, "imin_syn_3_8": 0.0, "mi_3_8": 0.0, "immi_syn_3_8": 0.0, "nimin_syn_3_8": 0, "nimmi_syn_3_8": 0, "imin_syn_3_9": 0.0, "mi_3_9": 2.0, "immi_syn_3_9": 0.0, "nimin_syn_3_9": 0.0, "nimmi_syn_3_9": 0.0, "imin_syn_4_5": 1.1102230246251565e-16, "mi_4_5": 0.8112781244591329, "immi_syn_4_5": 0.0, "nimin_syn_4_5": 1.3684863318178654e-16, "nimmi_syn_4_5": 0.0, "imin_syn_4_6": 0.0, "mi_4_6": 1.5, "immi_syn_4_6": 0.0, "nimin_syn_4_6": 0.0, "nimmi_syn_4_6": 0.0, "imin_syn_4_7": 1.1102230246251565e-16, "mi_4_7": 0.8112781244591329, "immi_syn_4_7": 0.0, "nimin_syn_4_7": 1.3684863318178654e-16, "nimmi_syn_4_7": 0.0, "imin_syn_4_8": 0.0, "mi_4_8": 0.0, "immi_syn_4_8": 0.0, "nimin_syn_4_8": 0, "nimmi_syn_4_8": 0, "imin_syn_4_9": 0.0, "mi_4_9": 2.0, "immi_syn_4_9": 0.0, "nimin_syn_4_9": 0.0, "nimmi_syn_4_9": 0.0, "imin_syn_5_6": 0.0, "mi_5_6": 1.5, "immi_syn_5_6": 0.0, "nimin_syn_5_6": 0.0, "nimmi_syn_5_6": 0.0, "imin_syn_5_7": 1.1102230246251565e-16, "mi_5_7": 0.8112781244591329, "immi_syn_5_7": 0.0, "nimin_syn_5_7": 1.3684863318178654e-16, "nimmi_syn_5_7": 0.0, "imin_syn_5_8": 1.1102230246251565e-16, "mi_5_8": 0.8112781244591329, "immi_syn_5_8": 0.0, "nimin_syn_5_8": 1.3684863318178654e-16, "nimmi_syn_5_8": 0.0, "imin_syn_5_9": 0.0, "mi_5_9": 2.0, "immi_syn_5_9": 0.0, "nimin_syn_5_9": 0.0, "nimmi_syn_5_9": 0.0, "imin_syn_6_7": 0.0, "mi_6_7": 1.5, "immi_syn_6_7": 0.0, "nimin_syn_6_7": 0.0, "nimmi_syn_6_7": 0.0, "imin_syn_6_8": 0.0, "mi_6_8": 1.5, "immi_syn_6_8": 0.0, "nimin_syn_6_8": 0.0, "nimmi_syn_6_8": 0.0, "imin_syn_6_9": 0.0, "mi_6_9": 2.0, "immi_syn_6_9": 0.0, "nimin_syn_6_9": 0.0, "nimmi_syn_6_9": 0.0, "imin_syn_7_8": 1.1102230246251565e-16, "mi_7_8": 0.8112781244591329, "immi_syn_7_8": 0.0, "nimin_syn_7_8": 1.3684863318178654e-16, "nimmi_syn_7_8": 0.0, "imin_syn_7_9": 0.0, "mi_7_9": 2.0, "immi_syn_7_9": 0.0, "nimin_syn_7_9": 0.0, "nimmi_syn_7_9": 0.0, "imin_syn_8_9": 0.0, "mi_8_9": 2.0, "immi_syn_8_9": 0.0, "nimin_syn_8_9": 0.0, "nimmi_syn_8_9": 0.0}, {"imin_syn_0_1": 0.0, "mi_0_1": 1.5, "immi_syn_0_1": 0.0, "nimin_syn_0_1": 0.0, "nimmi_syn_0_1": 0.0, "imin_syn_0_2": 0.0, "mi_0_2": 1.0, "immi_syn_0_2": 0.0, "nimin_syn_0_2": 0.0, "nimmi_syn_0_2": 0.0, "imin_syn_0_3": 0.0, "mi_0_3": 1.0, "immi_syn_0_3": 0.0, "nimin_syn_0_3": 0.0, "nimmi_syn_0_3": 0.0, "imin_syn_0_4": 0.0, "mi_0_4": 1.0, "immi_syn_0_4": 0.0, "nimin_syn_0_4": 0.0, "nimmi_syn_0_4": 0.0, "imin_syn_0_5": 0.0, "mi_0_5": 1.0, "immi_syn_0_5": 0.0, "nimin_syn_0_5": 0.0, "nimmi_syn_0_5": 0.0, "imin_syn_0_6": 0.0, "mi_0_6": 1.0, "immi_syn_0_6": 0.0, "nimin_syn_0_6": 0.0, "nimmi_syn_0_6": 0.0, "imin_syn_0_7": 0.0, "mi_0_7": 1.0, "immi_syn_0_7": 0.0, "nimin_syn_0_7": 0.0, "nimmi_syn_0_7": 0.0, "imin_syn_0_8": 0.0, "mi_0_8": 1.0, "immi_syn_0_8": 0.0, "nimin_syn_0_8": 0.0, "nimmi_syn_0_8": 0.0, "imin_syn_0_9": 0.0, "mi_0_9": 1.0, "immi_syn_0_9": 0.0, "nimin_syn_0_9": 0.0, "nimmi_syn_0_9": 0.0, "imin_syn_1_2": 1.1102230246251565e-16, "mi_1_2": 0.8112781244591329, "immi_syn_1_2": 0.0, "nimin_syn_1_2": 1.3684863318178654e-16, "nimmi_syn_1_2": 0.0,