{"avg_reward": 1.0, "accuracy": 1.0, "k2_x2h_imin_syn_avg": [1.0, 0.12138680559561978, 8.881784197001253e-17], "k2_x2h_imin_syn_sem": [NaN, 0.027658289743960646, 1.601497417564193e-17], "k2_x2h_mi_avg": [2.0, 1.0899247915104162, 0.8758729858827451], "k2_x2h_mi_sem": [NaN, 0.06493631781856614, 0.030656194913457748], "k2_x2h_immi_syn_avg": [1.0, 0.2320802083934297, 0.0], "k2_x2h_immi_syn_sem": [NaN, 0.04465317564512821, 0.0], "k2_x2h_nimin_syn_avg": [0.5, 0.0772208333600428, 1.1924856428368861e-16], "k2_x2h_nimin_syn_sem": [NaN, 0.015971824779943765, 2.1177276775289177e-17], "k2_x2h_nimmi_syn_avg": [0.5, 0.1510164352252494, 0.0], "k2_x2h_nimmi_syn_sem": [NaN, 0.028525630996475565, 0.0], "k2_x2h_imin_red_avg": [1.0, 0.25826229143028767, 0.35637423585870637], "k2_x2h_imin_red_sem": [NaN, 0.04659289036974181, 0.05739901354393806], "k2_x2h_immi_red_avg": [1.0, 0.3689556942280976, 0.3563742358587064], "k2_x2h_immi_red_sem": [NaN, 0.062447253784781206, 0.05739901354393806], "k2_x2h_nimin_red_avg": [0.5, 0.1860818517022787, 0.37953546476518923], "k2_x2h_nimin_red_sem": [NaN, 0.03730015842720212, 0.05802896921919325], "k2_x2h_nimmi_red_avg": [0.5, 0.2598774535674853, 0.37953546476518923], "k2_x2h_nimmi_red_sem": [NaN, 0.0459672890770211, 0.05802896921919325], "k2_x2h_tuples_syn": [{"imin_syn_0_1": 1.0, "mi_0_1": 2.0, "immi_syn_0_1": 1.0, "nimin_syn_0_1": 0.5, "nimmi_syn_0_1": 0.5}, {"imin_syn_0_1": 0.0, "mi_0_1": 1.0, "immi_syn_0_1": 0.0, "nimin_syn_0_1": 0.0, "nimmi_syn_0_1": 0.0, "imin_syn_0_2": 0.25, "mi_0_2": 1.5, "immi_syn_0_2": 0.5, "nimin_syn_0_2": 0.16666666666666666, "nimmi_syn_0_2": 0.3333333333333333, "imin_syn_0_3": 0.25, "mi_0_3": 1.5, "immi_syn_0_3": 0.5, "nimin_syn_0_3": 0.16666666666666666, "nimmi_syn_0_3": 0.3333333333333333, "imin_syn_0_4": 1.0, "mi_0_4": 2.0, "immi_syn_0_4": 1.0, "nimin_syn_0_4": 0.5, "nimmi_syn_0_4": 0.5, "imin_syn_0_5": 0.0, "mi_0_5": 1.0, "immi_syn_0_5": 0.0, "nimin_syn_0_5": 0.0, "nimmi_syn_0_5": 0.0, "imin_syn_0_6": 0.0, "mi_0_6": 1.0, "immi_syn_0_6": 0.0, "nimin_syn_0_6": 0.0, "nimmi_syn_0_6": 0.0, "imin_syn_0_7": 0.0, "mi_0_7": 1.0, "immi_syn_0_7": 0.0, "nimin_syn_0_7": 0.0, "nimmi_syn_0_7": 0.0, "imin_syn_0_8": 0.25, "mi_0_8": 1.5, "immi_syn_0_8": 0.5, "nimin_syn_0_8": 0.16666666666666666, "nimmi_syn_0_8": 0.3333333333333333, "imin_syn_0_9": 0.25, "mi_0_9": 1.5, "immi_syn_0_9": 0.5, "nimin_syn_0_9": 0.16666666666666666, "nimmi_syn_0_9": 0.3333333333333333, "imin_syn_1_2": 0.0, "mi_1_2": 0.8112781244591329, "immi_syn_1_2": 0.0, "nimin_syn_1_2": 0.0, "nimmi_syn_1_2": 0.0, "imin_syn_1_3": 0.0, "mi_1_3": 0.8112781244591329, "immi_syn_1_3": 0.0, "nimin_syn_1_3": 0.0, "nimmi_syn_1_3": 0.0, "imin_syn_1_4": 0.0, "mi_1_4": 1.0, "immi_syn_1_4": 0.0, "nimin_syn_1_4": 0.0, "nimmi_syn_1_4": 0.0, "imin_syn_1_5": 0.0, "mi_1_5": 0.0, "immi_syn_1_5": 0.0, "nimin_syn_1_5": 0, "nimmi_syn_1_5": 0, "imin_syn_1_6": 0.0, "mi_1_6": 0.0, "immi_syn_1_6": 0.0, "nimin_syn_1_6": 0, "nimmi_syn_1_6": 0, "imin_syn_1_7": 0.0, "mi_1_7": 1.0, "immi_syn_1_7": 0.0, "nimin_syn_1_7": 0.0, "nimmi_syn_1_7": 0.0, "imin_syn_1_8": 1.1102230246251565e-16, "mi_1_8": 0.8112781244591329, "immi_syn_1_8": 0.0, "nimin_syn_1_8": 1.3684863318178654e-16, "nimmi_syn_1_8": 0.0, "imin_syn_1_9": 0.0, "mi_1_9": 0.8112781244591329, "immi_syn_1_9": 0.0, "nimin_syn_1_9": 0.0, "nimmi_syn_1_9": 0.0, "imin_syn_2_3": 0.29248125036057804, "mi_2_3": 1.5, "immi_syn_2_3": 0.6887218755408671, "nimin_syn_2_3": 0.19498750024038536, "nimmi_syn_2_3": 0.4591479170272447, "imin_syn_2_4": 0.25, "mi_2_4": 1.5, "immi_syn_2_4": 0.5, "nimin_syn_2_4": 0.16666666666666666, "nimmi_syn_2_4": 0.3333333333333333, "imin_syn_2_5": 0.0, "mi_2_5": 0.8112781244591329, "immi_syn_2_5": 0.0, "nimin_syn_2_5": 0.0, "nimmi_syn_2_5": 0.0, "imin_syn_2_6": 0.0, "mi_2_6": 0.8112781244591329, "immi_syn_2_6": 0.0, "nimin_syn_2_6": 0.0, "nimmi_syn_2_6": 0.0, "imin_syn_2_7": 0.25, "mi_2_7": 1.5, "immi_syn_2_7": 0.5, "nimin_syn_2_7": 0.16666666666666666, "nimmi_syn_2_7": 0.3333333333333333, "imin_syn_2_8": 0.29248125036057804, "mi_2_8": 1.5, "immi_syn_2_8": 0.6887218755408671, "nimin_syn_2_8": 0.19498750024038536, "nimmi_syn_2_8": 0.4591479170272447, "imin_syn_2_9": 0.29248125036057804, "mi_2_9": 1.5, "immi_syn_2_9": 0.6887218755408671, "nimin_syn_2_9": 0.19498750024038536, "nimmi_syn_2_9": 0.4591479170272447, "imin_syn_3_4": 0.25, "mi_3_4": 1.5, "immi_syn_3_4": 0.5, "nimin_syn_3_4": 0.16666666666666666, "nimmi_syn_3_4": 0.3333333333333333, "imin_syn_3_5": 0.0, "mi_3_5": 0.8112781244591329, "immi_syn_3_5": 0.0, "nimin_syn_3_5": 0.0, "nimmi_syn_3_5": 0.0, "imin_syn_3_6": 0.0, "mi_3_6": 0.8112781244591329, "immi_syn_3_6": 0.0, "nimin_syn_3_6": 0.0, "nimmi_syn_3_6": 0.0, "imin_syn_3_7": 0.25, "mi_3_7": 1.5, "immi_syn_3_7": 0.5, "nimin_syn_3_7": 0.16666666666666666, "nimmi_syn_3_7": 0.3333333333333333, "imin_syn_3_8": 0.29248125036057804, "mi_3_8": 1.5, "immi_syn_3_8": 0.6887218755408671, "nimin_syn_3_8": 0.19498750024038536, "nimmi_syn_3_8": 0.4591479170272447, "imin_syn_3_9": 0.0, "mi_3_9": 0.8112781244591329, "immi_syn_3_9": 0.0, "nimin_syn_3_9": 0.0, "nimmi_syn_3_9": 0.0, "imin_syn_4_5": 0.0, "mi_4_5": 1.0, "immi_syn_4_5": 0.0, "nimin_syn_4_5": 0.0, "nimmi_syn_4_5": 0.0, "imin_syn_4_6": 0.0, "mi_4_6": 1.0, "immi_syn_4_6": 0.0, "nimin_syn_4_6": 0.0, "nimmi_syn_4_6": 0.0, "imin_syn_4_7": 0.25, "mi_4_7": 1.5, "immi_syn_4_7": 0.5, "nimin_syn_4_7": 0.16666666666666666, "nimmi_syn_4_7": 0.3333333333333333, "imin_syn_4_8": 0.0, "mi_4_8": 1.0, "immi_syn_4_8": 0.0, "nimin_syn_4_8": 0.0, "nimmi_syn_4_8": 0.0, "imin_syn_4_9": 0.25, "mi_4_9": 1.5, "immi_syn_4_9": 0.5, "nimin_syn_4_9": 0.16666666666666666, "nimmi_syn_4_9": 0.3333333333333333, "imin_syn_5_6": 0.0, "mi_5_6": 0.0, "immi_syn_5_6": 0.0, "nimin_syn_5_6": 0, "nimmi_syn_5_6": 0, "imin_syn_5_7": 0.0, "mi_5_7": 1.0, "immi_syn_5_7": 0.0, "nimin_syn_5_7": 0.0, "nimmi_syn_5_7": 0.0, "imin_syn_5_8": 1.1102230246251565e-16, "mi_5_8": 0.8112781244591329, "immi_syn_5_8": 0.0, "nimin_syn_5_8": 1.3684863318178654e-16, "nimmi_syn_5_8": 0.0, "imin_syn_5_9": 0.0, "mi_5_9": 0.8112781244591329, "immi_syn_5_9": 0.0, "nimin_syn_5_9": 0.0, "nimmi_syn_5_9": 0.0, "imin_syn_6_7": 0.0, "mi_6_7": 1.0, "immi_syn_6_7": 0.0, "nimin_syn_6_7": 0.0, "nimmi_syn_6_7": 0.0, "imin_syn_6_8": 1.1102230246251565e-16, "mi_6_8": 0.8112781244591329, "immi_syn_6_8": 0.0, "nimin_syn_6_8": 1.3684863318178654e-16, "nimmi_syn_6_8": 0.0, "imin_syn_6_9": 0.0, "mi_6_9": 0.8112781244591329, "immi_syn_6_9": 0.0, "nimin_syn_6_9": 0.0, "nimmi_syn_6_9": 0.0, "imin_syn_7_8": 0.25, "mi_7_8": 1.5, "immi_syn_7_8": 0.5, "nimin_syn_7_8": 0.16666666666666666, "nimmi_syn_7_8": 0.3333333333333333, "imin_syn_7_9": 0.25, "mi_7_9": 1.5, "immi_syn_7_9": 0.5, "nimin_syn_7_9": 0.16666666666666666, "nimmi_syn_7_9": 0.3333333333333333, "imin_syn_8_9": 0.29248125036057804, "mi_8_9": 1.5, "immi_syn_8_9": 0.6887218755408671, "nimin_syn_8_9": 0.19498750024038536, "nimmi_syn_8_9": 0.4591479170272447}, {"imin_syn_0_1": 0.0, "mi_0_1": 1.0, "immi_syn_0_1": 0.0, "nimin_syn_0_1": 0.0, "nimmi_syn_0_1": 0.0, "imin_syn_0_2": 2.220446049250313e-16, "mi_0_2": 0.8112781244591329, "immi_syn_0_2": 0.0, "nimin_syn_0_2": 2.736972663635731e-16, "nimmi_syn_0_2": 0.0, "imin_syn_0_3": 0.0, "mi_0_3": 1.0, "immi_syn_0_3": 0.0, "nimin_syn_0_3": 0.0, "nimmi_syn_0_3": 0.0, "imin_syn_0_4": 0.0, "mi_0_4": 1.0, "immi_syn_0_4": 0.0, "nimin_syn_0_4": 0.0, "nimmi_syn_0_4": 0.0, "imin_syn_0_5": 2.220446049250313e-16, "mi_0_5": 0.8112781244591329, "immi_syn_0_5": 0.0, "nimin_syn_0_5": 2.736972663635731e-16, "nimmi_syn_0_5": 0.0, "imin_syn_0_6": 0.0, "mi_0_6": 1.0, "immi_syn_0_6": 0.0, "nimin_syn_0_6": 0.0, "nimmi_syn_0_6": 0.0, "imin_syn_0_7": 0.0, "mi_0_7": 1.0, "immi_syn_0_7": 0.0, "nimin_syn_0_7": 0.0, "nimmi_syn_0_7": 0.0, "imin_syn_0_8": 0.0, "mi_0_8": 1.0, "immi_syn_0_8": 0.0, "nimin_syn_0_8": 0.0, "nimmi_syn_0_8": 0.0, "imin_syn_0_9": 0.0, "mi_0_9": 1.0, "immi_syn_0_9": 0.0, "nimin_syn_0_9": 0.0, "nimmi_syn_0_9": 0.0, "imin_syn_1_2": 2.220446049250313e-16,