{"avg_reward": 1.0, "accuracy": 1.0, "k2_x2h_imin_syn_avg": [1.0, 0.11688388898504305, 0.11677527782585487], "k2_x2h_imin_syn_sem": [NaN, 0.020710369530498332, 0.026030969716991988], "k2_x2h_mi_avg": [2.0, 1.303759374819711, 1.1150877082491983], "k2_x2h_mi_sem": [NaN, 0.06791297199106866, 0.0471580112927968], "k2_x2h_immi_syn_avg": [1.0, 0.2614369445886757, 0.20985798617120746], "k2_x2h_immi_syn_sem": [NaN, 0.04695977454629295, 0.041377006881964586], "k2_x2h_nimin_syn_avg": [0.5, 0.07236703710113983, 0.08805347226228648], "k2_x2h_nimin_syn_sem": [NaN, 0.013144588665214367, 0.02299720804085605], "k2_x2h_nimmi_syn_avg": [0.5, 0.16318018528133935, 0.1501086111591882], "k2_x2h_nimmi_syn_sem": [NaN, 0.03029870691440438, 0.03098136149263127], "k2_x2h_imin_red_avg": [1.0, 0.3755471524051804, 0.41340013867254205], "k2_x2h_imin_red_sem": [NaN, 0.05073558510074396, 0.058605291395282276], "k2_x2h_immi_red_avg": [1.0, 0.520100208008813, 0.5064828470178947], "k2_x2h_immi_red_sem": [NaN, 0.06295725295149704, 0.0656080792533894], "k2_x2h_nimin_red_avg": [0.5, 0.2659509604338045, 0.3542856942922003], "k2_x2h_nimin_red_sem": [NaN, 0.041532573516770116, 0.05709868204246328], "k2_x2h_nimmi_red_avg": [0.5, 0.35676410861400404, 0.41634083318910214], "k2_x2h_nimmi_red_sem": [NaN, 0.04614144627666285, 0.058522708854252016], "k2_x2h_tuples_syn": [{"imin_syn_0_1": 1.0, "mi_0_1": 2.0, "immi_syn_0_1": 1.0, "nimin_syn_0_1": 0.5, "nimmi_syn_0_1": 0.5}, {"imin_syn_0_1": 0.29248125036057804, "mi_0_1": 1.5, "immi_syn_0_1": 0.6887218755408671, "nimin_syn_0_1": 0.19498750024038536, "nimmi_syn_0_1": 0.4591479170272447, "imin_syn_0_2": 0.0, "mi_0_2": 0.8112781244591329, "immi_syn_0_2": 0.0, "nimin_syn_0_2": 0.0, "nimmi_syn_0_2": 0.0, "imin_syn_0_3": 0.0, "mi_0_3": 0.8112781244591329, "immi_syn_0_3": 0.0, "nimin_syn_0_3": 0.0, "nimmi_syn_0_3": 0.0, "imin_syn_0_4": 0.0, "mi_0_4": 1.5, "immi_syn_0_4": 0.0, "nimin_syn_0_4": 0.0, "nimmi_syn_0_4": 0.0, "imin_syn_0_5": 0.0, "mi_0_5": 0.8112781244591329, "immi_syn_0_5": 0.0, "nimin_syn_0_5": 0.0, "nimmi_syn_0_5": 0.0, "imin_syn_0_6": 0.29248125036057804, "mi_0_6": 1.5, "immi_syn_0_6": 0.6887218755408671, "nimin_syn_0_6": 0.19498750024038536, "nimmi_syn_0_6": 0.4591479170272447, "imin_syn_0_7": 0.25, "mi_0_7": 2.0, "immi_syn_0_7": 0.5, "nimin_syn_0_7": 0.125, "nimmi_syn_0_7": 0.25, "imin_syn_0_8": 0.29248125036057804, "mi_0_8": 1.5, "immi_syn_0_8": 0.6887218755408671, "nimin_syn_0_8": 0.19498750024038536, "nimmi_syn_0_8": 0.4591479170272447, "imin_syn_0_9": 0.29248125036057804, "mi_0_9": 1.5, "immi_syn_0_9": 0.6887218755408671, "nimin_syn_0_9": 0.19498750024038536, "nimmi_syn_0_9": 0.4591479170272447, "imin_syn_1_2": 1.1102230246251565e-16, "mi_1_2": 0.8112781244591329, "immi_syn_1_2": 0.0, "nimin_syn_1_2": 1.3684863318178654e-16, "nimmi_syn_1_2": 0.0, "imin_syn_1_3": 0.29248125036057804, "mi_1_3": 1.5, "immi_syn_1_3": 0.6887218755408671, "nimin_syn_1_3": 0.19498750024038536, "nimmi_syn_1_3": 0.4591479170272447, "imin_syn_1_4": 0.25, "mi_1_4": 2.0, "immi_syn_1_4": 0.5, "nimin_syn_1_4": 0.125, "nimmi_syn_1_4": 0.25, "imin_syn_1_5": 1.1102230246251565e-16, "mi_1_5": 0.8112781244591329, "immi_syn_1_5": 0.0, "nimin_syn_1_5": 1.3684863318178654e-16, "nimmi_syn_1_5": 0.0, "imin_syn_1_6": 0.29248125036057804, "mi_1_6": 1.5, "immi_syn_1_6": 0.6887218755408671, "nimin_syn_1_6": 0.19498750024038536, "nimmi_syn_1_6": 0.4591479170272447, "imin_syn_1_7": 0.0, "mi_1_7": 1.5, "immi_syn_1_7": 0.0, "nimin_syn_1_7": 0.0, "nimmi_syn_1_7": 0.0, "imin_syn_1_8": 1.1102230246251565e-16, "mi_1_8": 0.8112781244591329, "immi_syn_1_8": 0.0, "nimin_syn_1_8": 1.3684863318178654e-16, "nimmi_syn_1_8": 0.0, "imin_syn_1_9": 0.29248125036057804, "mi_1_9": 1.5, "immi_syn_1_9": 0.6887218755408671, "nimin_syn_1_9": 0.19498750024038536, "nimmi_syn_1_9": 0.4591479170272447, "imin_syn_2_3": 0.0, "mi_2_3": 0.8112781244591329, "immi_syn_2_3": 0.0, "nimin_syn_2_3": 0.0, "nimmi_syn_2_3": 0.0, "imin_syn_2_4": 0.0, "mi_2_4": 1.5, "immi_syn_2_4": 0.0, "nimin_syn_2_4": 0.0, "nimmi_syn_2_4": 0.0, "imin_syn_2_5": 0.0, "mi_2_5": 0.0, "immi_syn_2_5": 0.0, "nimin_syn_2_5": 0, "nimmi_syn_2_5": 0, "imin_syn_2_6": 1.1102230246251565e-16, "mi_2_6": 0.8112781244591329, "immi_syn_2_6": 0.0, "nimin_syn_2_6": 1.3684863318178654e-16, "nimmi_syn_2_6": 0.0, "imin_syn_2_7": 0.0, "mi_2_7": 1.5, "immi_syn_2_7": 0.0, "nimin_syn_2_7": 0.0, "nimmi_syn_2_7": 0.0, "imin_syn_2_8": 1.1102230246251565e-16, "mi_2_8": 0.8112781244591329, "immi_syn_2_8": 0.0, "nimin_syn_2_8": 1.3684863318178654e-16, "nimmi_syn_2_8": 0.0, "imin_syn_2_9": 1.1102230246251565e-16, "mi_2_9": 0.8112781244591329, "immi_syn_2_9": 0.0, "nimin_syn_2_9": 1.3684863318178654e-16, "nimmi_syn_2_9": 0.0, "imin_syn_3_4": 0.25, "mi_3_4": 1.5, "immi_syn_3_4": 0.5, "nimin_syn_3_4": 0.16666666666666666, "nimmi_syn_3_4": 0.3333333333333333, "imin_syn_3_5": 0.0, "mi_3_5": 0.8112781244591329, "immi_syn_3_5": 0.0, "nimin_syn_3_5": 0.0, "nimmi_syn_3_5": 0.0, "imin_syn_3_6": 0.29248125036057804, "mi_3_6": 1.5, "immi_syn_3_6": 0.6887218755408671, "nimin_syn_3_6": 0.19498750024038536, "nimmi_syn_3_6": 0.4591479170272447, "imin_syn_3_7": 0.0, "mi_3_7": 1.5, "immi_syn_3_7": 0.0, "nimin_syn_3_7": 0.0, "nimmi_syn_3_7": 0.0, "imin_syn_3_8": 0.29248125036057804, "mi_3_8": 1.5, "immi_syn_3_8": 0.6887218755408671, "nimin_syn_3_8": 0.19498750024038536, "nimmi_syn_3_8": 0.4591479170272447, "imin_syn_3_9": 0.29248125036057804, "mi_3_9": 1.5, "immi_syn_3_9": 0.6887218755408671, "nimin_syn_3_9": 0.19498750024038536, "nimmi_syn_3_9": 0.4591479170272447, "imin_syn_4_5": 0.0, "mi_4_5": 1.5, "immi_syn_4_5": 0.0, "nimin_syn_4_5": 0.0, "nimmi_syn_4_5": 0.0, "imin_syn_4_6": 0.25, "mi_4_6": 2.0, "immi_syn_4_6": 0.5, "nimin_syn_4_6": 0.125, "nimmi_syn_4_6": 0.25, "imin_syn_4_7": 0.25, "mi_4_7": 2.0, "immi_syn_4_7": 0.5, "nimin_syn_4_7": 0.125, "nimmi_syn_4_7": 0.25, "imin_syn_4_8": 0.25, "mi_4_8": 2.0, "immi_syn_4_8": 0.5, "nimin_syn_4_8": 0.125, "nimmi_syn_4_8": 0.25, "imin_syn_4_9": 0.25, "mi_4_9": 2.0, "immi_syn_4_9": 0.5, "nimin_syn_4_9": 0.125, "nimmi_syn_4_9": 0.25, "imin_syn_5_6": 1.1102230246251565e-16, "mi_5_6": 0.8112781244591329, "immi_syn_5_6": 0.0, "nimin_syn_5_6": 1.3684863318178654e-16, "nimmi_syn_5_6": 0.0, "imin_syn_5_7": 0.0, "mi_5_7": 1.5, "immi_syn_5_7": 0.0, "nimin_syn_5_7": 0.0, "nimmi_syn_5_7": 0.0, "imin_syn_5_8": 1.1102230246251565e-16, "mi_5_8": 0.8112781244591329, "immi_syn_5_8": 0.0, "nimin_syn_5_8": 1.3684863318178654e-16, "nimmi_syn_5_8": 0.0, "imin_syn_5_9": 1.1102230246251565e-16, "mi_5_9": 0.8112781244591329, "immi_syn_5_9": 0.0, "nimin_syn_5_9": 1.3684863318178654e-16, "nimmi_syn_5_9": 0.0, "imin_syn_6_7": 0.0, "mi_6_7": 1.5, "immi_syn_6_7": 0.0, "nimin_syn_6_7": 0.0, "nimmi_syn_6_7": 0.0, "imin_syn_6_8": 0.29248125036057804, "mi_6_8": 1.5, "immi_syn_6_8": 0.6887218755408671, "nimin_syn_6_8": 0.19498750024038536, "nimmi_syn_6_8": 0.4591479170272447, "imin_syn_6_9": 1.1102230246251565e-16, "mi_6_9": 0.8112781244591329, "immi_syn_6_9": 0.0, "nimin_syn_6_9": 1.3684863318178654e-16, "nimmi_syn_6_9": 0.0, "imin_syn_7_8": 0.0, "mi_7_8": 1.5, "immi_syn_7_8": 0.0, "nimin_syn_7_8": 0.0, "nimmi_syn_7_8": 0.0, "imin_syn_7_9": 0.0, "mi_7_9": 1.5, "immi_syn_7_9": 0.0, "nimin_syn_7_9": 0.0, "nimmi_syn_7_9": 0.0, "imin_syn_8_9": 0.29248125036057804, "mi_8_9": 1.5, "immi_syn_8_9": 0.6887218755408671, "nimin_syn_8_9": 0.19498750024038536, "nimmi_syn_8_9": 0.4591479170272447}, {"imin_syn_0_1": 0.25, "mi_0_1": 1.5, "immi_syn_0_1": 0.5, "nimin_syn_0_1": 0.16666666666666666, "nimmi_syn_0_1": 0.3333333333333333, "imin_syn_0_2": 1.1102230246251565e-16, "mi_0_2": 0.8112781244591329, "immi_syn_0_2": 0.0, "nimin_syn_0_2": 1.3684863318178654e-16, "nimmi_syn_0_2": 0.0, "imin_syn_0_3": 0.6887218755408672, "mi_0_3": 1.0, "immi_syn_0_3": 0.6887218755408671, "nimin_syn_0_3": 0.6887218755408672, "nimmi_syn_0_3": 0.6887218755408671, "imin_syn_0_4": 0.29248125036057804, "mi_0_4": 1.5, "immi_syn_0_4": 0.6887218755408671, "nimin_syn_0_4": 0.19498750024038536,