{"avg_reward_avg": 1.0, "avg_reward_sem": 0.0, "accuracy_avg": 1.0, "accuracy_sem": 0.0, "k2_x2h_imin_syn_avg_avg": [1.0, 0.06870343059642108, 0.07379031952377166], "k2_x2h_imin_syn_avg_sem": [0.0, 0.013628191554648726, 0.01533403405176843], "k2_x2h_imin_syn_sem_avg": [NaN, 0.017059514244651942, 0.020415907998396855], "k2_x2h_imin_syn_sem_sem": [NaN, 0.0018337233024087827, 0.0033771551349094245], "k2_x2h_mi_avg_avg": [2.0, 1.3459431734752936, 0.9497176109861106], "k2_x2h_mi_avg_sem": [0.0, 0.10020879412193064, 0.03175981465437897], "k2_x2h_mi_sem_avg": [NaN, 0.07044337393379382, 0.04353621595358782], "k2_x2h_mi_sem_sem": [NaN, 0.006377513643058361, 0.006401526367084887], "k2_x2h_immi_syn_avg_avg": [1.0, 0.15027736811685385, 0.10809859035830686], "k2_x2h_immi_syn_avg_sem": [0.0, 0.02732717378782938, 0.02478762939424153], "k2_x2h_immi_syn_sem_avg": [NaN, 0.03635451886327594, 0.027770470773329104], "k2_x2h_immi_syn_sem_sem": [NaN, 0.002982950562399056, 0.004124445049524768], "k2_x2h_nimin_syn_avg_avg": [0.5, 0.04182080558279924, 0.06961641442075055], "k2_x2h_nimin_syn_avg_sem": [0.0, 0.008487278308695298, 0.015710017353464358], "k2_x2h_nimin_syn_sem_avg": [NaN, 0.010387226998067631, 0.019731650048459358], "k2_x2h_nimin_syn_sem_sem": [NaN, 0.001053815035000371, 0.003498895244641801], "k2_x2h_nimmi_syn_avg_avg": [0.5, 0.09203676392975439, 0.09580744682254888], "k2_x2h_nimmi_syn_avg_sem": [0.0, 0.017289277000120708, 0.02187979854232297], "k2_x2h_nimmi_syn_sem_avg": [NaN, 0.022777890204924732, 0.02382045249040044], "k2_x2h_nimmi_syn_sem_sem": [NaN, 0.0019312603944744218, 0.003612779086883298], "k2_x2h_imin_red_avg_avg": [1.0, 0.4709874372608166, 0.41057389553405355], "k2_x2h_imin_red_avg_sem": [0.0, 0.10784091543496176, 0.05306201397222107], "k2_x2h_imin_red_sem_avg": [NaN, 0.06338356910343972, 0.04340661277632964], "k2_x2h_imin_red_sem_sem": [NaN, 0.006435105369329122, 0.003772954319635278], "k2_x2h_immi_red_avg_avg": [1.0, 0.5525613747812494, 0.4448821663685888], "k2_x2h_immi_red_avg_sem": [0.0, 0.10470984684183597, 0.05283834360271385], "k2_x2h_immi_red_sem_avg": [NaN, 0.07115441951434706, 0.04692710268181059], "k2_x2h_immi_red_sem_sem": [NaN, 0.004878002673665371, 0.003731572513204348], "k2_x2h_nimin_red_avg_avg": [0.5, 0.2793373528696354, 0.42762782363611995], "k2_x2h_nimin_red_avg_sem": [0.0, 0.05100862843686376, 0.05154429833009493], "k2_x2h_nimin_red_sem_avg": [NaN, 0.040857146060586325, 0.047226825595142755], "k2_x2h_nimin_red_sem_sem": [NaN, 0.002269486599535917, 0.0023798809376748284], "k2_x2h_nimmi_red_avg_avg": [0.5, 0.3295533112165906, 0.45381885603791855], "k2_x2h_nimmi_red_avg_sem": [0.0, 0.04938670706681027, 0.051547382194364874], "k2_x2h_nimmi_red_sem_avg": [NaN, 0.04462379251699767, 0.04723855694596953], "k2_x2h_nimmi_red_sem_sem": [NaN, 0.0020819983963471867, 0.0026255313482352097], "x2h_imin_syn_avg": [1.0, 0.0, 2.2204460492503132e-17], "x2h_imin_syn_sem": [0.0, 0.0, 2.220446049250313e-17], "x2h_mi_avg": [2.0, 2.0, 1.2811278124459133], "x2h_mi_sem": [0.0, 0.0, 0.11762876995972525], "x2h_immi_syn_avg": [1.0, 0.0, 0.0], "x2h_immi_syn_sem": [0.0, 0.0, 0.0], "x2h_nimin_syn_avg": [0.5, 0.0, 2.7369726636357307e-17], "x2h_nimin_syn_sem": [0.0, 0.0, 2.736972663635731e-17], "x2h_nimmi_syn_avg": [0.5, 0.0, 0.0], "x2h_nimmi_syn_sem": [0.0, 0.0, 0.0], "x2h_imin_red_avg": [1.0, 0.04150374992788437, 0.1061278124459133], "x2h_imin_red_sem": [0.0, 0.04150374992788437, 0.05826935548517498], "x2h_immi_red_avg": [1.0, 0.0811278124459133, 0.1311278124459133], "x2h_immi_red_sem": [0.0, 0.0811278124459133, 0.06871430700114539], "x2h_nimin_red_avg": [0.5, 0.020751874963942187, 0.09433583328525624], "x2h_nimin_red_sem": [0.0, 0.020751874963942187, 0.05371652405046951], "x2h_nimmi_red_avg": [0.5, 0.04056390622295665, 0.11446114577924663], "x2h_nimmi_red_sem": [0.0, 0.04056390622295665, 0.0602763674850109]}