{"avg_reward_avg": 0.0708, "avg_reward_sem": 0.03304199348304114, "accuracy_avg": 0.069, "accuracy_sem": 0.008359957469322967, "k2_xh2h_immi_syn_avg_avg": [0.2026660861621589], "k2_xh2h_immi_syn_avg_sem": [0.005293314682151067], "k2_xh2h_immi_syn_sem_avg": [0.011348421041648597], "k2_xh2h_immi_syn_sem_sem": [0.000897561864657547], "k2_xh2h_mi_avg_avg": [0.5653871313616129], "k2_xh2h_mi_avg_sem": [0.016796550293577392], "k2_xh2h_mi_sem_avg": [0.029934081092459253], "k2_xh2h_mi_sem_sem": [0.0020478648156300383], "k2_xh2h_nimmi_syn_avg_avg": [0.36708736226821304], "k2_xh2h_nimmi_syn_avg_sem": [0.006936917011901702], "k2_xh2h_nimmi_syn_sem_avg": [0.013295999314514109], "k2_xh2h_nimmi_syn_sem_sem": [0.0005823416407523912]}