{"avg_reward": 0.018, "accuracy": 0.09, "k2_xh2h_immi_syn_avg": [0.21904834480175367], "k2_xh2h_immi_syn_sem": [0.009126578913558694], "k2_xh2h_mi_avg": [0.5455480355367031], "k2_xh2h_mi_sem": [0.02076724905250822], "k2_xh2h_nimmi_syn_avg": [0.4029593292616508], "k2_xh2h_nimmi_syn_sem": [0.009916263469751475]}