{"avg_reward": 0.018, "accuracy": 0.07, "k2_xh2h_immi_syn_avg": [0.2105911027152486], "k2_xh2h_immi_syn_sem": [0.01437563043250719], "k2_xh2h_mi_avg": [0.6252815993817954], "k2_xh2h_mi_sem": [0.04210041715811413], "k2_xh2h_nimmi_syn_avg": [0.3503082004553153], "k2_xh2h_nimmi_syn_sem": [0.016406303312364735]}