{"avg_reward": 0.351, "accuracy": 0.03, "k2_xh2h_immi_syn_avg": [0.20080695285040326], "k2_xh2h_immi_syn_sem": [0.011165665468486652], "k2_xh2h_mi_avg": [0.5913113920305102], "k2_xh2h_mi_sem": [0.026132422022225387], "k2_xh2h_nimmi_syn_avg": [0.33992193667766885], "k2_xh2h_nimmi_syn_sem": [0.012421049038006863]}