{"avg_reward": 0.013, "accuracy": 0.05, "k2_xh2h_immi_syn_avg": [0.19368388351818275], "k2_xh2h_immi_syn_sem": [0.009145516463070566], "k2_xh2h_mi_avg": [0.5718197547327162], "k2_xh2h_mi_sem": [0.03101429291647328], "k2_xh2h_nimmi_syn_avg": [0.35404238572167335], "k2_xh2h_nimmi_syn_sem": [0.013279692107326317]}