{"avg_reward": 0.02, "accuracy": 0.11, "k2_xh2h_immi_syn_avg": [0.2040676036814162], "k2_xh2h_immi_syn_sem": [0.014004964829325301], "k2_xh2h_mi_avg": [0.5481035971671963], "k2_xh2h_mi_sem": [0.032889841765585015], "k2_xh2h_nimmi_syn_avg": [0.3787923812075445], "k2_xh2h_nimmi_syn_sem": [0.014091708542874816]}