{"avg_reward": 0.113, "accuracy": 0.03, "k2_xh2h_immi_syn_avg": [0.2281977040343231], "k2_xh2h_immi_syn_sem": [0.010680408809618852], "k2_xh2h_mi_avg": [0.6343412710013739], "k2_xh2h_mi_sem": [0.030783273293377773], "k2_xh2h_nimmi_syn_avg": [0.3726169167229808], "k2_xh2h_nimmi_syn_sem": [0.013132862282270693]}