{"avg_reward": 0.041, "accuracy": 0.06, "k2_xh2h_immi_syn_avg": [0.21029600776217347], "k2_xh2h_immi_syn_sem": [0.01561671757887281], "k2_xh2h_mi_avg": [0.5915333491430143], "k2_xh2h_mi_sem": [0.034947343354933415], "k2_xh2h_nimmi_syn_avg": [0.35736578972338956], "k2_xh2h_nimmi_syn_sem": [0.015309058199454202]}