{"avg_reward_avg": 0.8966000000000001, "avg_reward_sem": 0.001492201952373294, "accuracy_avg": 0.48200000000000004, "accuracy_sem": 0.007272474743090475, "k2_xh2h_immi_syn_avg_avg": [0.12177374704792121], "k2_xh2h_immi_syn_avg_sem": [0.0082155107767961], "k2_xh2h_immi_syn_sem_avg": [0.02477450405438976], "k2_xh2h_immi_syn_sem_sem": [0.0011579393974558508], "k2_xh2h_mi_avg_avg": [0.5983322071179553], "k2_xh2h_mi_avg_sem": [0.02116838747093828], "k2_xh2h_mi_sem_avg": [0.07122603584396857], "k2_xh2h_mi_sem_sem": [0.001825627804853601], "k2_xh2h_nimmi_syn_avg_avg": [0.21325872034051824], "k2_xh2h_nimmi_syn_avg_sem": [0.008357599429201786], "k2_xh2h_nimmi_syn_sem_avg": [0.02310569778821356], "k2_xh2h_nimmi_syn_sem_sem": [0.0004645438468462866]}