{"avg_reward": 0.904, "accuracy": 0.52, "k2_xh2h_immi_syn_avg": [0.14392166061821177], "k2_xh2h_immi_syn_sem": [0.02693983601034147], "k2_xh2h_mi_avg": [0.6876454617352064], "k2_xh2h_mi_sem": [0.06940814818417597], "k2_xh2h_nimmi_syn_avg": [0.22683319955856654], "k2_xh2h_nimmi_syn_sem": [0.024737390603110424]}