{"avg_reward": 0.897, "accuracy": 0.48, "k2_xh2h_immi_syn_avg": [0.11105536872564516], "k2_xh2h_immi_syn_sem": [0.024813305259859655], "k2_xh2h_mi_avg": [0.5960621455104516], "k2_xh2h_mi_sem": [0.07706183829163488], "k2_xh2h_nimmi_syn_avg": [0.1944328419026174], "k2_xh2h_nimmi_syn_sem": [0.024804626130053402]}