{"avg_reward": 0.899, "accuracy": 0.48, "k2_xh2h_immi_syn_avg": [0.16607089570310188], "k2_xh2h_immi_syn_sem": [0.032638347952980526], "k2_xh2h_mi_avg": [0.6951100807138674], "k2_xh2h_mi_sem": [0.07493423669077569], "k2_xh2h_nimmi_syn_avg": [0.21984170752079113], "k2_xh2h_nimmi_syn_sem": [0.02421014838034142]}