{"avg_reward": 0.888, "accuracy": 0.45, "k2_xh2h_immi_syn_avg": [0.0857821835884217], "k2_xh2h_immi_syn_sem": [0.020931388911669756], "k2_xh2h_mi_avg": [0.5297565588653631], "k2_xh2h_mi_sem": [0.05920414959794776], "k2_xh2h_nimmi_syn_avg": [0.1840767477974884], "k2_xh2h_nimmi_syn_sem": [0.023116070941037067]}