{"avg_reward": 0.896, "accuracy": 0.49, "k2_xh2h_immi_syn_avg": [0.11852961375029608], "k2_xh2h_immi_syn_sem": [0.02124607461896828], "k2_xh2h_mi_avg": [0.5221907709282524], "k2_xh2h_mi_sem": [0.06860150434007227], "k2_xh2h_nimmi_syn_avg": [0.2617653897420077], "k2_xh2h_nimmi_syn_sem": [0.02361543833985448]}