{"avg_reward": 0.892, "accuracy": 0.46, "k2_xh2h_immi_syn_avg": [0.1008388984352306], "k2_xh2h_immi_syn_sem": [0.02018233889565322], "k2_xh2h_mi_avg": [0.5173808750693263], "k2_xh2h_mi_sem": [0.06754825675361], "k2_xh2h_nimmi_syn_avg": [0.20701470121207796], "k2_xh2h_nimmi_syn_sem": [0.02131257189717194]}