{"avg_reward": 0.035, "accuracy": 0.09, "k2_xh2h_immi_syn_avg": [0.1957441362191513], "k2_xh2h_immi_syn_sem": [0.009413038800813735], "k2_xh2h_mi_avg": [0.5632223886536618], "k2_xh2h_mi_sem": [0.026591613855405476], "k2_xh2h_nimmi_syn_avg": [0.3563504870509781], "k2_xh2h_nimmi_syn_sem": [0.013198863251137973]}