{"avg_reward": 0.014, "accuracy": 0.06, "k2_xh2h_immi_syn_avg": [0.2031246413613956], "k2_xh2h_immi_syn_sem": [0.013142445861225916], "k2_xh2h_mi_avg": [0.5051411770186948], "k2_xh2h_mi_sem": [0.028788485516579823], "k2_xh2h_nimmi_syn_avg": [0.4040519851747226], "k2_xh2h_nimmi_syn_sem": [0.011487586476590901]}