{"avg_reward": 0.012, "accuracy": 0.06, "k2_xh2h_immi_syn_avg": [0.22278320799700804], "k2_xh2h_immi_syn_sem": [0.014933593049686628], "k2_xh2h_mi_avg": [0.6458918713269204], "k2_xh2h_mi_sem": [0.042095891360682834], "k2_xh2h_nimmi_syn_avg": [0.356310412144586], "k2_xh2h_nimmi_syn_sem": [0.015739379013750075]}