{"avg_reward": 0.021, "accuracy": 0.11, "k2_xh2h_immi_syn_avg": [0.18952856976040056], "k2_xh2h_immi_syn_sem": [0.009840041715144065], "k2_xh2h_mi_avg": [0.5027905800962971], "k2_xh2h_mi_sem": [0.016212655264529856], "k2_xh2h_nimmi_syn_avg": [0.3711052806109933], "k2_xh2h_nimmi_syn_sem": [0.013220035246113978]}