{"avg_reward": 0.092, "accuracy": 0.1, "k2_xh2h_immi_syn_avg": [0.22834589935309405], "k2_xh2h_immi_syn_sem": [0.013054978236940896], "k2_xh2h_mi_avg": [0.5960255762178837], "k2_xh2h_mi_sem": [0.032355590347265366], "k2_xh2h_nimmi_syn_avg": [0.3859304077997712], "k2_xh2h_nimmi_syn_sem": [0.011533285002324523]}