{"avg_reward": 0.016, "accuracy": 0.09, "k2_xh2h_immi_syn_avg": [0.19259532865382864], "k2_xh2h_immi_syn_sem": [0.011351365433633413], "k2_xh2h_mi_avg": [0.5626264363621984], "k2_xh2h_mi_sem": [0.028126067820684664], "k2_xh2h_nimmi_syn_avg": [0.34932830797381415], "k2_xh2h_nimmi_syn_sem": [0.014341879187535949]}