{"avg_reward": 0.014, "accuracy": 0.07, "k2_xh2h_immi_syn_avg": [0.21334227517652976], "k2_xh2h_immi_syn_sem": [0.013135176629474875], "k2_xh2h_mi_avg": [0.5991130675022072], "k2_xh2h_mi_sem": [0.030821649496067197], "k2_xh2h_nimmi_syn_avg": [0.367683386424835], "k2_xh2h_nimmi_syn_sem": [0.016337632104271204]}