{"avg_reward": 0.095, "accuracy": 0.02, "k2_xh2h_immi_syn_avg": [0.1902167850791245], "k2_xh2h_immi_syn_sem": [0.015161401721252958], "k2_xh2h_mi_avg": [0.5729178097002884], "k2_xh2h_mi_sem": [0.035414771221315935], "k2_xh2h_nimmi_syn_avg": [0.3298433182453948], "k2_xh2h_nimmi_syn_sem": [0.015752041253692194]}