{"avg_reward_avg": 0.2138278566493177, "avg_reward_sem": 0.00760767677482865, "accuracy_avg": 0.7583333333333333, "accuracy_sem": 0.026205503144601683, "k2_x2h_ray_imin_syn_avg_avg": [0.4460645233126927, 0.13030221011550425, 0.09756747046470295], "k2_x2h_ray_imin_syn_avg_sem": [0.03435152688714692, 0.02502038495816104, 0.01904066761130372], "k2_x2h_ray_imin_syn_sem_avg": [0.04745717872648015, 0.04072865482956826, 0.015519074683181283], "k2_x2h_ray_imin_syn_sem_sem": [0.009574084276274734, 0.002893517217334684, 0.001209207993423179], "k2_x2h_ray_immi_syn_avg_avg": [0.5890509814721613, 0.1790000901278003, 0.127234666447318], "k2_x2h_ray_immi_syn_avg_sem": [0.04530686396760999, 0.03339683739842199, 0.02246148854542079], "k2_x2h_ray_immi_syn_sem_avg": [0.04183117153926752, 0.05487456732065208, 0.02003665775733403], "k2_x2h_ray_immi_syn_sem_sem": [0.00718634376711414, 0.00348778061448381, 0.0012705862900325056], "k2_x2h_pos_imin_syn_avg_avg": [0.45527742234321045, 0.13030221011550425, 0.09756747046470295], "k2_x2h_pos_imin_syn_avg_sem": [0.04516337888980643, 0.02502038495816104, 0.01904066761130372], "k2_x2h_pos_imin_syn_sem_avg": [0.07060127394559067, 0.04072865482956826, 0.015519074683181283], "k2_x2h_pos_imin_syn_sem_sem": [0.01024279818340229, 0.002893517217334684, 0.001209207993423179], "k2_x2h_pos_immi_syn_avg_avg": [0.5864787091897682, 0.1790000901278003, 0.127234666447318], "k2_x2h_pos_immi_syn_avg_sem": [0.0543802357517394, 0.03339683739842199, 0.02246148854542079], "k2_x2h_pos_immi_syn_sem_avg": [0.09517953748790473, 0.05487456732065208, 0.02003665775733403], "k2_x2h_pos_immi_syn_sem_sem": [0.011248527540885293, 0.00348778061448381, 0.0012705862900325056], "k2_x2h_ray_mi_avg_avg": [1.4272358527652795, 1.1566103151765814, 0.5524126323324323], "k2_x2h_ray_mi_avg_sem": [0.0996898742403907, 0.0915069585740241, 0.047181493033219536], "k2_x2h_ray_mi_sem_avg": [0.1130962337107205, 0.12672302154023135, 0.039752327833380154], "k2_x2h_ray_mi_sem_sem": [0.011471529098750636, 0.003957107336490806, 0.002793811902136668], "k2_x2h_ray_nimin_syn_avg_avg": [0.3167726382659605, 0.053428116344449585, 0.11870107428658146], "k2_x2h_ray_nimin_syn_avg_sem": [0.013846038352972103, 0.011449392849832785, 0.025581140268819306], "k2_x2h_ray_nimin_syn_sem_avg": [0.03867301692806997, 0.015505367500359779, 0.020545181172473528], "k2_x2h_ray_nimin_syn_sem_sem": [0.008846149743353066, 0.0011927925413914608, 0.001849788526566588], "k2_x2h_ray_nimmi_syn_avg_avg": [0.41909082856546276, 0.07443859897026843, 0.16794357192716663], "k2_x2h_ray_nimmi_syn_avg_sem": [0.013915629931416758, 0.015659076855273832, 0.02771036308677157], "k2_x2h_ray_nimmi_syn_sem_avg": [0.041335235197410856, 0.021124090335944878, 0.023691538300439234], "k2_x2h_ray_nimmi_syn_sem_sem": [0.00905721959735299, 0.0015893045055338777, 0.0010883816885867527], "k2_x2h_pos_mi_avg_avg": [1.7673649538002416, 1.1566103151765814, 0.5524126323324323], "k2_x2h_pos_mi_avg_sem": [0.08833956624392947, 0.0915069585740241, 0.047181493033219536], "k2_x2h_pos_mi_sem_avg": [0.10787187342608504, 0.12672302154023135, 0.039752327833380154], "k2_x2h_pos_mi_sem_sem": [0.011317995104639938, 0.003957107336490806, 0.002793811902136668], "k2_x2h_pos_nimin_syn_avg_avg": [0.25234958692778864, 0.053428116344449585, 0.11870107428658146], "k2_x2h_pos_nimin_syn_avg_sem": [0.015742251542079734, 0.011449392849832785, 0.025581140268819306], "k2_x2h_pos_nimin_syn_sem_avg": [0.02636384291381378, 0.015505367500359779, 0.020545181172473528], "k2_x2h_pos_nimin_syn_sem_sem": [0.003920901633902297, 0.0011927925413914608, 0.001849788526566588], "k2_x2h_pos_nimmi_syn_avg_avg": [0.32672878906270364, 0.07443859897026843, 0.16794357192716663], "k2_x2h_pos_nimmi_syn_avg_sem": [0.02318765825264691, 0.015659076855273832, 0.02771036308677157], "k2_x2h_pos_nimmi_syn_sem_avg": [0.03275621017034997, 0.021124090335944878, 0.023691538300439234], "k2_x2h_pos_nimmi_syn_sem_sem": [0.004846391533302737, 0.0015893045055338777, 0.0010883816885867527]}