{"avg_reward": 0.22345205968082207, "accuracy": 0.75, "k2_x2h_ray_imin_syn_avg": [0.34782830928528186, 0.10809149213652876, 0.049647607385355966], "k2_x2h_ray_imin_syn_sem": [0.1132646067271936, 0.04158625474756754, 0.011635722725778723], "k2_x2h_ray_immi_syn_avg": [0.510544858643911, 0.13749141678610924, 0.06526398009871255], "k2_x2h_ray_immi_syn_sem": [0.06634532597377103, 0.05289673251047266, 0.015177598700622024], "k2_x2h_pos_imin_syn_avg": [0.345120540994035, 0.10809149213652876, 0.049647607385355966], "k2_x2h_pos_imin_syn_sem": [0.062262393343666386, 0.04158625474756754, 0.011635722725778723], "k2_x2h_pos_immi_syn_avg": [0.4219214982751615, 0.13749141678610924, 0.06526398009871255], "k2_x2h_pos_immi_syn_sem": [0.09209349080899147, 0.05289673251047266, 0.015177598700622024], "k2_x2h_ray_mi_avg": [1.1450711546533918, 1.1556088130630275, 0.3589792222960548], "k2_x2h_ray_mi_sem": [0.13641641733439186, 0.1389663708656182, 0.03410795666510441], "k2_x2h_ray_nimin_syn_avg": [0.29220350317040283, 0.040310566645750064, 0.09730882460761013], "k2_x2h_ray_nimin_syn_sem": [0.06363460092399423, 0.015505397569967815, 0.020445030683160424], "k2_x2h_ray_nimmi_syn_avg": [0.44815734708558547, 0.05125498794585036, 0.1260950480175987], "k2_x2h_ray_nimmi_syn_sem": [0.034116308363621825, 0.019706046532473015, 0.025390394821210006], "k2_x2h_pos_mi_avg": [1.6690385874212825, 1.1556088130630275, 0.3589792222960548], "k2_x2h_pos_mi_sem": [0.09209349080899148, 0.1389663708656182, 0.03410795666510441], "k2_x2h_pos_nimin_syn_avg": [0.20411158990194012, 0.040310566645750064, 0.09730882460761013], "k2_x2h_pos_nimin_syn_sem": [0.026142689304761303, 0.015505397569967815, 0.020445030683160424], "k2_x2h_pos_nimmi_syn_avg": [0.24841610974054618, 0.05125498794585036, 0.1260950480175987], "k2_x2h_pos_nimmi_syn_sem": [0.03968234124635255, 0.019706046532473015, 0.025390394821210006]}