{"avg_reward": 0.20797595046691741, "accuracy": 0.6666666666666666, "k2_x2h_ray_imin_syn_avg": [0.44645070140571813, 0.0548967304629869, 0.09924041003923896], "k2_x2h_ray_imin_syn_sem": [0.05137757834488744, 0.031035360946302826, 0.017944434507572018], "k2_x2h_ray_immi_syn_avg": [0.4763210010752026, 0.08064906812238475, 0.13607339907644098], "k2_x2h_ray_immi_syn_sem": [0.05753533473706476, 0.045913317290644184, 0.024730141029692267], "k2_x2h_pos_imin_syn_avg": [0.4069264349158077, 0.0548967304629869, 0.09924041003923896], "k2_x2h_pos_imin_syn_sem": [0.052902395636041204, 0.031035360946302826, 0.017944434507572018], "k2_x2h_pos_immi_syn_avg": [0.5157415832198815, 0.08064906812238475, 0.13607339907644098], "k2_x2h_pos_immi_syn_sem": [0.14458259794594505, 0.045913317290644184, 0.024730141029692267], "k2_x2h_ray_mi_avg": [1.3094736817517632, 0.8458318803376444, 0.5634879363116873], "k2_x2h_ray_mi_sem": [0.1605157538049904, 0.12879052913660302, 0.04014172568008606], "k2_x2h_ray_nimin_syn_avg": [0.3638888001010853, 0.020238946220456824, 0.09496103383139971], "k2_x2h_ray_nimin_syn_sem": [0.09452201823949889, 0.011417962120343846, 0.030209245987194707], "k2_x2h_ray_nimmi_syn_avg": [0.38855668224714596, 0.02960878027997295, 0.1695120584509319], "k2_x2h_ray_nimmi_syn_sem": [0.10262210276459471, 0.016751601995220983, 0.029241598902078236], "k2_x2h_pos_mi_avg": [1.7068123639456507, 0.8458318803376444, 0.5634879363116873], "k2_x2h_pos_mi_sem": [0.14458259794594505, 0.12879052913660302, 0.04014172568008606], "k2_x2h_pos_nimin_syn_avg": [0.2367195104855413, 0.020238946220456824, 0.09496103383139971], "k2_x2h_pos_nimin_syn_sem": [0.010371247176080983, 0.011417962120343846, 0.030209245987194707], "k2_x2h_pos_nimmi_syn_avg": [0.292809964125077, 0.02960878027997295, 0.1695120584509319], "k2_x2h_pos_nimmi_syn_sem": [0.0552276983120252, 0.016751601995220983, 0.029241598902078236]}