{"avg_reward": 0.23367472811538478, "accuracy": 0.9166666666666666, "k2_x2h_ray_imin_syn_avg": [0.5080785889200261, 0.19426913152641678, 0.07917011620990952], "k2_x2h_ray_imin_syn_sem": [0.06291436034070774, 0.0430287893737055, 0.012023348776279991], "k2_x2h_ray_immi_syn_avg": [0.7244474338405805, 0.28774918506062325, 0.1165946066187963], "k2_x2h_ray_immi_syn_sem": [0.06891591602007421, 0.06308529059593491, 0.017454559705878732], "k2_x2h_pos_imin_syn_avg": [0.5031354117872683, 0.19426913152641678, 0.07917011620990952], "k2_x2h_pos_imin_syn_sem": [0.09296447661538736, 0.0430287893737055, 0.012023348776279991], "k2_x2h_pos_immi_syn_avg": [0.6034680342099271, 0.28774918506062325, 0.1165946066187963], "k2_x2h_pos_immi_syn_sem": [0.10925760845750844, 0.06308529059593491, 0.017454559705878732], "k2_x2h_ray_mi_avg": [1.7062558747256567, 1.3482710915706342, 0.6225342162950281], "k2_x2h_ray_mi_sem": [0.13871823155490118, 0.10977292092107559, 0.037384846788635843], "k2_x2h_ray_nimin_syn_avg": [0.29580481311617063, 0.0889013295524338, 0.10654989466762937], "k2_x2h_ray_nimin_syn_sem": [0.014316574201612885, 0.019366100576379146, 0.015987542136451767], "k2_x2h_ray_nimmi_syn_avg": [0.4238699272985194, 0.1321736200378421, 0.1619688769104326], "k2_x2h_ray_nimmi_syn_sem": [0.010377785817880621, 0.028779560962516715, 0.02458380683218659], "k2_x2h_pos_mi_avg": [2.1026622239281383, 1.3482710915706342, 0.6225342162950281], "k2_x2h_pos_mi_sem": [0.10925760845750844, 0.10977292092107559, 0.037384846788635843], "k2_x2h_pos_nimin_syn_avg": [0.23580251227462404, 0.0889013295524338, 0.10654989466762937], "k2_x2h_pos_nimin_syn_sem": [0.03376373230664292, 0.019366100576379146, 0.015987542136451767], "k2_x2h_pos_nimmi_syn_avg": [0.2829300723527883, 0.1321736200378421, 0.1619688769104326], "k2_x2h_pos_nimmi_syn_sem": [0.03918688359625019, 0.028779560962516715, 0.02458380683218659]}