{"avg_reward": 0.2541513527945947, "accuracy": 0.8333333333333334, "k2_x2h_ray_imin_syn_avg": [0.4602708856634101, 0.1741518073685122, 0.030933135469271397], "k2_x2h_ray_imin_syn_sem": [0.06732204749837588, 0.044072104957945495, 0.012779681191435861], "k2_x2h_ray_immi_syn_avg": [0.6806464759248078, 0.23544241158927082, 0.04704726731401069], "k2_x2h_ray_immi_syn_sem": [0.02184516856957794, 0.058519127341941556, 0.019278017501535905], "k2_x2h_pos_imin_syn_avg": [0.5584769809425159, 0.1741518073685122, 0.030933135469271397], "k2_x2h_pos_imin_syn_sem": [0.1323554931557602, 0.044072104957945495, 0.012779681191435861], "k2_x2h_pos_immi_syn_avg": [0.7654447203894937, 0.23544241158927082, 0.04704726731401069], "k2_x2h_pos_immi_syn_sem": [0.11040304931823255, 0.058519127341941556, 0.019278017501535905], "k2_x2h_ray_mi_avg": [1.6697585722493242, 1.2948600275468414, 0.35687642649961426], "k2_x2h_ray_mi_sem": [0.09829803950353054, 0.10795930658212548, 0.046318799812212444], "k2_x2h_ray_nimin_syn_avg": [0.2744588101145316, 0.08084158978293868, 0.03475047999346648], "k2_x2h_ray_nimin_syn_sem": [0.03017560946115306, 0.018670163713582454, 0.013944572772145166], "k2_x2h_ray_nimmi_syn_avg": [0.41088586469369454, 0.10975623939618515, 0.05239396444758327], "k2_x2h_ray_nimmi_syn_sem": [0.030675435413376945, 0.025009302500097596, 0.02087097565247218], "k2_x2h_pos_mi_avg": [1.796345557309676, 1.2948600275468414, 0.35687642649961426], "k2_x2h_pos_mi_sem": [0.1405525715394053, 0.10795930658212548, 0.046318799812212444], "k2_x2h_pos_nimin_syn_avg": [0.30401193093993367, 0.08084158978293868, 0.03475047999346648], "k2_x2h_pos_nimin_syn_sem": [0.047326615017592485, 0.018670163713582454, 0.013944572772145166], "k2_x2h_pos_nimmi_syn_avg": [0.42192418132702914, 0.10975623939618515, 0.05239396444758327], "k2_x2h_pos_nimmi_syn_sem": [0.02713777126413516, 0.025009302500097596, 0.02087097565247218]}