{"avg_reward": 0.1648916362180619, "accuracy": 0.8333333333333334, "k2_x2h_ray_imin_syn_avg": [0.6595746341254579, 0.28595080629613606, 0.06130301671014507], "k2_x2h_ray_imin_syn_sem": [0.047178344834939843, 0.05401875167502105, 0.01781464595864081], "k2_x2h_ray_immi_syn_avg": [0.7898129107248518, 0.36705062857219084, 0.071312049162971], "k2_x2h_ray_immi_syn_sem": [0.02728362852783119, 0.06904657857321986, 0.020500944516946385], "k2_x2h_pos_imin_syn_avg": [0.7899067442986194, 0.28595080629613606, 0.06130301671014507], "k2_x2h_pos_imin_syn_sem": [0.0716516706672025, 0.05401875167502105, 0.01781464595864081], "k2_x2h_pos_immi_syn_avg": [0.9530269684808695, 0.36705062857219084, 0.071312049162971], "k2_x2h_pos_immi_syn_sem": [0.12363981343483928, 0.06904657857321986, 0.020500944516946385], "k2_x2h_ray_mi_avg": [2.0051463418073103, 1.5845802063380234, 0.573369767730585], "k2_x2h_ray_mi_sem": [0.14135848692029587, 0.11717288349210432, 0.06132397351019789], "k2_x2h_ray_nimin_syn_avg": [0.328912837042652, 0.1243307410301028, 0.05830111189162295], "k2_x2h_ray_nimin_syn_sem": [0.0018979819579843238, 0.021038729156377653, 0.01752989907948808], "k2_x2h_ray_nimmi_syn_avg": [0.3970471420465887, 0.16323519678317924, 0.06754046063490726], "k2_x2h_ray_nimmi_syn_sem": [0.025169139544414215, 0.026755655956039886, 0.01991045550777222], "k2_x2h_pos_mi_avg": [2.2030206719098073, 1.5845802063380234, 0.573369767730585], "k2_x2h_pos_mi_sem": [0.1639935373833908, 0.11717288349210432, 0.06132397351019789], "k2_x2h_pos_nimin_syn_avg": [0.3577051977914854, 0.1243307410301028, 0.05830111189162295], "k2_x2h_pos_nimin_syn_sem": [0.008766131851179314, 0.021038729156377653, 0.01752989907948808], "k2_x2h_pos_nimmi_syn_avg": [0.4290464017336964, 0.16323519678317924, 0.06754046063490726], "k2_x2h_pos_nimmi_syn_sem": [0.02642838409353382, 0.026755655956039886, 0.01991045550777222]}