{"avg_reward": 0.19745715294857158, "accuracy": 0.6666666666666666, "k2_x2h_ray_imin_syn_avg": [0.3301121388301436, 0.04661632771466429, 0.037493556418803864], "k2_x2h_ray_imin_syn_sem": [0.008264621802278452, 0.02635103159103384, 0.00964636096103912], "k2_x2h_ray_immi_syn_avg": [0.4137241564405472, 0.06937176689927406, 0.05380220531102148], "k2_x2h_ray_immi_syn_sem": [0.019016076165823223, 0.039157761274797434, 0.014575364255300021], "k2_x2h_pos_imin_syn_avg": [0.29795572425774314, 0.04661632771466429, 0.037493556418803864], "k2_x2h_pos_imin_syn_sem": [0.028726652073478538, 0.02635103159103384, 0.00964636096103912], "k2_x2h_pos_immi_syn_avg": [0.34917676932278435, 0.06937176689927406, 0.05380220531102148], "k2_x2h_pos_immi_syn_sem": [0.054059767136160404, 0.039157761274797434, 0.014575364255300021], "k2_x2h_ray_mi_avg": [0.9251455322972895, 0.8168349961567472, 0.3569751048625929], "k2_x2h_ray_mi_sem": [0.08236673697805379, 0.12426870797617291, 0.035505523097851384], "k2_x2h_ray_nimin_syn_avg": [0.36445912123277724, 0.018197283802583303, 0.0067591884187240036], "k2_x2h_ray_nimin_syn_sem": [0.04348413514544375, 0.010296655942633877, 0.03094126120873133], "k2_x2h_ray_nimmi_syn_avg": [0.45715100983617735, 0.02706385991368334, 0.08890513162067548], "k2_x2h_ray_nimmi_syn_sem": [0.059039039126486864, 0.015281394513071967, 0.02191661302744553], "k2_x2h_pos_mi_avg": [1.462586424865003, 0.8168349961567472, 0.3569751048625929], "k2_x2h_pos_mi_sem": [0.054059767136160404, 0.12426870797617291, 0.035505523097851384], "k2_x2h_pos_nimin_syn_avg": [0.20282992231880057, 0.018197283802583303, 0.0067591884187240036], "k2_x2h_pos_nimin_syn_sem": [0.01243096995745923, 0.010296655942633877, 0.03094126120873133], "k2_x2h_pos_nimmi_syn_avg": [0.23665984622106206, 0.02706385991368334, 0.08890513162067548], "k2_x2h_pos_nimmi_syn_sem": [0.028148072488936176, 0.015281394513071967, 0.02191661302744553]}