{"avg_reward": 0.20630886844683557, "accuracy": 0.75, "k2_x2h_ray_imin_syn_avg": [0.47118624240251883, 0.05590274836757346, 0.11004488500057717], "k2_x2h_ray_imin_syn_sem": [0.028407507845522772, 0.032077411634918236, 0.015262622281470043], "k2_x2h_ray_immi_syn_avg": [0.5506855507925227, 0.07035579229695953, 0.159501039687501], "k2_x2h_ray_immi_syn_sem": [0.029082149443456544, 0.03971437428254433, 0.018594054010010366], "k2_x2h_pos_imin_syn_avg": [0.3272503465174944, 0.05590274836757346, 0.11004488500057717], "k2_x2h_pos_imin_syn_sem": [0.02032212260392129, 0.032077411634918236, 0.015262622281470043], "k2_x2h_pos_immi_syn_avg": [0.5109875559887666, 0.07035579229695953, 0.159501039687501], "k2_x2h_pos_immi_syn_sem": [0.03151851919233549, 0.03971437428254433, 0.018594054010010366], "k2_x2h_ray_mi_avg": [1.3213196480422198, 0.8288644579390346, 0.5814826684842135], "k2_x2h_ray_mi_sem": [0.13407151931947126, 0.1273280437248214, 0.02840021545132847], "k2_x2h_ray_nimin_syn_avg": [0.3695670952865046, 0.0211509948722948, 0.16105352280380003], "k2_x2h_ray_nimin_syn_sem": [0.06433000810677171, 0.012016423157987267, 0.019511892492585173], "k2_x2h_ray_nimmi_syn_avg": [0.43162678289799894, 0.026916497448416107, 0.24232565439940612], "k2_x2h_ray_nimmi_syn_sem": [0.07322032727642208, 0.015218064899510657, 0.02511985194615689], "k2_x2h_pos_mi_avg": [1.3318731609170789, 0.8288644579390346, 0.5814826684842135], "k2_x2h_pos_mi_sem": [0.08793863240441423, 0.1273280437248214, 0.02840021545132847], "k2_x2h_pos_nimin_syn_avg": [0.2487107232543985, 0.0211509948722948, 0.16105352280380003], "k2_x2h_pos_nimin_syn_sem": [0.02677593398407663, 0.012016423157987267, 0.019511892492585173], "k2_x2h_pos_nimmi_syn_avg": [0.38386987798549294, 0.026916497448416107, 0.24232565439940612], "k2_x2h_pos_nimmi_syn_sem": [0.001727096504299221, 0.015218064899510657, 0.02511985194615689]}