{"avg_reward_avg": 1.0, "avg_reward_sem": 0.0, "accuracy_avg": 1.0, "accuracy_sem": 0.0, "k2_x2h_imin_syn_avg_avg": [0.35, 0.007222222222222227, 0.0], "k2_x2h_imin_syn_avg_sem": [0.07637626158259733, 0.004832588278036995, 0.0], "k2_x2h_imin_syn_sem_avg": [NaN, 0.0026471494171984205, 0.0], "k2_x2h_imin_syn_sem_sem": [NaN, 0.0017658976849260443, 0.0], "k2_x2h_mi_avg_avg": [1.35, 0.9205012499759615, 1.0], "k2_x2h_mi_avg_sem": [0.07637626158259733, 0.03284043036778733, 0.0], "k2_x2h_mi_sem_avg": [NaN, 0.03764339794634537, 0.0], "k2_x2h_mi_sem_sem": [NaN, 0.005933659023752857, 0.0], "k2_x2h_immi_syn_avg_avg": [0.35, 0.014444444444444444, 0.0], "k2_x2h_immi_syn_avg_sem": [0.07637626158259733, 0.009665176556073992, 0.0], "k2_x2h_immi_syn_sem_avg": [NaN, 0.005294298834396837, 0.0], "k2_x2h_immi_syn_sem_sem": [NaN, 0.0035317953698520894, 0.0], "k2_x2h_nimin_syn_avg_avg": [0.2333333333333333, 0.004814814814814829, 0.0], "k2_x2h_nimin_syn_avg_sem": [0.05091750772173156, 0.0032217255186913294, 0.0], "k2_x2h_nimin_syn_sem_avg": [NaN, 0.0017647662781322855, 0.0], "k2_x2h_nimin_syn_sem_sem": [NaN, 0.0011772651232840284, 0.0], "k2_x2h_nimmi_syn_avg_avg": [0.2333333333333333, 0.009629629629629629, 0.0], "k2_x2h_nimmi_syn_avg_sem": [0.05091750772173156, 0.006443451037382659, 0.0], "k2_x2h_nimmi_syn_sem_avg": [NaN, 0.003529532556264557, 0.0], "k2_x2h_nimmi_syn_sem_sem": [NaN, 0.002354530246568059, 0.0], "k2_x2h_imin_red_avg_avg": [0.35, 0.4702999096705394, 0.9400000000000001], "k2_x2h_imin_red_avg_sem": [0.07637626158259733, 0.06412962725192053, 0.030550504633038923], "k2_x2h_imin_red_sem_avg": [NaN, 0.06504141712756314, 0.018090680674665818], "k2_x2h_imin_red_sem_sem": [NaN, 0.003393929116934432, 0.009211323729436767], "k2_x2h_immi_red_avg_avg": [0.35, 0.4775221318927615, 0.9400000000000001], "k2_x2h_immi_red_avg_sem": [0.07637626158259733, 0.0645155356554736, 0.030550504633038923], "k2_x2h_immi_red_sem_avg": [NaN, 0.06546652639664192, 0.018090680674665818], "k2_x2h_immi_red_sem_sem": [NaN, 0.003460096666804463, 0.009211323729436767], "k2_x2h_nimin_red_avg_avg": [0.2333333333333333, 0.46489500921278476, 0.9400000000000001], "k2_x2h_nimin_red_avg_sem": [0.05091750772173156, 0.06407817869133829, 0.030550504633038923], "k2_x2h_nimin_red_sem_avg": [NaN, 0.06505036615765916, 0.018090680674665818], "k2_x2h_nimin_red_sem_sem": [NaN, 0.0033964164929746908, 0.009211323729436767], "k2_x2h_nimmi_red_avg_avg": [0.2333333333333333, 0.46970982402759953, 0.9400000000000001], "k2_x2h_nimmi_red_avg_sem": [0.05091750772173156, 0.06411409267969366, 0.030550504633038923], "k2_x2h_nimmi_red_sem_avg": [NaN, 0.06502857971142159, 0.018090680674665818], "k2_x2h_nimmi_red_sem_sem": [NaN, 0.003392341871844263, 0.009211323729436767], "x2h_imin_syn_avg": [0.35, 0.0, 0.0], "x2h_imin_syn_sem": [0.07637626158259733, 0.0, 0.0], "x2h_mi_avg": [1.35, 1.1, 1.0], "x2h_mi_sem": [0.07637626158259733, 0.06666666666666665, 0.0], "x2h_immi_syn_avg": [0.35, 0.0, 0.0], "x2h_immi_syn_sem": [0.07637626158259733, 0.0, 0.0], "x2h_nimin_syn_avg": [0.2333333333333333, 0.0, 0.0], "x2h_nimin_syn_sem": [0.05091750772173156, 0.0, 0.0], "x2h_nimmi_syn_avg": [0.2333333333333333, 0.0, 0.0], "x2h_nimmi_syn_sem": [0.05091750772173156, 0.0, 0.0], "x2h_imin_red_avg": [0.35, 0.031127812445913283, 0.7], "x2h_imin_red_sem": [0.07637626158259733, 0.03112781244591328, 0.15275252316519466], "x2h_immi_red_avg": [0.35, 0.031127812445913294, 0.7], "x2h_immi_red_sem": [0.07637626158259733, 0.031127812445913294, 0.15275252316519466], "x2h_nimin_red_avg": [0.2333333333333333, 0.031127812445913283, 0.7], "x2h_nimin_red_sem": [0.05091750772173156, 0.03112781244591328, 0.15275252316519466], "x2h_nimmi_red_avg": [0.2333333333333333, 0.031127812445913294, 0.7], "x2h_nimmi_red_sem": [0.05091750772173156, 0.031127812445913294, 0.15275252316519466]}