{"avg_reward": 0.9725, "accuracy": 0.87, "k2_xh2h_immi_syn_avg": [0.1418141251426976], "k2_xh2h_immi_syn_sem": [0.023707129877237876], "k2_xh2h_mi_avg": [0.5057367449630445], "k2_xh2h_mi_sem": [0.058662720353718625], "k2_xh2h_nimmi_syn_avg": [0.33487659358540756], "k2_xh2h_nimmi_syn_sem": [0.025638666509564614]}