{"avg_reward": 0.9675, "accuracy": 0.84, "k2_xh2h_immi_syn_avg": [0.11500322607566231], "k2_xh2h_immi_syn_sem": [0.010240753991736948], "k2_xh2h_mi_avg": [0.4418200228715759], "k2_xh2h_mi_sem": [0.048899810147934826], "k2_xh2h_nimmi_syn_avg": [0.35292771132367623], "k2_xh2h_nimmi_syn_sem": [0.02538603828635711]}