{"avg_reward": 0.9745, "accuracy": 0.88, "k2_xh2h_immi_syn_avg": [0.14978313205250174], "k2_xh2h_immi_syn_sem": [0.023428188798403603], "k2_xh2h_mi_avg": [0.5812732724511958], "k2_xh2h_mi_sem": [0.05526423622642518], "k2_xh2h_nimmi_syn_avg": [0.3078746653014065], "k2_xh2h_nimmi_syn_sem": [0.026594377741643773]}