{"avg_reward": 0.9655, "accuracy": 0.825, "k2_xh2h_immi_syn_avg": [0.1121393295302414], "k2_xh2h_immi_syn_sem": [0.022092311992395895], "k2_xh2h_mi_avg": [0.41881802827789544], "k2_xh2h_mi_sem": [0.054071992419867335], "k2_xh2h_nimmi_syn_avg": [0.33080371315749296], "k2_xh2h_nimmi_syn_sem": [0.023135456306440174]}