{"avg_reward": 0.976, "accuracy": 0.875, "k2_xh2h_immi_syn_avg": [0.11413028899108303], "k2_xh2h_immi_syn_sem": [0.012325057771734954], "k2_xh2h_mi_avg": [0.5010578425092004], "k2_xh2h_mi_sem": [0.04863273356490812], "k2_xh2h_nimmi_syn_avg": [0.3119339072554923], "k2_xh2h_nimmi_syn_sem": [0.025993534203600406]}