{"avg_reward": 0.978, "accuracy": 0.88, "k2_xh2h_immi_syn_avg": [0.15047216490674367], "k2_xh2h_immi_syn_sem": [0.019533366484561773], "k2_xh2h_mi_avg": [0.49112466185648884], "k2_xh2h_mi_sem": [0.05195894414155924], "k2_xh2h_nimmi_syn_avg": [0.34788111342225964], "k2_xh2h_nimmi_syn_sem": [0.024395836166241122]}