{"avg_reward": 0.953, "accuracy": 0.76, "k2_xh2h_immi_syn_avg": [0.09813330813317239], "k2_xh2h_immi_syn_sem": [0.004018871568321847], "k2_xh2h_mi_avg": [0.46275952005188664], "k2_xh2h_mi_sem": [0.04816854789098672], "k2_xh2h_nimmi_syn_avg": [0.3115690065085287], "k2_xh2h_nimmi_syn_sem": [0.025750555832034863]}