{"avg_reward": 0.975, "accuracy": 0.875, "k2_xh2h_immi_syn_avg": [0.11399854152260573], "k2_xh2h_immi_syn_sem": [0.0044836819868956925], "k2_xh2h_mi_avg": [0.39581483094367964], "k2_xh2h_mi_sem": [0.03955915766064339], "k2_xh2h_nimmi_syn_avg": [0.38052686018879733], "k2_xh2h_nimmi_syn_sem": [0.02494187367380697]}