{"avg_reward": 0.020212346601234794, "accuracy": 0.75, "k2_x2h_ray_imin_syn_avg": [0.18188238562489922, 0.0208759374566129, 0.007199720653842354], "k2_x2h_ray_imin_syn_sem": [0.029786449435725084, 0.008012386051395405, 0.0019305768151802812], "k2_x2h_ray_immi_syn_avg": [0.23825639643024635, 0.062344122492824124, 0.008534713810512814], "k2_x2h_ray_immi_syn_sem": [0.02364729442046743, 0.02166846669427023, 0.002643953044953142], "k2_x2h_pos_imin_syn_avg": [0.19897143387049945, 0.0208759374566129, 0.007199720653842354], "k2_x2h_pos_imin_syn_sem": [0.05477189800102241, 0.008012386051395405, 0.0019305768151802812], "k2_x2h_pos_immi_syn_avg": [0.2781916405132991, 0.062344122492824124, 0.008534713810512814], "k2_x2h_pos_immi_syn_sem": [0.040005014620116186, 0.02166846669427023, 0.002643953044953142], "k2_x2h_ray_mi_avg": [0.9624125929169852, 0.7746820784526472, 0.3782531893146861], "k2_x2h_ray_mi_sem": [0.19981925081486876, 0.08948907413911654, 0.04352279710959252], "k2_x2h_ray_nimin_syn_avg": [0.2090572400002324, 0.013577140621099305, 0.04305968730231979], "k2_x2h_ray_nimin_syn_sem": [0.05581763388864003, 0.004935179521217382, 0.012169863707089057], "k2_x2h_ray_nimmi_syn_avg": [0.2832078928892029, 0.04161661220119321, 0.048630550072894824], "k2_x2h_ray_nimmi_syn_sem": [0.08910801462710369, 0.013781654498453288, 0.014524808525578447], "k2_x2h_pos_mi_avg": [1.3347212604701941, 0.7746820784526472, 0.3782531893146861], "k2_x2h_pos_mi_sem": [0.040005014620116186, 0.08948907413911654, 0.04352279710959252], "k2_x2h_pos_nimin_syn_avg": [0.14694965622820996, 0.013577140621099305, 0.04305968730231979], "k2_x2h_pos_nimin_syn_sem": [0.03559974167941376, 0.004935179521217382, 0.012169863707089057], "k2_x2h_pos_nimmi_syn_avg": [0.2070435153003686, 0.04161661220119321, 0.048630550072894824], "k2_x2h_pos_nimmi_syn_sem": [0.023075343115855473, 0.013781654498453288, 0.014524808525578447]}