{"avg_reward": 0.01651635139018937, "accuracy": 0.75, "k2_x2h_ray_imin_syn_avg": [0.3130869207772761, 0.03244234011386488, 0.038200272908932055], "k2_x2h_ray_imin_syn_sem": [0.061929942811691285, 0.010747161017548256, 0.008807013162830134], "k2_x2h_ray_immi_syn_avg": [0.420278000021475, 0.059172028092861914, 0.06208516120174043], "k2_x2h_ray_immi_syn_sem": [0.05809892729394441, 0.019652581886075254, 0.012822483669298232], "k2_x2h_pos_imin_syn_avg": [0.35640436439674267, 0.03244234011386488, 0.038200272908932055], "k2_x2h_pos_imin_syn_sem": [0.01856269840788491, 0.010747161017548256, 0.008807013162830134], "k2_x2h_pos_immi_syn_avg": [0.5040060606265367, 0.059172028092861914, 0.06208516120174043], "k2_x2h_pos_immi_syn_sem": [0.014066170566998706, 0.019652581886075254, 0.012822483669298232], "k2_x2h_ray_mi_avg": [0.9097245440984804, 0.5541345731279799, 0.356939177465132], "k2_x2h_ray_mi_sem": [0.05142196159556298, 0.06540189372860454, 0.030724936423058492], "k2_x2h_ray_nimin_syn_avg": [0.3383606594002206, 0.029928209675843177, 0.07213434659260623], "k2_x2h_ray_nimin_syn_sem": [0.051979593710670055, 0.009074529662000149, 0.014942232847414312], "k2_x2h_ray_nimmi_syn_avg": [0.45763847125976415, 0.057243984144469844, 0.11926645463084423], "k2_x2h_ray_nimmi_syn_sem": [0.04153574504726112, 0.01812318836836536, 0.02220203995877049], "k2_x2h_pos_mi_avg": [1.0080395434366338, 0.5541345731279799, 0.356939177465132], "k2_x2h_pos_mi_sem": [0.014143380999809862, 0.06540189372860454, 0.030724936423058492], "k2_x2h_pos_nimin_syn_avg": [0.3540853471420004, 0.029928209675843177, 0.07213434659260623], "k2_x2h_pos_nimin_syn_sem": [0.022316996082203753, 0.009074529662000149, 0.014942232847414312], "k2_x2h_pos_nimmi_syn_avg": [0.49978904707606553, 0.057243984144469844, 0.11926645463084423], "k2_x2h_pos_nimmi_syn_sem": [0.007034217827244573, 0.01812318836836536, 0.02220203995877049]}