{"avg_reward": 0.012462950037546595, "accuracy": 0.75, "k2_x2h_ray_imin_syn_avg": [0.5538088049858957, 0.20486907007871263, 0.21357915842222985], "k2_x2h_ray_imin_syn_sem": [0.04576768706466543, 0.039769268864485854, 0.016116346886287138], "k2_x2h_ray_immi_syn_avg": [0.6980999835467765, 0.3135692846984021, 0.27471121629747425], "k2_x2h_ray_immi_syn_sem": [0.041868872940238416, 0.05542166531877462, 0.01767766456159112], "k2_x2h_pos_imin_syn_avg": [0.5680517265409107, 0.20486907007871263, 0.21357915842222985], "k2_x2h_pos_imin_syn_sem": [0.05408545480867246, 0.039769268864485854, 0.016116346886287138], "k2_x2h_pos_immi_syn_avg": [0.6784142411381774, 0.3135692846984021, 0.27471121629747425], "k2_x2h_pos_immi_syn_sem": [0.08244531190491006, 0.05542166531877462, 0.01767766456159112], "k2_x2h_ray_mi_avg": [1.8756383196391189, 1.5016380050714566, 0.7903647096570937], "k2_x2h_ray_mi_sem": [0.08495176929253177, 0.10176110532919136, 0.0314508466665601], "k2_x2h_ray_nimin_syn_avg": [0.29529198588731553, 0.09634130205377672, 0.2703514943333201], "k2_x2h_ray_nimin_syn_sem": [0.019935344982328324, 0.016945364969725082, 0.016256581804489943], "k2_x2h_ray_nimmi_syn_avg": [0.3734348079700028, 0.15170685548298893, 0.35366035961276704], "k2_x2h_ray_nimmi_syn_sem": [0.026282316733337627, 0.02562374256207572, 0.018400434316171187], "k2_x2h_pos_mi_avg": [2.2904728414822775, 1.5016380050714566, 0.7903647096570937], "k2_x2h_pos_mi_sem": [0.08244531190490989, 0.10176110532919136, 0.0314508466665601], "k2_x2h_pos_nimin_syn_avg": [0.24699426945164996, 0.09634130205377672, 0.2703514943333201], "k2_x2h_pos_nimin_syn_sem": [0.014301457060482805, 0.016945364969725082, 0.016256581804489943], "k2_x2h_pos_nimmi_syn_avg": [0.294422225164955, 0.15170685548298893, 0.35366035961276704], "k2_x2h_pos_nimmi_syn_sem": [0.02455170011212365, 0.02562374256207572, 0.018400434316171187]}