{"avg_reward": 0.031114635769512126, "accuracy": 0.75, "k2_x2h_ray_imin_syn_avg": [0.633827721132224, 0.12053669005404638, 0.030090910512980084], "k2_x2h_ray_imin_syn_sem": [0.014370774408522007, 0.03013331900596786, 0.010552182148594623], "k2_x2h_ray_immi_syn_avg": [0.7719774689499888, 0.20362546254847602, 0.0374950016214984], "k2_x2h_ray_immi_syn_sem": [0.022603562215594192, 0.046297074095345926, 0.013768961653724132], "k2_x2h_pos_imin_syn_avg": [0.6855119320846711, 0.12053669005404638, 0.030090910512980084], "k2_x2h_pos_imin_syn_sem": [0.054682229665879004, 0.03013331900596786, 0.010552182148594623], "k2_x2h_pos_immi_syn_avg": [0.8076112904934633, 0.20362546254847602, 0.0374950016214984], "k2_x2h_pos_immi_syn_sem": [0.09338581707097089, 0.046297074095345926, 0.013768961653724132], "k2_x2h_ray_mi_avg": [1.7992502212680879, 1.005305836290865, 0.29484833839020375], "k2_x2h_ray_mi_sem": [0.048533683841787904, 0.08727537177187843, 0.0428827912051966], "k2_x2h_ray_nimin_syn_avg": [0.3528721857321003, 0.07046631235761382, 0.056312988842255676], "k2_x2h_ray_nimin_syn_sem": [0.01360768856217371, 0.016593445359489218, 0.017200022022484076], "k2_x2h_ray_nimmi_syn_avg": [0.43028046434872963, 0.12308860709156863, 0.06577383886262703], "k2_x2h_ray_nimmi_syn_sem": [0.023790578764786272, 0.02701315768684585, 0.020402417609818185], "k2_x2h_pos_mi_avg": [2.3912213254308043, 1.005305836290865, 0.29484833839020375], "k2_x2h_pos_mi_sem": [0.09338581707097089, 0.08727537177187843, 0.0428827912051966], "k2_x2h_pos_nimin_syn_avg": [0.28585443989640585, 0.07046631235761382, 0.056312988842255676], "k2_x2h_pos_nimin_syn_sem": [0.012001546257994532, 0.016593445359489218, 0.017200022022484076], "k2_x2h_pos_nimmi_syn_avg": [0.3357875958558402, 0.12308860709156863, 0.06577383886262703], "k2_x2h_pos_nimmi_syn_sem": [0.02499883750160115, 0.02701315768684585, 0.020402417609818185]}