{"avg_reward": 0.06895065139610397, "accuracy": 0.75, "k2_x2h_ray_imin_syn_avg": [0.20132025437817866, 0.021094406042823543, 0.1268421343788861], "k2_x2h_ray_imin_syn_sem": [0.045014566233183916, 0.008587114285201472, 0.0262223139127989], "k2_x2h_ray_immi_syn_avg": [0.2143281703499437, 0.037358574995665646, 0.1591335758910924], "k2_x2h_ray_immi_syn_sem": [0.03245281901657814, 0.015559731003521449, 0.03326076471591135], "k2_x2h_pos_imin_syn_avg": [0.12180130973754048, 0.021094406042823543, 0.1268421343788861], "k2_x2h_pos_imin_syn_sem": [0.03481808980956695, 0.008587114285201472, 0.0262223139127989], "k2_x2h_pos_immi_syn_avg": [0.12354883121385567, 0.037358574995665646, 0.1591335758910924], "k2_x2h_pos_immi_syn_sem": [0.03654473646038302, 0.015559731003521449, 0.03326076471591135], "k2_x2h_ray_mi_avg": [0.637095423303213, 0.5925444414541289, 0.8063705827157688], "k2_x2h_ray_mi_sem": [0.03219632308559516, 0.08336311135205589, 0.06501367915063148], "k2_x2h_ray_nimin_syn_avg": [0.31518889688267776, 0.01603432495315029, 0.10456711725495818], "k2_x2h_ray_nimin_syn_sem": [0.06971547557704015, 0.006415750219154513, 0.02006479572686682], "k2_x2h_ray_nimmi_syn_avg": [0.3365186042314498, 0.029953086221878634, 0.12982973304724746], "k2_x2h_ray_nimmi_syn_sem": [0.05064461290924389, 0.012947552269345386, 0.02539521873201482], "k2_x2h_pos_mi_avg": [1.306921562502956, 0.5925444414541289, 0.8063705827157688], "k2_x2h_pos_mi_sem": [0.03654473646038302, 0.08336311135205589, 0.06501367915063148], "k2_x2h_pos_nimin_syn_avg": [0.09188360688780416, 0.01603432495315029, 0.10456711725495818], "k2_x2h_pos_nimin_syn_sem": [0.02349221202314687, 0.006415750219154513, 0.02006479572686682], "k2_x2h_pos_nimmi_syn_avg": [0.09315068019862689, 0.029953086221878634, 0.12982973304724746], "k2_x2h_pos_nimmi_syn_sem": [0.024741472231055446, 0.012947552269345386, 0.02539521873201482]}