{"avg_reward": 0.018419445064583206, "accuracy": 0.75, "k2_x2h_ray_imin_syn_avg": [0.42361560529749315, 0.11325229530039438, 0.036788328821700786], "k2_x2h_ray_imin_syn_sem": [0.12581499645330058, 0.03333886484316776, 0.007651302814164842], "k2_x2h_ray_immi_syn_avg": [0.6305609849149526, 0.16575593937985572, 0.057604926580799194], "k2_x2h_ray_immi_syn_sem": [0.14345764680293085, 0.04519531188990644, 0.013144967572267543], "k2_x2h_pos_imin_syn_avg": [0.44744640779914246, 0.11325229530039438, 0.036788328821700786], "k2_x2h_pos_imin_syn_sem": [0.12856460437712292, 0.03333886484316776, 0.007651302814164842], "k2_x2h_pos_immi_syn_avg": [0.5466299612616217, 0.16575593937985572, 0.057604926580799194], "k2_x2h_pos_immi_syn_sem": [0.1261622560090678, 0.04519531188990644, 0.013144967572267543], "k2_x2h_ray_mi_avg": [1.7304192542258077, 1.0272745863453678, 0.40891670219096676], "k2_x2h_ray_mi_sem": [0.28098614463756477, 0.10264762319855265, 0.029068609812112383], "k2_x2h_ray_nimin_syn_avg": [0.23553997104048893, 0.05906372953162917, 0.07200590404498149], "k2_x2h_ray_nimin_syn_sem": [0.03679390859920159, 0.01585808501552749, 0.013375987411973106], "k2_x2h_ray_nimmi_syn_avg": [0.3575757443736563, 0.0895536027867562, 0.10810241335625109], "k2_x2h_ray_nimmi_syn_sem": [0.028790073319007008, 0.02285912145344417, 0.020456985553731596], "k2_x2h_pos_mi_avg": [2.338531744527365, 1.0272745863453678, 0.40891670219096676], "k2_x2h_pos_mi_sem": [0.1261622560090678, 0.10264762319855265, 0.029068609812112383], "k2_x2h_pos_nimin_syn_avg": [0.18660183638650818, 0.05906372953162917, 0.07200590404498149], "k2_x2h_pos_nimin_syn_sem": [0.044220112412663166, 0.01585808501552749, 0.013375987411973106], "k2_x2h_pos_nimmi_syn_avg": [0.22937194541175576, 0.0895536027867562, 0.10810241335625109], "k2_x2h_pos_nimmi_syn_sem": [0.04061499618970333, 0.02285912145344417, 0.020456985553731596]}