{"avg_reward": 1.0, "accuracy": 1.0, "k2_x2h_imin_syn_avg": [1.0, 0.2158312500400642, 0.17570597253472325], "k2_x2h_imin_syn_sem": [NaN, 0.022685660789895083, 0.03770593175828901], "k2_x2h_mi_avg": [2.0, 1.7513617360990918, 0.6928654860269762], "k2_x2h_mi_sem": [NaN, 0.04282401923838652, 0.04249445785394058], "k2_x2h_immi_syn_avg": [1.0, 0.3876357639489853, 0.21029243080796023], "k2_x2h_immi_syn_sem": [NaN, 0.03630623302699381, 0.036516464635940875], "k2_x2h_nimin_syn_avg": [0.5, 0.11703564817485762, 0.204026806108442], "k2_x2h_nimin_syn_sem": [NaN, 0.01218971053289806, 0.03662485446816465], "k2_x2h_nimmi_syn_avg": [0.5, 0.21397939818821238, 0.27319972265491593], "k2_x2h_nimmi_syn_sem": [NaN, 0.0217667300661776, 0.03810054301760755], "k2_x2h_imin_red_avg": [1.0, 0.8134920135082789, 0.2808854856423595], "k2_x2h_imin_red_sem": [NaN, 0.053965602612929535, 0.00886312876589386], "k2_x2h_immi_red_avg": [1.0, 0.9852965274172001, 0.31547194391559663], "k2_x2h_immi_red_sem": [NaN, 0.04239514542713553, 0.00419381945646371], "k2_x2h_nimin_red_avg": [0.5, 0.4843121409880247, 0.47794479112579935], "k2_x2h_nimin_red_sem": [NaN, 0.03790077539068688, 0.03594435254030351], "k2_x2h_nimmi_red_avg": [0.5, 0.5812558910013794, 0.5471177076722735], "k2_x2h_nimmi_red_sem": [NaN, 0.030647976058288427, 0.036217357769926635], "k2_x2h_tuples_syn": [{"imin_syn_0_1": 1.0, "mi_0_1": 2.0, "immi_syn_0_1": 1.0, "nimin_syn_0_1": 0.5, "nimmi_syn_0_1": 0.5}, {"imin_syn_0_1": 0.25, "mi_0_1": 2.0, "immi_syn_0_1": 0.5, "nimin_syn_0_1": 0.125, "nimmi_syn_0_1": 0.25, "imin_syn_0_2": 0.5, "mi_0_2": 2.0, "immi_syn_0_2": 0.5, "nimin_syn_0_2": 0.25, "nimmi_syn_0_2": 0.25, "imin_syn_0_3": 0.0, "mi_0_3": 1.5, "immi_syn_0_3": 0.0, "nimin_syn_0_3": 0.0, "nimmi_syn_0_3": 0.0, "imin_syn_0_4": 0.0, "mi_0_4": 1.5, "immi_syn_0_4": 0.0, "nimin_syn_0_4": 0.0, "nimmi_syn_0_4": 0.0, "imin_syn_0_5": 0.25, "mi_0_5": 2.0, "immi_syn_0_5": 0.5, "nimin_syn_0_5": 0.125, "nimmi_syn_0_5": 0.25, "imin_syn_0_6": 0.25, "mi_0_6": 2.0, "immi_syn_0_6": 0.5, "nimin_syn_0_6": 0.125, "nimmi_syn_0_6": 0.25, "imin_syn_0_7": 0.25, "mi_0_7": 2.0, "immi_syn_0_7": 0.5, "nimin_syn_0_7": 0.125, "nimmi_syn_0_7": 0.25, "imin_syn_0_8": 0.0, "mi_0_8": 1.5, "immi_syn_0_8": 0.0, "nimin_syn_0_8": 0.0, "nimmi_syn_0_8": 0.0, "imin_syn_0_9": 0.0, "mi_0_9": 1.5, "immi_syn_0_9": 0.0, "nimin_syn_0_9": 0.0, "nimmi_syn_0_9": 0.0, "imin_syn_1_2": 0.25, "mi_1_2": 1.5, "immi_syn_1_2": 0.5, "nimin_syn_1_2": 0.16666666666666666, "nimmi_syn_1_2": 0.3333333333333333, "imin_syn_1_3": 0.25, "mi_1_3": 2.0, "immi_syn_1_3": 0.5, "nimin_syn_1_3": 0.125, "nimmi_syn_1_3": 0.25, "imin_syn_1_4": 0.25, "mi_1_4": 2.0, "immi_syn_1_4": 0.5, "nimin_syn_1_4": 0.125, "nimmi_syn_1_4": 0.25, "imin_syn_1_5": 0.0, "mi_1_5": 1.5, "immi_syn_1_5": 0.0, "nimin_syn_1_5": 0.0, "nimmi_syn_1_5": 0.0, "imin_syn_1_6": 0.29248125036057804, "mi_1_6": 1.5, "immi_syn_1_6": 0.6887218755408671, "nimin_syn_1_6": 0.19498750024038536, "nimmi_syn_1_6": 0.4591479170272447, "imin_syn_1_7": 0.29248125036057804, "mi_1_7": 1.5, "immi_syn_1_7": 0.6887218755408671, "nimin_syn_1_7": 0.19498750024038536, "nimmi_syn_1_7": 0.4591479170272447, "imin_syn_1_8": 0.25, "mi_1_8": 2.0, "immi_syn_1_8": 0.5, "nimin_syn_1_8": 0.125, "nimmi_syn_1_8": 0.25, "imin_syn_1_9": 0.29248125036057804, "mi_1_9": 1.5, "immi_syn_1_9": 0.6887218755408671, "nimin_syn_1_9": 0.19498750024038536, "nimmi_syn_1_9": 0.4591479170272447, "imin_syn_2_3": 0.5, "mi_2_3": 2.0, "immi_syn_2_3": 0.5, "nimin_syn_2_3": 0.25, "nimmi_syn_2_3": 0.25, "imin_syn_2_4": 0.5, "mi_2_4": 2.0, "immi_syn_2_4": 0.5, "nimin_syn_2_4": 0.25, "nimmi_syn_2_4": 0.25, "imin_syn_2_5": 0.5, "mi_2_5": 2.0, "immi_syn_2_5": 0.5, "nimin_syn_2_5": 0.25, "nimmi_syn_2_5": 0.25, "imin_syn_2_6": 0.25, "mi_2_6": 1.5, "immi_syn_2_6": 0.5, "nimin_syn_2_6": 0.16666666666666666, "nimmi_syn_2_6": 0.3333333333333333, "imin_syn_2_7": 0.25, "mi_2_7": 1.5, "immi_syn_2_7": 0.5, "nimin_syn_2_7": 0.16666666666666666, "nimmi_syn_2_7": 0.3333333333333333, "imin_syn_2_8": 0.5, "mi_2_8": 2.0, "immi_syn_2_8": 0.5, "nimin_syn_2_8": 0.25, "nimmi_syn_2_8": 0.25, "imin_syn_2_9": 0.25, "mi_2_9": 1.5, "immi_syn_2_9": 0.5, "nimin_syn_2_9": 0.16666666666666666, "nimmi_syn_2_9": 0.3333333333333333, "imin_syn_3_4": 0.0, "mi_3_4": 1.5, "immi_syn_3_4": 0.0, "nimin_syn_3_4": 0.0, "nimmi_syn_3_4": 0.0, "imin_syn_3_5": 0.25, "mi_3_5": 2.0, "immi_syn_3_5": 0.5, "nimin_syn_3_5": 0.125, "nimmi_syn_3_5": 0.25, "imin_syn_3_6": 0.25, "mi_3_6": 2.0, "immi_syn_3_6": 0.5, "nimin_syn_3_6": 0.125, "nimmi_syn_3_6": 0.25, "imin_syn_3_7": 0.25, "mi_3_7": 2.0, "immi_syn_3_7": 0.5, "nimin_syn_3_7": 0.125, "nimmi_syn_3_7": 0.25, "imin_syn_3_8": 0.0, "mi_3_8": 1.5, "immi_syn_3_8": 0.0, "nimin_syn_3_8": 0.0, "nimmi_syn_3_8": 0.0, "imin_syn_3_9": 0.0, "mi_3_9": 1.5, "immi_syn_3_9": 0.0, "nimin_syn_3_9": 0.0, "nimmi_syn_3_9": 0.0, "imin_syn_4_5": 0.25, "mi_4_5": 2.0, "immi_syn_4_5": 0.5, "nimin_syn_4_5": 0.125, "nimmi_syn_4_5": 0.25, "imin_syn_4_6": 0.25, "mi_4_6": 2.0, "immi_syn_4_6": 0.5, "nimin_syn_4_6": 0.125, "nimmi_syn_4_6": 0.25, "imin_syn_4_7": 0.25, "mi_4_7": 2.0, "immi_syn_4_7": 0.5, "nimin_syn_4_7": 0.125, "nimmi_syn_4_7": 0.25, "imin_syn_4_8": 0.0, "mi_4_8": 1.5, "immi_syn_4_8": 0.0, "nimin_syn_4_8": 0.0, "nimmi_syn_4_8": 0.0, "imin_syn_4_9": 0.0, "mi_4_9": 1.5, "immi_syn_4_9": 0.0, "nimin_syn_4_9": 0.0, "nimmi_syn_4_9": 0.0, "imin_syn_5_6": 0.25, "mi_5_6": 2.0, "immi_syn_5_6": 0.5, "nimin_syn_5_6": 0.125, "nimmi_syn_5_6": 0.25, "imin_syn_5_7": 0.25, "mi_5_7": 2.0, "immi_syn_5_7": 0.5, "nimin_syn_5_7": 0.125, "nimmi_syn_5_7": 0.25, "imin_syn_5_8": 0.25, "mi_5_8": 2.0, "immi_syn_5_8": 0.5, "nimin_syn_5_8": 0.125, "nimmi_syn_5_8": 0.25, "imin_syn_5_9": 0.25, "mi_5_9": 2.0, "immi_syn_5_9": 0.5, "nimin_syn_5_9": 0.125, "nimmi_syn_5_9": 0.25, "imin_syn_6_7": 1.1102230246251565e-16, "mi_6_7": 0.8112781244591329, "immi_syn_6_7": 0.0, "nimin_syn_6_7": 1.3684863318178654e-16, "nimmi_syn_6_7": 0.0, "imin_syn_6_8": 0.25, "mi_6_8": 2.0, "immi_syn_6_8": 0.5, "nimin_syn_6_8": 0.125, "nimmi_syn_6_8": 0.25, "imin_syn_6_9": 0.29248125036057804, "mi_6_9": 1.5, "immi_syn_6_9": 0.6887218755408671, "nimin_syn_6_9": 0.19498750024038536, "nimmi_syn_6_9": 0.4591479170272447, "imin_syn_7_8": 0.25, "mi_7_8": 2.0, "immi_syn_7_8": 0.5, "nimin_syn_7_8": 0.125, "nimmi_syn_7_8": 0.25, "imin_syn_7_9": 0.29248125036057804, "mi_7_9": 1.5, "immi_syn_7_9": 0.6887218755408671, "nimin_syn_7_9": 0.19498750024038536, "nimmi_syn_7_9": 0.4591479170272447, "imin_syn_8_9": 0.0, "mi_8_9": 1.5, "immi_syn_8_9": 0.0, "nimin_syn_8_9": 0.0, "nimmi_syn_8_9": 0.0}, {"imin_syn_0_1": 0.0, "mi_0_1": 1.0, "immi_syn_0_1": 0.0, "nimin_syn_0_1": 0.0, "nimmi_syn_0_1": 0.0, "imin_syn_0_2": 0.0, "mi_0_2": 1.0, "immi_syn_0_2": 0.0, "nimin_syn_0_2": 0.0, "nimmi_syn_0_2": 0.0, "imin_syn_0_3": 0.0, "mi_0_3": 1.0, "immi_syn_0_3": 0.0, "nimin_syn_0_3": 0.0, "nimmi_syn_0_3": 0.0, "imin_syn_0_4": 0.0, "mi_0_4": 1.0, "immi_syn_0_4": 0.0, "nimin_syn_0_4": 0.0, "nimmi_syn_0_4": 0.0, "imin_syn_0_5": 0.0, "mi_0_5": 1.0, "immi_syn_0_5": 0.0, "nimin_syn_0_5": 0.0, "nimmi_syn_0_5": 0.0, "imin_syn_0_6": 0.0, "mi_0_6": 1.0, "immi_syn_0_6": 0.0, "nimin_syn_0_6": 0.0, "nimmi_syn_0_6": 0.0, "imin_syn_0_7": 0.0, "mi_0_7": 1.0, "immi_syn_0_7": 0.0, "nimin_syn_0_7": 0.0, "nimmi_syn_0_7": 0.0, "imin_syn_0_8": 0.0, "mi_0_8": 1.0, "immi_syn_0_8": 0.0, "nimin_syn_0_8": 0.0, "nimmi_syn_0_8": 0.0, "imin_syn_0_9": 0.0, "mi_0_9": 1.0, "immi_syn_0_9": 0.0, "nimin_syn_0_9": 0.0, "nimmi_syn_0_9": 0.0, "imin_syn_1_2": 0.5, "mi_1_2": 1.0, "immi_syn_1_2": 0.5, "nimin_syn_1_2": 0.5, "nimmi_syn_1_2": 0.5, "imin_syn_1_3": 0.0, "mi_1_3": 0.5, "immi_syn_1_3": 0.0, "nimin_syn_1_3": 0.0, "nimmi_syn_1_3": 0.0, "imin_syn_1_4": 0.0, "mi_1_4": 0.5, "immi_syn_1_4": 0.0, "nimin_syn_1_4": 0.0, "nimmi_syn_1_4": 0.0, "imin_syn_1_5": 0.0, "mi_1_5": 0.5, "immi_syn_1_5": 0.0, "nimin_syn_1_5": 0.0, "nimmi_syn_1_5": 0.0, "imin_syn_1_6": 0.5, "mi_1_6": 1.0, "immi_syn_1_6": 0.5, "nimin_syn_1_6": 0.5, "nimmi_syn_1_6": 0.5,