{"avg_reward": 0.096, "accuracy": 0.1, "k2_xh2h_immi_syn_avg": [0.22188042291839255], "k2_xh2h_immi_syn_sem": [0.010615260721245466], "k2_xh2h_mi_avg": [0.5795639987771024], "k2_xh2h_mi_sem": [0.028693398565054908], "k2_xh2h_nimmi_syn_avg": [0.38961240298281746], "k2_xh2h_nimmi_syn_sem": [0.01039471904773856]}