{"avg_reward": 0.014, "accuracy": 0.07, "k2_xh2h_immi_syn_avg": [0.1990016087760029], "k2_xh2h_immi_syn_sem": [0.01022562948440655], "k2_xh2h_mi_avg": [0.577548958339558], "k2_xh2h_mi_sem": [0.03423892324577004], "k2_xh2h_nimmi_syn_avg": [0.3575377943132839], "k2_xh2h_nimmi_syn_sem": [0.013798326921454381]}