{"avg_reward": 0.352, "accuracy": 0.04, "k2_xh2h_immi_syn_avg": [0.23947152741540403], "k2_xh2h_immi_syn_sem": [0.01700540295919065], "k2_xh2h_mi_avg": [0.610302135892582], "k2_xh2h_mi_sem": [0.03478049788739865], "k2_xh2h_nimmi_syn_avg": [0.38885479099510395], "k2_xh2h_nimmi_syn_sem": [0.012474494981901939]}