{"avg_reward": 0.019, "accuracy": 0.09, "k2_xh2h_immi_syn_avg": [0.20816121050830375], "k2_xh2h_immi_syn_sem": [0.011167024489499747], "k2_xh2h_mi_avg": [0.5616694300752286], "k2_xh2h_mi_sem": [0.02434973658239062], "k2_xh2h_nimmi_syn_avg": [0.36986333210265887], "k2_xh2h_nimmi_syn_sem": [0.011479417913309777]}