{"avg_reward": 0.036, "accuracy": 0.09, "k2_xh2h_immi_syn_avg": [0.17650530002935078], "k2_xh2h_immi_syn_sem": [0.00956362151710683], "k2_xh2h_mi_avg": [0.5052573216068752], "k2_xh2h_mi_sem": [0.02866775894467097], "k2_xh2h_nimmi_syn_avg": [0.36233228531892236], "k2_xh2h_nimmi_syn_sem": [0.013588458314705194]}