{"avg_reward": 0.017, "accuracy": 0.07, "k2_xh2h_immi_syn_avg": [0.20119306475700272], "k2_xh2h_immi_syn_sem": [0.012601058878516177], "k2_xh2h_mi_avg": [0.5457287295762757], "k2_xh2h_mi_sem": [0.03479942164083775], "k2_xh2h_nimmi_syn_avg": [0.37411554878016323], "k2_xh2h_nimmi_syn_sem": [0.014349358590796198]}