{"avg_reward": 0.018, "accuracy": 0.11, "k2_xh2h_immi_syn_avg": [0.1862319489150597], "k2_xh2h_immi_syn_sem": [0.008882307250226757], "k2_xh2h_mi_avg": [0.5425895706561431], "k2_xh2h_mi_sem": [0.02506980109558665], "k2_xh2h_nimmi_syn_avg": [0.35582457998727995], "k2_xh2h_nimmi_syn_sem": [0.014019952132236389]}