{"avg_reward": 0.012, "accuracy": 0.06, "k2_xh2h_immi_syn_avg": [0.2000169461316964], "k2_xh2h_immi_syn_sem": [0.013838872826402258], "k2_xh2h_mi_avg": [0.5662709294753558], "k2_xh2h_mi_sem": [0.031159932656853156], "k2_xh2h_nimmi_syn_avg": [0.35190682912542104], "k2_xh2h_nimmi_syn_sem": [0.014046586451616742]}