{"avg_reward": 0.078, "accuracy": 0.02, "k2_xh2h_immi_syn_avg": [0.18851924399712544], "k2_xh2h_immi_syn_sem": [0.012968344405622485], "k2_xh2h_mi_avg": [0.5566239057480904], "k2_xh2h_mi_sem": [0.030473316815084795], "k2_xh2h_nimmi_syn_avg": [0.3423375657593359], "k2_xh2h_nimmi_syn_sem": [0.014878619782310237]}