{"avg_reward_avg": 0.9358000000000001, "avg_reward_sem": 0.0034376994891609828, "accuracy_avg": 0.675, "accuracy_sem": 0.01796601730428249, "k2_xh2h_immi_syn_avg_avg": [0.24836091916690778], "k2_xh2h_immi_syn_avg_sem": [0.0057357489438553365], "k2_xh2h_immi_syn_sem_avg": [0.01935567443697358], "k2_xh2h_immi_syn_sem_sem": [0.0011241448879940508], "k2_xh2h_mi_avg_avg": [0.751748231402371], "k2_xh2h_mi_avg_sem": [0.012079431527926782], "k2_xh2h_mi_sem_avg": [0.04846320151967792], "k2_xh2h_mi_sem_sem": [0.001357364596360521], "k2_xh2h_nimmi_syn_avg_avg": [0.3386521369638497], "k2_xh2h_nimmi_syn_avg_sem": [0.004988766039941124], "k2_xh2h_nimmi_syn_sem_avg": [0.015429914603703803], "k2_xh2h_nimmi_syn_sem_sem": [0.0006224655517087931]}