{"avg_reward": 0.923, "accuracy": 0.61, "k2_xh2h_immi_syn_avg": [0.2657802371050064], "k2_xh2h_immi_syn_sem": [0.024775479165076403], "k2_xh2h_mi_avg": [0.7663330576264225], "k2_xh2h_mi_sem": [0.05267156095569266], "k2_xh2h_nimmi_syn_avg": [0.34770884358125065], "k2_xh2h_nimmi_syn_sem": [0.01671870549684159]}