{"avg_reward": 0.924, "accuracy": 0.62, "k2_xh2h_immi_syn_avg": [0.2513967492054973], "k2_xh2h_immi_syn_sem": [0.016752449368616567], "k2_xh2h_mi_avg": [0.758698952380354], "k2_xh2h_mi_sem": [0.047763877379251626], "k2_xh2h_nimmi_syn_avg": [0.3418746154199287], "k2_xh2h_nimmi_syn_sem": [0.0133484972333963]}