{"avg_reward": 0.946, "accuracy": 0.73, "k2_xh2h_immi_syn_avg": [0.2416442267217276], "k2_xh2h_immi_syn_sem": [0.01720324723838684], "k2_xh2h_mi_avg": [0.7873179017313133], "k2_xh2h_mi_sem": [0.04957383620034504], "k2_xh2h_nimmi_syn_avg": [0.3207154087763549], "k2_xh2h_nimmi_syn_sem": [0.014832224315427722]}