{"avg_reward": 0.956, "accuracy": 0.78, "k2_xh2h_immi_syn_avg": [0.24029563601076132], "k2_xh2h_immi_syn_sem": [0.023575340947541927], "k2_xh2h_mi_avg": [0.7401176349002847], "k2_xh2h_mi_sem": [0.050554599461756305], "k2_xh2h_nimmi_syn_avg": [0.32470537971079544], "k2_xh2h_nimmi_syn_sem": [0.019568905739541734]}