{"avg_reward": 0.929, "accuracy": 0.64, "k2_xh2h_immi_syn_avg": [0.20824714355967167], "k2_xh2h_immi_syn_sem": [0.018334683008073432], "k2_xh2h_mi_avg": [0.686422499456537], "k2_xh2h_mi_sem": [0.047982280918449964], "k2_xh2h_nimmi_syn_avg": [0.31579385539289356], "k2_xh2h_nimmi_syn_sem": [0.016387613327394537]}