{"avg_reward": 0.931, "accuracy": 0.67, "k2_xh2h_immi_syn_avg": [0.26408184112766925], "k2_xh2h_immi_syn_sem": [0.023453797903479647], "k2_xh2h_mi_avg": [0.781033089867896], "k2_xh2h_mi_sem": [0.05105965266891645], "k2_xh2h_nimmi_syn_avg": [0.34325406668225206], "k2_xh2h_nimmi_syn_sem": [0.016334023947720724]}