{"avg_reward": 0.941, "accuracy": 0.69, "k2_xh2h_immi_syn_avg": [0.25583143469456693], "k2_xh2h_immi_syn_sem": [0.01700627030169358], "k2_xh2h_mi_avg": [0.7144210246074715], "k2_xh2h_mi_sem": [0.04541034402223021], "k2_xh2h_nimmi_syn_avg": [0.37035006824215516], "k2_xh2h_nimmi_syn_sem": [0.013516504152756256]}