{"avg_reward_avg": 0.27469680379174954, "avg_reward_sem": 0.021806324896672256, "accuracy_avg": 1.0, "accuracy_sem": 0.0, "k2_x2h_ray_imin_syn_avg_avg": [0.3529454341228752, 0.05423745611119714, 0.05437636630258967], "k2_x2h_ray_imin_syn_avg_sem": [0.06329937428531587, 0.022555384452185183, 0.029327736505349342], "k2_x2h_ray_imin_syn_sem_avg": [0.053520872832465295, 0.023807388678721036, 0.009170576568158744], "k2_x2h_ray_imin_syn_sem_sem": [0.009337499143425586, 0.008589543113229438, 0.0042411656068659315], "k2_x2h_ray_immi_syn_avg_avg": [0.4718098012557045, 0.07643191956724799, 0.06649105272121975], "k2_x2h_ray_immi_syn_avg_sem": [0.0893623999256293, 0.03165358775507151, 0.036740024438531714], "k2_x2h_ray_immi_syn_sem_avg": [0.057583276551378036, 0.0322787321632846, 0.011253556402526389], "k2_x2h_ray_immi_syn_sem_sem": [0.01074245698233135, 0.011792270636974071, 0.005484777462932064], "k2_x2h_pos_imin_syn_avg_avg": [0.33653421242952863, 0.05423745611119714, 0.05437636630258967], "k2_x2h_pos_imin_syn_avg_sem": [0.06973335418705649, 0.022555384452185183, 0.029327736505349342], "k2_x2h_pos_imin_syn_sem_avg": [0.0625716057794403, 0.023807388678721036, 0.009170576568158744], "k2_x2h_pos_imin_syn_sem_sem": [0.018437711209496697, 0.008589543113229438, 0.0042411656068659315], "k2_x2h_pos_immi_syn_avg_avg": [0.4191613312659611, 0.07643191956724799, 0.06649105272121975], "k2_x2h_pos_immi_syn_avg_sem": [0.07377729262323929, 0.03165358775507151, 0.036740024438531714], "k2_x2h_pos_immi_syn_sem_avg": [0.0593396312549998, 0.0322787321632846, 0.011253556402526389], "k2_x2h_pos_immi_syn_sem_sem": [0.019905976847701953, 0.011792270636974071, 0.005484777462932064], "k2_x2h_ray_mi_avg_avg": [0.9919438992898226, 0.7459859694355213, 0.3195142094770065], "k2_x2h_ray_mi_avg_sem": [0.1930847052120612, 0.2166279144585859, 0.1636524855032719], "k2_x2h_ray_mi_sem_avg": [0.05360654439297891, 0.10271703910491786, 0.0218384141001694], "k2_x2h_ray_mi_sem_sem": [0.01700017827456421, 0.019848285150052377, 0.010807428703415818], "k2_x2h_ray_nimin_syn_avg_avg": [0.3609600492775895, 0.022028987753464707, 0.09487852443494041], "k2_x2h_ray_nimin_syn_avg_sem": [0.03198036022249523, 0.009108820408990453, 0.03828245528381298], "k2_x2h_ray_nimin_syn_sem_avg": [0.039984450360698906, 0.009447029703315544, 0.018878383400417434], "k2_x2h_ray_nimin_syn_sem_sem": [0.0081246321407886, 0.0034115542682849505, 0.00647155367011331], "k2_x2h_ray_nimmi_syn_avg_avg": [0.47622248826321323, 0.0316500599510636, 0.11711284994974121], "k2_x2h_ray_nimmi_syn_avg_sem": [0.010857236219299234, 0.012922263018959332, 0.04154721974653525], "k2_x2h_ray_nimmi_syn_sem_avg": [0.03677362026442289, 0.01307051319060904, 0.018926892734783998], "k2_x2h_ray_nimmi_syn_sem_sem": [0.005208366373588353, 0.004765322392240581, 0.0063555360745852635], "k2_x2h_pos_mi_avg_avg": [1.2696178006504624, 0.7459859694355213, 0.3195142094770065], "k2_x2h_pos_mi_avg_sem": [0.30173203268250026, 0.2166279144585859, 0.1636524855032719], "k2_x2h_pos_mi_sem_avg": [0.05930942298428139, 0.10271703910491786, 0.0218384141001694], "k2_x2h_pos_mi_sem_sem": [0.01992917387553666, 0.019848285150052377, 0.010807428703415818], "k2_x2h_pos_nimin_syn_avg_avg": [0.2731407156161058, 0.022028987753464707, 0.09487852443494041], "k2_x2h_pos_nimin_syn_avg_sem": [0.01888621151769081, 0.009108820408990453, 0.03828245528381298], "k2_x2h_pos_nimin_syn_sem_avg": [0.04288502088823801, 0.009447029703315544, 0.018878383400417434], "k2_x2h_pos_nimin_syn_sem_sem": [0.01135328468717815, 0.0034115542682849505, 0.00647155367011331], "k2_x2h_pos_nimmi_syn_avg_avg": [0.35661086196088, 0.0316500599510636, 0.11711284994974121], "k2_x2h_pos_nimmi_syn_avg_sem": [0.048091347598500186, 0.012922263018959332, 0.04154721974653525], "k2_x2h_pos_nimmi_syn_sem_avg": [0.028801411276930013, 0.01307051319060904, 0.018926892734783998], "k2_x2h_pos_nimmi_syn_sem_sem": [0.003737340659905245, 0.004765322392240581, 0.0063555360745852635]}