{"avg_reward": 0.29642617112056097, "accuracy": 1.0, "k2_x2h_ray_imin_syn_avg": [0.3984014624265055, 0.08879087369607136, 0.1342494303365587], "k2_x2h_ray_imin_syn_sem": [0.04675753771428933, 0.03480599034993198, 0.0194669777013707], "k2_x2h_ray_immi_syn_avg": [0.5761876142361612, 0.136933800112377, 0.16559380654031158], "k2_x2h_ray_immi_syn_sem": [0.06366989463170811, 0.0526678080591716, 0.02466119993464501], "k2_x2h_pos_imin_syn_avg": [0.4361191708933563, 0.08879087369607136, 0.1342494303365587], "k2_x2h_pos_imin_syn_sem": [0.06792055280137962, 0.03480599034993198, 0.0194669777013707], "k2_x2h_pos_immi_syn_avg": [0.5740779205071765, 0.136933800112377, 0.16559380654031158], "k2_x2h_pos_immi_syn_sem": [0.07402922483308122, 0.0526678080591716, 0.02466119993464501], "k2_x2h_ray_mi_avg": [1.2384431591735074, 1.0181896401917614, 0.7083649375767143], "k2_x2h_ray_mi_sem": [0.06880747415442687, 0.12223093564576253, 0.045031773171273035], "k2_x2h_ray_nimin_syn_avg": [0.319823473530448, 0.03672796312037078, 0.15458847469493384], "k2_x2h_ray_nimin_syn_sem": [0.022004552847904965, 0.014357471487189168, 0.020922794789234016], "k2_x2h_ray_nimmi_syn_avg": [0.46264956285025693, 0.05675997105849241, 0.18907824880651952], "k2_x2h_ray_nimmi_syn_sem": [0.02617624917619895, 0.021836268551457233, 0.025606130026312554], "k2_x2h_pos_mi_avg": [1.474106858640787, 1.0181896401917614, 0.7083649375767143], "k2_x2h_pos_mi_sem": [0.07402922483308122, 0.12223093564576253, 0.045031773171273035], "k2_x2h_pos_nimin_syn_avg": [0.2929330558550492, 0.03672796312037078, 0.15458847469493384], "k2_x2h_pos_nimin_syn_sem": [0.030341940930699314, 0.014357471487189168, 0.020922794789234016], "k2_x2h_pos_nimmi_syn_avg": [0.3864440889751351, 0.05675997105849241, 0.18907824880651952], "k2_x2h_pos_nimmi_syn_sem": [0.029861645804387972, 0.021836268551457233, 0.025606130026312554]}