{"avg_reward_avg": 0.8949999999999999, "avg_reward_sem": 0.0020709632756012106, "accuracy_avg": 0.477, "accuracy_sem": 0.010651030205780307, "k2_xh2h_immi_syn_avg_avg": [0.12980067477185125], "k2_xh2h_immi_syn_avg_sem": [0.010907495415148759], "k2_xh2h_immi_syn_sem_avg": [0.025898022493634744], "k2_xh2h_immi_syn_sem_sem": [0.0018135353661423237], "k2_xh2h_mi_avg_avg": [0.6116673336823962], "k2_xh2h_mi_avg_sem": [0.031930764099225906], "k2_xh2h_mi_sem_avg": [0.06639537191410212], "k2_xh2h_mi_sem_sem": [0.0020545440690119396], "k2_xh2h_nimmi_syn_avg_avg": [0.2079712307987994], "k2_xh2h_nimmi_syn_avg_sem": [0.006101073849784705], "k2_xh2h_nimmi_syn_sem_avg": [0.024187132406780953], "k2_xh2h_nimmi_syn_sem_sem": [0.000587209985084278]}