{"avg_reward": 0.887, "accuracy": 0.44, "k2_xh2h_immi_syn_avg": [0.12173745474552435], "k2_xh2h_immi_syn_sem": [0.024745061898321662], "k2_xh2h_mi_avg": [0.5570318259748556], "k2_xh2h_mi_sem": [0.06563465388445093], "k2_xh2h_nimmi_syn_avg": [0.2318399481431118], "k2_xh2h_nimmi_syn_sem": [0.025768265260862382]}