{"avg_reward": 0.896, "accuracy": 0.48, "k2_xh2h_immi_syn_avg": [0.10000094931322673], "k2_xh2h_immi_syn_sem": [0.021061485885179084], "k2_xh2h_mi_avg": [0.5561383474873861], "k2_xh2h_mi_sem": [0.06071042137343883], "k2_xh2h_nimmi_syn_avg": [0.1998051405681613], "k2_xh2h_nimmi_syn_sem": [0.023840521902286416]}