{"avg_reward": 0.902, "accuracy": 0.52, "k2_xh2h_immi_syn_avg": [0.1248310609919344], "k2_xh2h_immi_syn_sem": [0.02525301720487255], "k2_xh2h_mi_avg": [0.5792416084143438], "k2_xh2h_mi_sem": [0.0631458238558132], "k2_xh2h_nimmi_syn_avg": [0.21381022004400346], "k2_xh2h_nimmi_syn_sem": [0.02504232363361064]}