{"avg_reward": 0.892, "accuracy": 0.46, "k2_xh2h_immi_syn_avg": [0.07283770793741717], "k2_xh2h_immi_syn_sem": [0.014415132692409193], "k2_xh2h_mi_avg": [0.4737061174267294], "k2_xh2h_mi_sem": [0.0562043061921348], "k2_xh2h_nimmi_syn_avg": [0.18685224479385715], "k2_xh2h_nimmi_syn_sem": [0.02368992047324478]}