{"avg_reward": 0.892, "accuracy": 0.45, "k2_xh2h_immi_syn_avg": [0.20221279613840468], "k2_xh2h_immi_syn_sem": [0.036567722743817456], "k2_xh2h_mi_avg": [0.8279112100279352], "k2_xh2h_mi_sem": [0.07779335194198567], "k2_xh2h_nimmi_syn_avg": [0.22558144019338805], "k2_xh2h_nimmi_syn_sem": [0.02490375142647993]}