{"avg_reward": 0.899, "accuracy": 0.5, "k2_xh2h_immi_syn_avg": [0.15152887637224827], "k2_xh2h_immi_syn_sem": [0.02692634348338818], "k2_xh2h_mi_avg": [0.6789558016521714], "k2_xh2h_mi_sem": [0.0655364499112879], "k2_xh2h_nimmi_syn_avg": [0.19639799408819208], "k2_xh2h_nimmi_syn_sem": [0.022832864646490193]}