{"avg_reward": 0.883, "accuracy": 0.42, "k2_xh2h_immi_syn_avg": [0.13158087778451663], "k2_xh2h_immi_syn_sem": [0.028525650170374738], "k2_xh2h_mi_avg": [0.5804444202173702], "k2_xh2h_mi_sem": [0.07200441473064674], "k2_xh2h_nimmi_syn_avg": [0.2369555770812616], "k2_xh2h_nimmi_syn_sem": [0.024724391214793077]}