{"avg_reward": 0.904, "accuracy": 0.52, "k2_xh2h_immi_syn_avg": [0.13746390831779035], "k2_xh2h_immi_syn_sem": [0.02978791057499703], "k2_xh2h_mi_avg": [0.5923440622100569], "k2_xh2h_mi_sem": [0.0697170477906534], "k2_xh2h_nimmi_syn_avg": [0.21496193438961653], "k2_xh2h_nimmi_syn_sem": [0.026811902756302675]}