{"avg_reward_avg": 0.09640324638088485, "avg_reward_sem": 0.02149165071762, "accuracy_avg": 0.45, "accuracy_sem": 0.03333333333333333, "k2_x2h_ray_imin_syn_avg_avg": [0.07026803662919094, 0.013987775909149288, 0.003195848728249271], "k2_x2h_ray_imin_syn_avg_sem": [0.02354178225115022, 0.009446725291845861, 0.00227934244553378], "k2_x2h_ray_imin_syn_sem_avg": [0.014206804506827255, 0.002556720144929908, 0.0007962862304435365], "k2_x2h_ray_imin_syn_sem_sem": [0.004367011308440285, 0.0016665737577611964, 0.0005363894991916757], "k2_x2h_ray_immi_syn_avg_avg": [0.08629866293351318, 0.025285816726849424, 0.0035821254491998885], "k2_x2h_ray_immi_syn_avg_sem": [0.03180615964162975, 0.016825231807385262, 0.002599247313990574], "k2_x2h_ray_immi_syn_sem_avg": [0.014850202337608993, 0.004576838900144544, 0.0008659696905706602], "k2_x2h_ray_immi_syn_sem_sem": [0.004613839790260964, 0.002982873705716041, 0.0005872380322590112], "k2_x2h_pos_imin_syn_avg_avg": [0.06424491204807815, 0.013987775909149288, 0.003195848728249271], "k2_x2h_pos_imin_syn_avg_sem": [0.028262846037452605, 0.009446725291845861, 0.00227934244553378], "k2_x2h_pos_imin_syn_sem_avg": [0.014114440389613212, 0.002556720144929908, 0.0007962862304435365], "k2_x2h_pos_imin_syn_sem_sem": [0.005605413475742453, 0.0016665737577611964, 0.0005363894991916757], "k2_x2h_pos_immi_syn_avg_avg": [0.07961458507957146, 0.025285816726849424, 0.0035821254491998885], "k2_x2h_pos_immi_syn_avg_sem": [0.034769619970641506, 0.016825231807385262, 0.002599247313990574], "k2_x2h_pos_immi_syn_sem_avg": [0.012558831848179552, 0.004576838900144544, 0.0008659696905706602], "k2_x2h_pos_immi_syn_sem_sem": [0.005287975566632552, 0.002982873705716041, 0.0005872380322590112], "k2_x2h_ray_mi_avg_avg": [0.22614827771805293, 0.21577576515492583, 0.08164382277861874], "k2_x2h_ray_mi_avg_sem": [0.07294378387179737, 0.13440966132730253, 0.05546284505715724], "k2_x2h_ray_mi_sem_avg": [0.029347946038271643, 0.016515311611592937, 0.00666493433106863], "k2_x2h_ray_mi_sem_sem": [0.008069189600574128, 0.008205781212241274, 0.004531028923715142], "k2_x2h_ray_nimin_syn_avg_avg": [0.20170471954063812, 0.011139017335458672, 0.007355978053486518], "k2_x2h_ray_nimin_syn_avg_sem": [0.05022314777246975, 0.007286347494354868, 0.005281112753808252], "k2_x2h_ray_nimin_syn_sem_avg": [0.037849384086115614, 0.002022956980042334, 0.0019335815623258723], "k2_x2h_ray_nimin_syn_sem_sem": [0.011450992506476448, 0.0012158938633290784, 0.0012923896697266944], "k2_x2h_ray_nimmi_syn_avg_avg": [0.23252370908225467, 0.020467730392595425, 0.00839380527156117], "k2_x2h_ray_nimmi_syn_avg_sem": [0.05932773880217767, 0.01357355262740417, 0.00617657721818442], "k2_x2h_ray_nimmi_syn_sem_avg": [0.03946245200420254, 0.0035485685482517446, 0.0021283597621473507], "k2_x2h_ray_nimmi_syn_sem_sem": [0.011620034189303598, 0.002247819664239111, 0.001434819427171569], "k2_x2h_pos_mi_avg_avg": [0.26395945114151004, 0.21577576515492583, 0.08164382277861874], "k2_x2h_pos_mi_avg_sem": [0.11197281575386857, 0.13440966132730253, 0.05546284505715724], "k2_x2h_pos_mi_sem_avg": [0.02408037203747305, 0.016515311611592937, 0.00666493433106863], "k2_x2h_pos_mi_sem_sem": [0.006181697225059094, 0.008205781212241274, 0.004531028923715142], "k2_x2h_pos_nimin_syn_avg_avg": [0.16803900498117263, 0.011139017335458672, 0.007355978053486518], "k2_x2h_pos_nimin_syn_avg_sem": [0.04492081433267605, 0.007286347494354868, 0.005281112753808252], "k2_x2h_pos_nimin_syn_sem_avg": [0.06651553622925177, 0.002022956980042334, 0.0019335815623258723], "k2_x2h_pos_nimin_syn_sem_sem": [0.031256800622642626, 0.0012158938633290784, 0.0012923896697266944], "k2_x2h_pos_nimmi_syn_avg_avg": [0.16252490855227575, 0.020467730392595425, 0.00839380527156117], "k2_x2h_pos_nimmi_syn_avg_sem": [0.05480035459649064, 0.01357355262740417, 0.00617657721818442], "k2_x2h_pos_nimmi_syn_sem_avg": [0.03015576742291347, 0.0035485685482517446, 0.0021283597621473507], "k2_x2h_pos_nimmi_syn_sem_sem": [0.010290440321205189, 0.002247819664239111, 0.001434819427171569]}