{"avg_reward": 0.14744000009000016, "accuracy": 0.5, "k2_x2h_ray_imin_syn_avg": [0.04941301787365696, 0.0, 0.0], "k2_x2h_ray_imin_syn_sem": [0.012757691742772685, 0.0, 0.0], "k2_x2h_ray_immi_syn_avg": [0.04941301787365685, 0.0, 0.0], "k2_x2h_ray_immi_syn_sem": [0.012757691742772657, 0.0, 0.0], "k2_x2h_pos_imin_syn_avg": [0.0198592528266688, 0.0, 0.0], "k2_x2h_pos_imin_syn_sem": [0.0034709375272459035, 0.0, 0.0], "k2_x2h_pos_immi_syn_avg": [0.01985925282666871, 0.0, 0.0], "k2_x2h_pos_immi_syn_sem": [0.0034709375272459703, 0.0, 0.0], "k2_x2h_ray_mi_avg": [0.18853792499451436, 0.0, 0.0], "k2_x2h_ray_mi_sem": [0.02288136761561945, 0.0, 0.0], "k2_x2h_ray_nimin_syn_avg": [0.28314456416916717, 0.0, 0.0], "k2_x2h_ray_nimin_syn_sem": [0.1048111125170041, 0.0, 0.0], "k2_x2h_ray_nimmi_syn_avg": [0.2831445641691664, 0.0, 0.0], "k2_x2h_ray_nimmi_syn_sem": [0.10481111251700367, 0.0, 0.0], "k2_x2h_pos_mi_avg": [0.11749243980644393, 0.0, 0.0], "k2_x2h_pos_mi_sem": [0.04027834917614753, 0.0, 0.0], "k2_x2h_pos_nimin_syn_avg": [0.19533245779685526, 0.0, 0.0], "k2_x2h_pos_nimin_syn_sem": [0.052777362927229635, 0.0, 0.0], "k2_x2h_pos_nimmi_syn_avg": [0.1953324577968539, 0.0, 0.0], "k2_x2h_pos_nimmi_syn_sem": [0.052777362927229066, 0.0, 0.0]}