{"avg_reward": 0.0018832441868882547, "accuracy": 0.5, "k2_x2h_ray_imin_syn_avg": [0.18094786659462656, 0.08218989299549305, 0.010545634582481955], "k2_x2h_ray_imin_syn_sem": [0.027819714188714175, 0.01446176349971498, 0.0034659885733984565], "k2_x2h_ray_immi_syn_avg": [0.22725303938307237, 0.13352544422091284, 0.0110264829787855], "k2_x2h_ray_immi_syn_sem": [0.025255878371555802, 0.022403181371170904, 0.003608660062643293], "k2_x2h_pos_imin_syn_avg": [0.16686756853078474, 0.08218989299549305, 0.010545634582481955], "k2_x2h_pos_imin_syn_sem": [0.03703906352085445, 0.01446176349971498, 0.0034659885733984565], "k2_x2h_pos_immi_syn_avg": [0.2253464780406631, 0.13352544422091284, 0.0110264829787855], "k2_x2h_pos_immi_syn_sem": [0.04018146375593783, 0.022403181371170904, 0.003608660062643293], "k2_x2h_ray_mi_avg": [0.5748892759506269, 1.1837201865265103, 0.4797134998573796], "k2_x2h_ray_mi_sem": [0.060992821083924835, 0.06449478915655132, 0.03927723808422902], "k2_x2h_ray_nimin_syn_avg": [0.31451405827192863, 0.056722969020334406, 0.023632701447684003], "k2_x2h_ray_nimin_syn_sem": [0.029630739002011325, 0.009698607612759116, 0.009045457439791479], "k2_x2h_ray_nimmi_syn_avg": [0.40115953493328477, 0.09192142595874361, 0.024429487104706746], "k2_x2h_ray_nimmi_syn_sem": [0.049204935059015846, 0.014726210675124673, 0.009212288424644987], "k2_x2h_pos_mi_avg": [0.5040883103344621, 1.1837201865265103, 0.4797134998573796], "k2_x2h_pos_mi_sem": [0.042165478397083, 0.06449478915655132, 0.03927723808422902], "k2_x2h_pos_nimin_syn_avg": [0.3361947736045603, 0.056722969020334406, 0.023632701447684003], "k2_x2h_pos_nimin_syn_sem": [0.07754530306281873, 0.009698607612759116, 0.009045457439791479], "k2_x2h_pos_nimmi_syn_avg": [0.4544943128562459, 0.09192142595874361, 0.024429487104706746], "k2_x2h_pos_nimmi_syn_sem": [0.08785664894746709, 0.014726210675124673, 0.009212288424644987]}