{"avg_reward_avg": 0.8977, "avg_reward_sem": 0.0024587711474546724, "accuracy_avg": 0.488, "accuracy_sem": 0.011907047399661173, "k2_xh2h_immi_syn_avg_avg": [0.11962343862606539], "k2_xh2h_immi_syn_avg_sem": [0.007299875408298536], "k2_xh2h_immi_syn_sem_avg": [0.02222389857567534], "k2_xh2h_immi_syn_sem_sem": [0.0014463941169827559], "k2_xh2h_mi_avg_avg": [0.5757422333549544], "k2_xh2h_mi_avg_sem": [0.013898900681360191], "k2_xh2h_mi_sem_avg": [0.06136462572752468], "k2_xh2h_mi_sem_sem": [0.001695151916212329], "k2_xh2h_nimmi_syn_avg_avg": [0.2066409414105317], "k2_xh2h_nimmi_syn_avg_sem": [0.007835195090159841], "k2_xh2h_nimmi_syn_sem_avg": [0.023451632750808363], "k2_xh2h_nimmi_syn_sem_sem": [0.00041584750498945873]}