{"avg_reward": 0.889, "accuracy": 0.43, "k2_xh2h_immi_syn_avg": [0.13122710895933465], "k2_xh2h_immi_syn_sem": [0.02388613670612256], "k2_xh2h_mi_avg": [0.5877560319858204], "k2_xh2h_mi_sem": [0.06385549284861661], "k2_xh2h_nimmi_syn_avg": [0.21864672380524594], "k2_xh2h_nimmi_syn_sem": [0.024252734867727846]}