{"avg_reward": 0.91, "accuracy": 0.55, "k2_xh2h_immi_syn_avg": [0.14660337179589317], "k2_xh2h_immi_syn_sem": [0.03239981581128672], "k2_xh2h_mi_avg": [0.6214879656972512], "k2_xh2h_mi_sem": [0.07106106805727631], "k2_xh2h_nimmi_syn_avg": [0.18778455542291128], "k2_xh2h_nimmi_syn_sem": [0.022733615422450868]}