{"avg_reward": 0.903, "accuracy": 0.51, "k2_xh2h_immi_syn_avg": [0.12059352750751624], "k2_xh2h_immi_syn_sem": [0.024225857497180616], "k2_xh2h_mi_avg": [0.5126889679539195], "k2_xh2h_mi_sem": [0.06227539352003917], "k2_xh2h_nimmi_syn_avg": [0.22995117141361096], "k2_xh2h_nimmi_syn_sem": [0.02398963776648167]}