{"avg_reward": 0.888, "accuracy": 0.45, "k2_xh2h_immi_syn_avg": [0.09069514174300145], "k2_xh2h_immi_syn_sem": [0.015600619604110477], "k2_xh2h_mi_avg": [0.49564877692434933], "k2_xh2h_mi_sem": [0.05575123346779004], "k2_xh2h_nimmi_syn_avg": [0.1917371992898866], "k2_xh2h_nimmi_syn_sem": [0.02185324126406488]}