{"avg_reward": 0.89, "accuracy": 0.45, "k2_xh2h_immi_syn_avg": [0.09753006264025288], "k2_xh2h_immi_syn_sem": [0.016763886773706518], "k2_xh2h_mi_avg": [0.5395730709796068], "k2_xh2h_mi_sem": [0.06082627071874055], "k2_xh2h_nimmi_syn_avg": [0.1853951457213584], "k2_xh2h_nimmi_syn_sem": [0.02097586094039925]}