{"avg_reward": 0.905, "accuracy": 0.52, "k2_xh2h_immi_syn_avg": [0.15598057524579892], "k2_xh2h_immi_syn_sem": [0.022611359691865028], "k2_xh2h_mi_avg": [0.6114797943760566], "k2_xh2h_mi_sem": [0.056088174054844495], "k2_xh2h_nimmi_syn_avg": [0.24784366876932623], "k2_xh2h_nimmi_syn_sem": [0.023910245175181238]}