{"avg_reward": 0.899, "accuracy": 0.49, "k2_xh2h_immi_syn_avg": [0.10802560116796264], "k2_xh2h_immi_syn_sem": [0.02062722884512378], "k2_xh2h_mi_avg": [0.6025111969862836], "k2_xh2h_mi_sem": [0.061209099208693586], "k2_xh2h_nimmi_syn_avg": [0.19216976593131754], "k2_xh2h_nimmi_syn_sem": [0.022866846843841437]}