{"avg_reward": 0.894, "accuracy": 0.48, "k2_xh2h_immi_syn_avg": [0.09311676350304401], "k2_xh2h_immi_syn_sem": [0.02189455153828638], "k2_xh2h_mi_avg": [0.5883250168245303], "k2_xh2h_mi_sem": [0.06171935595162805], "k2_xh2h_nimmi_syn_avg": [0.17016092606798452], "k2_xh2h_nimmi_syn_sem": [0.024538677238216518]}