{"avg_reward": 0.2992830283943398, "accuracy": 1.0, "k2_x2h_ray_imin_syn_avg": [0.25845528319236016, 0.03428372555270701, 0.023464080993003567], "k2_x2h_ray_imin_syn_sem": [0.08097016493480994, 0.022610153935686123, 0.0050650143527259574], "k2_x2h_ray_immi_syn_avg": [0.3760916842933302, 0.049797831695589365, 0.023503979203921967], "k2_x2h_ray_immi_syn_sem": [0.07537541735554354, 0.029845647899734522, 0.005064471985756011], "k2_x2h_pos_imin_syn_avg": [0.2933022253862998, 0.03428372555270701, 0.023464080993003567], "k2_x2h_pos_imin_syn_sem": [0.03531339570305626, 0.022610153935686123, 0.0050650143527259574], "k2_x2h_pos_immi_syn_avg": [0.36168763023281986, 0.049797831695589365, 0.023503979203921967], "k2_x2h_pos_immi_syn_sem": [0.04366665754807397, 0.029845647899734522, 0.005064471985756011], "k2_x2h_ray_mi_avg": [0.8107603605560186, 0.7148567406926511, 0.10361731428264183], "k2_x2h_ray_mi_sem": [0.09181596609576544, 0.11353903258986113, 0.007271377028217938], "k2_x2h_ray_nimin_syn_avg": [0.3059519379420473, 0.014130115016079666, 0.15937192432010938], "k2_x2h_ray_nimin_syn_sem": [0.05957810252009785, 0.008885543936459859, 0.026903069598465647], "k2_x2h_ray_nimmi_syn_avg": [0.4570457566741779, 0.02168763887511826, 0.15969248959607243], "k2_x2h_ray_nimmi_syn_sem": [0.04674697910717411, 0.012433867372244297, 0.02690437282745363], "k2_x2h_pos_mi_avg": [1.1510481643491046, 0.7148567406926511, 0.10361731428264183], "k2_x2h_pos_mi_sem": [0.04366665754807397, 0.11353903258986113, 0.007271377028217938], "k2_x2h_pos_nimin_syn_avg": [0.2536794600778353, 0.014130115016079666, 0.15937192432010938], "k2_x2h_pos_nimin_syn_sem": [0.023139407519600114, 0.008885543936459859, 0.026903069598465647], "k2_x2h_pos_nimmi_syn_avg": [0.312311372668072, 0.02168763887511826, 0.15969248959607243], "k2_x2h_pos_nimmi_syn_sem": [0.02521906986212948, 0.012433867372244297, 0.02690437282745363]}