{"avg_reward": 0.20936689148543067, "accuracy": 1.0, "k2_x2h_ray_imin_syn_avg": [0.5114119592203207, 0.09387522519601024, 0.0597919538807964], "k2_x2h_ray_imin_syn_sem": [0.04724642823022702, 0.037813410429266024, 0.012150314218538317], "k2_x2h_ray_immi_syn_avg": [0.66207373696116, 0.11899604646102557, 0.07686642514064541], "k2_x2h_ray_immi_syn_sem": [0.06495839719616182, 0.04660147269423228, 0.015288553689704531], "k2_x2h_pos_imin_syn_avg": [0.45832254073274376, 0.09387522519601024, 0.0597919538807964], "k2_x2h_pos_imin_syn_sem": [0.11269102494256958, 0.037813410429266024, 0.012150314218538317], "k2_x2h_pos_immi_syn_avg": [0.4994110713815723, 0.11899604646102557, 0.07686642514064541], "k2_x2h_pos_immi_syn_sem": [0.1061620087122767, 0.04660147269423228, 0.015288553689704531], "k2_x2h_ray_mi_avg": [1.3786057312502853, 1.1045153039932958, 0.46607458604866986], "k2_x2h_ray_mi_sem": [0.013659168274158487, 0.13096229639126794, 0.03505050620118663], "k2_x2h_ray_nimin_syn_avg": [0.37073806768119505, 0.037257872877408456, 0.06555369872471845], "k2_x2h_ray_nimin_syn_sem": [0.03271128555794541, 0.014545103389613134, 0.02768766921397007], "k2_x2h_ray_nimmi_syn_avg": [0.479824032451192, 0.04815262987064373, 0.11968066139637287], "k2_x2h_ray_nimmi_syn_sem": [0.044620814080549916, 0.018011916838734626, 0.023197068085369813], "k2_x2h_pos_mi_avg": [1.9453169196962374, 1.1045153039932958, 0.46607458604866986], "k2_x2h_pos_mi_sem": [0.10616200871227682, 0.13096229639126794, 0.03505050620118663], "k2_x2h_pos_nimin_syn_avg": [0.2310840297024097, 0.037257872877408456, 0.06555369872471845], "k2_x2h_pos_nimin_syn_sem": [0.043565426951070414, 0.014545103389613134, 0.02768766921397007], "k2_x2h_pos_nimmi_syn_avg": [0.25249717004661437, 0.04815262987064373, 0.11968066139637287], "k2_x2h_pos_nimmi_syn_sem": [0.038736414330126714, 0.018011916838734626, 0.023197068085369813]}