{"avg_reward": -0.062101492443283626, "accuracy": 0.0, "k2_x2h_ray_imin_syn_avg": [0.14740458429736045, 0.0006112586665147456, 0.0], "k2_x2h_ray_imin_syn_sem": [0.03418614527537205, 0.0006112586665146748, 0.0], "k2_x2h_ray_immi_syn_avg": [0.16974715662893214, 0.0006112586665146777, 0.0], "k2_x2h_ray_immi_syn_sem": [0.04658976115529226, 0.0006112586665146776, 0.0], "k2_x2h_pos_imin_syn_avg": [0.14081410868801547, 0.0006112586665147456, 0.0], "k2_x2h_pos_imin_syn_sem": [0.08536313777935273, 0.0006112586665146748, 0.0], "k2_x2h_pos_immi_syn_avg": [0.24529879108058741, 0.0006112586665146777, 0.0], "k2_x2h_pos_immi_syn_sem": [0.09519352212215619, 0.0006112586665146776, 0.0], "k2_x2h_ray_mi_avg": [0.540899297060922, 0.11799793032562454, 0.0], "k2_x2h_ray_mi_sem": [0.07176616577858669, 0.028004426726379636, 0.0], "k2_x2h_ray_nimin_syn_avg": [0.26871665282914525, 0.0012183365899600745, 0.0], "k2_x2h_ray_nimin_syn_sem": [0.03411355690657248, 0.0012183365899594589, 0.0], "k2_x2h_ray_nimmi_syn_avg": [0.3046562307920994, 0.0012183365899594751, 0.0], "k2_x2h_ray_nimmi_syn_sem": [0.04534829740735005, 0.001218336589959475, 0.0], "k2_x2h_pos_mi_avg": [0.6195514652808334, 0.11799793032562454, 0.0], "k2_x2h_pos_mi_sem": [0.09381328350593354, 0.028004426726379636, 0.0], "k2_x2h_pos_nimin_syn_avg": [0.21191190425561554, 0.0012183365899600745, 0.0], "k2_x2h_pos_nimin_syn_sem": [0.10395211062997277, 0.0012183365899594589, 0.0], "k2_x2h_pos_nimmi_syn_avg": [0.36745708668755844, 0.0012183365899594751, 0.0], "k2_x2h_pos_nimmi_syn_sem": [0.09463469877437439, 0.001218336589959475, 0.0]}