{"avg_reward": 0.005405113807102277, "accuracy": 0.75, "k2_x2h_ray_imin_syn_avg": [0.2096883944095235, 0.08658128672024176, 0.010126384038223026], "k2_x2h_ray_imin_syn_sem": [0.04650931138953417, 0.014556665866803067, 0.003527482699984593], "k2_x2h_ray_immi_syn_avg": [0.23199666013552575, 0.13617675867163917, 0.010840393542797318], "k2_x2h_ray_immi_syn_sem": [0.03947459647310257, 0.022464552692422174, 0.0037107894714601838], "k2_x2h_pos_imin_syn_avg": [0.06199041995317928, 0.08658128672024176, 0.010126384038223026], "k2_x2h_pos_imin_syn_sem": [0.0015338698911910435, 0.014556665866803067, 0.003527482699984593], "k2_x2h_pos_immi_syn_avg": [0.16543636251903937, 0.13617675867163917, 0.010840393542797318], "k2_x2h_pos_immi_syn_sem": [0.008601085081231639, 0.022464552692422174, 0.0037107894714601838], "k2_x2h_ray_mi_avg": [0.6805387924967601, 1.190371933416582, 0.4949224235001975], "k2_x2h_ray_mi_sem": [0.12647686513657558, 0.06396821943191713, 0.04056405811513983], "k2_x2h_ray_nimin_syn_avg": [0.30959933609968365, 0.059779941044078445, 0.022866829391105226], "k2_x2h_ray_nimin_syn_sem": [0.0323485755400937, 0.009723407035191664, 0.00929248133686296], "k2_x2h_ray_nimmi_syn_avg": [0.3500214738072574, 0.09363491145147144, 0.024016768156725037], "k2_x2h_ray_nimmi_syn_sem": [0.03984887972679718, 0.014668958914524093, 0.009504126869173516], "k2_x2h_pos_mi_avg": [0.5005443675706825, 1.190371933416582, 0.4949224235001975], "k2_x2h_pos_mi_sem": [0.10619239345069731, 0.06396821943191713, 0.04056405811513983], "k2_x2h_pos_nimin_syn_avg": [0.13315431778066125, 0.059779941044078445, 0.022866829391105226], "k2_x2h_pos_nimin_syn_sem": [0.022196866640592488, 0.009723407035191664, 0.00929248133686296], "k2_x2h_pos_nimmi_syn_avg": [0.35715510957195223, 0.09363491145147144, 0.024016768156725037], "k2_x2h_pos_nimmi_syn_sem": [0.06371844059645639, 0.014668958914524093, 0.009504126869173516]}