{"avg_reward_avg": 0.06795, "avg_reward_sem": 0.03262169097735772, "accuracy_avg": 0.069, "accuracy_sem": 0.005364492313143693, "k2_xh2h_immi_syn_avg_avg": [0.26881145150969893], "k2_xh2h_immi_syn_avg_sem": [0.006961673070907346], "k2_xh2h_immi_syn_sem_avg": [0.012921348077989994], "k2_xh2h_immi_syn_sem_sem": [0.0004418049219036667], "k2_xh2h_mi_avg_avg": [0.6900456858224213], "k2_xh2h_mi_avg_sem": [0.01562719252394118], "k2_xh2h_mi_sem_avg": [0.02834388514668783], "k2_xh2h_mi_sem_sem": [0.0021369934458141133], "k2_xh2h_nimmi_syn_avg_avg": [0.3912487836559802], "k2_xh2h_nimmi_syn_avg_sem": [0.006141887837809539], "k2_xh2h_nimmi_syn_sem_avg": [0.012206690813683297], "k2_xh2h_nimmi_syn_sem_sem": [0.0004951465769725119]}