{"avg_reward": 0.019, "accuracy": 0.09, "k2_xh2h_immi_syn_avg": [0.2525664967455868], "k2_xh2h_immi_syn_sem": [0.013508289584401595], "k2_xh2h_mi_avg": [0.7001751999587622], "k2_xh2h_mi_sem": [0.03694927883416658], "k2_xh2h_nimmi_syn_avg": [0.3687636604694045], "k2_xh2h_nimmi_syn_sem": [0.01444022558959331]}