{"avg_reward": 0.0085, "accuracy": 0.065, "k2_xh2h_immi_syn_avg": [0.30459292394725596], "k2_xh2h_immi_syn_sem": [0.013699057471655908], "k2_xh2h_mi_avg": [0.766223188275283], "k2_xh2h_mi_sem": [0.03964285057655243], "k2_xh2h_nimmi_syn_avg": [0.4065018492330145], "k2_xh2h_nimmi_syn_sem": [0.012381858165944637]}