{"avg_reward": 0.0355, "accuracy": 0.05, "k2_xh2h_immi_syn_avg": [0.23270206381824465], "k2_xh2h_immi_syn_sem": [0.012370820060974497], "k2_xh2h_mi_avg": [0.6039159969481093], "k2_xh2h_mi_sem": [0.021723110490840563], "k2_xh2h_nimmi_syn_avg": [0.38463693957670714], "k2_xh2h_nimmi_syn_sem": [0.013626984168535007]}