{"avg_reward": 0.086, "accuracy": 0.08, "k2_xh2h_immi_syn_avg": [0.2893448428741657], "k2_xh2h_immi_syn_sem": [0.012628075140213635], "k2_xh2h_mi_avg": [0.7081580920627417], "k2_xh2h_mi_sem": [0.027558383346756712], "k2_xh2h_nimmi_syn_avg": [0.4082304885651852], "k2_xh2h_nimmi_syn_sem": [0.009779990797084916]}