{"avg_reward": 0.0195, "accuracy": 0.08, "k2_xh2h_immi_syn_avg": [0.2518868067606522], "k2_xh2h_immi_syn_sem": [0.015364865508827538], "k2_xh2h_mi_avg": [0.71605504556338], "k2_xh2h_mi_sem": [0.035119775023788186], "k2_xh2h_nimmi_syn_avg": [0.35159862062760333], "k2_xh2h_nimmi_syn_sem": [0.013819932375489811]}