{"avg_reward": 0.0155, "accuracy": 0.07, "k2_xh2h_immi_syn_avg": [0.28012615940155255], "k2_xh2h_immi_syn_sem": [0.012958934116095314], "k2_xh2h_mi_avg": [0.6945751359575308], "k2_xh2h_mi_sem": [0.02505743705076286], "k2_xh2h_nimmi_syn_avg": [0.39970036240754825], "k2_xh2h_nimmi_syn_sem": [0.010313014677638732]}