{"avg_reward": 0.1005, "accuracy": 0.045, "k2_xh2h_immi_syn_avg": [0.2557981618997655], "k2_xh2h_immi_syn_sem": [0.01341056918989601], "k2_xh2h_mi_avg": [0.6444944875901217], "k2_xh2h_mi_sem": [0.028169089706741264], "k2_xh2h_nimmi_syn_avg": [0.39723752441886034], "k2_xh2h_nimmi_syn_sem": [0.013022590955807012]}