{"avg_reward": 0.3475, "accuracy": 0.055, "k2_xh2h_immi_syn_avg": [0.2810809188089931], "k2_xh2h_immi_syn_sem": [0.012156706063074556], "k2_xh2h_mi_avg": [0.7317690613687043], "k2_xh2h_mi_sem": [0.019072031787832924], "k2_xh2h_nimmi_syn_avg": [0.3816592875528765], "k2_xh2h_nimmi_syn_sem": [0.012375651114030077]}