{"avg_reward": 0.0125, "accuracy": 0.06, "k2_xh2h_immi_syn_avg": [0.28332918837679655], "k2_xh2h_immi_syn_sem": [0.013248588557860708], "k2_xh2h_mi_avg": [0.7049721522753506], "k2_xh2h_mi_sem": [0.02567876892736977], "k2_xh2h_nimmi_syn_avg": [0.4019754018451885], "k2_xh2h_nimmi_syn_sem": [0.011291005307633583]}