{"avg_reward": 1.0, "accuracy": 1.0, "k2_x2h_imin_syn_avg": [1.0, 0.04182958340544901, 0.0], "k2_x2h_imin_syn_sem": [NaN, 0.012761577150157816, 0.0], "k2_x2h_mi_avg": [2.0, 0.6993483330448709, 0.8666666666666667], "k2_x2h_mi_sem": [NaN, 0.06148690208442811, 0.051247074319053836], "k2_x2h_immi_syn_avg": [1.0, 0.058496250072115605, 0.0], "k2_x2h_immi_syn_sem": [NaN, 0.020222426926552274, 0.0], "k2_x2h_nimin_syn_avg": [0.5, 0.03627402784989352, 0.0], "k2_x2h_nimin_syn_sem": [NaN, 0.010959470371678423, 0.0], "k2_x2h_nimmi_syn_avg": [0.5, 0.0473851389610045, 0.0], "k2_x2h_nimmi_syn_sem": [NaN, 0.015008216578439601, 0.0], "k2_x2h_imin_red_avg": [1.0, 0.15375937481971094, 0.3333333333333333], "k2_x2h_imin_red_sem": [NaN, 0.037116898878356445, 0.07106690545187014], "k2_x2h_immi_red_avg": [1.0, 0.17042604148637766, 0.3333333333333333], "k2_x2h_immi_red_sem": [NaN, 0.04212807076302435, 0.07106690545187014], "k2_x2h_nimin_red_avg": [0.5, 0.16917291654647396, 0.3333333333333333], "k2_x2h_nimin_red_sem": [NaN, 0.044422900735317995, 0.07106690545187014], "k2_x2h_nimmi_red_avg": [0.5, 0.1802840276575851, 0.3333333333333333], "k2_x2h_nimmi_red_sem": [NaN, 0.04600236387658301, 0.07106690545187014], "k2_x2h_tuples_syn": [{"imin_syn_0_1": 1.0, "mi_0_1": 2.0, "immi_syn_0_1": 1.0, "nimin_syn_0_1": 0.5, "nimmi_syn_0_1": 0.5}, {"imin_syn_0_1": 1.1102230246251565e-16, "mi_0_1": 0.8112781244591329, "immi_syn_0_1": 0.0, "nimin_syn_0_1": 1.3684863318178654e-16, "nimmi_syn_0_1": 0.0, "imin_syn_0_2": 0.0, "mi_0_2": 1.0, "immi_syn_0_2": 0.0, "nimin_syn_0_2": 0.0, "nimmi_syn_0_2": 0.0, "imin_syn_0_3": 1.1102230246251565e-16, "mi_0_3": 0.31127812445913294, "immi_syn_0_3": 0.0, "nimin_syn_0_3": 3.566659322926226e-16, "nimmi_syn_0_3": 0.0, "imin_syn_0_4": 1.1102230246251565e-16, "mi_0_4": 0.31127812445913294, "immi_syn_0_4": 0.0, "nimin_syn_0_4": 3.566659322926226e-16, "nimmi_syn_0_4": 0.0, "imin_syn_0_5": 1.1102230246251565e-16, "mi_0_5": 0.8112781244591329, "immi_syn_0_5": 0.0, "nimin_syn_0_5": 1.3684863318178654e-16, "nimmi_syn_0_5": 0.0, "imin_syn_0_6": 0.0, "mi_0_6": 0.0, "immi_syn_0_6": 0.0, "nimin_syn_0_6": 0, "nimmi_syn_0_6": 0, "imin_syn_0_7": 0.0, "mi_0_7": 0.0, "immi_syn_0_7": 0.0, "nimin_syn_0_7": 0, "nimmi_syn_0_7": 0, "imin_syn_0_8": 0.0, "mi_0_8": 0.0, "immi_syn_0_8": 0.0, "nimin_syn_0_8": 0, "nimmi_syn_0_8": 0, "imin_syn_0_9": 1.1102230246251565e-16, "mi_0_9": 0.8112781244591329, "immi_syn_0_9": 0.0, "nimin_syn_0_9": 1.3684863318178654e-16, "nimmi_syn_0_9": 0.0, "imin_syn_1_2": 0.25, "mi_1_2": 1.5, "immi_syn_1_2": 0.5, "nimin_syn_1_2": 0.16666666666666666, "nimmi_syn_1_2": 0.3333333333333333, "imin_syn_1_3": 0.18872187554086717, "mi_1_3": 1.0, "immi_syn_1_3": 0.18872187554086706, "nimin_syn_1_3": 0.18872187554086717, "nimmi_syn_1_3": 0.18872187554086706, "imin_syn_1_4": 0.18872187554086717, "mi_1_4": 1.0, "immi_syn_1_4": 0.18872187554086706, "nimin_syn_1_4": 0.18872187554086717, "nimmi_syn_1_4": 0.18872187554086706, "imin_syn_1_5": 1.1102230246251565e-16, "mi_1_5": 0.8112781244591329, "immi_syn_1_5": 0.0, "nimin_syn_1_5": 1.3684863318178654e-16, "nimmi_syn_1_5": 0.0, "imin_syn_1_6": 1.1102230246251565e-16, "mi_1_6": 0.8112781244591329, "immi_syn_1_6": 0.0, "nimin_syn_1_6": 1.3684863318178654e-16, "nimmi_syn_1_6": 0.0, "imin_syn_1_7": 1.1102230246251565e-16, "mi_1_7": 0.8112781244591329, "immi_syn_1_7": 0.0, "nimin_syn_1_7": 1.3684863318178654e-16, "nimmi_syn_1_7": 0.0, "imin_syn_1_8": 1.1102230246251565e-16, "mi_1_8": 0.8112781244591329, "immi_syn_1_8": 0.0, "nimin_syn_1_8": 1.3684863318178654e-16, "nimmi_syn_1_8": 0.0, "imin_syn_1_9": 1.1102230246251565e-16, "mi_1_9": 0.8112781244591329, "immi_syn_1_9": 0.0, "nimin_syn_1_9": 1.3684863318178654e-16, "nimmi_syn_1_9": 0.0, "imin_syn_2_3": 0.0, "mi_2_3": 1.0, "immi_syn_2_3": 0.0, "nimin_syn_2_3": 0.0, "nimmi_syn_2_3": 0.0, "imin_syn_2_4": 0.0, "mi_2_4": 1.0, "immi_syn_2_4": 0.0, "nimin_syn_2_4": 0.0, "nimmi_syn_2_4": 0.0, "imin_syn_2_5": 0.25, "mi_2_5": 1.5, "immi_syn_2_5": 0.5, "nimin_syn_2_5": 0.16666666666666666, "nimmi_syn_2_5": 0.3333333333333333, "imin_syn_2_6": 0.0, "mi_2_6": 1.0, "immi_syn_2_6": 0.0, "nimin_syn_2_6": 0.0, "nimmi_syn_2_6": 0.0, "imin_syn_2_7": 0.0, "mi_2_7": 1.0, "immi_syn_2_7": 0.0, "nimin_syn_2_7": 0.0, "nimmi_syn_2_7": 0.0, "imin_syn_2_8": 0.0, "mi_2_8": 1.0, "immi_syn_2_8": 0.0, "nimin_syn_2_8": 0.0, "nimmi_syn_2_8": 0.0, "imin_syn_2_9": 0.25, "mi_2_9": 1.5, "immi_syn_2_9": 0.5, "nimin_syn_2_9": 0.16666666666666666, "nimmi_syn_2_9": 0.3333333333333333, "imin_syn_3_4": 1.1102230246251565e-16, "mi_3_4": 0.31127812445913294, "immi_syn_3_4": 0.0, "nimin_syn_3_4": 3.566659322926226e-16, "nimmi_syn_3_4": 0.0, "imin_syn_3_5": 0.18872187554086717, "mi_3_5": 1.0, "immi_syn_3_5": 0.18872187554086706, "nimin_syn_3_5": 0.18872187554086717, "nimmi_syn_3_5": 0.18872187554086706, "imin_syn_3_6": 1.1102230246251565e-16, "mi_3_6": 0.31127812445913294, "immi_syn_3_6": 0.0, "nimin_syn_3_6": 3.566659322926226e-16, "nimmi_syn_3_6": 0.0, "imin_syn_3_7": 1.1102230246251565e-16, "mi_3_7": 0.31127812445913294, "immi_syn_3_7": 0.0, "nimin_syn_3_7": 3.566659322926226e-16, "nimmi_syn_3_7": 0.0, "imin_syn_3_8": 1.1102230246251565e-16, "mi_3_8": 0.31127812445913294, "immi_syn_3_8": 0.0, "nimin_syn_3_8": 3.566659322926226e-16, "nimmi_syn_3_8": 0.0, "imin_syn_3_9": 0.18872187554086717, "mi_3_9": 1.0, "immi_syn_3_9": 0.18872187554086706, "nimin_syn_3_9": 0.18872187554086717, "nimmi_syn_3_9": 0.18872187554086706, "imin_syn_4_5": 0.18872187554086717, "mi_4_5": 1.0, "immi_syn_4_5": 0.18872187554086706, "nimin_syn_4_5": 0.18872187554086717, "nimmi_syn_4_5": 0.18872187554086706, "imin_syn_4_6": 1.1102230246251565e-16, "mi_4_6": 0.31127812445913294, "immi_syn_4_6": 0.0, "nimin_syn_4_6": 3.566659322926226e-16, "nimmi_syn_4_6": 0.0, "imin_syn_4_7": 1.1102230246251565e-16, "mi_4_7": 0.31127812445913294, "immi_syn_4_7": 0.0, "nimin_syn_4_7": 3.566659322926226e-16, "nimmi_syn_4_7": 0.0, "imin_syn_4_8": 1.1102230246251565e-16, "mi_4_8": 0.31127812445913294, "immi_syn_4_8": 0.0, "nimin_syn_4_8": 3.566659322926226e-16, "nimmi_syn_4_8": 0.0, "imin_syn_4_9": 0.18872187554086717, "mi_4_9": 1.0, "immi_syn_4_9": 0.18872187554086706, "nimin_syn_4_9": 0.18872187554086717, "nimmi_syn_4_9": 0.18872187554086706, "imin_syn_5_6": 1.1102230246251565e-16, "mi_5_6": 0.8112781244591329, "immi_syn_5_6": 0.0, "nimin_syn_5_6": 1.3684863318178654e-16, "nimmi_syn_5_6": 0.0, "imin_syn_5_7": 1.1102230246251565e-16, "mi_5_7": 0.8112781244591329, "immi_syn_5_7": 0.0, "nimin_syn_5_7": 1.3684863318178654e-16, "nimmi_syn_5_7": 0.0, "imin_syn_5_8": 1.1102230246251565e-16, "mi_5_8": 0.8112781244591329, "immi_syn_5_8": 0.0, "nimin_syn_5_8": 1.3684863318178654e-16, "nimmi_syn_5_8": 0.0, "imin_syn_5_9": 1.1102230246251565e-16, "mi_5_9": 0.8112781244591329, "immi_syn_5_9": 0.0, "nimin_syn_5_9": 1.3684863318178654e-16, "nimmi_syn_5_9": 0.0, "imin_syn_6_7": 0.0, "mi_6_7": 0.0, "immi_syn_6_7": 0.0, "nimin_syn_6_7": 0, "nimmi_syn_6_7": 0, "imin_syn_6_8": 0.0, "mi_6_8": 0.0, "immi_syn_6_8": 0.0, "nimin_syn_6_8": 0, "nimmi_syn_6_8": 0, "imin_syn_6_9": 1.1102230246251565e-16, "mi_6_9": 0.8112781244591329, "immi_syn_6_9": 0.0, "nimin_syn_6_9": 1.3684863318178654e-16, "nimmi_syn_6_9": 0.0, "imin_syn_7_8": 0.0, "mi_7_8": 0.0, "immi_syn_7_8": 0.0, "nimin_syn_7_8": 0, "nimmi_syn_7_8": 0, "imin_syn_7_9": 1.1102230246251565e-16, "mi_7_9": 0.8112781244591329, "immi_syn_7_9": 0.0, "nimin_syn_7_9": 1.3684863318178654e-16, "nimmi_syn_7_9": 0.0, "imin_syn_8_9": 1.1102230246251565e-16, "mi_8_9": 0.8112781244591329, "immi_syn_8_9": 0.0, "nimin_syn_8_9": 1.3684863318178654e-16, "nimmi_syn_8_9": 0.0}, {"imin_syn_0_1": 0.0, "mi_0_1": 1.0, "immi_syn_0_1": 0.0, "nimin_syn_0_1": 0.0, "nimmi_syn_0_1": 0.0, "imin_syn_0_2": 0.0, "mi_0_2": 1.0, "immi_syn_0_2": 0.0, "nimin_syn_0_2": 0.0, "nimmi_syn_0_2": 0.0, "imin_syn_0_3": 0.0, "mi_0_3": 1.0, "immi_syn_0_3": 0.0, "nimin_syn_0_3": 0.0, "nimmi_syn_0_3": 0.0, "imin_syn_0_4": 0.0, "mi_0_4": 1.0, "immi_syn_0_4": 0.0, "nimin_syn_0_4": 0.0,