{"avg_reward_avg": 0.05285000000000001, "avg_reward_sem": 0.021862963355105056, "accuracy_avg": 0.06250000000000001, "accuracy_sem": 0.006202598021976131, "k2_xh2h_immi_syn_avg_avg": [0.20395872704552773], "k2_xh2h_immi_syn_avg_sem": [0.004861247292312801], "k2_xh2h_immi_syn_sem_avg": [0.011304721977650898], "k2_xh2h_immi_syn_sem_sem": [0.0004996554132230172], "k2_xh2h_mi_avg_avg": [0.5551125999430084], "k2_xh2h_mi_avg_sem": [0.016276993760895937], "k2_xh2h_mi_sem_avg": [0.02806059242881928], "k2_xh2h_mi_sem_sem": [0.002468487052357271], "k2_xh2h_nimmi_syn_avg_avg": [0.3725351615530538], "k2_xh2h_nimmi_syn_avg_sem": [0.0037447516923005755], "k2_xh2h_nimmi_syn_sem_avg": [0.013250313602212137], "k2_xh2h_nimmi_syn_sem_sem": [0.0006186939014888601]}