{"avg_reward": 0.01, "accuracy": 0.035, "k2_xh2h_immi_syn_avg": [0.18913142364292657], "k2_xh2h_immi_syn_sem": [0.008270658095299848], "k2_xh2h_mi_avg": [0.47397452382134575], "k2_xh2h_mi_sem": [0.015702707717248212], "k2_xh2h_nimmi_syn_avg": [0.3966924273052268], "k2_xh2h_nimmi_syn_sem": [0.009110660206316857]}