{"avg_reward": 0.014, "accuracy": 0.065, "k2_xh2h_immi_syn_avg": [0.18473853339699803], "k2_xh2h_immi_syn_sem": [0.012237216056051065], "k2_xh2h_mi_avg": [0.5111236125022536], "k2_xh2h_mi_sem": [0.035461938114745455], "k2_xh2h_nimmi_syn_avg": [0.3644970785726475], "k2_xh2h_nimmi_syn_sem": [0.01660855513278006]}