{"avg_reward": 0.084, "accuracy": 0.07, "k2_xh2h_immi_syn_avg": [0.23117121310979644], "k2_xh2h_immi_syn_sem": [0.011555772204961155], "k2_xh2h_mi_avg": [0.6218981823405967], "k2_xh2h_mi_sem": [0.028656230334060954], "k2_xh2h_nimmi_syn_avg": [0.37891232973862904], "k2_xh2h_nimmi_syn_sem": [0.013293370861153161]}