{"avg_reward": 0.225, "accuracy": 0.05, "k2_xh2h_immi_syn_avg": [0.21470193704844884], "k2_xh2h_immi_syn_sem": [0.010823931177814976], "k2_xh2h_mi_avg": [0.5731467623451123], "k2_xh2h_mi_sem": [0.02474729360708922], "k2_xh2h_nimmi_syn_avg": [0.38015571572537493], "k2_xh2h_nimmi_syn_sem": [0.013549404410298092]}