{"avg_reward": 0.01, "accuracy": 0.055, "k2_xh2h_immi_syn_avg": [0.2216623614101393], "k2_xh2h_immi_syn_sem": [0.012066835106603287], "k2_xh2h_mi_avg": [0.6188401854110923], "k2_xh2h_mi_sem": [0.042874414561930224], "k2_xh2h_nimmi_syn_avg": [0.3789601835633733], "k2_xh2h_nimmi_syn_sem": [0.01425314479411217]}