{"avg_reward": 0.01757600043200001, "accuracy": 0.5, "k2_x2h_ray_imin_syn_avg": [0.3299149327530195, 0.07642877328510049, 0.0179765201979418], "k2_x2h_ray_imin_syn_sem": [0.03181033253450834, 0.022196543384611567, 0.004806525154547164], "k2_x2h_ray_immi_syn_avg": [0.4234095137747748, 0.12103943674880344, 0.018985927097031008], "k2_x2h_ray_immi_syn_sem": [0.05694515444014738, 0.03547071260799606, 0.005073318362761678], "k2_x2h_pos_imin_syn_avg": [0.3594076537146222, 0.07642877328510049, 0.0179765201979418], "k2_x2h_pos_imin_syn_sem": [0.07452030613038974, 0.022196543384611567, 0.004806525154547164], "k2_x2h_pos_immi_syn_avg": [0.44211711513582763, 0.12103943674880344, 0.018985927097031008], "k2_x2h_pos_immi_syn_sem": [0.11522930608057749, 0.03547071260799606, 0.005073318362761678], "k2_x2h_ray_mi_avg": [1.3910775180742976, 0.7853573942570509, 0.0797819167867725], "k2_x2h_ray_mi_sem": [0.07155995619649626, 0.07995134811298686, 0.00817206767944829], "k2_x2h_ray_nimin_syn_avg": [0.23629687247832218, 0.05135406293729458, -0.0023120004900629115], "k2_x2h_ray_nimin_syn_sem": [0.01193024970081779, 0.014486272804559896, 0.06135854468065698], "k2_x2h_ray_nimmi_syn_avg": [0.30194180253002373, 0.08198993629327948, 0.12803013971484944], "k2_x2h_ray_nimmi_syn_sem": [0.024876285411983924, 0.022615422679924047, 0.030543841938954545], "k2_x2h_pos_mi_avg": [1.5905902745351028, 0.7853573942570509, 0.0797819167867725], "k2_x2h_pos_mi_sem": [0.11522930608057749, 0.07995134811298686, 0.00817206767944829], "k2_x2h_pos_nimin_syn_avg": [0.22174645242646676, 0.05135406293729458, -0.0023120004900629115], "k2_x2h_pos_nimin_syn_sem": [0.02913079879025417, 0.014486272804559896, 0.06135854468065698], "k2_x2h_pos_nimmi_syn_avg": [0.2706618540029093, 0.08198993629327948, 0.12803013971484944], "k2_x2h_pos_nimmi_syn_sem": [0.05042750291276043, 0.022615422679924047, 0.030543841938954545]}