{"avg_reward": 0.005217789553113091, "accuracy": 0.5, "k2_x2h_ray_imin_syn_avg": [0.10819899514943747, 0.004038515804147596, -2.952825819907126e-17], "k2_x2h_ray_imin_syn_sem": [0.01838698472417383, 0.00199250635334442, 1.0862781793920253e-17], "k2_x2h_ray_immi_syn_avg": [0.12105695249177151, 0.005717965690383823, 4.934324553889585e-18], "k2_x2h_ray_immi_syn_sem": [0.02681581644243818, 0.0029883758060430567, 3.4492176789785163e-18], "k2_x2h_pos_imin_syn_avg": [0.10819820196898468, 0.004038515804147596, -2.952825819907126e-17], "k2_x2h_pos_imin_syn_sem": [0.018269307797473124, 0.00199250635334442, 1.0862781793920253e-17], "k2_x2h_pos_immi_syn_avg": [0.11003618186811392, 0.005717965690383823, 4.934324553889585e-18], "k2_x2h_pos_immi_syn_sem": [0.019398401989657567, 0.0029883758060430567, 3.4492176789785163e-18], "k2_x2h_ray_mi_avg": [0.2790129115409646, 0.23205434025516983, 3.454027187722709e-17], "k2_x2h_ray_mi_sem": [0.032892285018130546, 0.048862741312787485, 1.2132273490035965e-17], "k2_x2h_ray_nimin_syn_avg": [0.38427348499710634, 0.007881911807424534, -0.06886367302717208], "k2_x2h_ray_nimin_syn_sem": [0.025092537615058596, 0.0034630179275858064, 0.0241883711183207], "k2_x2h_ray_nimmi_syn_avg": [0.42545187856207173, 0.01277753918513254, 0.022222222222222223], "k2_x2h_ray_nimmi_syn_sem": [0.046831645376860784, 0.006420421412515424, 0.015533895453767373], "k2_x2h_pos_mi_avg": [0.49288200954096933, 0.23205434025516983, 3.454027187722709e-17], "k2_x2h_pos_mi_sem": [0.019398401989657615, 0.048862741312787485, 1.2132273490035965e-17], "k2_x2h_pos_nimin_syn_avg": [0.21720121122664807, 0.007881911807424534, -0.06886367302717208], "k2_x2h_pos_nimin_syn_sem": [0.029638138899446657, 0.0034630179275858064, 0.0241883711183207], "k2_x2h_pos_nimmi_syn_avg": [0.22075195388354887, 0.01277753918513254, 0.022222222222222223], "k2_x2h_pos_nimmi_syn_sem": [0.031749130520083865, 0.006420421412515424, 0.015533895453767373]}