{"avg_reward_avg": 0.9652, "avg_reward_sem": 0.0015077577170531586, "accuracy_avg": 0.8219999999999998, "accuracy_sem": 0.00840634680861232, "k2_xh2h_immi_syn_avg_avg": [0.20678082397025643], "k2_xh2h_immi_syn_avg_sem": [0.008618356781615039], "k2_xh2h_immi_syn_sem_avg": [0.018327923907136574], "k2_xh2h_immi_syn_sem_sem": [0.0024587969861613285], "k2_xh2h_mi_avg_avg": [0.7675554236872564], "k2_xh2h_mi_avg_sem": [0.029346000206482807], "k2_xh2h_mi_sem_avg": [0.060951846633448124], "k2_xh2h_mi_sem_sem": [0.0017921223827304302], "k2_xh2h_nimmi_syn_avg_avg": [0.30961912966209654], "k2_xh2h_nimmi_syn_avg_sem": [0.006066996338410689], "k2_xh2h_nimmi_syn_sem_avg": [0.019092773757006853], "k2_xh2h_nimmi_syn_sem_sem": [0.00034922105094638804]}