{"avg_reward": 0.965, "accuracy": 0.81, "k2_xh2h_immi_syn_avg": [0.19390196996082143], "k2_xh2h_immi_syn_sem": [0.0173749698795605], "k2_xh2h_mi_avg": [0.6584136569159809], "k2_xh2h_mi_sem": [0.05758354488056684], "k2_xh2h_nimmi_syn_avg": [0.34200220744611465], "k2_xh2h_nimmi_syn_sem": [0.019548266851900427]}