{"avg_reward": 0.962, "accuracy": 0.805, "k2_xh2h_immi_syn_avg": [0.19801158555993098], "k2_xh2h_immi_syn_sem": [0.01666132619224521], "k2_xh2h_mi_avg": [0.713405126773244], "k2_xh2h_mi_sem": [0.05840210100634362], "k2_xh2h_nimmi_syn_avg": [0.32318066923557304], "k2_xh2h_nimmi_syn_sem": [0.019769968063324383]}