{"avg_reward": 0.966, "accuracy": 0.84, "k2_xh2h_immi_syn_avg": [0.27239056841992715], "k2_xh2h_immi_syn_sem": [0.032942129356235625], "k2_xh2h_mi_avg": [0.9644589105319612], "k2_xh2h_mi_sem": [0.06993901355466728], "k2_xh2h_nimmi_syn_avg": [0.29018366610915486], "k2_xh2h_nimmi_syn_sem": [0.019206943932195707]}