{"avg_reward": 0.961, "accuracy": 0.8, "k2_xh2h_immi_syn_avg": [0.18611134094265683], "k2_xh2h_immi_syn_sem": [0.014874996545244788], "k2_xh2h_mi_avg": [0.702469113297359], "k2_xh2h_mi_sem": [0.054544989619759975], "k2_xh2h_nimmi_syn_avg": [0.30140879189566216], "k2_xh2h_nimmi_syn_sem": [0.018647628524411743]}