{"avg_reward": 0.9695, "accuracy": 0.845, "k2_xh2h_immi_syn_avg": [0.22790033023168918], "k2_xh2h_immi_syn_sem": [0.021072195301168387], "k2_xh2h_mi_avg": [0.7609213737443636], "k2_xh2h_mi_sem": [0.0627134827256527], "k2_xh2h_nimmi_syn_avg": [0.3347783306912335], "k2_xh2h_nimmi_syn_sem": [0.01689214210726867]}