{"avg_reward": 0.9625, "accuracy": 0.805, "k2_xh2h_immi_syn_avg": [0.22043288856316567], "k2_xh2h_immi_syn_sem": [0.028204780710059538], "k2_xh2h_mi_avg": [0.8722666661450417], "k2_xh2h_mi_sem": [0.07082630363765095], "k2_xh2h_nimmi_syn_avg": [0.2837113821871873], "k2_xh2h_nimmi_syn_sem": [0.020678060642745476]}