{"avg_reward": 0.9655, "accuracy": 0.83, "k2_xh2h_immi_syn_avg": [0.1890291473849248], "k2_xh2h_immi_syn_sem": [0.01815599379051625], "k2_xh2h_mi_avg": [0.719432735867472], "k2_xh2h_mi_sem": [0.061731032911029216], "k2_xh2h_nimmi_syn_avg": [0.3073902654834888], "k2_xh2h_nimmi_syn_sem": [0.01968237198186781]}