{"avg_reward": 0.963, "accuracy": 0.81, "k2_xh2h_immi_syn_avg": [0.18601769148802694], "k2_xh2h_immi_syn_sem": [0.007828640108235183], "k2_xh2h_mi_avg": [0.6973597829200525], "k2_xh2h_mi_sem": [0.05438494837471414], "k2_xh2h_nimmi_syn_avg": [0.31677811930860467], "k2_xh2h_nimmi_syn_sem": [0.01767654937543819]}