{"avg_reward_avg": 0.09134008489296523, "avg_reward_sem": 0.015005063208176874, "accuracy_avg": 1.0, "accuracy_sem": 0.0, "k2_x2h_ray_imin_syn_avg_avg": [0.5313036127678027, 0.10126982138936796, 0.0712441270611697], "k2_x2h_ray_imin_syn_avg_sem": [0.050877963732778704, 0.025335845443456823, 0.026204096468176175], "k2_x2h_ray_imin_syn_sem_avg": [0.05581381734304027, 0.025945832055055656, 0.009958303885705717], "k2_x2h_ray_imin_syn_sem_sem": [0.014702824660335326, 0.005219188273878312, 0.0024949867452838], "k2_x2h_ray_immi_syn_avg_avg": [0.6716223534091192, 0.16443589583301016, 0.08981192251773144], "k2_x2h_ray_immi_syn_avg_sem": [0.07212684352833536, 0.040877127561547315, 0.03268152783564898], "k2_x2h_ray_immi_syn_sem_avg": [0.07026409836730133, 0.03921208221358134, 0.012956515148562716], "k2_x2h_ray_immi_syn_sem_sem": [0.013273726655180998, 0.00799059541970183, 0.003320313294845038], "k2_x2h_pos_imin_syn_avg_avg": [0.5219518599123198, 0.10126982138936796, 0.0712441270611697], "k2_x2h_pos_imin_syn_avg_sem": [0.08479759707611297, 0.025335845443456823, 0.026204096468176175], "k2_x2h_pos_imin_syn_sem_avg": [0.0625558866515868, 0.025945832055055656, 0.009958303885705717], "k2_x2h_pos_imin_syn_sem_sem": [0.009099999687748656, 0.005219188273878312, 0.0024949867452838], "k2_x2h_pos_immi_syn_avg_avg": [0.6310479988869394, 0.16443589583301016, 0.08981192251773144], "k2_x2h_pos_immi_syn_avg_sem": [0.10092330767102632, 0.040877127561547315, 0.03268152783564898], "k2_x2h_pos_immi_syn_sem_avg": [0.07735970968280478, 0.03921208221358134, 0.012956515148562716], "k2_x2h_pos_immi_syn_sem_sem": [0.011419048600010353, 0.00799059541970183, 0.003320313294845038], "k2_x2h_ray_mi_avg_avg": [1.5482367965572428, 1.013380487225759, 0.3971888536267807], "k2_x2h_ray_mi_avg_sem": [0.20528785730279195, 0.15411707096938546, 0.11087499402089097], "k2_x2h_ray_mi_sem_avg": [0.07279549534470633, 0.09986884721061237, 0.029260788882501977], "k2_x2h_ray_mi_sem_sem": [0.012711482935922966, 0.005948066776542902, 0.006686621346358981], "k2_x2h_ray_nimin_syn_avg_avg": [0.37491049445617003, 0.04979724044855394, 0.10688972309029575], "k2_x2h_ray_nimin_syn_avg_sem": [0.04037749048260566, 0.011839596988337107, 0.028808232340007164], "k2_x2h_ray_nimin_syn_sem_avg": [0.031995696972772436, 0.011690605203664047, 0.017032417672474456], "k2_x2h_ray_nimin_syn_sem_sem": [0.013238878527979848, 0.0022032294071241067, 0.002839222352589708], "k2_x2h_ray_nimmi_syn_avg_avg": [0.4581912123267353, 0.08407557207501287, 0.13088090814686265], "k2_x2h_ray_nimmi_syn_avg_sem": [0.031574547517111244, 0.019358131037225668, 0.03617752370079688], "k2_x2h_ray_nimmi_syn_sem_avg": [0.039177695667825155, 0.018659347206901346, 0.017430907458720363], "k2_x2h_ray_nimmi_syn_sem_sem": [0.010693390262620516, 0.003471799046084441, 0.0039942696879043315], "k2_x2h_pos_mi_avg_avg": [1.895833236143503, 1.013380487225759, 0.3971888536267807], "k2_x2h_pos_mi_avg_sem": [0.23210351686582772, 0.15411707096938546, 0.11087499402089097], "k2_x2h_pos_mi_sem_avg": [0.07784193278282717, 0.09986884721061237, 0.029260788882501977], "k2_x2h_pos_mi_sem_sem": [0.011086678655533182, 0.005948066776542902, 0.006686621346358981], "k2_x2h_pos_nimin_syn_avg_avg": [0.2877576839280525, 0.04979724044855394, 0.10688972309029575], "k2_x2h_pos_nimin_syn_avg_sem": [0.04084173084871481, 0.011839596988337107, 0.028808232340007164], "k2_x2h_pos_nimin_syn_sem_avg": [0.02506716765982459, 0.011690605203664047, 0.017032417672474456], "k2_x2h_pos_nimin_syn_sem_sem": [0.003969167375197887, 0.0022032294071241067, 0.002839222352589708], "k2_x2h_pos_nimmi_syn_avg_avg": [0.3443607751014033, 0.08407557207501287, 0.13088090814686265], "k2_x2h_pos_nimmi_syn_avg_sem": [0.045311144446753084, 0.019358131037225668, 0.03617752370079688], "k2_x2h_pos_nimmi_syn_sem_avg": [0.026606565060534194, 0.018659347206901346, 0.017430907458720363], "k2_x2h_pos_nimmi_syn_sem_sem": [0.0025431866367778373, 0.003471799046084441, 0.0039942696879043315]}