{"avg_reward": 0.10862777926388895, "accuracy": 1.0, "k2_x2h_ray_imin_syn_avg": [0.5134765094830295, 0.04548311099529093, 0.06450107561109376], "k2_x2h_ray_imin_syn_sem": [0.05056519971821105, 0.02027904817104546, 0.012951209103819642], "k2_x2h_ray_immi_syn_avg": [0.74121760189401, 0.08589265544466519, 0.09059705445785242], "k2_x2h_ray_immi_syn_sem": [0.052284456271677486, 0.03314444943221492, 0.01915157786569415], "k2_x2h_pos_imin_syn_avg": [0.4129263551567783, 0.04548311099529093, 0.06450107561109376], "k2_x2h_pos_imin_syn_sem": [0.08608994922032218, 0.02027904817104546, 0.012951209103819642], "k2_x2h_pos_immi_syn_avg": [0.5030875124984684, 0.08589265544466519, 0.09059705445785242], "k2_x2h_pos_immi_syn_sem": [0.08465324262195514, 0.03314444943221492, 0.01915157786569415], "k2_x2h_ray_mi_avg": [1.6495649217336021, 0.796375727823817, 0.45989023830968284], "k2_x2h_ray_mi_sem": [0.04823715286109894, 0.10532964738982833, 0.03886479849479289], "k2_x2h_ray_nimin_syn_avg": [0.31005368911311754, 0.02765761128010784, 0.09696499391168817], "k2_x2h_ray_nimin_syn_sem": [0.022423412882522142, 0.008831164796480651, 0.01696045403455386], "k2_x2h_ray_nimmi_syn_avg": [0.44835924346601974, 0.06192992796656159, 0.13260159649139425], "k2_x2h_ray_nimmi_syn_sem": [0.02064652894624404, 0.018128334143426475, 0.023637375719819706], "k2_x2h_pos_mi_avg": [1.8824674001357247, 0.796375727823817, 0.45989023830968284], "k2_x2h_pos_mi_sem": [0.08465324262195514, 0.10532964738982833, 0.03886479849479289], "k2_x2h_pos_nimin_syn_avg": [0.2161826339797954, 0.02765761128010784, 0.09696499391168817], "k2_x2h_pos_nimin_syn_sem": [0.03596932848155319, 0.008831164796480651, 0.01696045403455386], "k2_x2h_pos_nimmi_syn_avg": [0.2642334878598063, 0.06192992796656159, 0.13260159649139425], "k2_x2h_pos_nimmi_syn_sem": [0.03355950134476509, 0.018128334143426475, 0.023637375719819706]}