{"avg_reward": 0.037367165273134294, "accuracy": 1.0, "k2_x2h_ray_imin_syn_avg": [0.6661082552613404, 0.13208095919680124, 0.1091962236745017], "k2_x2h_ray_imin_syn_sem": [0.036201169569352216, 0.030045992449719977, 0.017045011914124896], "k2_x2h_ray_immi_syn_avg": [0.8613931554182592, 0.2133959285384962, 0.1425614354388057], "k2_x2h_ray_immi_syn_sem": [0.05854908966812951, 0.0424339396537144, 0.023058638214170844], "k2_x2h_pos_imin_syn_avg": [0.8604567090529814, 0.13208095919680124, 0.1091962236745017], "k2_x2h_pos_imin_syn_sem": [0.10165609042708579, 0.030045992449719977, 0.017045011914124896], "k2_x2h_pos_immi_syn_avg": [0.9996618239422336, 0.2133959285384962, 0.1425614354388057], "k2_x2h_pos_immi_syn_sem": [0.12585904238112544, 0.0424339396537144, 0.023058638214170844], "k2_x2h_ray_mi_avg": [1.957600442622568, 1.2418830067173718, 0.7100123122315195], "k2_x2h_ray_mi_sem": [0.06709524056352173, 0.09888747334054791, 0.05098220708395233], "k2_x2h_ray_nimin_syn_avg": [0.3401335868450615, 0.07040646583068712, 0.12329050247512593], "k2_x2h_ray_nimin_syn_sem": [0.013018356595252648, 0.014021273344564194, 0.0177885149720173], "k2_x2h_ray_nimmi_syn_avg": [0.439180602114906, 0.12288897315957686, 0.15864598988972134], "k2_x2h_ray_nimmi_syn_sem": [0.016790168246721665, 0.02240261679084974, 0.023526527795679746], "k2_x2h_pos_mi_avg": [2.2785572077314105, 1.2418830067173718, 0.7100123122315195], "k2_x2h_pos_mi_sem": [0.12585904238112544, 0.09888747334054791, 0.05098220708395233], "k2_x2h_pos_nimin_syn_avg": [0.3751149890739815, 0.07040646583068712, 0.12329050247512593], "k2_x2h_pos_nimin_syn_sem": [0.026874346131218408, 0.014021273344564194, 0.0177885149720173], "k2_x2h_pos_nimmi_syn_avg": [0.43508158309056705, 0.12288897315957686, 0.15864598988972134], "k2_x2h_pos_nimmi_syn_sem": [0.03298960299334047, 0.02240261679084974, 0.023526527795679746]}