{"avg_reward": 0.04756000009875005, "accuracy": 1.0, "k2_x2h_ray_imin_syn_avg": [0.6996231548008746, 0.16283488720879816, 0.03271186942367981], "k2_x2h_ray_imin_syn_sem": [0.023068596329028294, 0.03697672053440988, 0.008747238083173146], "k2_x2h_ray_immi_syn_avg": [0.8651421140954764, 0.2579478920603861, 0.04109616850882195], "k2_x2h_ray_immi_syn_sem": [0.03962683435647682, 0.056081627037928426, 0.01207607535339725], "k2_x2h_pos_imin_syn_avg": [0.7328376383867878, 0.16283488720879816, 0.03271186942367981], "k2_x2h_pos_imin_syn_sem": [0.028103669233262185, 0.03697672053440988, 0.008747238083173146], "k2_x2h_pos_immi_syn_avg": [0.8352097316121135, 0.2579478920603861, 0.04109616850882195], "k2_x2h_pos_immi_syn_sem": [0.0624603156421237, 0.056081627037928426, 0.01207607535339725], "k2_x2h_ray_mi_avg": [1.8780804801523947, 1.1625082272193914, 0.3097069100843469], "k2_x2h_ray_mi_sem": [0.05351765685667011, 0.09146633871879883, 0.0381203744156462], "k2_x2h_ray_nimin_syn_avg": [0.3724277809798209, 0.08629843076037105, 0.07347175065355703], "k2_x2h_ray_nimin_syn_sem": [0.001843885307159959, 0.019109882986940014, 0.01601983340833618], "k2_x2h_ray_nimmi_syn_avg": [0.46039411344175885, 0.13802083547799576, 0.08757682244763383], "k2_x2h_ray_nimmi_syn_sem": [0.012117032980694562, 0.02963948159928921, 0.019668874593937152], "k2_x2h_pos_mi_avg": [2.4688235233615843, 1.1625082272193914, 0.3097069100843469], "k2_x2h_pos_mi_sem": [0.0624603156421237, 0.09146633871879883, 0.0381203744156462], "k2_x2h_pos_nimin_syn_avg": [0.29665134028385837, 0.08629843076037105, 0.07347175065355703], "k2_x2h_pos_nimin_syn_sem": [0.004530627187371032, 0.019109882986940014, 0.01601983340833618], "k2_x2h_pos_nimmi_syn_avg": [0.3374497978637148, 0.13802083547799576, 0.08757682244763383], "k2_x2h_pos_nimmi_syn_sem": [0.016861698096134328, 0.02963948159928921, 0.019668874593937152]}