{"avg_reward": 1.0, "accuracy": 1.0, "k2_x2h_imin_syn_avg": [1.0, 0.1074436111271368, 0.08344194449252157], "k2_x2h_imin_syn_sem": [NaN, 0.03344001665037526, 0.03244292714364635], "k2_x2h_mi_avg": [2.0, 0.9788136803993052, 0.3632915275133539], "k2_x2h_mi_sem": [NaN, 0.0751859936040757, 0.044622640721014406], "k2_x2h_immi_syn_avg": [1.0, 0.17505430557959412, 0.08344194449252151], "k2_x2h_immi_syn_sem": [NaN, 0.04392196476643556, 0.03244292714364634], "k2_x2h_nimin_syn_avg": [0.5, 0.06422166667735046, 0.08344194449252171], "k2_x2h_nimin_syn_sem": [NaN, 0.017984859503769317, 0.032442927143646334], "k2_x2h_nimmi_syn_avg": [0.5, 0.10929546297898865, 0.08344194449252151], "k2_x2h_nimmi_syn_sem": [NaN, 0.02643924041882431, 0.03244292714364634], "k2_x2h_imin_red_avg": [1.0, 0.21539680540331146, 0.06917291654647396], "k2_x2h_imin_red_sem": [NaN, 0.048980373176048364, 0.01950939362461597], "k2_x2h_immi_red_avg": [1.0, 0.2830074998557688, 0.06917291654647399], "k2_x2h_immi_red_sem": [NaN, 0.060694092696982276, 0.019509393624615973], "k2_x2h_nimin_red_avg": [0.5, 0.15380115731392419, 0.11361736099091839], "k2_x2h_nimin_red_sem": [NaN, 0.03793124607254293, 0.03744097225277048], "k2_x2h_nimmi_red_avg": [0.5, 0.1988749536155624, 0.11361736099091842], "k2_x2h_nimmi_red_sem": [NaN, 0.044596533640910374, 0.03744097225277049], "k2_x2h_tuples_syn": [{"imin_syn_0_1": 1.0, "mi_0_1": 2.0, "immi_syn_0_1": 1.0, "nimin_syn_0_1": 0.5, "nimmi_syn_0_1": 0.5}, {"imin_syn_0_1": 0.25, "mi_0_1": 1.5, "immi_syn_0_1": 0.5, "nimin_syn_0_1": 0.16666666666666666, "nimmi_syn_0_1": 0.3333333333333333, "imin_syn_0_2": 0.0, "mi_0_2": 1.0, "immi_syn_0_2": 0.0, "nimin_syn_0_2": 0.0, "nimmi_syn_0_2": 0.0, "imin_syn_0_3": 1.0, "mi_0_3": 2.0, "immi_syn_0_3": 1.0, "nimin_syn_0_3": 0.5, "nimmi_syn_0_3": 0.5, "imin_syn_0_4": 0.0, "mi_0_4": 1.0, "immi_syn_0_4": 0.0, "nimin_syn_0_4": 0.0, "nimmi_syn_0_4": 0.0, "imin_syn_0_5": 1.0, "mi_0_5": 2.0, "immi_syn_0_5": 1.0, "nimin_syn_0_5": 0.5, "nimmi_syn_0_5": 0.5, "imin_syn_0_6": 0.0, "mi_0_6": 1.0, "immi_syn_0_6": 0.0, "nimin_syn_0_6": 0.0, "nimmi_syn_0_6": 0.0, "imin_syn_0_7": 0.25, "mi_0_7": 1.5, "immi_syn_0_7": 0.5, "nimin_syn_0_7": 0.16666666666666666, "nimmi_syn_0_7": 0.3333333333333333, "imin_syn_0_8": 0.25, "mi_0_8": 1.5, "immi_syn_0_8": 0.5, "nimin_syn_0_8": 0.16666666666666666, "nimmi_syn_0_8": 0.3333333333333333, "imin_syn_0_9": 0.0, "mi_0_9": 1.0, "immi_syn_0_9": 0.0, "nimin_syn_0_9": 0.0, "nimmi_syn_0_9": 0.0, "imin_syn_1_2": 0.0, "mi_1_2": 0.8112781244591329, "immi_syn_1_2": 0.0, "nimin_syn_1_2": 0.0, "nimmi_syn_1_2": 0.0, "imin_syn_1_3": 0.25, "mi_1_3": 1.5, "immi_syn_1_3": 0.5, "nimin_syn_1_3": 0.16666666666666666, "nimmi_syn_1_3": 0.3333333333333333, "imin_syn_1_4": 0.0, "mi_1_4": 0.8112781244591329, "immi_syn_1_4": 0.0, "nimin_syn_1_4": 0.0, "nimmi_syn_1_4": 0.0, "imin_syn_1_5": 0.25, "mi_1_5": 1.5, "immi_syn_1_5": 0.5, "nimin_syn_1_5": 0.16666666666666666, "nimmi_syn_1_5": 0.3333333333333333, "imin_syn_1_6": 0.0, "mi_1_6": 0.8112781244591329, "immi_syn_1_6": 0.0, "nimin_syn_1_6": 0.0, "nimmi_syn_1_6": 0.0, "imin_syn_1_7": 0.29248125036057804, "mi_1_7": 1.5, "immi_syn_1_7": 0.6887218755408671, "nimin_syn_1_7": 0.19498750024038536, "nimmi_syn_1_7": 0.4591479170272447, "imin_syn_1_8": 0.0, "mi_1_8": 0.8112781244591329, "immi_syn_1_8": 0.0, "nimin_syn_1_8": 0.0, "nimmi_syn_1_8": 0.0, "imin_syn_1_9": 0.0, "mi_1_9": 0.8112781244591329, "immi_syn_1_9": 0.0, "nimin_syn_1_9": 0.0, "nimmi_syn_1_9": 0.0, "imin_syn_2_3": 0.0, "mi_2_3": 1.0, "immi_syn_2_3": 0.0, "nimin_syn_2_3": 0.0, "nimmi_syn_2_3": 0.0, "imin_syn_2_4": 0.0, "mi_2_4": 0.0, "immi_syn_2_4": 0.0, "nimin_syn_2_4": 0, "nimmi_syn_2_4": 0, "imin_syn_2_5": 0.0, "mi_2_5": 1.0, "immi_syn_2_5": 0.0, "nimin_syn_2_5": 0.0, "nimmi_syn_2_5": 0.0, "imin_syn_2_6": 0.0, "mi_2_6": 0.0, "immi_syn_2_6": 0.0, "nimin_syn_2_6": 0, "nimmi_syn_2_6": 0, "imin_syn_2_7": 1.1102230246251565e-16, "mi_2_7": 0.8112781244591329, "immi_syn_2_7": 0.0, "nimin_syn_2_7": 1.3684863318178654e-16, "nimmi_syn_2_7": 0.0, "imin_syn_2_8": 0.0, "mi_2_8": 0.8112781244591329, "immi_syn_2_8": 0.0, "nimin_syn_2_8": 0.0, "nimmi_syn_2_8": 0.0, "imin_syn_2_9": 0.0, "mi_2_9": 0.0, "immi_syn_2_9": 0.0, "nimin_syn_2_9": 0, "nimmi_syn_2_9": 0, "imin_syn_3_4": 0.0, "mi_3_4": 1.0, "immi_syn_3_4": 0.0, "nimin_syn_3_4": 0.0, "nimmi_syn_3_4": 0.0, "imin_syn_3_5": 0.0, "mi_3_5": 1.0, "immi_syn_3_5": 0.0, "nimin_syn_3_5": 0.0, "nimmi_syn_3_5": 0.0, "imin_syn_3_6": 0.0, "mi_3_6": 1.0, "immi_syn_3_6": 0.0, "nimin_syn_3_6": 0.0, "nimmi_syn_3_6": 0.0, "imin_syn_3_7": 0.25, "mi_3_7": 1.5, "immi_syn_3_7": 0.5, "nimin_syn_3_7": 0.16666666666666666, "nimmi_syn_3_7": 0.3333333333333333, "imin_syn_3_8": 0.25, "mi_3_8": 1.5, "immi_syn_3_8": 0.5, "nimin_syn_3_8": 0.16666666666666666, "nimmi_syn_3_8": 0.3333333333333333, "imin_syn_3_9": 0.0, "mi_3_9": 1.0, "immi_syn_3_9": 0.0, "nimin_syn_3_9": 0.0, "nimmi_syn_3_9": 0.0, "imin_syn_4_5": 0.0, "mi_4_5": 1.0, "immi_syn_4_5": 0.0, "nimin_syn_4_5": 0.0, "nimmi_syn_4_5": 0.0, "imin_syn_4_6": 0.0, "mi_4_6": 0.0, "immi_syn_4_6": 0.0, "nimin_syn_4_6": 0, "nimmi_syn_4_6": 0, "imin_syn_4_7": 1.1102230246251565e-16, "mi_4_7": 0.8112781244591329, "immi_syn_4_7": 0.0, "nimin_syn_4_7": 1.3684863318178654e-16, "nimmi_syn_4_7": 0.0, "imin_syn_4_8": 0.0, "mi_4_8": 0.8112781244591329, "immi_syn_4_8": 0.0, "nimin_syn_4_8": 0.0, "nimmi_syn_4_8": 0.0, "imin_syn_4_9": 0.0, "mi_4_9": 0.0, "immi_syn_4_9": 0.0, "nimin_syn_4_9": 0, "nimmi_syn_4_9": 0, "imin_syn_5_6": 0.0, "mi_5_6": 1.0, "immi_syn_5_6": 0.0, "nimin_syn_5_6": 0.0, "nimmi_syn_5_6": 0.0, "imin_syn_5_7": 0.25, "mi_5_7": 1.5, "immi_syn_5_7": 0.5, "nimin_syn_5_7": 0.16666666666666666, "nimmi_syn_5_7": 0.3333333333333333, "imin_syn_5_8": 0.25, "mi_5_8": 1.5, "immi_syn_5_8": 0.5, "nimin_syn_5_8": 0.16666666666666666, "nimmi_syn_5_8": 0.3333333333333333, "imin_syn_5_9": 0.0, "mi_5_9": 1.0, "immi_syn_5_9": 0.0, "nimin_syn_5_9": 0.0, "nimmi_syn_5_9": 0.0, "imin_syn_6_7": 1.1102230246251565e-16, "mi_6_7": 0.8112781244591329, "immi_syn_6_7": 0.0, "nimin_syn_6_7": 1.3684863318178654e-16, "nimmi_syn_6_7": 0.0, "imin_syn_6_8": 0.0, "mi_6_8": 0.8112781244591329, "immi_syn_6_8": 0.0, "nimin_syn_6_8": 0.0, "nimmi_syn_6_8": 0.0, "imin_syn_6_9": 0.0, "mi_6_9": 0.0, "immi_syn_6_9": 0.0, "nimin_syn_6_9": 0, "nimmi_syn_6_9": 0, "imin_syn_7_8": 0.29248125036057804, "mi_7_8": 1.5, "immi_syn_7_8": 0.6887218755408671, "nimin_syn_7_8": 0.19498750024038536, "nimmi_syn_7_8": 0.4591479170272447, "imin_syn_7_9": 1.1102230246251565e-16, "mi_7_9": 0.8112781244591329, "immi_syn_7_9": 0.0, "nimin_syn_7_9": 1.3684863318178654e-16, "nimmi_syn_7_9": 0.0, "imin_syn_8_9": 0.0, "mi_8_9": 0.8112781244591329, "immi_syn_8_9": 0.0, "nimin_syn_8_9": 0.0, "nimmi_syn_8_9": 0.0}, {"imin_syn_0_1": 1.1102230246251565e-16, "mi_0_1": 0.31127812445913294, "immi_syn_0_1": 0.0, "nimin_syn_0_1": 3.566659322926226e-16, "nimmi_syn_0_1": 0.0, "imin_syn_0_2": 1.1102230246251565e-16, "mi_0_2": 0.31127812445913294, "immi_syn_0_2": 0.0, "nimin_syn_0_2": 3.566659322926226e-16, "nimmi_syn_0_2": 0.0, "imin_syn_0_3": 0.0, "mi_0_3": 0.5, "immi_syn_0_3": 0.0, "nimin_syn_0_3": 0.0, "nimmi_syn_0_3": 0.0, "imin_syn_0_4": 0.0, "mi_0_4": 0.0, "immi_syn_0_4": 0.0, "nimin_syn_0_4": 0, "nimmi_syn_0_4": 0, "imin_syn_0_5": 0.0, "mi_0_5": 0.0, "immi_syn_0_5": 0.0, "nimin_syn_0_5": 0, "nimmi_syn_0_5": 0, "imin_syn_0_6": 1.1102230246251565e-16, "mi_0_6": 0.31127812445913294, "immi_syn_0_6": 0.0, "nimin_syn_0_6": 3.566659322926226e-16, "nimmi_syn_0_6": 0.0, "imin_syn_0_7": 0.0, "mi_0_7": 0.0, "immi_syn_0_7": 0.0, "nimin_syn_0_7": 0, "nimmi_syn_0_7": 0, "imin_syn_0_8": 1.1102230246251565e-16, "mi_0_8": 0.31127812445913294, "immi_syn_0_8": 0.0, "nimin_syn_0_8": 3.566659322926226e-16, "nimmi_syn_0_8": 0.0, "imin_syn_0_9": 0.0, "mi_0_9": 0.0, "immi_syn_0_9": 0.0, "nimin_syn_0_9": 0, "nimmi_syn_0_9": 0, "imin_syn_1_2": 0.6887218755408672, "mi_1_2": 1.0, "immi_syn_1_2": 0.6887218755408671, "nimin_syn_1_2": 0.6887218755408672,