{"avg_reward": 1.0, "accuracy": 1.0, "k2_x2h_imin_syn_avg": [1.0, 0.10566416671474374, 0.13482041691506494], "k2_x2h_imin_syn_sem": [NaN, 0.02762346449077242, 0.03257354895098042], "k2_x2h_mi_avg": [2.0, 0.9773433331410252, 0.6289222915584932], "k2_x2h_mi_sem": [NaN, 0.07469383818389337, 0.043938665009844786], "k2_x2h_immi_syn_avg": [1.0, 0.20294069451656008, 0.15326652799412463], "k2_x2h_immi_syn_sem": [NaN, 0.044905654657327806, 0.032480734371748234], "k2_x2h_nimin_syn_avg": [0.5, 0.06673907410612546, 0.17508777822649726], "k2_x2h_nimin_syn_sem": [NaN, 0.015889585769876476, 0.03447750103662452], "k2_x2h_nimmi_syn_avg": [0.5, 0.13159009264066968, 0.21198000038461656], "k2_x2h_nimmi_syn_sem": [NaN, 0.028644211479143318, 0.036374496110817424], "k2_x2h_imin_red_avg": [1.0, 0.17734333314102502, 0.17943187470753108], "k2_x2h_imin_red_sem": [NaN, 0.039813467960014406, 0.022323253055687116], "k2_x2h_immi_red_avg": [1.0, 0.27461986094284135, 0.19787798578659085], "k2_x2h_immi_red_sem": [NaN, 0.058692348339210595, 0.02361447011930039], "k2_x2h_nimin_red_avg": [0.5, 0.11452518505697966, 0.28990805518696455], "k2_x2h_nimin_red_sem": [NaN, 0.025017636854327948, 0.04239653101356333], "k2_x2h_nimmi_red_avg": [0.5, 0.17937620359152387, 0.3268002773450841], "k2_x2h_nimmi_red_sem": [NaN, 0.03825341900948864, 0.04637198784756453], "k2_x2h_tuples_syn": [{"imin_syn_0_1": 1.0, "mi_0_1": 2.0, "immi_syn_0_1": 1.0, "nimin_syn_0_1": 0.5, "nimmi_syn_0_1": 0.5}, {"imin_syn_0_1": 0.0, "mi_0_1": 0.8112781244591329, "immi_syn_0_1": 0.0, "nimin_syn_0_1": 0.0, "nimmi_syn_0_1": 0.0, "imin_syn_0_2": 0.29248125036057804, "mi_0_2": 1.5, "immi_syn_0_2": 0.6887218755408671, "nimin_syn_0_2": 0.19498750024038536, "nimmi_syn_0_2": 0.4591479170272447, "imin_syn_0_3": 0.25, "mi_0_3": 1.5, "immi_syn_0_3": 0.5, "nimin_syn_0_3": 0.16666666666666666, "nimmi_syn_0_3": 0.3333333333333333, "imin_syn_0_4": 0.0, "mi_0_4": 0.8112781244591329, "immi_syn_0_4": 0.0, "nimin_syn_0_4": 0.0, "nimmi_syn_0_4": 0.0, "imin_syn_0_5": 0.25, "mi_0_5": 1.5, "immi_syn_0_5": 0.5, "nimin_syn_0_5": 0.16666666666666666, "nimmi_syn_0_5": 0.3333333333333333, "imin_syn_0_6": 0.29248125036057804, "mi_0_6": 1.5, "immi_syn_0_6": 0.6887218755408671, "nimin_syn_0_6": 0.19498750024038536, "nimmi_syn_0_6": 0.4591479170272447, "imin_syn_0_7": 0.0, "mi_0_7": 0.8112781244591329, "immi_syn_0_7": 0.0, "nimin_syn_0_7": 0.0, "nimmi_syn_0_7": 0.0, "imin_syn_0_8": 0.0, "mi_0_8": 0.8112781244591329, "immi_syn_0_8": 0.0, "nimin_syn_0_8": 0.0, "nimmi_syn_0_8": 0.0, "imin_syn_0_9": 0.29248125036057804, "mi_0_9": 1.5, "immi_syn_0_9": 0.6887218755408671, "nimin_syn_0_9": 0.19498750024038536, "nimmi_syn_0_9": 0.4591479170272447, "imin_syn_1_2": 0.0, "mi_1_2": 0.8112781244591329, "immi_syn_1_2": 0.0, "nimin_syn_1_2": 0.0, "nimmi_syn_1_2": 0.0, "imin_syn_1_3": 0.0, "mi_1_3": 1.0, "immi_syn_1_3": 0.0, "nimin_syn_1_3": 0.0, "nimmi_syn_1_3": 0.0, "imin_syn_1_4": 0.0, "mi_1_4": 0.0, "immi_syn_1_4": 0.0, "nimin_syn_1_4": 0, "nimmi_syn_1_4": 0, "imin_syn_1_5": 0.0, "mi_1_5": 1.0, "immi_syn_1_5": 0.0, "nimin_syn_1_5": 0.0, "nimmi_syn_1_5": 0.0, "imin_syn_1_6": 1.1102230246251565e-16, "mi_1_6": 0.8112781244591329, "immi_syn_1_6": 0.0, "nimin_syn_1_6": 1.3684863318178654e-16, "nimmi_syn_1_6": 0.0, "imin_syn_1_7": 0.0, "mi_1_7": 0.0, "immi_syn_1_7": 0.0, "nimin_syn_1_7": 0, "nimmi_syn_1_7": 0, "imin_syn_1_8": 0.0, "mi_1_8": 0.0, "immi_syn_1_8": 0.0, "nimin_syn_1_8": 0, "nimmi_syn_1_8": 0, "imin_syn_1_9": 1.1102230246251565e-16, "mi_1_9": 0.8112781244591329, "immi_syn_1_9": 0.0, "nimin_syn_1_9": 1.3684863318178654e-16, "nimmi_syn_1_9": 0.0, "imin_syn_2_3": 0.25, "mi_2_3": 1.5, "immi_syn_2_3": 0.5, "nimin_syn_2_3": 0.16666666666666666, "nimmi_syn_2_3": 0.3333333333333333, "imin_syn_2_4": 0.0, "mi_2_4": 0.8112781244591329, "immi_syn_2_4": 0.0, "nimin_syn_2_4": 0.0, "nimmi_syn_2_4": 0.0, "imin_syn_2_5": 0.25, "mi_2_5": 1.5, "immi_syn_2_5": 0.5, "nimin_syn_2_5": 0.16666666666666666, "nimmi_syn_2_5": 0.3333333333333333, "imin_syn_2_6": 0.29248125036057804, "mi_2_6": 1.5, "immi_syn_2_6": 0.6887218755408671, "nimin_syn_2_6": 0.19498750024038536, "nimmi_syn_2_6": 0.4591479170272447, "imin_syn_2_7": 0.0, "mi_2_7": 0.8112781244591329, "immi_syn_2_7": 0.0, "nimin_syn_2_7": 0.0, "nimmi_syn_2_7": 0.0, "imin_syn_2_8": 0.0, "mi_2_8": 0.8112781244591329, "immi_syn_2_8": 0.0, "nimin_syn_2_8": 0.0, "nimmi_syn_2_8": 0.0, "imin_syn_2_9": 0.29248125036057804, "mi_2_9": 1.5, "immi_syn_2_9": 0.6887218755408671, "nimin_syn_2_9": 0.19498750024038536, "nimmi_syn_2_9": 0.4591479170272447, "imin_syn_3_4": 0.0, "mi_3_4": 1.0, "immi_syn_3_4": 0.0, "nimin_syn_3_4": 0.0, "nimmi_syn_3_4": 0.0, "imin_syn_3_5": 1.0, "mi_3_5": 2.0, "immi_syn_3_5": 1.0, "nimin_syn_3_5": 0.5, "nimmi_syn_3_5": 0.5, "imin_syn_3_6": 0.25, "mi_3_6": 1.5, "immi_syn_3_6": 0.5, "nimin_syn_3_6": 0.16666666666666666, "nimmi_syn_3_6": 0.3333333333333333, "imin_syn_3_7": 0.0, "mi_3_7": 1.0, "immi_syn_3_7": 0.0, "nimin_syn_3_7": 0.0, "nimmi_syn_3_7": 0.0, "imin_syn_3_8": 0.0, "mi_3_8": 1.0, "immi_syn_3_8": 0.0, "nimin_syn_3_8": 0.0, "nimmi_syn_3_8": 0.0, "imin_syn_3_9": 0.25, "mi_3_9": 1.5, "immi_syn_3_9": 0.5, "nimin_syn_3_9": 0.16666666666666666, "nimmi_syn_3_9": 0.3333333333333333, "imin_syn_4_5": 0.0, "mi_4_5": 1.0, "immi_syn_4_5": 0.0, "nimin_syn_4_5": 0.0, "nimmi_syn_4_5": 0.0, "imin_syn_4_6": 1.1102230246251565e-16, "mi_4_6": 0.8112781244591329, "immi_syn_4_6": 0.0, "nimin_syn_4_6": 1.3684863318178654e-16, "nimmi_syn_4_6": 0.0, "imin_syn_4_7": 0.0, "mi_4_7": 0.0, "immi_syn_4_7": 0.0, "nimin_syn_4_7": 0, "nimmi_syn_4_7": 0, "imin_syn_4_8": 0.0, "mi_4_8": 0.0, "immi_syn_4_8": 0.0, "nimin_syn_4_8": 0, "nimmi_syn_4_8": 0, "imin_syn_4_9": 1.1102230246251565e-16, "mi_4_9": 0.8112781244591329, "immi_syn_4_9": 0.0, "nimin_syn_4_9": 1.3684863318178654e-16, "nimmi_syn_4_9": 0.0, "imin_syn_5_6": 0.25, "mi_5_6": 1.5, "immi_syn_5_6": 0.5, "nimin_syn_5_6": 0.16666666666666666, "nimmi_syn_5_6": 0.3333333333333333, "imin_syn_5_7": 0.0, "mi_5_7": 1.0, "immi_syn_5_7": 0.0, "nimin_syn_5_7": 0.0, "nimmi_syn_5_7": 0.0, "imin_syn_5_8": 0.0, "mi_5_8": 1.0, "immi_syn_5_8": 0.0, "nimin_syn_5_8": 0.0, "nimmi_syn_5_8": 0.0, "imin_syn_5_9": 0.25, "mi_5_9": 1.5, "immi_syn_5_9": 0.5, "nimin_syn_5_9": 0.16666666666666666, "nimmi_syn_5_9": 0.3333333333333333, "imin_syn_6_7": 1.1102230246251565e-16, "mi_6_7": 0.8112781244591329, "immi_syn_6_7": 0.0, "nimin_syn_6_7": 1.3684863318178654e-16, "nimmi_syn_6_7": 0.0, "imin_syn_6_8": 1.1102230246251565e-16, "mi_6_8": 0.8112781244591329, "immi_syn_6_8": 0.0, "nimin_syn_6_8": 1.3684863318178654e-16, "nimmi_syn_6_8": 0.0, "imin_syn_6_9": 0.29248125036057804, "mi_6_9": 1.5, "immi_syn_6_9": 0.6887218755408671, "nimin_syn_6_9": 0.19498750024038536, "nimmi_syn_6_9": 0.4591479170272447, "imin_syn_7_8": 0.0, "mi_7_8": 0.0, "immi_syn_7_8": 0.0, "nimin_syn_7_8": 0, "nimmi_syn_7_8": 0, "imin_syn_7_9": 1.1102230246251565e-16, "mi_7_9": 0.8112781244591329, "immi_syn_7_9": 0.0, "nimin_syn_7_9": 1.3684863318178654e-16, "nimmi_syn_7_9": 0.0, "imin_syn_8_9": 1.1102230246251565e-16, "mi_8_9": 0.8112781244591329, "immi_syn_8_9": 0.0, "nimin_syn_8_9": 1.3684863318178654e-16, "nimmi_syn_8_9": 0.0}, {"imin_syn_0_1": 0.0, "mi_0_1": 1.0, "immi_syn_0_1": 0.0, "nimin_syn_0_1": 0.0, "nimmi_syn_0_1": 0.0, "imin_syn_0_2": 0.5, "mi_0_2": 1.0, "immi_syn_0_2": 0.5, "nimin_syn_0_2": 0.5, "nimmi_syn_0_2": 0.5, "imin_syn_0_3": 0.18872187554086717, "mi_0_3": 0.5, "immi_syn_0_3": 0.18872187554086706, "nimin_syn_0_3": 0.37744375108173434, "nimmi_syn_0_3": 0.3774437510817341, "imin_syn_0_4": 0.18872187554086717, "mi_0_4": 0.5, "immi_syn_0_4": 0.18872187554086706, "nimin_syn_0_4": 0.37744375108173434, "nimmi_syn_0_4": 0.3774437510817341, "imin_syn_0_5": 0.18872187554086717, "mi_0_5": 0.5, "immi_syn_0_5": 0.18872187554086706, "nimin_syn_0_5": 0.37744375108173434, "nimmi_syn_0_5": 0.3774437510817341, "imin_syn_0_6": 0.0, "mi_0_6": 0.0, "immi_syn_0_6": 0.0, "nimin_syn_0_6": 0, "nimmi_syn_0_6": 0, "imin_syn_0_7": 0.18872187554086717, "mi_0_7": 0.5,