{"avg_reward": 0.033167638043689586, "accuracy": 0.75, "k2_x2h_ray_imin_syn_avg": [0.6863204539538129, 0.20021005662758767, 0.008898162184488372], "k2_x2h_ray_imin_syn_sem": [0.027175207247825812, 0.0378870798799114, 0.001987397086821484], "k2_x2h_ray_immi_syn_avg": [0.8508154284404528, 0.34400307948426834, 0.009825205809252467], "k2_x2h_ray_immi_syn_sem": [0.04465540089355005, 0.055965576344418906, 0.002090208278398336], "k2_x2h_ray_mi_avg": [1.7376173440135136, 1.3307688875986516, 0.0726180899324186], "k2_x2h_ray_mi_sem": [0.05469977686674164, 0.08685644121436364, 0.005983043320214668], "k2_x2h_ray_nimin_syn_avg": [0.3947795773040342, 0.10735684348651753, 0.10036087107349917], "k2_x2h_ray_nimin_syn_sem": [0.003941055157510944, 0.017387343122651226, 0.0200514074473453], "k2_x2h_ray_nimmi_syn_avg": [0.48897890757646506, 0.1912186522288608, 0.11012266120472956], "k2_x2h_ray_nimmi_syn_sem": [0.010603201256977486, 0.027257214970937284, 0.021268015749135318], "k2_x2h_pos_imin_syn_avg": [0.80604339105761, 0.20021005662758767, 0.008898162184488372], "k2_x2h_pos_imin_syn_sem": [0.02181675598054909, 0.0378870798799114, 0.001987397086821484], "k2_x2h_pos_immi_syn_avg": [0.8417260901849973, 0.34400307948426834, 0.009825205809252467], "k2_x2h_pos_immi_syn_sem": [0.03138768308587493, 0.055965576344418906, 0.002090208278398336], "k2_x2h_pos_mi_avg": [2.8709787591615377, 1.3307688875986516, 0.0726180899324186], "k2_x2h_pos_mi_sem": [0.031387683085875216, 0.08685644121436364, 0.005983043320214668], "k2_x2h_pos_nimin_syn_avg": [0.28065612412894203, 0.10735684348651753, 0.10036087107349917], "k2_x2h_pos_nimin_syn_sem": [0.004567139354609526, 0.017387343122651226, 0.0200514074473453], "k2_x2h_pos_nimmi_syn_avg": [0.2930140513892075, 0.1912186522288608, 0.11012266120472956], "k2_x2h_pos_nimmi_syn_sem": [0.0077894767464800965, 0.027257214970937284, 0.021268015749135318]}