{"avg_reward": 0.012674955500362366, "accuracy": 0.5, "k2_x2h_ray_imin_syn_avg": [0.7740904855165144, 0.20704010737563838, 0.07694446677404923], "k2_x2h_ray_imin_syn_sem": [0.053526232524216275, 0.05099570162299969, 0.010718681846504157], "k2_x2h_ray_immi_syn_avg": [0.9750079896547422, 0.30882168695195317, 0.11703021583531853], "k2_x2h_ray_immi_syn_sem": [0.0479529283964047, 0.06368903986473957, 0.015551616227212463], "k2_x2h_ray_mi_avg": [2.1737171673900004, 1.3759065254610163, 0.40444883649557845], "k2_x2h_ray_mi_sem": [0.04741338584047153, 0.11185917839790517, 0.025396645761228423], "k2_x2h_ray_nimin_syn_avg": [0.3554293468842377, 0.09245879193499132, 0.15639247420975125], "k2_x2h_ray_nimin_syn_sem": [0.017411780015853567, 0.019936176132931385, 0.01899532756087289], "k2_x2h_ray_nimmi_syn_avg": [0.4481415406317586, 0.14913488742071832, 0.2342138778853504], "k2_x2h_ray_nimmi_syn_sem": [0.0148298255137387, 0.026869396390041586, 0.02672806214553541], "k2_x2h_pos_imin_syn_avg": [0.801848040560281, 0.20704010737563838, 0.07694446677404923], "k2_x2h_pos_imin_syn_sem": [0.034995032160517484, 0.05099570162299969, 0.010718681846504157], "k2_x2h_pos_immi_syn_avg": [0.8909841552926313, 0.30882168695195317, 0.11703021583531853], "k2_x2h_pos_immi_syn_sem": [0.014855690653255798, 0.06368903986473957, 0.015551616227212463], "k2_x2h_pos_mi_avg": [2.6154103214537376, 1.3759065254610163, 0.40444883649557845], "k2_x2h_pos_mi_sem": [0.014855690653255798, 0.11185917839790517, 0.025396645761228423], "k2_x2h_pos_nimin_syn_avg": [0.30656069555350474, 0.09245879193499132, 0.15639247420975125], "k2_x2h_pos_nimin_syn_sem": [0.012910997390815427, 0.019936176132931385, 0.01899532756087289], "k2_x2h_pos_nimmi_syn_avg": [0.3406244102641322, 0.14913488742071832, 0.2342138778853504], "k2_x2h_pos_nimmi_syn_sem": [0.0037547362092056674, 0.026869396390041586, 0.02672806214553541]}