{"avg_reward": 0.05955269975373159, "accuracy": 0.875, "k2_x2h_ray_imin_syn_avg": [0.6139198696862402, 0.07166467298981982, 0.023119621177575257], "k2_x2h_ray_imin_syn_sem": [0.06992080292362503, 0.03088069868011218, 0.003950534488647912], "k2_x2h_ray_immi_syn_avg": [0.7585630359161382, 0.09953937978742433, 0.027577714065725893], "k2_x2h_ray_immi_syn_sem": [0.0674851018451001, 0.04005719509670556, 0.00444989869758572], "k2_x2h_ray_mi_avg": [1.37542288889584, 0.8124577987107559, 0.17953953817423418], "k2_x2h_ray_mi_sem": [0.03975421003610453, 0.10102666104927616, 0.01875906243097824], "k2_x2h_ray_nimin_syn_avg": [0.4442014538132823, 0.036571390585782966, 0.1124053060850921], "k2_x2h_ray_nimin_syn_sem": [0.0377032876045418, 0.014044494198843389, 0.018206316590303584], "k2_x2h_ray_nimmi_syn_avg": [0.5496772689155246, 0.05303362650648921, 0.14603742301315076], "k2_x2h_ray_nimmi_syn_sem": [0.03308265510860917, 0.018575788533722565, 0.022654334257028945], "k2_x2h_pos_imin_syn_avg": [0.5772273946538004, 0.07166467298981982, 0.023119621177575257], "k2_x2h_pos_imin_syn_sem": [0.03338047099202427, 0.03088069868011218, 0.003950534488647912], "k2_x2h_pos_immi_syn_avg": [0.5959896498819118, 0.09953937978742433, 0.027577714065725893], "k2_x2h_pos_immi_syn_sem": [0.0378870639986107, 0.04005719509670556, 0.00444989869758572], "k2_x2h_pos_mi_avg": [2.1598095364114127, 0.8124577987107559, 0.17953953817423418], "k2_x2h_pos_mi_sem": [0.0378870639986107, 0.10102666104927616, 0.01875906243097824], "k2_x2h_pos_nimin_syn_avg": [0.2668858254616476, 0.036571390585782966, 0.1124053060850921], "k2_x2h_pos_nimin_syn_sem": [0.010648671799098206, 0.014044494198843389, 0.018206316590303584], "k2_x2h_pos_nimmi_syn_avg": [0.27550430167613155, 0.05303362650648921, 0.14603742301315076], "k2_x2h_pos_nimmi_syn_sem": [0.0125758494758706, 0.018575788533722565, 0.022654334257028945]}