{"avg_reward_avg": 1.0, "avg_reward_sem": 0.0, "accuracy_avg": 1.0, "accuracy_sem": 0.0, "k2_x2h_imin_syn_avg_avg": [0.8, 0.016179858560412486, 0.009652949019705249], "k2_x2h_imin_syn_avg_sem": [0.0816496580927726, 0.004673629249146074, 0.004900203253379491], "k2_x2h_imin_syn_sem_avg": [NaN, 0.004615558642005776, 0.0034792193909989064], "k2_x2h_imin_syn_sem_sem": [NaN, 0.0011223753030068638, 0.0013595582174960733], "k2_x2h_mi_avg_avg": [1.6622556248918265, 0.3846810261745947, 0.7255951627574959], "k2_x2h_mi_avg_sem": [0.15582778120614393, 0.069644290348218, 0.03237066454491616], "k2_x2h_mi_sem_avg": [NaN, 0.030836034177847648, 0.027326102699665834], "k2_x2h_mi_sem_sem": [NaN, 0.0026952899190052335, 0.0018177153051109043], "k2_x2h_immi_syn_avg_avg": [0.8, 0.030715870076891482, 0.009980610203346426], "k2_x2h_immi_syn_avg_sem": [0.08164965809277261, 0.009094997933190525, 0.004975493349680148], "k2_x2h_immi_syn_sem_avg": [NaN, 0.00785523273240325, 0.003513363510932939], "k2_x2h_immi_syn_sem_sem": [NaN, 0.001823928874639415, 0.0013663357954865592], "k2_x2h_nimin_syn_avg_avg": [0.48992895734739783, 0.010451458339026692, 0.009921251653561563], "k2_x2h_nimin_syn_avg_sem": [0.030110538011391713, 0.0029135642876782085, 0.004960829025441801], "k2_x2h_nimin_syn_sem_avg": [NaN, 0.002862245384903601, 0.0035051562330264173], "k2_x2h_nimin_syn_sem_sem": [NaN, 0.000630524460989708, 0.0013646332276441794], "k2_x2h_nimmi_syn_avg_avg": [0.48992895734739783, 0.020237304832532076, 0.010576574020843898], "k2_x2h_nimmi_syn_avg_sem": [0.030110538011391685, 0.005856031965387008, 0.005146695593229427], "k2_x2h_nimmi_syn_sem_avg": [NaN, 0.005162734942937881, 0.0036390645873844766], "k2_x2h_nimmi_syn_sem_sem": [NaN, 0.0011409156550065925, 0.0013960544081144397], "k2_x2h_imin_red_avg_avg": [0.7622556248918265, 0.03733339470192296, 0.24366678608913178], "k2_x2h_imin_red_avg_sem": [0.09907638830391319, 0.01003282183965334, 0.04346764566288043], "k2_x2h_imin_red_sem_avg": [NaN, 0.008848856154299426, 0.024828484060592383], "k2_x2h_imin_red_sem_sem": [NaN, 0.001958353847443886, 0.0014973307682917226], "k2_x2h_immi_red_avg_avg": [0.7622556248918265, 0.05186940621840197, 0.243994447272773], "k2_x2h_immi_red_avg_sem": [0.09907638830391317, 0.014360674421821961, 0.04344635506120437], "k2_x2h_immi_red_sem_avg": [NaN, 0.011817485037244557, 0.02483156841309434], "k2_x2h_immi_red_sem_sem": [NaN, 0.002595631156942059, 0.0014969198380938144], "k2_x2h_nimin_red_avg_avg": [0.4434043759859355, 0.02962517870776394, 0.2641982466177249], "k2_x2h_nimin_red_avg_sem": [0.023706918204018847, 0.007624077592202209, 0.04445762986883228], "k2_x2h_nimin_red_sem_avg": [NaN, 0.007775211974175643, 0.026354429455381755], "k2_x2h_nimin_red_sem_sem": [NaN, 0.001687737094818415, 0.0012669468942683407], "k2_x2h_nimmi_red_avg_avg": [0.4434043759859356, 0.03941102520126935, 0.2648535689850073], "k2_x2h_nimmi_red_avg_sem": [0.023706918204018834, 0.010439390052780806, 0.04443086901124615], "k2_x2h_nimmi_red_sem_avg": [NaN, 0.009431853454151694, 0.02639214476649015], "k2_x2h_nimmi_red_sem_sem": [NaN, 0.001998773551912085, 0.001261990668806297]}