{"avg_reward": 0.898, "accuracy": 0.49, "k2_xh2h_immi_syn_avg": [0.1514296781405625], "k2_xh2h_immi_syn_sem": [0.02022438787395982], "k2_xh2h_mi_avg": [0.6104524208998552], "k2_xh2h_mi_sem": [0.05976690082010532], "k2_xh2h_nimmi_syn_avg": [0.2860885361350281], "k2_xh2h_nimmi_syn_sem": [0.0206978066993261]}