{"avg_reward": 0.895, "accuracy": 0.46, "k2_xh2h_immi_syn_avg": [0.15191963403476505], "k2_xh2h_immi_syn_sem": [0.018521069057282662], "k2_xh2h_mi_avg": [0.6036764266064248], "k2_xh2h_mi_sem": [0.04917585516458973], "k2_xh2h_nimmi_syn_avg": [0.26052188118000025], "k2_xh2h_nimmi_syn_sem": [0.018447185221632113]}