{"avg_reward": 0.894, "accuracy": 0.48, "k2_xh2h_immi_syn_avg": [0.16831815223356308], "k2_xh2h_immi_syn_sem": [0.020961188984711575], "k2_xh2h_mi_avg": [0.7259300043206898], "k2_xh2h_mi_sem": [0.05679709523857852], "k2_xh2h_nimmi_syn_avg": [0.24976856737289496], "k2_xh2h_nimmi_syn_sem": [0.019175902255079244]}