{"avg_reward": 0.893, "accuracy": 0.47, "k2_xh2h_immi_syn_avg": [0.1690514861636885], "k2_xh2h_immi_syn_sem": [0.023681917223425195], "k2_xh2h_mi_avg": [0.6818723947297696], "k2_xh2h_mi_sem": [0.06122945656472196], "k2_xh2h_nimmi_syn_avg": [0.27219032539704424], "k2_xh2h_nimmi_syn_sem": [0.020162990047985777]}