{"avg_reward": 0.898, "accuracy": 0.48, "k2_xh2h_immi_syn_avg": [0.15858608587875211], "k2_xh2h_immi_syn_sem": [0.019727506501549447], "k2_xh2h_mi_avg": [0.6476394563394168], "k2_xh2h_mi_sem": [0.05498974204093667], "k2_xh2h_nimmi_syn_avg": [0.2690564070712951], "k2_xh2h_nimmi_syn_sem": [0.02049817425683043]}