{"avg_reward": 0.901, "accuracy": 0.51, "k2_xh2h_immi_syn_avg": [0.14468925243283323], "k2_xh2h_immi_syn_sem": [0.02074495497582418], "k2_xh2h_mi_avg": [0.5959497965483713], "k2_xh2h_mi_sem": [0.055330569083732795], "k2_xh2h_nimmi_syn_avg": [0.26439843851035716], "k2_xh2h_nimmi_syn_sem": [0.019739481748595827]}