{"avg_reward": 0.905, "accuracy": 0.52, "k2_xh2h_immi_syn_avg": [0.13788296659747923], "k2_xh2h_immi_syn_sem": [0.017596257291456485], "k2_xh2h_mi_avg": [0.5132800806753376], "k2_xh2h_mi_sem": [0.050274800390633076], "k2_xh2h_nimmi_syn_avg": [0.2847853580505192], "k2_xh2h_nimmi_syn_sem": [0.02093783504621355]}