{"avg_reward": 0.899, "accuracy": 0.48, "k2_xh2h_immi_syn_avg": [0.1401219335507907], "k2_xh2h_immi_syn_sem": [0.010119088130563746], "k2_xh2h_mi_avg": [0.5450822814516758], "k2_xh2h_mi_sem": [0.05000318571581191], "k2_xh2h_nimmi_syn_avg": [0.302266436284356], "k2_xh2h_nimmi_syn_sem": [0.020031181812597925]}