{"avg_reward": 0.893, "accuracy": 0.46, "k2_xh2h_immi_syn_avg": [0.17431578593137395], "k2_xh2h_immi_syn_sem": [0.028293324292044755], "k2_xh2h_mi_avg": [0.6687616592507312], "k2_xh2h_mi_sem": [0.06999152811314853], "k2_xh2h_nimmi_syn_avg": [0.26870132917819417], "k2_xh2h_nimmi_syn_sem": [0.019402871406148173]}