{"avg_reward": 0.893, "accuracy": 0.47, "k2_xh2h_immi_syn_avg": [0.14324345675021924], "k2_xh2h_immi_syn_sem": [0.015141151415818812], "k2_xh2h_mi_avg": [0.5494607905081277], "k2_xh2h_mi_sem": [0.04581958200174893], "k2_xh2h_nimmi_syn_avg": [0.2847235910438665], "k2_xh2h_nimmi_syn_sem": [0.020031300141093812]}