{"avg_reward_avg": 0.007554806695686904, "avg_reward_sem": 0.0013449768872513597, "accuracy_avg": 0.50625, "accuracy_sem": 0.04881406047441659, "k2_x2h_ray_imin_syn_avg_avg": [0.467002987520022, 0.13404419530343106, 0.059279148714530126], "k2_x2h_ray_imin_syn_avg_sem": [0.05620149761169709, 0.033370634699504784, 0.012035389870466536], "k2_x2h_ray_imin_syn_sem_avg": [0.038379696053747546, 0.024649381012943058, 0.009148840067614537], "k2_x2h_ray_imin_syn_sem_sem": [0.006225232596430783, 0.0035955670771061054, 0.001712976285777892], "k2_x2h_ray_immi_syn_avg_avg": [0.5886559484907277, 0.22903305270348023, 0.07607097736855353], "k2_x2h_ray_immi_syn_avg_sem": [0.06488760568121932, 0.04695183687014589, 0.01647857599067565], "k2_x2h_ray_immi_syn_sem_avg": [0.04708056670621748, 0.03852174462743746, 0.011724904825145845], "k2_x2h_ray_immi_syn_sem_sem": [0.0090641256001499, 0.004696979522175167, 0.002410155767846485], "k2_x2h_pos_imin_syn_avg_avg": [0.5278116837045447, 0.13404419530343106, 0.059279148714530126], "k2_x2h_pos_imin_syn_avg_sem": [0.05107358471109368, 0.033370634699504784, 0.012035389870466536], "k2_x2h_pos_imin_syn_sem_avg": [0.030016676758550215, 0.024649381012943058, 0.009148840067614537], "k2_x2h_pos_imin_syn_sem_sem": [0.004882104208487044, 0.0035955670771061054, 0.001712976285777892], "k2_x2h_pos_immi_syn_avg_avg": [0.5694970923791413, 0.22903305270348023, 0.07607097736855353], "k2_x2h_pos_immi_syn_avg_sem": [0.05208631456285566, 0.04695183687014589, 0.01647857599067565], "k2_x2h_pos_immi_syn_sem_avg": [0.03181842989446411, 0.03852174462743746, 0.011724904825145845], "k2_x2h_pos_immi_syn_sem_sem": [0.005243846753958636, 0.004696979522175167, 0.002410155767846485], "k2_x2h_ray_mi_avg_avg": [1.2545939491809055, 1.0519775399927738, 0.3922761512263143], "k2_x2h_ray_mi_avg_sem": [0.14094840845668125, 0.11663684495410852, 0.07311696699231761], "k2_x2h_ray_mi_sem_avg": [0.060626965398618185, 0.08149479169138234, 0.02925558283529328], "k2_x2h_ray_mi_sem_sem": [0.01050976598716424, 0.003701053228747509, 0.004214414230094903], "k2_x2h_ray_nimin_syn_avg_avg": [0.3731466750585315, 0.08385255242446629, 0.14440363324550676], "k2_x2h_ray_nimin_syn_avg_sem": [0.013581537890556314, 0.014884635920099818, 0.017889551009446794], "k2_x2h_ray_nimin_syn_sem_avg": [0.024153643056970334, 0.01324845513833573, 0.020165489472158637], "k2_x2h_ray_nimin_syn_sem_sem": [0.004883334426452522, 0.0010629882576581927, 0.0028998862765693737], "k2_x2h_ray_nimmi_syn_avg_avg": [0.46924737721986387, 0.15172895567194425, 0.17677046489337514], "k2_x2h_ray_nimmi_syn_avg_sem": [0.011130765549053222, 0.02142088213086906, 0.022491094375316722], "k2_x2h_ray_nimmi_syn_sem_avg": [0.027053957299233, 0.02287170576825862, 0.024085475222617704], "k2_x2h_ray_nimmi_syn_sem_sem": [0.004945139784633195, 0.0010552435596257084, 0.002617433207738434], "k2_x2h_pos_mi_avg_avg": [1.8214894344382309, 1.0519775399927738, 0.3922761512263143], "k2_x2h_pos_mi_avg_sem": [0.17591017024924802, 0.11663684495410852, 0.07311696699231761], "k2_x2h_pos_mi_sem_avg": [0.03181842989446411, 0.08149479169138234, 0.02925558283529328], "k2_x2h_pos_mi_sem_sem": [0.005243846753958579, 0.003701053228747509, 0.004214414230094903], "k2_x2h_pos_nimin_syn_avg_avg": [0.29114800872089425, 0.08385255242446629, 0.14440363324550676], "k2_x2h_pos_nimin_syn_avg_sem": [0.012186326791819614, 0.014884635920099818, 0.017889551009446794], "k2_x2h_pos_nimin_syn_sem_avg": [0.012098354783328946, 0.01324845513833573, 0.020165489472158637], "k2_x2h_pos_nimin_syn_sem_sem": [0.001581710731488626, 0.0010629882576581927, 0.0028998862765693737], "k2_x2h_pos_nimmi_syn_avg_avg": [0.3149300771977109, 0.15172895567194425, 0.17677046489337514], "k2_x2h_pos_nimmi_syn_avg_sem": [0.012506996819235524, 0.02142088213086906, 0.022491094375316722], "k2_x2h_pos_nimmi_syn_sem_avg": [0.012594740325766579, 0.02287170576825862, 0.024085475222617704], "k2_x2h_pos_nimmi_syn_sem_sem": [0.002129606070672802, 0.0010552435596257084, 0.002617433207738434]}