{"avg_reward": -0.000528220615828772, "accuracy": 0.1875, "k2_x2h_ray_imin_syn_avg": [0.25639262252175593, 0.04843033095412381, 0.010329103306689664], "k2_x2h_ray_imin_syn_sem": [0.035854809497845336, 0.011195957578655885, 0.0028905356470250838], "k2_x2h_ray_immi_syn_avg": [0.3078201171345946, 0.09103634397608747, 0.010329425150800159], "k2_x2h_ray_immi_syn_sem": [0.05015838273453642, 0.018218978618070484, 0.0028905160461635006], "k2_x2h_pos_imin_syn_avg": [0.26055564684988325, 0.04843033095412381, 0.010329103306689664], "k2_x2h_pos_imin_syn_sem": [0.012402727946279326, 0.011195957578655885, 0.0028905356470250838], "k2_x2h_pos_immi_syn_avg": [0.31223074612046303, 0.09103634397608747, 0.010329425150800159], "k2_x2h_pos_immi_syn_sem": [0.03750301651118666, 0.018218978618070484, 0.0028905160461635006], "k2_x2h_ray_mi_avg": [0.6061356603379009, 0.6308332073229582, 0.05485036434026265], "k2_x2h_ray_mi_sem": [0.050577559963109045, 0.06790379418160102, 0.010103851878652882], "k2_x2h_ray_nimin_syn_avg": [0.4199726210113786, 0.05174732468987833, 0.2605328257468569], "k2_x2h_ray_nimin_syn_sem": [0.03516045223548851, 0.00998052114426455, 0.04472514019617939], "k2_x2h_ray_nimmi_syn_avg": [0.5013560026468632, 0.11204003702973273, 0.2606371284431966], "k2_x2h_ray_nimmi_syn_sem": [0.03921055793271436, 0.02186734596153419, 0.044755695990861814], "k2_x2h_pos_mi_avg": [0.9579102229107864, 0.6308332073229582, 0.05485036434026265], "k2_x2h_pos_mi_sem": [0.03750301651118637, 0.06790379418160102, 0.010103851878652882], "k2_x2h_pos_nimin_syn_avg": [0.27185015636612353, 0.05174732468987833, 0.2605328257468569], "k2_x2h_pos_nimin_syn_sem": [0.0039321150711174434, 0.00998052114426455, 0.04472514019617939], "k2_x2h_pos_nimmi_syn_avg": [0.3238060137487417, 0.11204003702973273, 0.2606371284431966], "k2_x2h_pos_nimmi_syn_sem": [0.02738586142350578, 0.02186734596153419, 0.044755695990861814]}