{"avg_reward": 0.0093252758193035, "accuracy": 0.5625, "k2_x2h_ray_imin_syn_avg": [0.39876592685883877, 0.1330682181121296, 0.05751217548311195], "k2_x2h_ray_imin_syn_sem": [0.024204076444423052, 0.023652471572246966, 0.0051461401407065024], "k2_x2h_ray_immi_syn_avg": [0.5288345498202828, 0.27014733852549555, 0.0778970252864336], "k2_x2h_ray_immi_syn_sem": [0.025484078867571203, 0.04651114649334791, 0.007042243970623524], "k2_x2h_pos_imin_syn_avg": [0.6043336287952598, 0.1330682181121296, 0.05751217548311195], "k2_x2h_pos_imin_syn_sem": [0.0303041458463396, 0.023652471572246966, 0.0051461401407065024], "k2_x2h_pos_immi_syn_avg": [0.6394364379305001, 0.27014733852549555, 0.0778970252864336], "k2_x2h_pos_immi_syn_sem": [0.01328241773352447, 0.04651114649334791, 0.007042243970623524], "k2_x2h_ray_mi_avg": [1.0747005640764502, 1.1176227835945605, 0.303788941529042], "k2_x2h_ray_mi_sem": [0.03982143674420308, 0.07788696070962506, 0.013373706709404206], "k2_x2h_ray_nimin_syn_avg": [0.3736603749856741, 0.08695970099083912, 0.17520468524004645], "k2_x2h_ray_nimin_syn_sem": [0.036807241074608005, 0.013581030298218626, 0.015324118904819477], "k2_x2h_ray_nimmi_syn_avg": [0.49497327863171825, 0.17563118782820683, 0.24097204434826805], "k2_x2h_ray_nimmi_syn_sem": [0.04163095313638091, 0.026980873054484714, 0.022402403630993876], "k2_x2h_pos_mi_avg": [1.6874508129629835, 1.1176227835945605, 0.303788941529042], "k2_x2h_pos_mi_sem": [0.013282417733524468, 0.07788696070962506, 0.013373706709404206], "k2_x2h_pos_nimin_syn_avg": [0.358027906167026, 0.08695970099083912, 0.17520468524004645], "k2_x2h_pos_nimin_syn_sem": [0.016530586301482367, 0.013581030298218626, 0.015324118904819477], "k2_x2h_pos_nimmi_syn_avg": [0.3788594901604307, 0.17563118782820683, 0.24097204434826805], "k2_x2h_pos_nimmi_syn_sem": [0.004881909723512192, 0.026980873054484714, 0.022402403630993876]}