{"avg_reward_avg": 0.97915, "avg_reward_sem": 0.001433817747600206, "accuracy_avg": 0.8935000000000001, "accuracy_sem": 0.006710274046399129, "k2_xh2h_immi_syn_avg_avg": [0.17367524246652008], "k2_xh2h_immi_syn_avg_sem": [0.007383796554204443], "k2_xh2h_immi_syn_sem_avg": [0.028137415274932315], "k2_xh2h_immi_syn_sem_sem": [0.0014562210050001847], "k2_xh2h_mi_avg_avg": [0.6625771797389619], "k2_xh2h_mi_avg_sem": [0.019449372684818788], "k2_xh2h_mi_sem_avg": [0.06172838171753249], "k2_xh2h_mi_sem_sem": [0.002027459796058845], "k2_xh2h_nimmi_syn_avg_avg": [0.25596886302406474], "k2_xh2h_nimmi_syn_avg_sem": [0.009813388705372052], "k2_xh2h_nimmi_syn_sem_avg": [0.02440541165561153], "k2_xh2h_nimmi_syn_sem_sem": [0.00038431225113891976]}