{"avg_reward": 0.9735, "accuracy": 0.865, "k2_xh2h_immi_syn_avg": [0.20024074478782977], "k2_xh2h_immi_syn_sem": [0.03444828932926844], "k2_xh2h_mi_avg": [0.7941813504020371], "k2_xh2h_mi_sem": [0.06916183729836863], "k2_xh2h_nimmi_syn_avg": [0.23794149581960256], "k2_xh2h_nimmi_syn_sem": [0.025711035451632485]}