{"avg_reward": 0.9805, "accuracy": 0.9, "k2_xh2h_immi_syn_avg": [0.1459745209217433], "k2_xh2h_immi_syn_sem": [0.020944880209737216], "k2_xh2h_mi_avg": [0.5823276639913295], "k2_xh2h_mi_sem": [0.05224389746730686], "k2_xh2h_nimmi_syn_avg": [0.2654965246056483], "k2_xh2h_nimmi_syn_sem": [0.024769164875027463]}