{"avg_reward": 0.9805, "accuracy": 0.9, "k2_xh2h_immi_syn_avg": [0.20903555030139884], "k2_xh2h_immi_syn_sem": [0.030698621149323396], "k2_xh2h_mi_avg": [0.7238817526638046], "k2_xh2h_mi_sem": [0.061682755178644334], "k2_xh2h_nimmi_syn_avg": [0.28615759303185373], "k2_xh2h_nimmi_syn_sem": [0.026551504180439923]}