{"avg_reward": 0.975, "accuracy": 0.88, "k2_xh2h_immi_syn_avg": [0.16080859088112676], "k2_xh2h_immi_syn_sem": [0.027992255500175724], "k2_xh2h_mi_avg": [0.6375239417640429], "k2_xh2h_mi_sem": [0.06268838403177214], "k2_xh2h_nimmi_syn_avg": [0.23721295149760865], "k2_xh2h_nimmi_syn_sem": [0.022782560526190345]}