{"avg_reward": 0.983, "accuracy": 0.91, "k2_xh2h_immi_syn_avg": [0.1507843873784995], "k2_xh2h_immi_syn_sem": [0.026964167825514074], "k2_xh2h_mi_avg": [0.6975163331844072], "k2_xh2h_mi_sem": [0.05814908844145581], "k2_xh2h_nimmi_syn_avg": [0.20017595178413636], "k2_xh2h_nimmi_syn_sem": [0.024591376798562565]}