{"avg_reward": 0.989, "accuracy": 0.94, "k2_xh2h_immi_syn_avg": [0.1894856373166831], "k2_xh2h_immi_syn_sem": [0.02733276139006645], "k2_xh2h_mi_avg": [0.6316734174160873], "k2_xh2h_mi_sem": [0.056358496475578945], "k2_xh2h_nimmi_syn_avg": [0.2999384496904287], "k2_xh2h_nimmi_syn_sem": [0.025158482622668194]}