{"avg_reward": 0.9775, "accuracy": 0.88, "k2_xh2h_immi_syn_avg": [0.1504710366253096], "k2_xh2h_immi_syn_sem": [0.02091587809805745], "k2_xh2h_mi_avg": [0.604833250934055], "k2_xh2h_mi_sem": [0.06005010461295017], "k2_xh2h_nimmi_syn_avg": [0.26723906585508755], "k2_xh2h_nimmi_syn_sem": [0.023396651581547974]}