{"avg_reward": 0.976, "accuracy": 0.875, "k2_xh2h_immi_syn_avg": [0.18329339199867128], "k2_xh2h_immi_syn_sem": [0.03189153673785584], "k2_xh2h_mi_avg": [0.6495786913949678], "k2_xh2h_mi_sem": [0.07111096532919782], "k2_xh2h_nimmi_syn_avg": [0.2693704459188829], "k2_xh2h_nimmi_syn_sem": [0.022946769843622348]}