{"avg_reward": 0.98, "accuracy": 0.895, "k2_xh2h_immi_syn_avg": [0.190832703047907], "k2_xh2h_immi_syn_sem": [0.03299080529595745], "k2_xh2h_mi_avg": [0.6531223258344081], "k2_xh2h_mi_sem": [0.06957067305643919], "k2_xh2h_nimmi_syn_avg": [0.27556448573269615], "k2_xh2h_nimmi_syn_sem": [0.024425957451575938]}