{"avg_reward": 1.0, "accuracy": 1.0, "k2_x2h_imin_syn_avg": [1.0, 0.08365916681089795, 2.4671622769447924e-18], "k2_x2h_imin_syn_sem": [NaN, 0.018376734928624888, 2.4671622769447924e-18], "k2_x2h_mi_avg": [2.0, 0.8867668746754801, 0.9846950694324252], "k2_x2h_mi_sem": [NaN, 0.05924959125608214, 0.015304930567574822], "k2_x2h_immi_syn_avg": [1.0, 0.1629072918469557, 0.0], "k2_x2h_immi_syn_sem": [NaN, 0.0407535752680944, 0.0], "k2_x2h_nimin_syn_avg": [0.5, 0.06416041678685945, 7.925909606502724e-18], "k2_x2h_nimin_syn_sem": [NaN, 0.013681655608844386, 7.925909606502724e-18], "k2_x2h_nimmi_syn_avg": [0.5, 0.11699250014423121, 0.0], "k2_x2h_nimmi_syn_sem": [NaN, 0.02747929373063357, 0.0], "k2_x2h_imin_red_avg": [1.0, 0.23268166637820414, 0.6775605554594013], "k2_x2h_imin_red_sem": [NaN, 0.042902100347332134, 0.06402405948486249], "k2_x2h_immi_red_avg": [1.0, 0.31192979141426197, 0.6775605554594013], "k2_x2h_immi_red_sem": [NaN, 0.0553931704039824, 0.06402405948486249], "k2_x2h_nimin_red_avg": [0.5, 0.23017541649839682, 0.6775605554594013], "k2_x2h_nimin_red_sem": [NaN, 0.04967701957189447, 0.06402405948486249], "k2_x2h_nimmi_red_avg": [0.5, 0.2830074998557688, 0.6775605554594013], "k2_x2h_nimmi_red_sem": [NaN, 0.05322838719003207, 0.06402405948486249], "k2_x2h_tuples_syn": [{"imin_syn_0_1": 1.0, "mi_0_1": 2.0, "immi_syn_0_1": 1.0, "nimin_syn_0_1": 0.5, "nimmi_syn_0_1": 0.5}, {"imin_syn_0_1": 1.1102230246251565e-16, "mi_0_1": 0.8112781244591329, "immi_syn_0_1": 0.0, "nimin_syn_0_1": 1.3684863318178654e-16, "nimmi_syn_0_1": 0.0, "imin_syn_0_2": 1.1102230246251565e-16, "mi_0_2": 0.8112781244591329, "immi_syn_0_2": 0.0, "nimin_syn_0_2": 1.3684863318178654e-16, "nimmi_syn_0_2": 0.0, "imin_syn_0_3": 0.29248125036057804, "mi_0_3": 1.5, "immi_syn_0_3": 0.6887218755408671, "nimin_syn_0_3": 0.19498750024038536, "nimmi_syn_0_3": 0.4591479170272447, "imin_syn_0_4": 0.29248125036057804, "mi_0_4": 1.5, "immi_syn_0_4": 0.6887218755408671, "nimin_syn_0_4": 0.19498750024038536, "nimmi_syn_0_4": 0.4591479170272447, "imin_syn_0_5": 1.1102230246251565e-16, "mi_0_5": 0.8112781244591329, "immi_syn_0_5": 0.0, "nimin_syn_0_5": 1.3684863318178654e-16, "nimmi_syn_0_5": 0.0, "imin_syn_0_6": 1.1102230246251565e-16, "mi_0_6": 0.8112781244591329, "immi_syn_0_6": 0.0, "nimin_syn_0_6": 1.3684863318178654e-16, "nimmi_syn_0_6": 0.0, "imin_syn_0_7": 1.1102230246251565e-16, "mi_0_7": 0.8112781244591329, "immi_syn_0_7": 0.0, "nimin_syn_0_7": 1.3684863318178654e-16, "nimmi_syn_0_7": 0.0, "imin_syn_0_8": 0.18872187554086717, "mi_0_8": 1.0, "immi_syn_0_8": 0.18872187554086706, "nimin_syn_0_8": 0.18872187554086717, "nimmi_syn_0_8": 0.18872187554086706, "imin_syn_0_9": 0.29248125036057804, "mi_0_9": 1.5, "immi_syn_0_9": 0.6887218755408671, "nimin_syn_0_9": 0.19498750024038536, "nimmi_syn_0_9": 0.4591479170272447, "imin_syn_1_2": 1.1102230246251565e-16, "mi_1_2": 0.8112781244591329, "immi_syn_1_2": 0.0, "nimin_syn_1_2": 1.3684863318178654e-16, "nimmi_syn_1_2": 0.0, "imin_syn_1_3": 1.1102230246251565e-16, "mi_1_3": 0.8112781244591329, "immi_syn_1_3": 0.0, "nimin_syn_1_3": 1.3684863318178654e-16, "nimmi_syn_1_3": 0.0, "imin_syn_1_4": 1.1102230246251565e-16, "mi_1_4": 0.8112781244591329, "immi_syn_1_4": 0.0, "nimin_syn_1_4": 1.3684863318178654e-16, "nimmi_syn_1_4": 0.0, "imin_syn_1_5": 0.0, "mi_1_5": 0.0, "immi_syn_1_5": 0.0, "nimin_syn_1_5": 0, "nimmi_syn_1_5": 0, "imin_syn_1_6": 0.0, "mi_1_6": 0.0, "immi_syn_1_6": 0.0, "nimin_syn_1_6": 0, "nimmi_syn_1_6": 0, "imin_syn_1_7": 1.1102230246251565e-16, "mi_1_7": 0.8112781244591329, "immi_syn_1_7": 0.0, "nimin_syn_1_7": 1.3684863318178654e-16, "nimmi_syn_1_7": 0.0, "imin_syn_1_8": 1.1102230246251565e-16, "mi_1_8": 0.31127812445913294, "immi_syn_1_8": 0.0, "nimin_syn_1_8": 3.566659322926226e-16, "nimmi_syn_1_8": 0.0, "imin_syn_1_9": 1.1102230246251565e-16, "mi_1_9": 0.8112781244591329, "immi_syn_1_9": 0.0, "nimin_syn_1_9": 1.3684863318178654e-16, "nimmi_syn_1_9": 0.0, "imin_syn_2_3": 0.29248125036057804, "mi_2_3": 1.5, "immi_syn_2_3": 0.6887218755408671, "nimin_syn_2_3": 0.19498750024038536, "nimmi_syn_2_3": 0.4591479170272447, "imin_syn_2_4": 0.29248125036057804, "mi_2_4": 1.5, "immi_syn_2_4": 0.6887218755408671, "nimin_syn_2_4": 0.19498750024038536, "nimmi_syn_2_4": 0.4591479170272447, "imin_syn_2_5": 1.1102230246251565e-16, "mi_2_5": 0.8112781244591329, "immi_syn_2_5": 0.0, "nimin_syn_2_5": 1.3684863318178654e-16, "nimmi_syn_2_5": 0.0, "imin_syn_2_6": 1.1102230246251565e-16, "mi_2_6": 0.8112781244591329, "immi_syn_2_6": 0.0, "nimin_syn_2_6": 1.3684863318178654e-16, "nimmi_syn_2_6": 0.0, "imin_syn_2_7": 1.1102230246251565e-16, "mi_2_7": 0.8112781244591329, "immi_syn_2_7": 0.0, "nimin_syn_2_7": 1.3684863318178654e-16, "nimmi_syn_2_7": 0.0, "imin_syn_2_8": 0.18872187554086717, "mi_2_8": 1.0, "immi_syn_2_8": 0.18872187554086706, "nimin_syn_2_8": 0.18872187554086717, "nimmi_syn_2_8": 0.18872187554086706, "imin_syn_2_9": 0.29248125036057804, "mi_2_9": 1.5, "immi_syn_2_9": 0.6887218755408671, "nimin_syn_2_9": 0.19498750024038536, "nimmi_syn_2_9": 0.4591479170272447, "imin_syn_3_4": 1.1102230246251565e-16, "mi_3_4": 0.8112781244591329, "immi_syn_3_4": 0.0, "nimin_syn_3_4": 1.3684863318178654e-16, "nimmi_syn_3_4": 0.0, "imin_syn_3_5": 1.1102230246251565e-16, "mi_3_5": 0.8112781244591329, "immi_syn_3_5": 0.0, "nimin_syn_3_5": 1.3684863318178654e-16, "nimmi_syn_3_5": 0.0, "imin_syn_3_6": 1.1102230246251565e-16, "mi_3_6": 0.8112781244591329, "immi_syn_3_6": 0.0, "nimin_syn_3_6": 1.3684863318178654e-16, "nimmi_syn_3_6": 0.0, "imin_syn_3_7": 0.29248125036057804, "mi_3_7": 1.5, "immi_syn_3_7": 0.6887218755408671, "nimin_syn_3_7": 0.19498750024038536, "nimmi_syn_3_7": 0.4591479170272447, "imin_syn_3_8": 0.18872187554086717, "mi_3_8": 1.0, "immi_syn_3_8": 0.18872187554086706, "nimin_syn_3_8": 0.18872187554086717, "nimmi_syn_3_8": 0.18872187554086706, "imin_syn_3_9": 1.1102230246251565e-16, "mi_3_9": 0.8112781244591329, "immi_syn_3_9": 0.0, "nimin_syn_3_9": 1.3684863318178654e-16, "nimmi_syn_3_9": 0.0, "imin_syn_4_5": 1.1102230246251565e-16, "mi_4_5": 0.8112781244591329, "immi_syn_4_5": 0.0, "nimin_syn_4_5": 1.3684863318178654e-16, "nimmi_syn_4_5": 0.0, "imin_syn_4_6": 1.1102230246251565e-16, "mi_4_6": 0.8112781244591329, "immi_syn_4_6": 0.0, "nimin_syn_4_6": 1.3684863318178654e-16, "nimmi_syn_4_6": 0.0, "imin_syn_4_7": 0.29248125036057804, "mi_4_7": 1.5, "immi_syn_4_7": 0.6887218755408671, "nimin_syn_4_7": 0.19498750024038536, "nimmi_syn_4_7": 0.4591479170272447, "imin_syn_4_8": 0.18872187554086717, "mi_4_8": 1.0, "immi_syn_4_8": 0.18872187554086706, "nimin_syn_4_8": 0.18872187554086717, "nimmi_syn_4_8": 0.18872187554086706, "imin_syn_4_9": 1.1102230246251565e-16, "mi_4_9": 0.8112781244591329, "immi_syn_4_9": 0.0, "nimin_syn_4_9": 1.3684863318178654e-16, "nimmi_syn_4_9": 0.0, "imin_syn_5_6": 0.0, "mi_5_6": 0.0, "immi_syn_5_6": 0.0, "nimin_syn_5_6": 0, "nimmi_syn_5_6": 0, "imin_syn_5_7": 1.1102230246251565e-16, "mi_5_7": 0.8112781244591329, "immi_syn_5_7": 0.0, "nimin_syn_5_7": 1.3684863318178654e-16, "nimmi_syn_5_7": 0.0, "imin_syn_5_8": 1.1102230246251565e-16, "mi_5_8": 0.31127812445913294, "immi_syn_5_8": 0.0, "nimin_syn_5_8": 3.566659322926226e-16, "nimmi_syn_5_8": 0.0, "imin_syn_5_9": 1.1102230246251565e-16, "mi_5_9": 0.8112781244591329, "immi_syn_5_9": 0.0, "nimin_syn_5_9": 1.3684863318178654e-16, "nimmi_syn_5_9": 0.0, "imin_syn_6_7": 1.1102230246251565e-16, "mi_6_7": 0.8112781244591329, "immi_syn_6_7": 0.0, "nimin_syn_6_7": 1.3684863318178654e-16, "nimmi_syn_6_7": 0.0, "imin_syn_6_8": 1.1102230246251565e-16, "mi_6_8": 0.31127812445913294, "immi_syn_6_8": 0.0, "nimin_syn_6_8": 3.566659322926226e-16, "nimmi_syn_6_8": 0.0, "imin_syn_6_9": 1.1102230246251565e-16, "mi_6_9": 0.8112781244591329, "immi_syn_6_9": 0.0, "nimin_syn_6_9": 1.3684863318178654e-16, "nimmi_syn_6_9": 0.0, "imin_syn_7_8": 0.18872187554086717, "mi_7_8": 1.0, "immi_syn_7_8": 0.18872187554086706, "nimin_syn_7_8": 0.18872187554086717, "nimmi_syn_7_8": 0.18872187554086706,