{"avg_reward_avg": 1.0, "avg_reward_sem": 0.0, "accuracy_avg": 1.0, "accuracy_sem": 0.0, "k2_x2h_imin_syn_avg_avg": [1.0, 0.0995597501330133, 0.03493234035029406], "k2_x2h_imin_syn_avg_sem": [0.0, 0.01208079772087891, 0.01719052924377519], "k2_x2h_imin_syn_sem_avg": [NaN, 0.02186188949977135, 0.012630868797856108], "k2_x2h_imin_syn_sem_sem": [NaN, 0.00144599966329979, 0.004930136599923488], "k2_x2h_mi_avg_avg": [2.0, 0.8479648747139417, 0.8554034999326922], "k2_x2h_mi_avg_sem": [0.0, 0.08119453882082761, 0.04554362355595546], "k2_x2h_mi_sem_avg": [NaN, 0.05810823520141527, 0.031240583067378508], "k2_x2h_mi_sem_sem": [NaN, 0.0021805728335719038, 0.006774948916515156], "k2_x2h_immi_syn_avg_avg": [1.0, 0.18649125016826978, 0.04208020839342967], "k2_x2h_immi_syn_avg_sem": [0.0, 0.0341507192094191, 0.020717963144548733], "k2_x2h_immi_syn_sem_avg": [NaN, 0.03895749545092228, 0.013616923328280356], "k2_x2h_immi_syn_sem_sem": [NaN, 0.002638609732432915, 0.00468416188598425], "k2_x2h_nimin_syn_avg_avg": [0.5, 0.07781093066586582, 0.04078531262219595], "k2_x2h_nimin_syn_avg_sem": [0.0, 0.008586647568372992, 0.020064037516396797], "k2_x2h_nimin_syn_sem_avg": [NaN, 0.017850132683861087, 0.013421594564964104], "k2_x2h_nimin_syn_sem_sem": [NaN, 0.0022358069199702934, 0.004715135900502516], "k2_x2h_nimmi_syn_avg_avg": [0.5, 0.1364606135601411, 0.05508104870846718], "k2_x2h_nimmi_syn_avg_sem": [0.0, 0.02055613753444447, 0.02751215587855729], "k2_x2h_nimmi_syn_sem_avg": [NaN, 0.028863215527624202, 0.01598090055472725], "k2_x2h_nimmi_syn_sem_sem": [NaN, 0.001003406048895759, 0.0047029043104739295], "k2_x2h_imin_red_avg_avg": [1.0, 0.2100308747267619, 0.4836490900281776], "k2_x2h_imin_red_avg_sem": [0.0, 0.03152507723581247, 0.0815430057109291], "k2_x2h_imin_red_sem_avg": [NaN, 0.0354584863851324, 0.04258529716499148], "k2_x2h_imin_red_sem_sem": [NaN, 0.002750731869426476, 0.004943461361760719], "k2_x2h_immi_red_avg_avg": [1.0, 0.2969623747620184, 0.49079695807131324], "k2_x2h_immi_red_avg_sem": [0.0, 0.05357905959332113, 0.07975465455541776], "k2_x2h_immi_red_sem_avg": [NaN, 0.046596926958317804, 0.04171175452380108], "k2_x2h_immi_red_sem_sem": [NaN, 0.004754653957324142, 0.0055633621659091186], "k2_x2h_nimin_red_avg_avg": [0.5, 0.20444859936809948, 0.5423291247604158], "k2_x2h_nimin_red_avg_sem": [0.0, 0.022551914094728093, 0.07291679699661047], "k2_x2h_nimin_red_sem_avg": [NaN, 0.043406797077726815, 0.048883389182072946], "k2_x2h_nimin_red_sem_sem": [NaN, 0.0015143718113081182, 0.002850295400382202], "k2_x2h_nimmi_red_avg_avg": [0.5, 0.2630982822623749, 0.5566248608466873], "k2_x2h_nimmi_red_avg_sem": [0.0, 0.03521972014520109, 0.07161802171478068], "k2_x2h_nimmi_red_sem_avg": [NaN, 0.04697654630225116, 0.049060444395751725], "k2_x2h_nimmi_red_sem_sem": [NaN, 0.0017576821319044778, 0.002872029330593561], "x2h_imin_syn_avg": [1.0, 0.0, 0.0], "x2h_imin_syn_sem": [0.0, 0.0, 0.0], "x2h_mi_avg": [2.0, 1.75, 1.0], "x2h_mi_sem": [0.0, 0.08333333333333333, 0.0], "x2h_immi_syn_avg": [1.0, 0.0, 0.0], "x2h_immi_syn_sem": [0.0, 0.0, 0.0], "x2h_nimin_syn_avg": [0.5, 0.0, 0.0], "x2h_nimin_syn_sem": [0.0, 0.0, 0.0], "x2h_nimmi_syn_avg": [0.5, 0.0, 0.0], "x2h_nimmi_syn_sem": [0.0, 0.0, 0.0], "x2h_imin_red_avg": [1.0, 0.0, 0.13488718726562424], "x2h_imin_red_sem": [0.0, 0.0, 0.046531320672793246], "x2h_immi_red_avg": [1.0, 0.0, 0.15563906222956647], "x2h_immi_red_sem": [0.0, 0.0, 0.051879687409855484], "x2h_nimin_red_avg": [0.5, 0.0, 0.13488718726562424], "x2h_nimin_red_sem": [0.0, 0.0, 0.046531320672793246], "x2h_nimmi_red_avg": [0.5, 0.0, 0.15563906222956647], "x2h_nimmi_red_sem": [0.0, 0.0, 0.051879687409855484]}