{"avg_reward_avg": 0.03753798746429601, "avg_reward_sem": 0.00670250083681737, "accuracy_avg": 0.8, "accuracy_sem": 0.08217951218048342, "IQR_binning_avg": 1.0, "IQR_binning_sem": 0.0, "layer_max_bin_avg": 5.0, "layer_max_bin_sem": 0.0, "k2_x2h_ray_imin_syn_avg_avg": [0.6246919862219569, 0.20172704490198118, 0.07928822981112069], "k2_x2h_ray_imin_syn_avg_sem": [0.08372174753561613, 0.044799697903150755, 0.018174162248101474], "k2_x2h_ray_imin_syn_sem_avg": [0.03408745376778462, 0.03308521968942808, 0.00884992175073913], "k2_x2h_ray_imin_syn_sem_sem": [0.005065786384345868, 0.005011036642998178, 0.0017842466694355315], "k2_x2h_ray_mi_avg_avg": [1.6256573264490632, 1.1966938439971049, 0.4605544294809887], "k2_x2h_ray_mi_avg_sem": [0.22489591930165242, 0.1475627035740847, 0.08685472559214549], "k2_x2h_ray_mi_sem_avg": [0.05271617006211955, 0.08363783834189506, 0.027311069896182538], "k2_x2h_ray_mi_sem_sem": [0.011048049982093848, 0.007265530598092679, 0.004727429879454392], "k2_x2h_ray_immi_syn_avg_avg": [0.7545622817655088, 0.2932260826915273, 0.10975764359203107], "k2_x2h_ray_immi_syn_avg_sem": [0.10258707156429282, 0.06568124798124146, 0.02746388677194859], "k2_x2h_ray_immi_syn_sem_avg": [0.0429761816186804, 0.045846310083226136, 0.011640799191499542], "k2_x2h_ray_immi_syn_sem_sem": [0.00599897188143364, 0.0065757882942277576, 0.0027171869553904663], "k2_x2h_ray_nimin_syn_avg_avg": [0.39504620982393246, 0.10511781327891837, 0.14759093866191925], "k2_x2h_ray_nimin_syn_avg_sem": [0.01980002846065617, 0.02058065467966444, 0.022893778530863135], "k2_x2h_ray_nimin_syn_sem_avg": [0.030797169542714713, 0.016187519358522574, 0.01507023040460721], "k2_x2h_ray_nimin_syn_sem_sem": [0.01085665291617583, 0.0017941587169672296, 0.0022880955462436614], "k2_x2h_ray_nimmi_syn_avg_avg": [0.4751139563058418, 0.1573482293611153, 0.19991797657600116], "k2_x2h_ray_nimmi_syn_avg_sem": [0.023329532658520793, 0.030274351339225288, 0.031010068634685452], "k2_x2h_ray_nimmi_syn_sem_avg": [0.03735716865658229, 0.02359214536378271, 0.019421086321765695], "k2_x2h_ray_nimmi_syn_sem_sem": [0.010493147130381178, 0.0022985829502930296, 0.002576056723836605], "k2_x2h_pos_imin_syn_avg_avg": [0.5972804941617273, 0.20172704490198118, 0.07928822981112069], "k2_x2h_pos_imin_syn_avg_sem": [0.0887720326098461, 0.044799697903150755, 0.018174162248101474], "k2_x2h_pos_imin_syn_sem_avg": [0.032024014052077165, 0.03308521968942808, 0.00884992175073913], "k2_x2h_pos_imin_syn_sem_sem": [0.00734794559731113, 0.005011036642998178, 0.0017842466694355315], "k2_x2h_pos_mi_avg_avg": [1.7671147484004475, 1.1966938439971049, 0.4605544294809887], "k2_x2h_pos_mi_avg_sem": [0.24797878255729236, 0.1475627035740847, 0.08685472559214549], "k2_x2h_pos_mi_sem_avg": [0.060655587570628514, 0.08363783834189506, 0.027311069896182538], "k2_x2h_pos_mi_sem_sem": [0.010066557252053495, 0.007265530598092679, 0.004727429879454392], "k2_x2h_pos_immi_syn_avg_avg": [0.7313086249824282, 0.2932260826915273, 0.10975764359203107], "k2_x2h_pos_immi_syn_avg_sem": [0.10965378301008698, 0.06568124798124146, 0.02746388677194859], "k2_x2h_pos_immi_syn_sem_avg": [0.05397728049392966, 0.045846310083226136, 0.011640799191499542], "k2_x2h_pos_immi_syn_sem_sem": [0.01150801809834911, 0.0065757882942277576, 0.0027171869553904663], "k2_x2h_pos_nimin_syn_avg_avg": [0.34948142634230484, 0.10511781327891837, 0.14759093866191925], "k2_x2h_pos_nimin_syn_avg_sem": [0.017634961441630827, 0.02058065467966444, 0.022893778530863135], "k2_x2h_pos_nimin_syn_sem_avg": [0.020114008173898457, 0.016187519358522574, 0.01507023040460721], "k2_x2h_pos_nimin_syn_sem_sem": [0.005754542994045421, 0.0017941587169672296, 0.0022880955462436614], "k2_x2h_pos_nimmi_syn_avg_avg": [0.4251444798957569, 0.1573482293611153, 0.19991797657600116], "k2_x2h_pos_nimmi_syn_avg_sem": [0.01792224149287662, 0.030274351339225288, 0.031010068634685452], "k2_x2h_pos_nimmi_syn_sem_avg": [0.028075055316615388, 0.02359214536378271, 0.019421086321765695], "k2_x2h_pos_nimmi_syn_sem_sem": [0.007278421975488081, 0.0022985829502930296, 0.002576056723836605]}