{"avg_reward": 0.03828469154820873, "accuracy": 0.8125, "IQR_binning": true, "layer_max_bin": 5, "k2_x2h_ray_imin_syn_avg": [0.8465770699135818, 0.42072597199424794, 0.008038163382601354], "k2_x2h_ray_imin_syn_sem": [0.02731511686915564, 0.053950413730302946, 0.0009849603684678754], "k2_x2h_ray_mi_avg": [2.4966562761425215, 1.8249461276438588, 0.02883713739193498], "k2_x2h_ray_mi_sem": [0.06808121449197145, 0.09524285482576902, 0.0013923782006221167], "k2_x2h_ray_immi_syn_avg": [1.0888575026538472, 0.5852343204558923, 0.009623032974348734], "k2_x2h_ray_immi_syn_sem": [0.048460568075599224, 0.07304436931370789, 0.0010516369971351473], "k2_x2h_ray_nimin_syn_avg": [0.3396038584118413, 0.18334703981901634, 0.24439207882586395], "k2_x2h_ray_nimin_syn_sem": [0.014588469880699267, 0.022547113887901933, 0.026146869577532213], "k2_x2h_ray_nimmi_syn_avg": [0.43744987874935437, 0.2567750370048676, 0.29052734379603684], "k2_x2h_ray_nimmi_syn_sem": [0.029029915265002842, 0.030823253865225587, 0.027443230212384054], "k2_x2h_pos_imin_syn_avg": [0.925141599194866, 0.42072597199424794, 0.008038163382601354], "k2_x2h_pos_imin_syn_sem": [0.011027612973249135, 0.053950413730302946, 0.0009849603684678754], "k2_x2h_pos_mi_avg": [2.622714246251574, 1.8249461276438588, 0.02883713739193498], "k2_x2h_pos_mi_sem": [0.08529490188301503, 0.09524285482576902, 0.0013923782006221167], "k2_x2h_pos_immi_syn_avg": [1.226067822877485, 0.5852343204558923, 0.009623032974348734], "k2_x2h_pos_immi_syn_sem": [0.032206244412482786, 0.07304436931370789, 0.0010516369971351473], "k2_x2h_pos_nimin_syn_avg": [0.3534755222131638, 0.18334703981901634, 0.24439207882586395], "k2_x2h_pos_nimin_syn_sem": [0.011984617759211584, 0.022547113887901933, 0.026146869577532213], "k2_x2h_pos_nimmi_syn_avg": [0.46773513101835346, 0.2567750370048676, 0.29052734379603684], "k2_x2h_pos_nimmi_syn_sem": [0.006608733322633178, 0.030823253865225587, 0.027443230212384054]}