{"avg_reward": 0.029041314325992055, "accuracy": 0.75, "IQR_binning": true, "layer_max_bin": 5, "k2_x2h_ray_imin_syn_avg": [0.5004661857384672, 0.17476859875909162, 0.10342676416959917], "k2_x2h_ray_imin_syn_sem": [0.019133118249398066, 0.03950048107932125, 0.011420055691500359], "k2_x2h_ray_mi_avg": [2.0187558555929415, 1.2773521684315783, 0.6381625128319098], "k2_x2h_ray_mi_sem": [0.1219789805321461, 0.09931527958171957, 0.03818713380400099], "k2_x2h_ray_immi_syn_avg": [0.600240636031141, 0.25955264381280885, 0.11033864762369743], "k2_x2h_ray_immi_syn_sem": [0.035994925684029434, 0.0578315874359611, 0.012320595766640444], "k2_x2h_ray_nimin_syn_avg": [0.24865212292475106, 0.08537165178539265, 0.1672809359289577], "k2_x2h_ray_nimin_syn_sem": [0.006527286458499445, 0.018708445853817084, 0.020360937564467812], "k2_x2h_ray_nimmi_syn_avg": [0.3010408889725899, 0.12748290754493252, 0.18036767537008166], "k2_x2h_ray_nimmi_syn_sem": [0.0340519043972889, 0.027677789202448344, 0.022930876808976538], "k2_x2h_pos_imin_syn_avg": [0.4744795922706507, 0.17476859875909162, 0.10342676416959917], "k2_x2h_pos_imin_syn_sem": [0.07594810150348855, 0.03950048107932125, 0.011420055691500359], "k2_x2h_pos_mi_avg": [1.9820059276855246, 1.2773521684315783, 0.6381625128319098], "k2_x2h_pos_mi_sem": [0.05508665180475988, 0.09931527958171957, 0.03818713380400099], "k2_x2h_pos_immi_syn_avg": [0.7339434767875712, 0.25955264381280885, 0.11033864762369743], "k2_x2h_pos_immi_syn_sem": [0.12839770838925674, 0.0578315874359611, 0.012320595766640444], "k2_x2h_pos_nimin_syn_avg": [0.24053122073292213, 0.08537165178539265, 0.1672809359289577], "k2_x2h_pos_nimin_syn_sem": [0.04017673005977387, 0.018708445853817084, 0.020360937564467812], "k2_x2h_pos_nimmi_syn_avg": [0.37234637585945274, 0.12748290754493252, 0.18036767537008166], "k2_x2h_pos_nimmi_syn_sem": [0.0678980341535078, 0.027677789202448344, 0.022930876808976538]}