{"avg_reward": 0.017300740168211207, "accuracy": 0.6875, "IQR_binning": true, "layer_max_bin": 5, "k2_x2h_ray_imin_syn_avg": [0.3158725734051611, 0.03988137292029892, 0.036701643453389686], "k2_x2h_ray_imin_syn_sem": [0.05245692374914996, 0.009293828455029381, 0.005960083740104811], "k2_x2h_ray_mi_avg": [0.8400426848159576, 0.6404446184172475, 0.35580564388520636], "k2_x2h_ray_mi_sem": [0.05279752542595643, 0.06208512043709282, 0.02595977739270326], "k2_x2h_ray_immi_syn_avg": [0.36502556806973824, 0.08423053125870118, 0.04989793899461699], "k2_x2h_ray_immi_syn_sem": [0.04774992381589187, 0.018764027702065488, 0.00733768834886108], "k2_x2h_ray_nimin_syn_avg": [0.3876176349590564, 0.04158592447631479, 0.0943513890917496], "k2_x2h_ray_nimin_syn_sem": [0.09226594834441101, 0.009525665798767211, 0.013072791198845869], "k2_x2h_ray_nimmi_syn_avg": [0.4456997668066262, 0.09200749048444389, 0.13445344339399262], "k2_x2h_ray_nimmi_syn_sem": [0.08998640674135379, 0.021444491073194606, 0.017887087004823995], "k2_x2h_pos_imin_syn_avg": [0.23877153424610995, 0.03988137292029892, 0.036701643453389686], "k2_x2h_pos_imin_syn_sem": [0.009471456616608682, 0.009293828455029381, 0.005960083740104811], "k2_x2h_pos_mi_avg": [0.6771561714416897, 0.6404446184172475, 0.35580564388520636], "k2_x2h_pos_mi_sem": [0.10494587172534274, 0.06208512043709282, 0.02595977739270326], "k2_x2h_pos_immi_syn_avg": [0.30027689044486056, 0.08423053125870118, 0.04989793899461699], "k2_x2h_pos_immi_syn_sem": [0.029301683890713203, 0.018764027702065488, 0.00733768834886108], "k2_x2h_pos_nimin_syn_avg": [0.3663680542822399, 0.04158592447631479, 0.0943513890917496], "k2_x2h_pos_nimin_syn_sem": [0.04506764243384261, 0.009525665798767211, 0.013072791198845869], "k2_x2h_pos_nimmi_syn_avg": [0.4580093906238189, 0.09200749048444389, 0.13445344339399262], "k2_x2h_pos_nimmi_syn_sem": [0.06128213890503121, 0.021444491073194606, 0.017887087004823995]}