{"avg_reward": 0.07246116309449566, "accuracy": 0.8125, "IQR_binning": true, "layer_max_bin": 5, "k2_x2h_ray_imin_syn_avg": [0.779910499431848, 0.2079869739301022, 0.13394495286395744], "k2_x2h_ray_imin_syn_sem": [0.04833865907977713, 0.041396787439603844, 0.00854923086277071], "k2_x2h_ray_mi_avg": [1.9173786438947424, 1.381175124956001, 0.6942423574920302], "k2_x2h_ray_mi_sem": [0.028974988911485595, 0.10334449323824767, 0.027640184211707164], "k2_x2h_ray_immi_syn_avg": [0.922239454805235, 0.3127472753834533, 0.17823213122945142], "k2_x2h_ray_immi_syn_sem": [0.051636683297401974, 0.056956090494692975, 0.013328551065903768], "k2_x2h_ray_nimin_syn_avg": [0.4074651434979745, 0.10316052551734325, 0.19982364079680032], "k2_x2h_ray_nimin_syn_sem": [0.030118157688652152, 0.017495210170364747, 0.011394316605536017], "k2_x2h_ray_nimmi_syn_avg": [0.48189546783289106, 0.16248240281639922, 0.2613134801238781], "k2_x2h_ray_nimmi_syn_sem": [0.03370925891739629, 0.02595736750743479, 0.016487295295602902], "k2_x2h_pos_imin_syn_avg": [0.6511485524109514, 0.2079869739301022, 0.13394495286395744], "k2_x2h_pos_imin_syn_sem": [0.026419838079265227, 0.041396787439603844, 0.00854923086277071], "k2_x2h_pos_mi_avg": [2.0683222994203834, 1.381175124956001, 0.6942423574920302], "k2_x2h_pos_mi_sem": [0.0629199914164045, 0.10334449323824767, 0.027640184211707164], "k2_x2h_pos_immi_syn_avg": [0.8100594537301395, 0.3127472753834533, 0.17823213122945142], "k2_x2h_pos_immi_syn_sem": [0.06291999141640471, 0.056956090494692975, 0.013328551065903768], "k2_x2h_pos_nimin_syn_avg": [0.31464314524587295, 0.10316052551734325, 0.19982364079680032], "k2_x2h_pos_nimin_syn_sem": [0.003632597544252132, 0.017495210170364747, 0.011394316605536017], "k2_x2h_pos_nimmi_syn_avg": [0.39054355659011614, 0.16248240281639922, 0.2613134801238781], "k2_x2h_pos_nimmi_syn_sem": [0.018198919943884166, 0.02595736750743479, 0.016487295295602902]}