{"avg_reward": 0.04375673751216346, "accuracy": 0.9375, "IQR_binning": true, "layer_max_bin": 5, "k2_x2h_ray_imin_syn_avg": [0.7555221978343578, 0.25356985011619776, 0.0838003397042777], "k2_x2h_ray_imin_syn_sem": [0.049303223684783154, 0.043528933326968236, 0.00954325907486173], "k2_x2h_ray_mi_avg": [1.7224459191902959, 1.3605636379523485, 0.46408543933317337], "k2_x2h_ray_mi_sem": [0.08456725412769771, 0.09352129701622051, 0.03025716323190666], "k2_x2h_ray_immi_syn_avg": [0.8988956433673044, 0.32379586053123616, 0.09803435231026714], "k2_x2h_ray_immi_syn_sem": [0.08045950432624747, 0.05508836798023976, 0.010734499776694566], "k2_x2h_ray_nimin_syn_avg": [0.4379781934881648, 0.13481173206644165, 0.1828886856157226], "k2_x2h_ray_nimin_syn_sem": [0.007586534367549746, 0.020649402385599553, 0.021999930657300725], "k2_x2h_ray_nimmi_syn_avg": [0.5199002542416151, 0.1752513424998385, 0.21133010960144216], "k2_x2h_ray_nimmi_syn_sem": [0.02033903639313862, 0.02584419114163688, 0.024222257572728483], "k2_x2h_pos_imin_syn_avg": [0.7115918039618001, 0.25356985011619776, 0.0838003397042777], "k2_x2h_pos_imin_syn_sem": [0.02147861313512844, 0.043528933326968236, 0.00954325907486173], "k2_x2h_pos_mi_avg": [2.0862815728904733, 1.3605636379523485, 0.46408543933317337], "k2_x2h_pos_mi_sem": [0.04410121495856952, 0.09352129701622051, 0.03025716323190666], "k2_x2h_pos_immi_syn_avg": [0.8129923735122704, 0.32379586053123616, 0.09803435231026714], "k2_x2h_pos_immi_syn_sem": [0.04410121495856952, 0.05508836798023976, 0.010734499776694566], "k2_x2h_pos_nimin_syn_avg": [0.3410132217392226, 0.13481173206644165, 0.1828886856157226], "k2_x2h_pos_nimin_syn_sem": [0.005602872885746204, 0.020649402385599553, 0.021999930657300725], "k2_x2h_pos_nimmi_syn_avg": [0.3891502673912181, 0.1752513424998385, 0.21133010960144216], "k2_x2h_pos_nimmi_syn_sem": [0.01264524766381264, 0.02584419114163688, 0.024222257572728483]}