{"avg_reward": 0.029997569298784457, "accuracy": 1.0, "IQR_binning": true, "layer_max_bin": 5, "k2_x2h_ray_imin_syn_avg": [0.7720934461872032, 0.17752663452530326, 0.14748879531587372], "k2_x2h_ray_imin_syn_sem": [0.011975088267604099, 0.03700437345728067, 0.01516971210025579], "k2_x2h_ray_mi_avg": [1.9524229702934364, 1.2358157960501188, 0.7303177631111085], "k2_x2h_ray_mi_sem": [0.01731318178409396, 0.10059226935495959, 0.0400208409385239], "k2_x2h_ray_immi_syn_avg": [0.9498843035459089, 0.25169377141313476, 0.22086492689414736], "k2_x2h_ray_immi_syn_sem": [0.02459361126353422, 0.048580389784720984, 0.01805696636844443], "k2_x2h_ray_nimin_syn_avg": [0.39550058601113963, 0.10263954824831906, 0.1933870658578816], "k2_x2h_ray_nimin_syn_sem": [0.00666907987890713, 0.016509443338021037, 0.012146894653167619], "k2_x2h_ray_nimmi_syn_avg": [0.48659945388806625, 0.15441603555324176, 0.30369848690716983], "k2_x2h_ray_nimmi_syn_sem": [0.01356012719873008, 0.023771430606724594, 0.01616677123094661], "k2_x2h_pos_imin_syn_avg": [0.8631653193179253, 0.17752663452530326, 0.14748879531587372], "k2_x2h_pos_imin_syn_sem": [0.05943821916030389, 0.03700437345728067, 0.01516971210025579], "k2_x2h_pos_mi_avg": [2.297733109128711, 1.2358157960501188, 0.7303177631111085], "k2_x2h_pos_mi_sem": [0.074643143225245, 0.10059226935495959, 0.0400208409385239], "k2_x2h_pos_immi_syn_avg": [0.9659007076964601, 0.25169377141313476, 0.22086492689414736], "k2_x2h_pos_immi_syn_sem": [0.07464314322524528, 0.048580389784720984, 0.01805696636844443], "k2_x2h_pos_nimin_syn_avg": [0.37482146903677727, 0.10263954824831906, 0.1933870658578816], "k2_x2h_pos_nimin_syn_sem": [0.013695597683777734, 0.016509443338021037, 0.012146894653167619], "k2_x2h_pos_nimmi_syn_avg": [0.41916196622160024, 0.15441603555324176, 0.30369848690716983], "k2_x2h_pos_nimmi_syn_sem": [0.018619127368186193, 0.023771430606724594, 0.01616677123094661]}