{"avg_reward": 0.047225591007744365, "accuracy": 0.9375, "IQR_binning": true, "layer_max_bin": 5, "k2_x2h_ray_imin_syn_avg": [0.9306054464460752, 0.439213788369594, 0.08354513384437824], "k2_x2h_ray_imin_syn_sem": [0.04719589620927539, 0.03528758885538505, 0.011948600840100696], "k2_x2h_ray_mi_avg": [2.353863257924445, 1.722953036595946, 0.46392507003267563], "k2_x2h_ray_mi_sem": [0.07572309243558106, 0.0566096695593419, 0.0309461014173853], "k2_x2h_ray_immi_syn_avg": [1.0897965977136208, 0.6848361259225613, 0.13498089483714473], "k2_x2h_ray_immi_syn_sem": [0.06003360434438733, 0.05323344759828441, 0.015267203996547], "k2_x2h_ray_nimin_syn_avg": [0.39668386718542353, 0.22972478980258199, 0.15407929197355358], "k2_x2h_ray_nimin_syn_sem": [0.028362647653353414, 0.017973167176334473, 0.017333899295021885], "k2_x2h_ray_nimmi_syn_avg": [0.4639004661095103, 0.3588607186674577, 0.25910418352356535], "k2_x2h_ray_nimmi_syn_sem": [0.029907705116031833, 0.02732589151652501, 0.02460195133084376], "k2_x2h_pos_imin_syn_avg": [0.8896991519419789, 0.439213788369594, 0.08354513384437824], "k2_x2h_pos_imin_syn_sem": [0.05299581068200122, 0.03528758885538505, 0.011948600840100696], "k2_x2h_pos_mi_avg": [2.44091124585843, 1.722953036595946, 0.46392507003267563], "k2_x2h_pos_mi_sem": [0.10310953928978027, 0.0566096695593419, 0.0309461014173853], "k2_x2h_pos_immi_syn_avg": [1.1040830230665282, 0.6848361259225613, 0.13498089483714473], "k2_x2h_pos_immi_syn_sem": [0.09357574394069522, 0.05323344759828441, 0.015267203996547], "k2_x2h_pos_nimin_syn_avg": [0.3640090900328857, 0.22972478980258199, 0.15407929197355358], "k2_x2h_pos_nimin_syn_sem": [0.008407336768136446, 0.017973167176334473, 0.017333899295021885], "k2_x2h_pos_nimmi_syn_avg": [0.45069922161426684, 0.3588607186674577, 0.25910418352356535], "k2_x2h_pos_nimmi_syn_sem": [0.019440430574133735, 0.02732589151652501, 0.02460195133084376]}