{"avg_reward": 0.1474400000900001, "accuracy": 0.5, "k2_x2h_ray_imin_syn_avg": [0.012834647756066514, -1.973247953923618e-17, 0.0], "k2_x2h_ray_imin_syn_sem": [0.00939116131005217, 5.9495664377283105e-18, 0.0], "k2_x2h_ray_immi_syn_avg": [0.012834647756066611, 0.0, 0.0], "k2_x2h_ray_immi_syn_sem": [0.00939116131005208, 0.0, 0.0], "k2_x2h_pos_imin_syn_avg": [2.891205793294679e-17, -1.973247953923618e-17, 0.0], "k2_x2h_pos_imin_syn_sem": [9.975958849830421e-17, 5.9495664377283105e-18, 0.0], "k2_x2h_pos_immi_syn_avg": [0.0, 0.0, 0.0], "k2_x2h_pos_immi_syn_sem": [0.0, 0.0, 0.0], "k2_x2h_ray_mi_avg": [0.07967754476946858, 0.00018498117547686155, 0.0], "k2_x2h_ray_mi_sem": [0.027961239431590422, 5.577392293960376e-05, 0.0], "k2_x2h_ray_nimin_syn_avg": [0.11334780925817162, -2.133458119548432e-14, 0.0], "k2_x2h_ray_nimin_syn_sem": [0.07779421802011095, 6.432618262253948e-15, 0.0], "k2_x2h_ray_nimmi_syn_avg": [0.11334780925817504, 0.0, 0.0], "k2_x2h_ray_nimmi_syn_sem": [0.07779421802010833, 0.0, 0.0], "k2_x2h_pos_mi_avg": [0.03766519066314981, 0.00018498117547686155, 0.0], "k2_x2h_pos_mi_sem": [0.02599481896242285, 5.577392293960376e-05, 0.0], "k2_x2h_pos_nimin_syn_avg": [0.3333333333333326, -2.133458119548432e-14, 0.0], "k2_x2h_pos_nimin_syn_sem": [0.3333333333333337, 6.432618262253948e-15, 0.0], "k2_x2h_pos_nimmi_syn_avg": [0.0, 0.0, 0.0], "k2_x2h_pos_nimmi_syn_sem": [0.0, 0.0, 0.0]}