{"avg_reward": 0.06205591407419356, "accuracy": 0.5, "k2_x2h_ray_imin_syn_avg": [0.07867498554022645, -1.6653345369377347e-17, 0.0], "k2_x2h_ray_imin_syn_sem": [0.0037231287421057606, 5.021172554038837e-18, 0.0], "k2_x2h_ray_immi_syn_avg": [0.07867498554022608, 0.0, 0.0], "k2_x2h_ray_immi_syn_sem": [0.003723128742105564, 0.0, 0.0], "k2_x2h_pos_imin_syn_avg": [0.09545762012825003, -1.6653345369377347e-17, 0.0], "k2_x2h_pos_imin_syn_sem": [0.02623836326982654, 5.021172554038837e-18, 0.0], "k2_x2h_pos_immi_syn_avg": [0.09545762012824947, 0.0, 0.0], "k2_x2h_pos_immi_syn_sem": [0.02623836326982664, 0.0, 0.0], "k2_x2h_ray_mi_avg": [0.18668673249333226, 0.044194920374395694, 0.0], "k2_x2h_ray_mi_sem": [0.021099776265543577, 0.013325269865591245, 0.0], "k2_x2h_ray_nimin_syn_avg": [0.4287720168918488, -7.53631649442928e-17, 0.0], "k2_x2h_ray_nimin_syn_sem": [0.032662275252097105, 2.272284919398951e-17, 0.0], "k2_x2h_ray_nimmi_syn_avg": [0.428772016891847, 0.0, 0.0], "k2_x2h_ray_nimmi_syn_sem": [0.032662275252098076, 0.0, 0.0], "k2_x2h_pos_mi_avg": [0.29480360469765055, 0.044194920374395694, 0.0], "k2_x2h_pos_mi_sem": [0.02623836326982651, 0.013325269865591245, 0.0], "k2_x2h_pos_nimin_syn_avg": [0.3129781055081583, -7.53631649442928e-17, 0.0], "k2_x2h_pos_nimin_syn_sem": [0.06104051884412208, 2.272284919398951e-17, 0.0], "k2_x2h_pos_nimmi_syn_avg": [0.31297810550815636, 0.0, 0.0], "k2_x2h_pos_nimmi_syn_sem": [0.06104051884412255, 0.0, 0.0]}