{"avg_reward": 0.14744000009000016, "accuracy": 0.5, "k2_x2h_ray_imin_syn_avg": [0.0727992143717928, 0.0, 0.0], "k2_x2h_ray_imin_syn_sem": [0.03661710475711336, 0.0, 0.0], "k2_x2h_ray_immi_syn_avg": [0.07279921437179289, 0.0, 0.0], "k2_x2h_ray_immi_syn_sem": [0.03661710475711334, 0.0, 0.0], "k2_x2h_pos_imin_syn_avg": [0.003348299602223888, 0.0, 0.0], "k2_x2h_pos_imin_syn_sem": [0.0015016823950874804, 0.0, 0.0], "k2_x2h_pos_immi_syn_avg": [0.0033482996022241216, 0.0, 0.0], "k2_x2h_pos_immi_syn_sem": [0.0015016823950875155, 0.0, 0.0], "k2_x2h_ray_mi_avg": [0.25280006407754135, 0.0, 0.0], "k2_x2h_ray_mi_sem": [0.06967980684807042, 0.0, 0.0], "k2_x2h_ray_nimin_syn_avg": [0.2661828063672245, 0.0, 0.0], "k2_x2h_ray_nimin_syn_sem": [0.06978205169540344, 0.0, 0.0], "k2_x2h_ray_nimmi_syn_avg": [0.26618280636722513, 0.0, 0.0], "k2_x2h_ray_nimmi_syn_sem": [0.06978205169540337, 0.0, 0.0], "k2_x2h_pos_mi_avg": [0.12320457224215191, 0.0, 0.0], "k2_x2h_pos_mi_sem": [0.05193083903555319, 0.0, 0.0], "k2_x2h_pos_nimin_syn_avg": [0.05341989652018394, 0.0, 0.0], "k2_x2h_pos_nimin_syn_sem": [0.034168604257030805, 0.0, 0.0], "k2_x2h_pos_nimmi_syn_avg": [0.053419896520187034, 0.0, 0.0], "k2_x2h_pos_nimmi_syn_sem": [0.03416860425703236, 0.0, 0.0]}