{"avg_reward": 0.014827586300000068, "accuracy": 0.25, "k2_x2h_ray_imin_syn_avg": [0.10409486489208551, 0.0008340153629709955, 0.0], "k2_x2h_ray_imin_syn_sem": [0.028675243747414172, 0.0008340153629708291, 0.0], "k2_x2h_ray_immi_syn_avg": [0.13774363358604683, 0.0008340153629708228, 0.0], "k2_x2h_ray_immi_syn_sem": [0.03437637574653772, 0.0008340153629708231, 0.0], "k2_x2h_pos_imin_syn_avg": [0.10065120237355414, 0.0008340153629709955, 0.0], "k2_x2h_pos_imin_syn_sem": [0.0431027646175075, 0.0008340153629708291, 0.0], "k2_x2h_pos_immi_syn_avg": [0.1565086958549792, 0.0008340153629708228, 0.0], "k2_x2h_pos_immi_syn_sem": [0.039507283809238646, 0.0008340153629708231, 0.0], "k2_x2h_ray_mi_avg": [0.3479615788106047, 0.10688350263898963, 0.0], "k2_x2h_ray_mi_sem": [0.04850801892599157, 0.02572376761636951, 0.0], "k2_x2h_ray_nimin_syn_avg": [0.2895532042636636, 0.0017679257100559264, 0.0], "k2_x2h_ray_nimin_syn_sem": [0.0428452375877875, 0.001767925710055087, 0.0], "k2_x2h_ray_nimmi_syn_avg": [0.38337525610722606, 0.0017679257100550842, 0.0], "k2_x2h_ray_nimmi_syn_sem": [0.046123287958063516, 0.0017679257100550836, 0.0], "k2_x2h_pos_mi_avg": [0.43963871867582327, 0.10688350263898963, 0.0], "k2_x2h_pos_mi_sem": [0.0395072838092385, 0.02572376761636951, 0.0], "k2_x2h_pos_nimin_syn_avg": [0.22149149405018376, 0.0017679257100559264, 0.0], "k2_x2h_pos_nimin_syn_sem": [0.08247059592652951, 0.001767925710055087, 0.0], "k2_x2h_pos_nimmi_syn_avg": [0.3459634566120003, 0.0017679257100550842, 0.0], "k2_x2h_pos_nimmi_syn_sem": [0.05595714056712784, 0.0017679257100550836, 0.0]}