{"avg_reward": 0.2188939598234901, "accuracy": 0.75, "k2_x2h_ray_imin_syn_avg": [0.29660127345818227, 0.19053600996477166, 0.1732256771035594], "k2_x2h_ray_imin_syn_sem": [0.012159729896099767, 0.05427675325062324, 0.0214850000635043], "k2_x2h_ray_immi_syn_avg": [0.413272858469169, 0.2633791715657635, 0.22074310589353752], "k2_x2h_ray_immi_syn_sem": [0.011473956724159965, 0.07026763166337423, 0.02755596471527329], "k2_x2h_pos_imin_syn_avg": [0.44711883580072737, 0.19053600996477166, 0.1732256771035594], "k2_x2h_pos_imin_syn_sem": [0.08711597952411769, 0.05427675325062324, 0.0214850000635043], "k2_x2h_pos_immi_syn_avg": [0.6207957091819433, 0.2633791715657635, 0.22074310589353752], "k2_x2h_pos_immi_syn_sem": [0.12631999142931705, 0.07026763166337423, 0.02755596471527329], "k2_x2h_ray_mi_avg": [1.1949179777206822, 1.5449811085170384, 0.7391750843084849], "k2_x2h_ray_mi_sem": [0.0862308596204305, 0.1389098846687019, 0.03720120295017189], "k2_x2h_ray_nimin_syn_avg": [0.25228206398176756, 0.06828276419276678, 0.2012267495089243], "k2_x2h_ray_nimin_syn_sem": [0.028591885752722375, 0.01841769697652701, 0.020756132282667993], "k2_x2h_ray_nimmi_syn_avg": [0.3490156953116846, 0.09743124444505437, 0.2531278767107326], "k2_x2h_ray_nimmi_syn_sem": [0.023362182716567263, 0.02419003330719956, 0.026576159047508364], "k2_x2h_pos_mi_avg": [1.542093465315881, 1.5449811085170384, 0.7391750843084849], "k2_x2h_pos_mi_sem": [0.12631999142931705, 0.1389098846687019, 0.03720120295017189], "k2_x2h_pos_nimin_syn_avg": [0.2843494506325883, 0.06828276419276678, 0.2012267495089243], "k2_x2h_pos_nimin_syn_sem": [0.034150171227458476, 0.01841769697652701, 0.020756132282667993], "k2_x2h_pos_nimmi_syn_avg": [0.39411671818860183, 0.09743124444505437, 0.2531278767107326], "k2_x2h_pos_nimmi_syn_sem": [0.05171589680011757, 0.02419003330719956, 0.026576159047508364]}