{"avg_reward": 0.22818461967202813, "accuracy": 0.75, "k2_x2h_ray_imin_syn_avg": [0.5385741651962452, 0.12316324091019897, 0.11720744076999043], "k2_x2h_ray_imin_syn_sem": [0.03626710898106096, 0.04088204313901802, 0.018425557046946164], "k2_x2h_ray_immi_syn_avg": [0.7751605979579251, 0.18673929132095318, 0.14735587025198552], "k2_x2h_ray_immi_syn_sem": [0.046128012031838424, 0.05782747258166421, 0.020614969264732785], "k2_x2h_pos_imin_syn_avg": [0.47316619431630985, 0.12316324091019897, 0.11720744076999043], "k2_x2h_pos_imin_syn_sem": [0.07364669222781732, 0.04088204313901802, 0.018425557046946164], "k2_x2h_pos_immi_syn_avg": [0.6009370423005439, 0.18673929132095318, 0.14735587025198552], "k2_x2h_pos_immi_syn_sem": [0.06382053857931266, 0.05782747258166421, 0.020614969264732785], "k2_x2h_ray_mi_avg": [1.5369731476265098, 1.1964137521202158, 0.6155960993114825], "k2_x2h_ray_mi_sem": [0.04049743031713083, 0.12816762005115007, 0.03825128434997568], "k2_x2h_ray_nimin_syn_avg": [0.35052758161146463, 0.04974534810567398, 0.14944112832661163], "k2_x2h_ray_nimin_syn_sem": [0.02202039442991229, 0.01564699801536736, 0.021194125992398255], "k2_x2h_ray_nimmi_syn_avg": [0.503459621635406, 0.07740389663185808, 0.1941846737515444], "k2_x2h_ray_nimmi_syn_sem": [0.017406837395275206, 0.0228343995042938, 0.025397723729910955], "k2_x2h_pos_mi_avg": [1.9326182472502034, 1.1964137521202158, 0.6155960993114825], "k2_x2h_pos_mi_sem": [0.06382053857931266, 0.12816762005115007, 0.03825128434997568], "k2_x2h_pos_nimin_syn_avg": [0.24284008608522845, 0.04974534810567398, 0.14944112832661163], "k2_x2h_pos_nimin_syn_sem": [0.030156805457816283, 0.01564699801536736, 0.021194125992398255], "k2_x2h_pos_nimmi_syn_avg": [0.3094336449026676, 0.07740389663185808, 0.1941846737515444], "k2_x2h_pos_nimmi_syn_sem": [0.0228885009783972, 0.0228343995042938, 0.025397723729910955]}