{"avg_reward": 0.20328823832647072, "accuracy": 0.6666666666666666, "k2_x2h_ray_imin_syn_avg": [0.4019682938399429, 0.06944380640725341, 0.2174088595401777], "k2_x2h_ray_imin_syn_sem": [0.04741588099373503, 0.03995804697954681, 0.018173373319145817], "k2_x2h_ray_immi_syn_avg": [0.5558939708520952, 0.09177216906447375, 0.2546531410582029], "k2_x2h_ray_immi_syn_sem": [0.07068614719907788, 0.05231738709192737, 0.021884963873348554], "k2_x2h_pos_imin_syn_avg": [0.4037170096015836, 0.06944380640725341, 0.2174088595401777], "k2_x2h_pos_imin_syn_sem": [0.08406486360851423, 0.03995804697954681, 0.018173373319145817], "k2_x2h_pos_immi_syn_avg": [0.5232872105283107, 0.09177216906447375, 0.2546531410582029], "k2_x2h_pos_immi_syn_sem": [0.09609999857640493, 0.05231738709192737, 0.021884963873348554], "k2_x2h_ray_mi_avg": [1.4582965967786485, 0.9498568181766068, 0.7556497972245809], "k2_x2h_ray_mi_sem": [0.11248886175400911, 0.14589394798394065, 0.03888775002823743], "k2_x2h_ray_nimin_syn_avg": [0.275621757002249, 0.0222815992394948, 0.2766588088160257], "k2_x2h_ray_nimin_syn_sem": [0.023756961061606276, 0.012677547774431364, 0.014932109089912394], "k2_x2h_ray_nimmi_syn_avg": [0.3811382126018261, 0.029541666820642628, 0.3233819743278539], "k2_x2h_ray_nimmi_syn_sem": [0.03736319355546886, 0.01671484318902459, 0.017907803537651402], "k2_x2h_pos_mi_avg": [1.9265988351396925, 0.9498568181766068, 0.7556497972245809], "k2_x2h_pos_mi_sem": [0.09609999857640494, 0.14589394798394065, 0.03888775002823743], "k2_x2h_pos_nimin_syn_avg": [0.20641494559334608, 0.0222815992394948, 0.2766588088160257], "k2_x2h_pos_nimin_syn_sem": [0.03375413285507014, 0.012677547774431364, 0.014932109089912394], "k2_x2h_pos_nimmi_syn_avg": [0.26808107405007475, 0.029541666820642628, 0.3233819743278539], "k2_x2h_pos_nimmi_syn_sem": [0.03541945641945268, 0.01671484318902459, 0.017907803537651402]}