{"avg_reward_avg": 1.0, "avg_reward_sem": 0.0, "accuracy_avg": 1.0, "accuracy_sem": 0.0, "k2_x2h_imin_syn_avg_avg": [1.0, 0.08616876395539554, 0.031074361176816466], "k2_x2h_imin_syn_avg_sem": [0.0, 0.016952147448188196, 0.013929837559373373], "k2_x2h_imin_syn_sem_avg": [NaN, 0.01831456383226677, 0.013046027630682069], "k2_x2h_imin_syn_sem_sem": [NaN, 0.0010692439100722284, 0.004405395163052293], "k2_x2h_mi_avg_avg": [2.0, 1.2702790067605498, 0.8847334929990651], "k2_x2h_mi_avg_sem": [0.0, 0.07995897868546614, 0.034683927091148106], "k2_x2h_mi_sem_avg": [NaN, 0.07500879937011348, 0.02867800659305132], "k2_x2h_mi_sem_sem": [NaN, 0.005042938772349681, 0.006226589658705387], "k2_x2h_immi_syn_avg_avg": [1.0, 0.18591981259975995, 0.03776107644297559], "k2_x2h_immi_syn_avg_sem": [0.0, 0.030601964612242523, 0.016794170715106284], "k2_x2h_immi_syn_sem_avg": [NaN, 0.04038543168125806, 0.013978699061409694], "k2_x2h_immi_syn_sem_sem": [NaN, 0.002343950715260201, 0.004250394091523794], "k2_x2h_nimin_syn_avg_avg": [0.5, 0.05281621300730073, 0.03654972233440211], "k2_x2h_nimin_syn_avg_sem": [0.0, 0.009198709191522944, 0.016260186674937768], "k2_x2h_nimin_syn_sem_avg": [NaN, 0.01154582098394596, 0.013788267566720951], "k2_x2h_nimin_syn_sem_sem": [NaN, 0.0006613415032252222, 0.004264357332218292], "k2_x2h_nimmi_syn_avg_avg": [0.5, 0.11561320839983995, 0.04992315286672037], "k2_x2h_nimmi_syn_avg_sem": [0.0, 0.017514939051475484, 0.022386112344896136], "k2_x2h_nimmi_syn_sem_avg": [NaN, 0.026052263543054576, 0.016369245106644482], "k2_x2h_nimmi_syn_sem_sem": [NaN, 0.001680418306159717, 0.004440811715919321], "k2_x2h_imin_red_avg_avg": [1.0, 0.37094231916479614, 0.5117844303207791], "k2_x2h_imin_red_avg_sem": [0.0, 0.06284499715873737, 0.07770776726382689], "k2_x2h_imin_red_sem_avg": [NaN, 0.055281671461748616, 0.043906807589423266], "k2_x2h_imin_red_sem_sem": [NaN, 0.003998912772583618, 0.004469763884906746], "k2_x2h_immi_red_avg_avg": [1.0, 0.47069336780916055, 0.5184711455869383], "k2_x2h_immi_red_avg_sem": [0.0, 0.07015061744052377, 0.07580560981508724], "k2_x2h_immi_red_sem_avg": [NaN, 0.06329009442157778, 0.043547615169353716], "k2_x2h_immi_red_sem_sem": [NaN, 0.0035412459077056066, 0.0046335000583408075], "k2_x2h_nimin_red_avg_avg": [0.5, 0.24212584937824913, 0.558681673375934], "k2_x2h_nimin_red_avg_sem": [0.0, 0.0334095679830747, 0.06814777308103448], "k2_x2h_nimin_red_sem_avg": [NaN, 0.04043138041522233, 0.048258377176180464], "k2_x2h_nimin_red_sem_sem": [NaN, 0.0017942559520431483, 0.0033238084070817773], "k2_x2h_nimmi_red_avg_avg": [0.5, 0.30492284477078846, 0.5720551039082523], "k2_x2h_nimmi_red_avg_sem": [0.0, 0.037757619883014154, 0.0657527269892411], "k2_x2h_nimmi_red_sem_avg": [NaN, 0.04430385414658134, 0.0486451925632493], "k2_x2h_nimmi_red_sem_sem": [NaN, 0.0020040507441352, 0.0033205216959705944], "x2h_imin_syn_avg": [1.0, 0.0, 0.0], "x2h_imin_syn_sem": [0.0, 0.0, 0.0], "x2h_mi_avg": [2.0, 2.0, 1.0], "x2h_mi_sem": [0.0, 0.0, 0.0], "x2h_immi_syn_avg": [1.0, 0.0, 0.0], "x2h_immi_syn_sem": [0.0, 0.0, 0.0], "x2h_nimin_syn_avg": [0.5, 0.0, 0.0], "x2h_nimin_syn_sem": [0.0, 0.0, 0.0], "x2h_nimmi_syn_avg": [0.5, 0.0, 0.0], "x2h_nimmi_syn_sem": [0.0, 0.0, 0.0], "x2h_imin_red_avg": [1.0, 0.04150374992788437, 0.15375937481971094], "x2h_imin_red_sem": [0.0, 0.04150374992788437, 0.057105822916555075], "x2h_immi_red_avg": [1.0, 0.0811278124459133, 0.17451124978365318], "x2h_immi_red_sem": [0.0, 0.0811278124459133, 0.060830778033698255], "x2h_nimin_red_avg": [0.5, 0.020751874963942187, 0.15375937481971094], "x2h_nimin_red_sem": [0.0, 0.020751874963942187, 0.057105822916555075], "x2h_nimmi_red_avg": [0.5, 0.04056390622295665, 0.17451124978365318], "x2h_nimmi_red_sem": [0.0, 0.04056390622295665, 0.060830778033698255]}