{"avg_reward_avg": 0.03753798746429601, "avg_reward_sem": 0.00670250083681737, "accuracy_avg": 0.8, "accuracy_sem": 0.08217951218048342, "IQR_binning_avg": 1.0, "IQR_binning_sem": 0.0, "layer_max_bin_avg": 5.0, "layer_max_bin_sem": 0.0, "k2_x2h_ray_imin_syn_avg_avg": [0.6660532957535532, 0.2606384316506796, 0.09493743037079846], "k2_x2h_ray_imin_syn_avg_sem": [0.09108668052521667, 0.06233526434878772, 0.02220723019067853], "k2_x2h_ray_imin_syn_sem_avg": [0.03537795182977471, 0.04306035185055221, 0.010511282854302497], "k2_x2h_ray_imin_syn_sem_sem": [0.004619805376500896, 0.0069766229837782585, 0.0022284478311696064], "k2_x2h_ray_mi_avg_avg": [1.7698470006558626, 1.460732756443601, 0.5038281580873044], "k2_x2h_ray_mi_avg_sem": [0.2453860821842477, 0.19680191280767312, 0.09656074643090182], "k2_x2h_ray_mi_sem_avg": [0.05359566963616582, 0.1014137168189205, 0.029077412585457096], "k2_x2h_ray_mi_sem_sem": [0.011130480077399384, 0.00955648024785316, 0.005160229468853932], "k2_x2h_ray_immi_syn_avg_avg": [0.8134458875973127, 0.36404688515144135, 0.12441868163339617], "k2_x2h_ray_immi_syn_avg_sem": [0.11315522512059598, 0.08504443453944856, 0.031067312890718804], "k2_x2h_ray_immi_syn_sem_avg": [0.04369192106578369, 0.056899873479541764, 0.013149763288986172], "k2_x2h_ray_immi_syn_sem_sem": [0.006160668697074532, 0.008661666335272943, 0.0031129403226452814], "k2_x2h_ray_nimin_syn_avg_avg": [0.3846025885543388, 0.11152573408420086, 0.1543475477100424], "k2_x2h_ray_nimin_syn_avg_sem": [0.01815181966626034, 0.021372587812274062, 0.023214542229761728], "k2_x2h_ray_nimin_syn_sem_avg": [0.030057631975889232, 0.017296221432911575, 0.01586471611305137], "k2_x2h_ray_nimin_syn_sem_sem": [0.010381326915708576, 0.0018488342182926096, 0.0023891027975240864], "k2_x2h_ray_nimmi_syn_avg_avg": [0.4671173856609685, 0.15692401485133023, 0.20456656864348308], "k2_x2h_ray_nimmi_syn_avg_sem": [0.022246927564217606, 0.03020051290116886, 0.03177630026955994], "k2_x2h_ray_nimmi_syn_sem_avg": [0.03485632937730729, 0.023572435109813317, 0.01986930322951013], "k2_x2h_ray_nimmi_syn_sem_sem": [0.009331739097978747, 0.0023784987930085956, 0.002682801145255468], "k2_x2h_pos_imin_syn_avg_avg": [0.5713078885372168, 0.2606384316506796, 0.09493743037079846], "k2_x2h_pos_imin_syn_avg_sem": [0.0869235489282875, 0.06233526434878772, 0.02220723019067853], "k2_x2h_pos_imin_syn_sem_avg": [0.021549277999508464, 0.04306035185055221, 0.010511282854302497], "k2_x2h_pos_imin_syn_sem_sem": [0.0039312774732713635, 0.0069766229837782585, 0.0022284478311696064], "k2_x2h_pos_mi_avg_avg": [1.8200011950679067, 1.460732756443601, 0.5038281580873044], "k2_x2h_pos_mi_avg_sem": [0.25431981651214447, 0.19680191280767312, 0.09656074643090182], "k2_x2h_pos_mi_sem_avg": [0.05870326382420242, 0.1014137168189205, 0.029077412585457096], "k2_x2h_pos_mi_sem_sem": [0.009084532964832144, 0.00955648024785316, 0.005160229468853932], "k2_x2h_pos_immi_syn_avg_avg": [0.7369302661700591, 0.36404688515144135, 0.12441868163339617], "k2_x2h_pos_immi_syn_avg_sem": [0.11079847252270951, 0.08504443453944856, 0.031067312890718804], "k2_x2h_pos_immi_syn_sem_avg": [0.04258794474639139, 0.056899873479541764, 0.013149763288986172], "k2_x2h_pos_immi_syn_sem_sem": [0.007509197422506971, 0.008661666335272943, 0.0031129403226452814], "k2_x2h_pos_nimin_syn_avg_avg": [0.3248300558539534, 0.11152573408420086, 0.1543475477100424], "k2_x2h_pos_nimin_syn_avg_sem": [0.022213433914323524, 0.021372587812274062, 0.023214542229761728], "k2_x2h_pos_nimin_syn_sem_avg": [0.015639318091332687, 0.017296221432911575, 0.01586471611305137], "k2_x2h_pos_nimin_syn_sem_sem": [0.00733040566382996, 0.0018488342182926096, 0.0023891027975240864], "k2_x2h_pos_nimmi_syn_avg_avg": [0.41769686857934885, 0.15692401485133023, 0.20456656864348308], "k2_x2h_pos_nimmi_syn_avg_sem": [0.024347650979009282, 0.03020051290116886, 0.03177630026955994], "k2_x2h_pos_nimmi_syn_sem_avg": [0.023451285435425497, 0.023572435109813317, 0.01986930322951013], "k2_x2h_pos_nimmi_syn_sem_sem": [0.006631463670294992, 0.0023784987930085956, 0.002682801145255468]}