{"avg_reward": 0.029997569298784457, "accuracy": 1.0, "IQR_binning": true, "layer_max_bin": 5, "k2_x2h_ray_imin_syn_avg": [0.813975144416677, 0.21074643888855482, 0.18712910496698468], "k2_x2h_ray_imin_syn_sem": [0.023504189234602877, 0.04569620656525237, 0.01833984195430886], "k2_x2h_ray_mi_avg": [2.069962850132663, 1.4518475025850168, 0.8265502482098739], "k2_x2h_ray_mi_sem": [0.02004727952460492, 0.11952526363054897, 0.045258803018130775], "k2_x2h_ray_immi_syn_avg": [0.995836230376906, 0.29358552887373945, 0.26036966012037377], "k2_x2h_ray_immi_syn_sem": [0.036498718675933434, 0.057662765982372424, 0.02154450598179805], "k2_x2h_ray_nimin_syn_avg": [0.39326902262313396, 0.10182150848651059, 0.21595160576084116], "k2_x2h_ray_nimin_syn_sem": [0.011472348671894587, 0.01702183377672552, 0.013103988902022513], "k2_x2h_ray_nimmi_syn_avg": [0.4811881144334509, 0.15290528251054228, 0.3148167975078184], "k2_x2h_ray_nimmi_syn_sem": [0.018519539436880755, 0.02366752900884902, 0.0168935329478728], "k2_x2h_pos_imin_syn_avg": [0.7015019905215009, 0.21074643888855482, 0.18712910496698468], "k2_x2h_pos_imin_syn_sem": [0.045230215798096184, 0.04569620656525237, 0.01833984195430886], "k2_x2h_pos_mi_avg": [2.137146532362445, 1.4518475025850168, 0.8265502482098739], "k2_x2h_pos_mi_sem": [0.07368909586815321, 0.11952526363054897, 0.045258803018130775], "k2_x2h_pos_immi_syn_avg": [0.898664508025384, 0.29358552887373945, 0.26036966012037377], "k2_x2h_pos_immi_syn_sem": [0.07368909586815284, 0.057662765982372424, 0.02154450598179805], "k2_x2h_pos_nimin_syn_avg": [0.32768347071503023, 0.10182150848651059, 0.21595160576084116], "k2_x2h_pos_nimin_syn_sem": [0.011070183779919474, 0.01702183377672552, 0.013103988902022513], "k2_x2h_pos_nimmi_syn_avg": [0.4191514883160426, 0.15290528251054228, 0.3148167975078184], "k2_x2h_pos_nimmi_syn_sem": [0.019521771454814745, 0.02366752900884902, 0.0168935329478728]}