{"avg_reward": 0.06258780660243929, "accuracy": 1.0, "IQR_binning": true, "layer_max_bin": 5, "k2_x2h_ray_imin_syn_avg": [0.7060602543749134, 0.14909209281491423, 0.03832884304946564], "k2_x2h_ray_imin_syn_sem": [0.04393464919824088, 0.036167156346923204, 0.00769906037662731], "k2_x2h_ray_mi_avg": [1.61967730871665, 1.2439524287313353, 0.46276522184111435], "k2_x2h_ray_mi_sem": [0.03064893121235899, 0.11315862572425267, 0.04092589941624811], "k2_x2h_ray_immi_syn_avg": [0.8599658564558338, 0.18623419124744997, 0.04753634129122004], "k2_x2h_ray_immi_syn_sem": [0.030453529340563376, 0.04415302859981225, 0.009185031169581064], "k2_x2h_ray_nimin_syn_avg": [0.43526016476114, 0.07293037516704887, 0.0685130674161415], "k2_x2h_ray_nimin_syn_sem": [0.01916525492471026, 0.016651924330094336, 0.011594722390933872], "k2_x2h_ray_nimmi_syn_avg": [0.5306231717780593, 0.0925789351002079, 0.09225286715492499], "k2_x2h_ray_nimmi_syn_sem": [0.008612634312494002, 0.021007518759265476, 0.016511783721063503], "k2_x2h_pos_imin_syn_avg": [0.582309881962053, 0.14909209281491423, 0.03832884304946564], "k2_x2h_pos_imin_syn_sem": [0.007427461574116213, 0.036167156346923204, 0.00769906037662731], "k2_x2h_pos_mi_avg": [1.8752539550272604, 1.2439524287313353, 0.46276522184111435], "k2_x2h_pos_mi_sem": [0.011551254830435821, 0.11315862572425267, 0.04092589941624811], "k2_x2h_pos_immi_syn_avg": [0.6749369861886455, 0.18623419124744997, 0.04753634129122004], "k2_x2h_pos_immi_syn_sem": [0.011551254830435708, 0.04415302859981225, 0.009185031169581064], "k2_x2h_pos_nimin_syn_avg": [0.3104978366678915, 0.07293037516704887, 0.0685130674161415], "k2_x2h_pos_nimin_syn_sem": [0.002060094633496444, 0.016651924330094336, 0.011594722390933872], "k2_x2h_pos_nimmi_syn_avg": [0.35986879026415736, 0.0925789351002079, 0.09225286715492499], "k2_x2h_pos_nimmi_syn_sem": [0.0039655529946540325, 0.021007518759265476, 0.016511783721063503]}