{"avg_reward": 0.029041314325992055, "accuracy": 0.75, "IQR_binning": true, "layer_max_bin": 5, "k2_x2h_ray_imin_syn_avg": [0.5073913408686438, 0.19952325696420867, 0.12645711031337767], "k2_x2h_ray_imin_syn_sem": [0.01841398881295508, 0.044708237884898396, 0.014495150414754226], "k2_x2h_ray_mi_avg": [2.037439408695815, 1.4508484660113727, 0.6878041280498424], "k2_x2h_ray_mi_sem": [0.1187917509262186, 0.11068471063659152, 0.03637286548634902], "k2_x2h_ray_immi_syn_avg": [0.6071262453845682, 0.30907355322747876, 0.13597205292191827], "k2_x2h_ray_immi_syn_sem": [0.032664804111114956, 0.0674283862516327, 0.015512817381306287], "k2_x2h_ray_nimin_syn_avg": [0.2497136437336457, 0.08631863079875192, 0.18424505822925397], "k2_x2h_ray_nimin_syn_sem": [0.005844131896893406, 0.018982943057640103, 0.024149554002479652], "k2_x2h_ray_nimmi_syn_avg": [0.30144514708122677, 0.134522809482105, 0.19905416407590956], "k2_x2h_ray_nimmi_syn_sem": [0.03223381345609551, 0.02894354618978061, 0.02637396299121203], "k2_x2h_pos_imin_syn_avg": [0.43581921422962405, 0.19952325696420867, 0.12645711031337767], "k2_x2h_pos_imin_syn_sem": [0.03057689151555206, 0.044708237884898396, 0.014495150414754226], "k2_x2h_pos_mi_avg": [1.9827413303407184, 1.4508484660113727, 0.6878041280498424], "k2_x2h_pos_mi_sem": [0.09686326859897712, 0.11068471063659152, 0.03637286548634902], "k2_x2h_pos_immi_syn_avg": [0.7225116777227534, 0.30907355322747876, 0.13597205292191827], "k2_x2h_pos_immi_syn_sem": [0.07820679639905123, 0.0674283862516327, 0.015512817381306287], "k2_x2h_pos_nimin_syn_avg": [0.22119914103045887, 0.08631863079875192, 0.18424505822925397], "k2_x2h_pos_nimin_syn_sem": [0.02057896685366532, 0.018982943057640103, 0.024149554002479652], "k2_x2h_pos_nimmi_syn_avg": [0.36831671446495434, 0.134522809482105, 0.19905416407590956], "k2_x2h_pos_nimmi_syn_sem": [0.050481660015293854, 0.02894354618978061, 0.02637396299121203]}