{"avg_reward": 0.07246116309449566, "accuracy": 0.8125, "IQR_binning": true, "layer_max_bin": 5, "k2_x2h_ray_imin_syn_avg": [0.8105885477029618, 0.25037393941478564, 0.14727209474430558], "k2_x2h_ray_imin_syn_sem": [0.048555033382292716, 0.05158482786783102, 0.009138466346113169], "k2_x2h_ray_mi_avg": [2.063989816455947, 1.6870559543082027, 0.7263674309435076], "k2_x2h_ray_mi_sem": [0.03997878709053061, 0.1270130540528394, 0.027942470702356746], "k2_x2h_ray_immi_syn_avg": [0.9794384820012733, 0.3707411030191429, 0.18860905170140058], "k2_x2h_ray_immi_syn_sem": [0.05928277784405438, 0.06887225506970393, 0.01400920922146714], "k2_x2h_ray_nimin_syn_avg": [0.39389085012890934, 0.1007144604939021, 0.208628711404776], "k2_x2h_ray_nimin_syn_sem": [0.03133354449904058, 0.017530542491812507, 0.011418219713842609], "k2_x2h_ray_nimmi_syn_avg": [0.47595803966179223, 0.15697615822029382, 0.26433361299919783], "k2_x2h_ray_nimmi_syn_sem": [0.03820521165445971, 0.025182054770611285, 0.016523551133996714], "k2_x2h_pos_imin_syn_avg": [0.6553788558543743, 0.25037393941478564, 0.14727209474430558], "k2_x2h_pos_imin_syn_sem": [0.01690871642115574, 0.05158482786783102, 0.009138466346113169], "k2_x2h_pos_mi_avg": [2.2113415160311334, 1.6870559543082027, 0.7263674309435076], "k2_x2h_pos_mi_sem": [0.06466918089887949, 0.1270130540528394, 0.027942470702356746], "k2_x2h_pos_immi_syn_avg": [0.7961269460945726, 0.3707411030191429, 0.18860905170140058], "k2_x2h_pos_immi_syn_sem": [0.06466918089887949, 0.06887225506970393, 0.01400920922146714], "k2_x2h_pos_nimin_syn_avg": [0.2964487249031702, 0.1007144604939021, 0.208628711404776], "k2_x2h_pos_nimin_syn_sem": [0.00267143247031658, 0.017530542491812507, 0.011418219713842609], "k2_x2h_pos_nimmi_syn_avg": [0.35895433033941054, 0.15697615822029382, 0.26433361299919783], "k2_x2h_pos_nimmi_syn_sem": [0.01821848413938215, 0.025182054770611285, 0.016523551133996714]}