{"avg_reward": 0.04375673751216346, "accuracy": 0.9375, "IQR_binning": true, "layer_max_bin": 5, "k2_x2h_ray_imin_syn_avg": [0.8526390797329988, 0.3515091629757744, 0.10502683929179836], "k2_x2h_ray_imin_syn_sem": [0.039697233194299984, 0.06273673651128936, 0.011193377670229248], "k2_x2h_ray_mi_avg": [2.007251610697303, 1.7896743044776273, 0.5162763213949771], "k2_x2h_ray_mi_sem": [0.0860064693961894, 0.12050208272817571, 0.031253340451587966], "k2_x2h_ray_immi_syn_avg": [1.0200051103803236, 0.4434414448654468, 0.11887144433845845], "k2_x2h_ray_immi_syn_sem": [0.07824498173888847, 0.07484435162047191, 0.011896709526650468], "k2_x2h_ray_nimin_syn_avg": [0.42465060703024116, 0.13978942808876574, 0.20339869759275211], "k2_x2h_ray_nimin_syn_sem": [0.0021727592281228234, 0.02270295152727774, 0.023116419866567546], "k2_x2h_ray_nimmi_syn_avg": [0.5067693409317952, 0.1819509374199969, 0.22978996041786873], "k2_x2h_ray_nimmi_syn_sem": [0.01695170890285042, 0.0268041052208848, 0.025217741747342263], "k2_x2h_pos_imin_syn_avg": [0.7060683990324853, 0.3515091629757744, 0.10502683929179836], "k2_x2h_pos_imin_syn_sem": [0.0165669254053725, 0.06273673651128936, 0.011193377670229248], "k2_x2h_pos_mi_avg": [2.1079187695622967, 1.7896743044776273, 0.5162763213949771], "k2_x2h_pos_mi_sem": [0.04756767179820871, 0.12050208272817571, 0.031253340451587966], "k2_x2h_pos_immi_syn_avg": [0.8509013487760034, 0.4434414448654468, 0.11887144433845845], "k2_x2h_pos_immi_syn_sem": [0.04756767179820871, 0.07484435162047191, 0.011896709526650468], "k2_x2h_pos_nimin_syn_avg": [0.3350270373862981, 0.13978942808876574, 0.20339869759275211], "k2_x2h_pos_nimin_syn_sem": [0.005332888158807794, 0.02270295152727774, 0.023116419866567546], "k2_x2h_pos_nimmi_syn_avg": [0.40307418503640524, 0.1819509374199969, 0.22978996041786873], "k2_x2h_pos_nimmi_syn_sem": [0.01317827470719365, 0.0268041052208848, 0.025217741747342263]}