{"avg_reward": 0.03620605412343871, "accuracy": 0.9375, "IQR_binning": true, "layer_max_bin": 5, "k2_x2h_ray_imin_syn_avg": [0.6802370099916466, 0.23658112552742483, 0.19338628628846313], "k2_x2h_ray_imin_syn_sem": [0.02221513132221481, 0.05459653729196197, 0.021991105052069443], "k2_x2h_ray_mi_avg": [1.5185784880400917, 1.5482914201308489, 0.9051972465048288], "k2_x2h_ray_mi_sem": [0.024941567837473762, 0.1227461871805286, 0.04701883577037934], "k2_x2h_ray_immi_syn_avg": [0.8526619230220174, 0.3327218603126061, 0.2798376360468105], "k2_x2h_ray_immi_syn_sem": [0.023897487397401843, 0.07156709254967872, 0.033551869080683534], "k2_x2h_ray_nimin_syn_avg": [0.4477145230546408, 0.09595961968694529, 0.18032890024031542], "k2_x2h_ray_nimin_syn_sem": [0.007513801059134001, 0.019902019762708754, 0.018148574586109953], "k2_x2h_ray_nimmi_syn_avg": [0.5612917401884975, 0.13848554227316462, 0.25823193140146333], "k2_x2h_ray_nimmi_syn_sem": [0.0072912734092211605, 0.026479683614720424, 0.027430422855905787], "k2_x2h_pos_imin_syn_avg": [0.5789987913369093, 0.23658112552742483, 0.19338628628846313], "k2_x2h_pos_imin_syn_sem": [0.01215133848415732, 0.05459653729196197, 0.021991105052069443], "k2_x2h_pos_mi_avg": [1.6858362376442997, 1.5482914201308489, 0.9051972465048288], "k2_x2h_pos_mi_sem": [0.022150150495172348, 0.1227461871805286, 0.04701883577037934], "k2_x2h_pos_immi_syn_avg": [0.708793899374292, 0.3327218603126061, 0.2798376360468105], "k2_x2h_pos_immi_syn_sem": [0.022150150495172348, 0.07156709254967872, 0.033551869080683534], "k2_x2h_pos_nimin_syn_avg": [0.34338757493383865, 0.09595961968694529, 0.18032890024031542], "k2_x2h_pos_nimin_syn_sem": [0.0032134935229255783, 0.019902019762708754, 0.018148574586109953], "k2_x2h_pos_nimmi_syn_avg": [0.42023848585324974, 0.13848554227316462, 0.25823193140146333], "k2_x2h_pos_nimmi_syn_sem": [0.007689475395194781, 0.026479683614720424, 0.027430422855905787]}