{"avg_reward": 0.047225591007744365, "accuracy": 0.9375, "IQR_binning": true, "layer_max_bin": 5, "k2_x2h_ray_imin_syn_avg": [1.0000335569046257, 0.6137977220034037, 0.10002034111459886], "k2_x2h_ray_imin_syn_sem": [0.055677182039319185, 0.050850240358671486, 0.014365535820004577], "k2_x2h_ray_mi_avg": [2.6452797699966646, 2.2148736565604845, 0.5016033192897921], "k2_x2h_ray_mi_sem": [0.08981538390346372, 0.07450084778440295, 0.0327418749835774], "k2_x2h_ray_immi_syn_avg": [1.1910996761029404, 0.8742670661312926, 0.1494853141124277], "k2_x2h_ray_immi_syn_sem": [0.06597944452678035, 0.06834331951726284, 0.01709951067276903], "k2_x2h_ray_nimin_syn_avg": [0.3793008493787788, 0.24856323133987823, 0.16730569516570198], "k2_x2h_ray_nimin_syn_sem": [0.02819376284588389, 0.019678350367686677, 0.019109272286490415], "k2_x2h_ray_nimmi_syn_avg": [0.4508946265452774, 0.3560759626514614, 0.261813543874234], "k2_x2h_ray_nimmi_syn_sem": [0.026393715541452114, 0.027135938031749636, 0.025091539082276428], "k2_x2h_pos_imin_syn_avg": [0.7786183216981609, 0.6137977220034037, 0.10002034111459886], "k2_x2h_pos_imin_syn_sem": [0.03075723309854728, 0.050850240358671486, 0.014365535820004577], "k2_x2h_pos_mi_avg": [2.5647856185712063, 2.2148736565604845, 0.5016033192897921], "k2_x2h_pos_mi_sem": [0.08866360053432377, 0.07450084778440295, 0.0327418749835774], "k2_x2h_pos_immi_syn_avg": [1.104920422499023, 0.8742670661312926, 0.1494853141124277], "k2_x2h_pos_immi_syn_sem": [0.04944238642930349, 0.06834331951726284, 0.01709951067276903], "k2_x2h_pos_nimin_syn_avg": [0.3034981231516159, 0.24856323133987823, 0.16730569516570198], "k2_x2h_pos_nimin_syn_sem": [0.0025867571627074034, 0.019678350367686677, 0.019109272286490415], "k2_x2h_pos_nimmi_syn_avg": [0.4305667566531035, 0.3560759626514614, 0.261813543874234], "k2_x2h_pos_nimmi_syn_sem": [0.007501281689541046, 0.027135938031749636, 0.025091539082276428]}