{"avg_reward": -0.0014817930385178162, "accuracy": 0.125, "IQR_binning": true, "layer_max_bin": 5, "k2_x2h_ray_imin_syn_avg": [0.07210767249782467, 0.0032261917541475784, -6.69049481761487e-18], "k2_x2h_ray_imin_syn_sem": [0.016827905274530167, 0.0018489287082127685, 7.140957644904671e-18], "k2_x2h_ray_mi_avg": [0.17535399474187705, 0.2618422295479681, 0.0], "k2_x2h_ray_mi_sem": [0.010728285285446188, 0.03846180163902283, 0.0], "k2_x2h_ray_immi_syn_avg": [0.08595924455777453, 0.004511668108166904, 0.0], "k2_x2h_ray_immi_syn_sem": [0.016767915028662192, 0.002560366941260997, 0.0], "k2_x2h_ray_nimin_syn_avg": [0.40650481231427005, 0.005304247446859165, 0.0], "k2_x2h_ray_nimin_syn_sem": [0.08787784173872577, 0.0030199172619004284, 0.0], "k2_x2h_ray_nimmi_syn_avg": [0.4867242148247622, 0.007417317905449794, 0.0], "k2_x2h_ray_nimmi_syn_sem": [0.08684416648345876, 0.004188847638775274, 0.0], "k2_x2h_pos_imin_syn_avg": [0.09351834092654232, 0.0032261917541475784, -6.69049481761487e-18], "k2_x2h_pos_imin_syn_sem": [0.02884860169243645, 0.0018489287082127685, 7.140957644904671e-18], "k2_x2h_pos_mi_avg": [0.18447499535214393, 0.2618422295479681, 0.0], "k2_x2h_pos_mi_sem": [0.033313920011864215, 0.03846180163902283, 0.0], "k2_x2h_pos_immi_syn_avg": [0.11379725756909027, 0.004511668108166904, 0.0], "k2_x2h_pos_immi_syn_sem": [0.027746778157290198, 0.002560366941260997, 0.0], "k2_x2h_pos_nimin_syn_avg": [0.48637345399532034, 0.005304247446859165, 0.0], "k2_x2h_pos_nimin_syn_sem": [0.07830045097667165, 0.0030199172619004284, 0.0], "k2_x2h_pos_nimmi_syn_avg": [0.6111543582144758, 0.007417317905449794, 0.0], "k2_x2h_pos_nimmi_syn_sem": [0.06638287975187832, 0.004188847638775274, 0.0]}