{"avg_reward_avg": 0.8949999999999999, "avg_reward_sem": 0.0020709632756012106, "accuracy_avg": 0.477, "accuracy_sem": 0.010651030205780307, "k2_xh2h_immi_syn_avg_avg": [0.1085331293936993], "k2_xh2h_immi_syn_avg_sem": [0.007918584764740867], "k2_xh2h_immi_syn_sem_avg": [0.021481878336178872], "k2_xh2h_immi_syn_sem_sem": [0.0017842060442597688], "k2_xh2h_mi_avg_avg": [0.5494118178693903], "k2_xh2h_mi_avg_sem": [0.029836016354639765], "k2_xh2h_mi_sem_avg": [0.061586886849595054], "k2_xh2h_mi_sem_sem": [0.0019169056637064461], "k2_xh2h_nimmi_syn_avg_avg": [0.2061279144690174], "k2_xh2h_nimmi_syn_avg_sem": [0.0071945206124935605], "k2_xh2h_nimmi_syn_sem_avg": [0.023683446312696567], "k2_xh2h_nimmi_syn_sem_sem": [0.0006210552799707099]}