{"avg_reward": 0.904, "accuracy": 0.52, "k2_xh2h_immi_syn_avg": [0.09151203807399907], "k2_xh2h_immi_syn_sem": [0.02212724881746818], "k2_xh2h_mi_avg": [0.5648254409888879], "k2_xh2h_mi_sem": [0.0597554759006898], "k2_xh2h_nimmi_syn_avg": [0.16888046486794597], "k2_xh2h_nimmi_syn_sem": [0.0233070657391422]}