{"avg_reward": 0.892, "accuracy": 0.45, "k2_xh2h_immi_syn_avg": [0.11213812215115833], "k2_xh2h_immi_syn_sem": [0.021962470578783734], "k2_xh2h_mi_avg": [0.649564456846789], "k2_xh2h_mi_sem": [0.06478721151695736], "k2_xh2h_nimmi_syn_avg": [0.17704584975013157], "k2_xh2h_nimmi_syn_sem": [0.02312379237355472]}