{"avg_reward": 0.897, "accuracy": 0.49, "k2_xh2h_immi_syn_avg": [0.12539286519540158], "k2_xh2h_immi_syn_sem": [0.02158707553880652], "k2_xh2h_mi_avg": [0.5474987369887245], "k2_xh2h_mi_sem": [0.06032774550467309], "k2_xh2h_nimmi_syn_avg": [0.2369684857652513], "k2_xh2h_nimmi_syn_sem": [0.024966393104298774]}