{"avg_reward": 0.902, "accuracy": 0.52, "k2_xh2h_immi_syn_avg": [0.1335868931101626], "k2_xh2h_immi_syn_sem": [0.02574580579881281], "k2_xh2h_mi_avg": [0.5807602061550191], "k2_xh2h_mi_sem": [0.06972816664334178], "k2_xh2h_nimmi_syn_avg": [0.2133628059654404], "k2_xh2h_nimmi_syn_sem": [0.02128096063024139]}