{"avg_reward": 0.892, "accuracy": 0.46, "k2_xh2h_immi_syn_avg": [0.07623147140521631], "k2_xh2h_immi_syn_sem": [0.015787150847979072], "k2_xh2h_mi_avg": [0.4303377976754546], "k2_xh2h_mi_sem": [0.056317756122696315], "k2_xh2h_nimmi_syn_avg": [0.20524057037540533], "k2_xh2h_nimmi_syn_sem": [0.02315192158855525]}