{"avg_reward": 0.887, "accuracy": 0.44, "k2_xh2h_immi_syn_avg": [0.1425416291578368], "k2_xh2h_immi_syn_sem": [0.033486010102674095], "k2_xh2h_mi_avg": [0.6257367050343027], "k2_xh2h_mi_sem": [0.07222757040148585], "k2_xh2h_nimmi_syn_avg": [0.21428259020417936], "k2_xh2h_nimmi_syn_sem": [0.028546566136465338]}