{"avg_reward": 0.898, "accuracy": 0.49, "k2_xh2h_immi_syn_avg": [0.0663584573540755], "k2_xh2h_immi_syn_sem": [0.014145577956444695], "k2_xh2h_mi_avg": [0.39135321153627006], "k2_xh2h_mi_sem": [0.05251066452634992], "k2_xh2h_nimmi_syn_avg": [0.2069453096099954], "k2_xh2h_nimmi_syn_sem": [0.022774978502306434]}