{"avg_reward": 0.896, "accuracy": 0.48, "k2_xh2h_immi_syn_avg": [0.10968909213627671], "k2_xh2h_immi_syn_sem": [0.015885744628350837], "k2_xh2h_mi_avg": [0.5463602449669283], "k2_xh2h_mi_sem": [0.05683951858333548], "k2_xh2h_nimmi_syn_avg": [0.21320764483856816], "k2_xh2h_nimmi_syn_sem": [0.02224103990397322]}