{"avg_reward": 0.899, "accuracy": 0.5, "k2_xh2h_immi_syn_avg": [0.0999723168101683], "k2_xh2h_immi_syn_sem": [0.020408420232889225], "k2_xh2h_mi_avg": [0.47364008679686154], "k2_xh2h_mi_sem": [0.06297618562321054], "k2_xh2h_nimmi_syn_avg": [0.23735197785034373], "k2_xh2h_nimmi_syn_sem": [0.023721236355872966]}