{"avg_reward": 0.16909254038955238, "accuracy": 0.5833333333333334, "IQR_binning": true, "layer_max_bin": 5, "k2_x2h_ray_imin_syn_avg": [0.16989225418175735, 0.01693962866738918, 0.006083609611698994], "k2_x2h_ray_imin_syn_sem": [0.032598135599269044, 0.005604860870782609, 0.002576144270497483], "k2_x2h_ray_mi_avg": [0.5494752335399266, 0.22159770369503715, 0.12160196091410559], "k2_x2h_ray_mi_sem": [0.04200410081578269, 0.03136504243167958, 0.014764092218739385], "k2_x2h_ray_immi_syn_avg": [0.1874648473971683, 0.02483760307343325, 0.00816159163508113], "k2_x2h_ray_immi_syn_sem": [0.038639771798625974, 0.009477257031439066, 0.003707919152470313], "k2_x2h_ray_nimin_syn_avg": [0.30773873772377985, 0.0594881613513158, 0.026281790985428315], "k2_x2h_ray_nimin_syn_sem": [0.051705894730549144, 0.018247784893796172, 0.009799206319432338], "k2_x2h_ray_nimmi_syn_avg": [0.3418638095825628, 0.07407271147440515, 0.034956889162390745], "k2_x2h_ray_nimmi_syn_sem": [0.07143033316347745, 0.021704217564469115, 0.01384893475268848], "k2_x2h_pos_imin_syn_avg": [0.19395411264918092, 0.01693962866738918, 0.006083609611698994], "k2_x2h_pos_imin_syn_sem": [0.014906098401460302, 0.005604860870782609, 0.002576144270497483], "k2_x2h_pos_mi_avg": [0.665049969637347, 0.22159770369503715, 0.12160196091410559], "k2_x2h_pos_mi_sem": [0.04596862328301016, 0.03136504243167958, 0.014764092218739385], "k2_x2h_pos_immi_syn_avg": [0.2809383312736002, 0.02483760307343325, 0.00816159163508113], "k2_x2h_pos_immi_syn_sem": [0.036099287246006695, 0.009477257031439066, 0.003707919152470313], "k2_x2h_pos_nimin_syn_avg": [0.29548617863598775, 0.0594881613513158, 0.026281790985428315], "k2_x2h_pos_nimin_syn_sem": [0.033533723787463235, 0.018247784893796172, 0.009799206319432338], "k2_x2h_pos_nimmi_syn_avg": [0.4189238784586909, 0.07407271147440515, 0.034956889162390745], "k2_x2h_pos_nimmi_syn_sem": [0.02775973860551409, 0.021704217564469115, 0.01384893475268848]}