{"avg_reward": 0.1841066694253335, "accuracy": 0.6666666666666666, "IQR_binning": true, "layer_max_bin": 5, "k2_x2h_ray_imin_syn_avg": [0.3375924553808504, 0.1205532663256699, 0.013129460810806688], "k2_x2h_ray_imin_syn_sem": [0.04957125481934364, 0.023186913273147116, 0.002258788606850009], "k2_x2h_ray_mi_avg": [0.9604358244033783, 0.8137868060652036, 0.08103345432991832], "k2_x2h_ray_mi_sem": [0.0601166277443247, 0.05885743550138684, 0.00477030435577468], "k2_x2h_ray_immi_syn_avg": [0.4714355077867622, 0.16382915740359288, 0.013139586738016231], "k2_x2h_ray_immi_syn_sem": [0.050691316481186514, 0.03096864081906067, 0.002260481506661664], "k2_x2h_ray_nimin_syn_avg": [0.3483880974480149, 0.10335366435495301, 0.15109528663461436], "k2_x2h_ray_nimin_syn_sem": [0.031175711196582266, 0.01849227428532919, 0.026408280718793958], "k2_x2h_ray_nimmi_syn_avg": [0.48887539737783353, 0.14014238761709558, 0.1513407572696172], "k2_x2h_ray_nimmi_syn_sem": [0.02873194666127576, 0.024633639221126654, 0.026529398037111303], "k2_x2h_pos_imin_syn_avg": [0.345253941271658, 0.1205532663256699, 0.013129460810806688], "k2_x2h_pos_imin_syn_sem": [0.05411525347911458, 0.023186913273147116, 0.002258788606850009], "k2_x2h_pos_mi_avg": [1.3211065974768064, 0.8137868060652036, 0.08103345432991832], "k2_x2h_pos_mi_sem": [0.07152445500415125, 0.05885743550138684, 0.00477030435577468], "k2_x2h_pos_immi_syn_avg": [0.4075503231016458, 0.16382915740359288, 0.013139586738016231], "k2_x2h_pos_immi_syn_sem": [0.07152445500415125, 0.03096864081906067, 0.002260481506661664], "k2_x2h_pos_nimin_syn_avg": [0.258719121334078, 0.10335366435495301, 0.15109528663461436], "k2_x2h_pos_nimin_syn_sem": [0.030655784900875723, 0.01849227428532919, 0.026408280718793958], "k2_x2h_pos_nimmi_syn_avg": [0.30434985252699714, 0.14014238761709558, 0.1513407572696172], "k2_x2h_pos_nimmi_syn_sem": [0.03830237856812199, 0.024633639221126654, 0.026529398037111303]}