{"avg_reward": 0.06878575073307908, "accuracy": 0.6666666666666666, "IQR_binning": true, "layer_max_bin": 5, "k2_x2h_ray_imin_syn_avg": [0.26765383437593643, 0.06693815385113053, 0.03265834365057977], "k2_x2h_ray_imin_syn_sem": [0.04784578435821854, 0.01642702434150383, 0.008763620281661846], "k2_x2h_ray_mi_avg": [0.8259922600152171, 0.604609150498676, 0.3319214293959859], "k2_x2h_ray_mi_sem": [0.029223791762011453, 0.05046716640372169, 0.037388821288948985], "k2_x2h_ray_immi_syn_avg": [0.3816509341602208, 0.11604267177402969, 0.04256972018184208], "k2_x2h_ray_immi_syn_sem": [0.053636595562519096, 0.02694627994760672, 0.01160989364559824], "k2_x2h_ray_nimin_syn_avg": [0.32137954877190544, 0.0671606238959992, 0.06894266203697987], "k2_x2h_ray_nimin_syn_sem": [0.050794965466145175, 0.015533464837378278, 0.0163394546358055], "k2_x2h_ray_nimmi_syn_avg": [0.4604725068249353, 0.11708805933176093, 0.0860115929147562], "k2_x2h_ray_nimmi_syn_sem": [0.058676223463994676, 0.025989325625550563, 0.020281252389439435], "k2_x2h_pos_imin_syn_avg": [0.28588912652773446, 0.06693815385113053, 0.03265834365057977], "k2_x2h_pos_imin_syn_sem": [0.03639011661231024, 0.01642702434150383, 0.008763620281661846], "k2_x2h_pos_mi_avg": [1.0875461424984179, 0.604609150498676, 0.3319214293959859], "k2_x2h_pos_mi_sem": [0.05410830490739742, 0.05046716640372169, 0.037388821288948985], "k2_x2h_pos_immi_syn_avg": [0.37658240016846606, 0.11604267177402969, 0.04256972018184208], "k2_x2h_pos_immi_syn_sem": [0.05410830490739742, 0.02694627994760672, 0.01160989364559824], "k2_x2h_pos_nimin_syn_avg": [0.26112659621952444, 0.0671606238959992, 0.06894266203697987], "k2_x2h_pos_nimin_syn_sem": [0.021340191588999826, 0.015533464837378278, 0.0163394546358055], "k2_x2h_pos_nimmi_syn_avg": [0.34317031797781755, 0.11708805933176093, 0.0860115929147562], "k2_x2h_pos_nimmi_syn_sem": [0.03113058781667211, 0.025989325625550563, 0.020281252389439435]}