{"avg_reward": 0.2063701553149255, "accuracy": 0.6666666666666666, "IQR_binning": true, "layer_max_bin": 5, "k2_x2h_ray_imin_syn_avg": [0.25416767289466485, 0.04606820109753035, 0.0013976574428785063], "k2_x2h_ray_imin_syn_sem": [0.008125431881047236, 0.018512302852303333, 0.0008633073141186109], "k2_x2h_ray_mi_avg": [0.698802059263007, 0.671400922889823, 0.05168952646562763], "k2_x2h_ray_mi_sem": [0.047003227027765944, 0.08536746660748878, 0.008717836415469103], "k2_x2h_ray_immi_syn_avg": [0.348660515647971, 0.07131880546530565, 0.0013976574428785022], "k2_x2h_ray_immi_syn_sem": [0.04456943619523436, 0.02844805781531612, 0.0008633073141186162], "k2_x2h_ray_nimin_syn_avg": [0.36698401175394485, 0.028831976267876255, 0.009421863768223883], "k2_x2h_ray_nimin_syn_sem": [0.02672309018845899, 0.011223905208177832, 0.0049592118955932765], "k2_x2h_ray_nimmi_syn_avg": [0.4950817630486399, 0.04535230970010377, 0.009421863768223394], "k2_x2h_ray_nimmi_syn_sem": [0.02883939201647039, 0.017765925285933227, 0.004959211895593313], "k2_x2h_pos_imin_syn_avg": [0.2256346159911576, 0.04606820109753035, 0.0013976574428785063], "k2_x2h_pos_imin_syn_sem": [0.0446920734436278, 0.018512302852303333, 0.0008633073141186109], "k2_x2h_pos_mi_avg": [1.1130941382814885, 0.671400922889823, 0.05168952646562763], "k2_x2h_pos_mi_sem": [0.08366880149964889, 0.08536746660748878, 0.008717836415469103], "k2_x2h_pos_immi_syn_avg": [0.31834549535992335, 0.07131880546530565, 0.0013976574428785022], "k2_x2h_pos_immi_syn_sem": [0.08366880149964888, 0.02844805781531612, 0.0008633073141186162], "k2_x2h_pos_nimin_syn_avg": [0.1992592711575973, 0.028831976267876255, 0.009421863768223883], "k2_x2h_pos_nimin_syn_sem": [0.02367710394978878, 0.011223905208177832, 0.0049592118955932765], "k2_x2h_pos_nimmi_syn_avg": [0.2783609191739748, 0.04535230970010377, 0.009421863768223394], "k2_x2h_pos_nimmi_syn_sem": [0.050845113914611106, 0.017765925285933227, 0.004959211895593313]}