{"avg_reward": 0.181636846144737, "accuracy": 0.6666666666666666, "IQR_binning": true, "layer_max_bin": 5, "k2_x2h_ray_imin_syn_avg": [0.20401977701911658, 0.1073128524823685, 0.03682781088283437], "k2_x2h_ray_imin_syn_sem": [0.02583202455709562, 0.024892124205068176, 0.008634687738940027], "k2_x2h_ray_mi_avg": [0.7305799637268305, 0.8295269675522188, 0.36176928109382966], "k2_x2h_ray_mi_sem": [0.03396247463580925, 0.0643756895243242, 0.034516604851634006], "k2_x2h_ray_immi_syn_avg": [0.3209826450691322, 0.16897675714454874, 0.04868559176193771], "k2_x2h_ray_immi_syn_sem": [0.021838125246397732, 0.037439704181348864, 0.012392636427591043], "k2_x2h_ray_nimin_syn_avg": [0.2779407747795593, 0.08036405243003973, 0.07060073644669956], "k2_x2h_ray_nimin_syn_sem": [0.027175748735765858, 0.01820954712619263, 0.01571273189038521], "k2_x2h_ray_nimmi_syn_avg": [0.43844233517003744, 0.12759096067217762, 0.09139800712206725], "k2_x2h_ray_nimmi_syn_sem": [0.010010301517426273, 0.027807004599975968, 0.021861547889828695], "k2_x2h_pos_imin_syn_avg": [0.17240075134923774, 0.1073128524823685, 0.03682781088283437], "k2_x2h_pos_imin_syn_sem": [0.05549272262489264, 0.024892124205068176, 0.008634687738940027], "k2_x2h_pos_mi_avg": [1.4138967338118498, 0.8295269675522188, 0.36176928109382966], "k2_x2h_pos_mi_sem": [0.053925342764712156, 0.0643756895243242, 0.034516604851634006], "k2_x2h_pos_immi_syn_avg": [0.20870742242683646, 0.16897675714454874, 0.04868559176193771], "k2_x2h_pos_immi_syn_sem": [0.053925342764711906, 0.037439704181348864, 0.012392636427591043], "k2_x2h_pos_nimin_syn_avg": [0.11930912104917853, 0.08036405243003973, 0.07060073644669956], "k2_x2h_pos_nimin_syn_sem": [0.03439929345667211, 0.01820954712619263, 0.01571273189038521], "k2_x2h_pos_nimmi_syn_avg": [0.1451414300354045, 0.12759096067217762, 0.09139800712206725], "k2_x2h_pos_nimmi_syn_sem": [0.032404888267618254, 0.027807004599975968, 0.021861547889828695]}