{"avg_reward": 0.16216470715176487, "accuracy": 0.6666666666666666, "IQR_binning": true, "layer_max_bin": 5, "k2_x2h_ray_imin_syn_avg": [0.239966238228751, 0.02389311157055609, 0.022237614414089144], "k2_x2h_ray_imin_syn_sem": [0.01360265345474303, 0.01419293352523939, 0.004388119514156154], "k2_x2h_ray_mi_avg": [0.8810578563329465, 0.5199307226732037, 0.10168799783810763], "k2_x2h_ray_mi_sem": [0.045293718322685916, 0.08212758439925777, 0.007999501365780684], "k2_x2h_ray_immi_syn_avg": [0.33816385819437933, 0.032755088858174373, 0.02488450101886621], "k2_x2h_ray_immi_syn_sem": [0.02326182925559863, 0.019188976126403443, 0.004668510716641065], "k2_x2h_ray_nimin_syn_avg": [0.2725881597059214, 0.014788136026695358, 0.1828998663334059], "k2_x2h_ray_nimin_syn_sem": [0.0094453180352178, 0.00849271771620432, 0.02439246318524477], "k2_x2h_ray_nimmi_syn_avg": [0.3884922905376173, 0.02070473331065246, 0.20316195458044917], "k2_x2h_ray_nimmi_syn_sem": [0.04737691992105623, 0.012006775917283271, 0.025802591676209855], "k2_x2h_pos_imin_syn_avg": [0.2070334453024845, 0.02389311157055609, 0.022237614414089144], "k2_x2h_pos_imin_syn_sem": [0.03476841724520368, 0.01419293352523939, 0.004388119514156154], "k2_x2h_pos_mi_avg": [1.1826740855179148, 0.5199307226732037, 0.10168799783810763], "k2_x2h_pos_mi_sem": [0.04196291293709587, 0.08212758439925777, 0.007999501365780684], "k2_x2h_pos_immi_syn_avg": [0.2331330052571189, 0.032755088858174373, 0.02488450101886621], "k2_x2h_pos_immi_syn_sem": [0.04196291293709587, 0.019188976126403443, 0.004668510716641065], "k2_x2h_pos_nimin_syn_avg": [0.17341749722972755, 0.014788136026695358, 0.1828998663334059], "k2_x2h_pos_nimin_syn_sem": [0.023860492121469463, 0.00849271771620432, 0.02439246318524477], "k2_x2h_pos_nimmi_syn_avg": [0.19503217950154883, 0.02070473331065246, 0.20316195458044917], "k2_x2h_pos_nimmi_syn_sem": [0.029476936829116104, 0.012006775917283271, 0.025802591676209855]}