{"avg_reward": 0.19462535502112693, "accuracy": 0.6666666666666666, "IQR_binning": true, "layer_max_bin": 5, "k2_x2h_ray_imin_syn_avg": [0.011843038210471038, 0.002061595272176442, 0.011141238875729511], "k2_x2h_ray_imin_syn_sem": [0.002122298481176322, 0.0017447371208252017, 0.005053487635264096], "k2_x2h_ray_mi_avg": [0.08484024256007117, 0.08642671940554458, 0.20269060365887842], "k2_x2h_ray_mi_sem": [0.011621938659009694, 0.014287464237023366, 0.030600230845011362], "k2_x2h_ray_immi_syn_avg": [0.022018991911592362, 0.0022646946554608464, 0.011141238875729506], "k2_x2h_ray_immi_syn_sem": [0.0066309983163842555, 0.0018410339693064818, 0.0050534876352640945], "k2_x2h_ray_nimin_syn_avg": [0.1505898122347963, 0.008644711468874222, 0.02828694625418887], "k2_x2h_ray_nimin_syn_sem": [0.0470699770614369, 0.007316057231080258, 0.0115366585591669], "k2_x2h_ray_nimmi_syn_avg": [0.2522702456609721, 0.009496350775431865, 0.028286946254188722], "k2_x2h_ray_nimmi_syn_sem": [0.04619009553830787, 0.007719850585536154, 0.01153665855916687], "k2_x2h_pos_imin_syn_avg": [0.04343103930692998, 0.002061595272176442, 0.011141238875729511], "k2_x2h_pos_imin_syn_sem": [0.006801658810963057, 0.0017447371208252017, 0.005053487635264096], "k2_x2h_pos_mi_avg": [0.21707521203510702, 0.08642671940554458, 0.20269060365887842], "k2_x2h_pos_mi_sem": [0.006801658810963057, 0.014287464237023366, 0.030600230845011362], "k2_x2h_pos_immi_syn_avg": [0.04343103930693001, 0.0022646946554608464, 0.011141238875729506], "k2_x2h_pos_immi_syn_sem": [0.006801658810963057, 0.0018410339693064818, 0.0050534876352640945], "k2_x2h_pos_nimin_syn_avg": [0.198462766048764, 0.008644711468874222, 0.02828694625418887], "k2_x2h_pos_nimin_syn_sem": [0.025712211828563338, 0.007316057231080258, 0.0115366585591669], "k2_x2h_pos_nimmi_syn_avg": [0.1984627660487642, 0.009496350775431865, 0.028286946254188722], "k2_x2h_pos_nimmi_syn_sem": [0.025712211828563338, 0.007719850585536154, 0.01153665855916687]}