{"avg_reward_avg": 0.14744000009, "avg_reward_sem": 1.2412670766236365e-17, "accuracy_avg": 0.5, "accuracy_sem": 0.0, "k2_x2h_ray_imin_syn_avg_avg": [0.0526182084004567, 0.0011531542480600373, 0.0], "k2_x2h_ray_imin_syn_avg_sem": [0.024438719534193167, 0.0007295248204856507, 0.0], "k2_x2h_ray_imin_syn_sem_avg": [0.017776128769343775, 0.0011531542480600423, 0.0], "k2_x2h_ray_imin_syn_sem_sem": [0.007759790773669044, 0.0007295248204856542, 0.0], "k2_x2h_ray_immi_syn_avg_avg": [0.06183803611667121, 0.0015087760419603884, 0.0], "k2_x2h_ray_immi_syn_avg_sem": [0.030756158347393443, 0.0009562516993414161, 0.0], "k2_x2h_ray_immi_syn_sem_avg": [0.021594784765016514, 0.0015087760419603884, 0.0], "k2_x2h_ray_immi_syn_sem_sem": [0.009801574075591676, 0.0009562516993414161, 0.0], "k2_x2h_pos_imin_syn_avg_avg": [0.00033308501775012586, 0.0011531542480600373, 0.0], "k2_x2h_pos_imin_syn_avg_sem": [0.00033308501775019004, 0.0007295248204856507, 0.0], "k2_x2h_pos_imin_syn_sem_avg": [0.00018798829164063454, 0.0011531542480600423, 0.0], "k2_x2h_pos_imin_syn_sem_sem": [0.00018798829164055715, 0.0007295248204856542, 0.0], "k2_x2h_pos_immi_syn_avg_avg": [0.00033308501775014543, 0.0015087760419603884, 0.0], "k2_x2h_pos_immi_syn_avg_sem": [0.0003330850177501455, 0.0009562516993414161, 0.0], "k2_x2h_pos_immi_syn_sem_avg": [0.00018798829164059694, 0.0015087760419603884, 0.0], "k2_x2h_pos_immi_syn_sem_sem": [0.00018798829164059697, 0.0009562516993414161, 0.0], "k2_x2h_ray_mi_avg_avg": [0.2182486587459851, 0.04345560411593732, 0.0], "k2_x2h_ray_mi_avg_sem": [0.09167750699284376, 0.021938216844807373, 0.0], "k2_x2h_ray_mi_sem_avg": [0.03524094476418493, 0.009745286180136994, 0.0], "k2_x2h_ray_mi_sem_sem": [0.012860437790016546, 0.0046441779730649535, 0.0], "k2_x2h_ray_nimin_syn_avg_avg": [0.16892488917229473, 0.0021654433095872135, 0.0], "k2_x2h_ray_nimin_syn_avg_sem": [0.04877500119347296, 0.0013890291860184476, 0.0], "k2_x2h_ray_nimin_syn_sem_avg": [0.0594916407856024, 0.002165443309587223, 0.0], "k2_x2h_ray_nimin_syn_sem_sem": [0.01897479981463748, 0.0013890291860184632, 0.0], "k2_x2h_ray_nimmi_syn_avg_avg": [0.18448397570981076, 0.0028088203867383636, 0.0], "k2_x2h_ray_nimmi_syn_avg_sem": [0.054529734819006304, 0.0017823208903812674, 0.0], "k2_x2h_ray_nimmi_syn_sem_avg": [0.06503708636536115, 0.0028088203867383636, 0.0], "k2_x2h_ray_nimmi_syn_sem_sem": [0.018944815219127643, 0.001782320890381267, 0.0], "k2_x2h_pos_mi_avg_avg": [0.10919347137635617, 0.04345560411593732, 0.0], "k2_x2h_pos_mi_avg_sem": [0.04503115436665617, 0.021938216844807373, 0.0], "k2_x2h_pos_mi_sem_avg": [0.04219440154152603, 0.009745286180136994, 0.0], "k2_x2h_pos_mi_sem_sem": [0.014809563084309743, 0.0046441779730649535, 0.0], "k2_x2h_pos_nimin_syn_avg_avg": [0.015624596170645785, 0.0021654433095872135, 0.0], "k2_x2h_pos_nimin_syn_avg_sem": [0.015624596170649924, 0.0013890291860184476, 0.0], "k2_x2h_pos_nimin_syn_sem_avg": [0.010356876931085363, 0.002165443309587223, 0.0], "k2_x2h_pos_nimin_syn_sem_sem": [0.010356876931080537, 0.0013890291860184632, 0.0], "k2_x2h_pos_nimmi_syn_avg_avg": [0.015624596170647606, 0.0028088203867383636, 0.0], "k2_x2h_pos_nimmi_syn_avg_sem": [0.015624596170647608, 0.0017823208903812674, 0.0], "k2_x2h_pos_nimmi_syn_sem_avg": [0.010356876931081267, 0.0028088203867383636, 0.0], "k2_x2h_pos_nimmi_syn_sem_sem": [0.010356876931081269, 0.001782320890381267, 0.0]}