{"avg_reward": 0.14744000008999997, "accuracy": 0.5, "k2_x2h_ray_imin_syn_avg": [0.1165643639534815, 0.0035266091264791644, 0.0], "k2_x2h_ray_imin_syn_sem": [0.05191169124063285, 0.003526609126479235, 0.0], "k2_x2h_ray_immi_syn_avg": [0.12707104625896015, 0.004285851892880367, 0.0], "k2_x2h_ray_immi_syn_sem": [0.06240823170433315, 0.004285851892880368, 0.0], "k2_x2h_pos_imin_syn_avg": [-7.170190367370803e-17, 0.0035266091264791644, 0.0], "k2_x2h_pos_imin_syn_sem": [3.849540357104932e-17, 0.003526609126479235, 0.0], "k2_x2h_pos_immi_syn_avg": [0.0, 0.004285851892880367, 0.0], "k2_x2h_pos_immi_syn_sem": [0.0, 0.004285851892880368, 0.0], "k2_x2h_ray_mi_avg": [0.3512744487452581, 0.09605415272882081, 0.0], "k2_x2h_ray_mi_sem": [0.06956351117513793, 0.019683495458824297, 0.0], "k2_x2h_ray_nimin_syn_avg": [0.30393147428325107, 0.007394195638068948, 0.0], "k2_x2h_ray_nimin_syn_sem": [0.07491726278113221, 0.007394195638069197, 0.0], "k2_x2h_ray_nimmi_syn_avg": [0.32540703008842137, 0.008986090103890964, 0.0], "k2_x2h_ray_nimmi_syn_sem": [0.09599745554004792, 0.008986090103890964, 0.0], "k2_x2h_pos_mi_avg": [0.1595403430160276, 0.09605415272882081, 0.0], "k2_x2h_pos_mi_sem": [0.059162050048136794, 0.019683495458824297, 0.0], "k2_x2h_pos_nimin_syn_avg": [-1.12801779994974e-15, 0.007394195638068948, 0.0], "k2_x2h_pos_nimin_syn_sem": [9.580469095062362e-16, 0.007394195638069197, 0.0], "k2_x2h_pos_nimmi_syn_avg": [0.0, 0.008986090103890964, 0.0], "k2_x2h_pos_nimmi_syn_sem": [0.0, 0.008986090103890964, 0.0]}