{"avg_reward": 0.2011259315740742, "accuracy": 0.75, "k2_x2h_ray_imin_syn_avg": [0.1442355512462212, 0.013411996392800107, -7.11872556403315e-18], "k2_x2h_ray_imin_syn_sem": [0.039777537933124295, 0.013411996392800012, 7.118725564033149e-18], "k2_x2h_ray_immi_syn_avg": [0.1685821906700268, 0.016511508548781348, 0.0], "k2_x2h_ray_immi_syn_sem": [0.03098818619100832, 0.016511508548781344, 0.0], "k2_x2h_pos_imin_syn_avg": [0.14737506646664222, 0.013411996392800107, -7.11872556403315e-18], "k2_x2h_pos_imin_syn_sem": [0.03365909543789195, 0.013411996392800012, 7.118725564033149e-18], "k2_x2h_pos_immi_syn_avg": [0.18301286186679544, 0.016511508548781348, 0.0], "k2_x2h_pos_immi_syn_sem": [0.022319100903364406, 0.016511508548781344, 0.0], "k2_x2h_ray_mi_avg": [0.6889749138379585, 0.366093386244559, 0.0], "k2_x2h_ray_mi_sem": [0.13705267130643528, 0.07563457597052228, 0.0], "k2_x2h_ray_nimin_syn_avg": [0.20939388230513276, 0.18064621975577771, 0.0], "k2_x2h_ray_nimin_syn_sem": [0.030874352960394723, 0.02025642743515459, 0.0], "k2_x2h_ray_nimmi_syn_avg": [0.26709207868907203, 0.0089408078660258, 0.0], "k2_x2h_ray_nimmi_syn_sem": [0.07141892959097404, 0.008940807866025798, 0.0], "k2_x2h_pos_mi_avg": [0.926370060605946, 0.366093386244559, 0.0], "k2_x2h_pos_mi_sem": [0.022319100903364406, 0.07563457597052228, 0.0], "k2_x2h_pos_nimin_syn_avg": [0.15879485197532905, 0.18064621975577771, 0.0], "k2_x2h_pos_nimin_syn_sem": [0.03462595831320267, 0.02025642743515459, 0.0], "k2_x2h_pos_nimmi_syn_avg": [0.19660587515371583, 0.0089408078660258, 0.0], "k2_x2h_pos_nimmi_syn_sem": [0.01978387250412342, 0.008940807866025798, 0.0]}