{"avg_reward": 0.23652173922173922, "accuracy": 0.75, "k2_x2h_ray_imin_syn_avg": [0.1761901430535006, 0.010614739676577608, -1.4957416892751408e-17], "k2_x2h_ray_imin_syn_sem": [0.08544409947746084, 0.010614739676577889, 9.431102203238609e-18], "k2_x2h_ray_immi_syn_avg": [0.2695184899363097, 0.01265938128003359, 2.4671622769447924e-18], "k2_x2h_ray_immi_syn_sem": [0.11648955592408351, 0.012659381280033589, 2.4671622769447924e-18], "k2_x2h_pos_imin_syn_avg": [0.15370726530959566, 0.010614739676577608, -1.4957416892751408e-17], "k2_x2h_pos_imin_syn_sem": [0.05230606621533764, 0.010614739676577889, 9.431102203238609e-18], "k2_x2h_pos_immi_syn_avg": [0.22816443889668925, 0.01265938128003359, 2.4671622769447924e-18], "k2_x2h_pos_immi_syn_sem": [0.06465103438921745, 0.012659381280033589, 2.4671622769447924e-18], "k2_x2h_ray_mi_avg": [0.7515007405391998, 0.4299842043105123, 4.9343245538895844e-17], "k2_x2h_ray_mi_sem": [0.13238804803824847, 0.08916774264511042, 1.5603704304785335e-17], "k2_x2h_ray_nimin_syn_avg": [0.20932996111140964, 0.00545143738719632, -0.06728190733377652], "k2_x2h_ray_nimin_syn_sem": [0.07152920556730637, 0.005451437387196589, 0.028676088260870522], "k2_x2h_ray_nimmi_syn_avg": [0.3277869907350636, 0.006501508893433415, 0.005555555555555556], "k2_x2h_ray_nimmi_syn_sem": [0.08776128589115564, 0.006501508893433414, 0.005555555555555556], "k2_x2h_pos_mi_avg": [1.0272566171966018, 0.4299842043105123, 4.9343245538895844e-17], "k2_x2h_pos_mi_sem": [0.06465103438921745, 0.08916774264511042, 1.5603704304785335e-17], "k2_x2h_pos_nimin_syn_avg": [0.1451473627748474, 0.00545143738719632, -0.06728190733377652], "k2_x2h_pos_nimin_syn_sem": [0.04060683860435802, 0.005451437387196589, 0.028676088260870522], "k2_x2h_pos_nimmi_syn_avg": [0.2158895820859917, 0.006501508893433415, 0.005555555555555556], "k2_x2h_pos_nimmi_syn_sem": [0.049520658281350674, 0.006501508893433414, 0.005555555555555556]}