{"avg_reward_avg": 0.9776, "avg_reward_sem": 0.001613829124921362, "accuracy_avg": 0.877, "accuracy_sem": 0.006839428176227735, "k2_xh2h_immi_syn_avg_avg": [0.16738241207055332], "k2_xh2h_immi_syn_avg_sem": [0.00971034834464625], "k2_xh2h_immi_syn_sem_avg": [0.02457304384549401], "k2_xh2h_immi_syn_sem_sem": [0.0012606798950970588], "k2_xh2h_mi_avg_avg": [0.6597682675060987], "k2_xh2h_mi_avg_sem": [0.023273084881985033], "k2_xh2h_mi_sem_avg": [0.0549073797989799], "k2_xh2h_mi_sem_sem": [0.0019284425212428478], "k2_xh2h_nimmi_syn_avg_avg": [0.2500997499558909], "k2_xh2h_nimmi_syn_avg_sem": [0.007050966575946132], "k2_xh2h_nimmi_syn_sem_avg": [0.02171134974513238], "k2_xh2h_nimmi_syn_sem_sem": [0.0004171601069729201]}