{"avg_reward": 0.981, "accuracy": 0.9, "k2_xh2h_immi_syn_avg": [0.17043193248369512], "k2_xh2h_immi_syn_sem": [0.023098763892060618], "k2_xh2h_mi_avg": [0.7009625076855913], "k2_xh2h_mi_sem": [0.05120414185327052], "k2_xh2h_nimmi_syn_avg": [0.24865665193044195], "k2_xh2h_nimmi_syn_sem": [0.02134244510814285]}