{"avg_reward": 0.975, "accuracy": 0.87, "k2_xh2h_immi_syn_avg": [0.17013644080601092], "k2_xh2h_immi_syn_sem": [0.028253562807373275], "k2_xh2h_mi_avg": [0.6962561257622727], "k2_xh2h_mi_sem": [0.06354800339596059], "k2_xh2h_nimmi_syn_avg": [0.25339053636103404], "k2_xh2h_nimmi_syn_sem": [0.02258603637031522]}