{"avg_reward": 0.98, "accuracy": 0.89, "k2_xh2h_immi_syn_avg": [0.14878100903784855], "k2_xh2h_immi_syn_sem": [0.024672944148096704], "k2_xh2h_mi_avg": [0.6181962766294732], "k2_xh2h_mi_sem": [0.05321936214148918], "k2_xh2h_nimmi_syn_avg": [0.2263907500832833], "k2_xh2h_nimmi_syn_sem": [0.021713366373908465]}