{"avg_reward": 0.97, "accuracy": 0.85, "k2_xh2h_immi_syn_avg": [0.1789279827735004], "k2_xh2h_immi_syn_sem": [0.030473517903870276], "k2_xh2h_mi_avg": [0.654210937825179], "k2_xh2h_mi_sem": [0.06114389788193499], "k2_xh2h_nimmi_syn_avg": [0.2549997168747399], "k2_xh2h_nimmi_syn_sem": [0.022518808014407945]}