{"avg_reward": 0.985, "accuracy": 0.91, "k2_xh2h_immi_syn_avg": [0.16692698402373068], "k2_xh2h_immi_syn_sem": [0.021821747278458335], "k2_xh2h_mi_avg": [0.6683455467687982], "k2_xh2h_mi_sem": [0.052283067637908825], "k2_xh2h_nimmi_syn_avg": [0.2532238510595741], "k2_xh2h_nimmi_syn_sem": [0.021943143653905636]}