{"avg_reward": 0.969, "accuracy": 0.82, "k2_xh2h_immi_syn_avg": [0.15905058872715505], "k2_xh2h_immi_syn_sem": [0.025091778999936414], "k2_xh2h_mi_avg": [0.651865259029858], "k2_xh2h_mi_sem": [0.052975822925462164], "k2_xh2h_nimmi_syn_avg": [0.21941234533327197], "k2_xh2h_nimmi_syn_sem": [0.019755373349708928]}