{"avg_reward": 0.974, "accuracy": 0.87, "k2_xh2h_immi_syn_avg": [0.12774517374281336], "k2_xh2h_immi_syn_sem": [0.01823935781941591], "k2_xh2h_mi_avg": [0.5224411579203915], "k2_xh2h_mi_sem": [0.048115521188686575], "k2_xh2h_nimmi_syn_avg": [0.2488533815719941], "k2_xh2h_nimmi_syn_sem": [0.020411112596545]}