{"avg_reward": 0.985, "accuracy": 0.93, "k2_xh2h_immi_syn_avg": [0.20961249438172613], "k2_xh2h_immi_syn_sem": [0.027658801904579127], "k2_xh2h_mi_avg": [0.6959482117865949], "k2_xh2h_mi_sem": [0.056970442581779905], "k2_xh2h_nimmi_syn_avg": [0.29199237691965335], "k2_xh2h_nimmi_syn_sem": [0.020951560474963146]}