{"avg_reward": 0.981, "accuracy": 0.9, "k2_xh2h_immi_syn_avg": [0.15162765090998678], "k2_xh2h_immi_syn_sem": [0.022506055814526135], "k2_xh2h_mi_avg": [0.5970181451113035], "k2_xh2h_mi_sem": [0.05310766515726352], "k2_xh2h_nimmi_syn_avg": [0.2591075110365483], "k2_xh2h_nimmi_syn_sem": [0.022940193859674943]}