{"avg_reward": 0.977, "accuracy": 0.88, "k2_xh2h_immi_syn_avg": [0.1609821540218619], "k2_xh2h_immi_syn_sem": [0.024832914881073465], "k2_xh2h_mi_avg": [0.6744567984849575], "k2_xh2h_mi_sem": [0.0549401269021348], "k2_xh2h_nimmi_syn_avg": [0.22720101168306828], "k2_xh2h_nimmi_syn_sem": [0.021096750011743205]}