{"avg_reward": 0.982, "accuracy": 0.9, "k2_xh2h_immi_syn_avg": [0.1730143177203594], "k2_xh2h_immi_syn_sem": [0.02366862982437313], "k2_xh2h_mi_avg": [0.6225711804026899], "k2_xh2h_mi_sem": [0.05350625946260415], "k2_xh2h_nimmi_syn_avg": [0.26418778133775594], "k2_xh2h_nimmi_syn_sem": [0.021233820512540958]}