{"avg_reward": 0.974, "accuracy": 0.86, "k2_xh2h_immi_syn_avg": [0.1449765633044211], "k2_xh2h_immi_syn_sem": [0.019499348872638673], "k2_xh2h_mi_avg": [0.6068798067106448], "k2_xh2h_mi_sem": [0.04591998607868726], "k2_xh2h_nimmi_syn_avg": [0.2451533945753732], "k2_xh2h_nimmi_syn_sem": [0.021987419279840756]}