{"avg_reward": 0.967, "accuracy": 0.84, "k2_xh2h_immi_syn_avg": [0.16918300239491488], "k2_xh2h_immi_syn_sem": [0.025575038548928085], "k2_xh2h_mi_avg": [0.6729807663485704], "k2_xh2h_mi_sem": [0.06287787249245788], "k2_xh2h_nimmi_syn_avg": [0.24886165928967582], "k2_xh2h_nimmi_syn_sem": [0.021492455898167402]}