{"avg_reward": 0.892, "accuracy": 0.46, "k2_xh2h_immi_syn_avg": [0.18868016212855498], "k2_xh2h_immi_syn_sem": [0.022355667875946148], "k2_xh2h_mi_avg": [0.6988433153200325], "k2_xh2h_mi_sem": [0.06648860111117477], "k2_xh2h_nimmi_syn_avg": [0.29525768206628467], "k2_xh2h_nimmi_syn_sem": [0.018120830227590062]}