{"avg_reward": 0.902, "accuracy": 0.51, "k2_xh2h_immi_syn_avg": [0.13816641790563114], "k2_xh2h_immi_syn_sem": [0.018376424402939], "k2_xh2h_mi_avg": [0.5437495679467821], "k2_xh2h_mi_sem": [0.05534714241441347], "k2_xh2h_nimmi_syn_avg": [0.2894217695160061], "k2_xh2h_nimmi_syn_sem": [0.023036745189381317]}