{"avg_reward": 0.903, "accuracy": 0.53, "k2_xh2h_immi_syn_avg": [0.18407000483798955], "k2_xh2h_immi_syn_sem": [0.02334625874894235], "k2_xh2h_mi_avg": [0.679826541535535], "k2_xh2h_mi_sem": [0.06682263789519867], "k2_xh2h_nimmi_syn_avg": [0.3095713450456667], "k2_xh2h_nimmi_syn_sem": [0.02027566317440247]}