{"avg_reward": 0.895, "accuracy": 0.49, "k2_xh2h_immi_syn_avg": [0.12839059501727862], "k2_xh2h_immi_syn_sem": [0.02009223365647755], "k2_xh2h_mi_avg": [0.5155706890353147], "k2_xh2h_mi_sem": [0.05753698132372625], "k2_xh2h_nimmi_syn_avg": [0.2809888105832432], "k2_xh2h_nimmi_syn_sem": [0.021517635911700327]}