{"avg_reward": 0.895, "accuracy": 0.47, "k2_xh2h_immi_syn_avg": [0.18951851091987468], "k2_xh2h_immi_syn_sem": [0.02834634063181154], "k2_xh2h_mi_avg": [0.6259243835633561], "k2_xh2h_mi_sem": [0.07155286083505745], "k2_xh2h_nimmi_syn_avg": [0.31146218642570284], "k2_xh2h_nimmi_syn_sem": [0.018420039920867968]}