{"avg_reward": 0.899, "accuracy": 0.5, "k2_xh2h_immi_syn_avg": [0.18314029408237384], "k2_xh2h_immi_syn_sem": [0.02714990080192267], "k2_xh2h_mi_avg": [0.6965302625006429], "k2_xh2h_mi_sem": [0.06649181735615585], "k2_xh2h_nimmi_syn_avg": [0.28349696084111103], "k2_xh2h_nimmi_syn_sem": [0.02133557198548993]}