{"avg_reward": 0.904, "accuracy": 0.53, "k2_xh2h_immi_syn_avg": [0.11693787909811759], "k2_xh2h_immi_syn_sem": [0.013630511451626325], "k2_xh2h_mi_avg": [0.5325717324815931], "k2_xh2h_mi_sem": [0.05637055265275599], "k2_xh2h_nimmi_syn_avg": [0.25579272930154673], "k2_xh2h_nimmi_syn_sem": [0.01790596937055813]}