{"avg_reward": 0.894, "accuracy": 0.46, "k2_xh2h_immi_syn_avg": [0.16985049587057158], "k2_xh2h_immi_syn_sem": [0.01588036249584952], "k2_xh2h_mi_avg": [0.6770035073666704], "k2_xh2h_mi_sem": [0.06427497401959081], "k2_xh2h_nimmi_syn_avg": [0.3115968036908676], "k2_xh2h_nimmi_syn_sem": [0.020846518024062864]}