{"avg_reward": 0.905, "accuracy": 0.52, "k2_xh2h_immi_syn_avg": [0.19697618158003977], "k2_xh2h_immi_syn_sem": [0.022171044520587675], "k2_xh2h_mi_avg": [0.7950942005453088], "k2_xh2h_mi_sem": [0.07196467789783531], "k2_xh2h_nimmi_syn_avg": [0.30165649870938444], "k2_xh2h_nimmi_syn_sem": [0.020608345916990196]}