{"avg_reward": 0.20630886844683557, "accuracy": 0.75, "IQR_binning": true, "layer_max_bin": 5, "k2_x2h_ray_imin_syn_avg": [0.39584378291547856, 0.036752570157639185, 0.07365296847666529], "k2_x2h_ray_imin_syn_sem": [0.0365345555114561, 0.02127598275152592, 0.011068023573009926], "k2_x2h_ray_mi_avg": [0.9401594859049943, 0.7145149184826131, 0.4202677395401562], "k2_x2h_ray_mi_sem": [0.056045357265225526, 0.11079503529777862, 0.021857035664381328], "k2_x2h_ray_immi_syn_avg": [0.4237603208019167, 0.052731032471532796, 0.11101294532626843], "k2_x2h_ray_immi_syn_sem": [0.03727722285390973, 0.029792018388937518, 0.013692961994741975], "k2_x2h_ray_nimin_syn_avg": [0.42894573254560947, 0.016511661978437085, 0.15269124388638725], "k2_x2h_ray_nimin_syn_sem": [0.06764773884453795, 0.0094399555435948, 0.01907240783115924], "k2_x2h_ray_nimmi_syn_avg": [0.4586078633140655, 0.024164163744789722, 0.2351946814036191], "k2_x2h_ray_nimmi_syn_sem": [0.06909009263183712, 0.013744000121638088, 0.023556061310302932], "k2_x2h_pos_imin_syn_avg": [0.2524765864493042, 0.036752570157639185, 0.07365296847666529], "k2_x2h_pos_imin_syn_sem": [0.018218189932972154, 0.02127598275152592, 0.011068023573009926], "k2_x2h_pos_mi_avg": [0.923010045998514, 0.7145149184826131, 0.4202677395401562], "k2_x2h_pos_mi_sem": [0.0496136609469694, 0.11079503529777862, 0.021857035664381328], "k2_x2h_pos_immi_syn_avg": [0.3754070712750881, 0.052731032471532796, 0.11101294532626843], "k2_x2h_pos_immi_syn_sem": [0.02050082106340444, 0.029792018388937518, 0.013692961994741975], "k2_x2h_pos_nimin_syn_avg": [0.27304575219160976, 0.016511661978437085, 0.15269124388638725], "k2_x2h_pos_nimin_syn_sem": [0.006053311408720792, 0.0094399555435948, 0.01907240783115924], "k2_x2h_pos_nimmi_syn_avg": [0.4067126659335017, 0.024164163744789722, 0.2351946814036191], "k2_x2h_pos_nimmi_syn_sem": [0.004158958126623457, 0.013744000121638088, 0.023556061310302932]}