{"avg_reward": 0.1648916362180619, "accuracy": 0.8333333333333334, "IQR_binning": true, "layer_max_bin": 5, "k2_x2h_ray_imin_syn_avg": [0.4465158342045668, 0.2568374759637673, 0.06364842585693439], "k2_x2h_ray_imin_syn_sem": [0.0234577142050909, 0.031453706723620106, 0.014941044717897332], "k2_x2h_ray_mi_avg": [1.5372549503542698, 1.2132564644174635, 0.6134808055985708], "k2_x2h_ray_mi_sem": [0.1219729799282954, 0.06273312671018065, 0.060595707660292875], "k2_x2h_ray_immi_syn_avg": [0.5815206074195537, 0.41175432058786327, 0.08063331190119544], "k2_x2h_ray_immi_syn_sem": [0.04394907039445588, 0.04987296797165968, 0.01871836989847008], "k2_x2h_ray_nimin_syn_avg": [0.2918500582401634, 0.16985700286652292, 0.07037185465335849], "k2_x2h_ray_nimin_syn_sem": [0.009302702156065351, 0.02026568274567464, 0.017932753805716555], "k2_x2h_ray_nimmi_syn_avg": [0.3801445156228152, 0.2730348831337869, 0.09093083911426159], "k2_x2h_ray_nimmi_syn_sem": [0.023218126379500863, 0.03254260123554613, 0.023317256157368696], "k2_x2h_pos_imin_syn_avg": [0.5954225283027643, 0.2568374759637673, 0.06364842585693439], "k2_x2h_pos_imin_syn_sem": [0.09062512892745643, 0.031453706723620106, 0.014941044717897332], "k2_x2h_pos_mi_avg": [1.7099473522462787, 1.2132564644174635, 0.6134808055985708], "k2_x2h_pos_mi_sem": [0.16647727794391112, 0.06273312671018065, 0.060595707660292875], "k2_x2h_pos_immi_syn_avg": [0.7691017329940145, 0.41175432058786327, 0.08063331190119544], "k2_x2h_pos_immi_syn_sem": [0.12043854350455502, 0.04987296797165968, 0.01871836989847008], "k2_x2h_pos_nimin_syn_avg": [0.34452112876012975, 0.16985700286652292, 0.07037185465335849], "k2_x2h_pos_nimin_syn_sem": [0.019048466981088277, 0.02026568274567464, 0.017932753805716555], "k2_x2h_pos_nimmi_syn_avg": [0.44453002731124136, 0.2730348831337869, 0.09093083911426159], "k2_x2h_pos_nimmi_syn_sem": [0.032441482225125925, 0.03254260123554613, 0.023317256157368696]}