{"avg_reward": 0.22345205968082207, "accuracy": 0.75, "IQR_binning": true, "layer_max_bin": 5, "k2_x2h_ray_imin_syn_avg": [0.3266403951262398, 0.1540742656928031, 0.09959667119754571], "k2_x2h_ray_imin_syn_sem": [0.09800680261767232, 0.03361326321964664, 0.018420400371925796], "k2_x2h_ray_mi_avg": [1.0005450748810298, 1.1620720951032397, 0.45135817415538126], "k2_x2h_ray_mi_sem": [0.12992141589470899, 0.0911762843068397, 0.03613955971711683], "k2_x2h_ray_immi_syn_avg": [0.4308697708410021, 0.2282014595788692, 0.11583634104677087], "k2_x2h_ray_immi_syn_sem": [0.05133113624867094, 0.049817143740292134, 0.021869789701906093], "k2_x2h_ray_nimin_syn_avg": [0.31782937589331345, 0.08405533829241821, 0.15764195044097948], "k2_x2h_ray_nimin_syn_sem": [0.06137401224317944, 0.018094121130410472, 0.02397427620670731], "k2_x2h_ray_nimmi_syn_avg": [0.43759155522376175, 0.12506155902977137, 0.18479773115642972], "k2_x2h_ray_nimmi_syn_sem": [0.04614850694660519, 0.027175156718882137, 0.028774556129976522], "k2_x2h_pos_imin_syn_avg": [0.3329017406602581, 0.1540742656928031, 0.09959667119754571], "k2_x2h_pos_imin_syn_sem": [0.07331719430358305, 0.03361326321964664, 0.018420400371925796], "k2_x2h_pos_mi_avg": [1.535063570591573, 1.1620720951032397, 0.45135817415538126], "k2_x2h_pos_mi_sem": [0.09465410021589096, 0.0911762843068397, 0.03613955971711683], "k2_x2h_pos_immi_syn_avg": [0.39699904740934383, 0.2282014595788692, 0.11583634104677087], "k2_x2h_pos_immi_syn_sem": [0.09465410021589096, 0.049817143740292134, 0.021869789701906093], "k2_x2h_pos_nimin_syn_avg": [0.21288861862019207, 0.08405533829241821, 0.15764195044097948], "k2_x2h_pos_nimin_syn_sem": [0.033705522161247246, 0.018094121130410472, 0.02397427620670731], "k2_x2h_pos_nimmi_syn_avg": [0.25324705711291545, 0.12506155902977137, 0.18479773115642972], "k2_x2h_pos_nimmi_syn_sem": [0.04358565585863897, 0.027175156718882137, 0.028774556129976522]}