{"avg_reward": 0.2188939598234901, "accuracy": 0.75, "IQR_binning": true, "layer_max_bin": 5, "k2_x2h_ray_imin_syn_avg": [0.26698185056299806, 0.19173214203061686, 0.1664577309151136], "k2_x2h_ray_imin_syn_sem": [0.02256653145058297, 0.04369118204221116, 0.020075860568921616], "k2_x2h_ray_mi_avg": [1.0302567276102181, 1.356695185379936, 0.7097738655313525], "k2_x2h_ray_mi_sem": [0.10771579569156815, 0.10803722373650411, 0.03707077100195413], "k2_x2h_ray_immi_syn_avg": [0.3080933980306642, 0.2646982456074524, 0.20957482561382562], "k2_x2h_ray_immi_syn_sem": [0.025607725804565475, 0.0584507814807027, 0.025259338680863195], "k2_x2h_ray_nimin_syn_avg": [0.2702323994972261, 0.08812345502011214, 0.2002711779036861], "k2_x2h_ray_nimin_syn_sem": [0.05439309316502976, 0.0195141009199559, 0.020276954411758266], "k2_x2h_ray_nimmi_syn_avg": [0.3090896160935643, 0.1228204931284998, 0.25299668486878785], "k2_x2h_ray_nimmi_syn_sem": [0.05343574157898358, 0.026727774262876022, 0.026380764978127202], "k2_x2h_pos_imin_syn_avg": [0.40906446068410035, 0.19173214203061686, 0.1664577309151136], "k2_x2h_pos_imin_syn_sem": [0.11624145937759565, 0.04369118204221116, 0.020075860568921616], "k2_x2h_pos_mi_avg": [1.4069748903992372, 1.356695185379936, 0.7097738655313525], "k2_x2h_pos_mi_sem": [0.15657673283407736, 0.10803722373650411, 0.03707077100195413], "k2_x2h_pos_immi_syn_avg": [0.5192634986950532, 0.2646982456074524, 0.20957482561382562], "k2_x2h_pos_immi_syn_sem": [0.15657673283407736, 0.0584507814807027, 0.025259338680863195], "k2_x2h_pos_nimin_syn_avg": [0.2800878254013717, 0.08812345502011214, 0.2002711779036861], "k2_x2h_pos_nimin_syn_sem": [0.048165878800897496, 0.0195141009199559, 0.020276954411758266], "k2_x2h_pos_nimmi_syn_avg": [0.3536888384789234, 0.1228204931284998, 0.25299668486878785], "k2_x2h_pos_nimmi_syn_sem": [0.06945125280458268, 0.026727774262876022, 0.026380764978127202]}