{"avg_reward": 0.2541513527945947, "accuracy": 0.8333333333333334, "IQR_binning": true, "layer_max_bin": 5, "k2_x2h_ray_imin_syn_avg": [0.32969758959992185, 0.18980737624959895, 0.05233257919326358], "k2_x2h_ray_imin_syn_sem": [0.025561292897651806, 0.03453596870048537, 0.017612214992000524], "k2_x2h_ray_mi_avg": [1.2191069926458047, 1.065527218863281, 0.45174958913468133], "k2_x2h_ray_mi_sem": [0.05152724800084837, 0.07172638925461507, 0.06330285740172725], "k2_x2h_ray_immi_syn_avg": [0.5129602098010313, 0.2689578265528193, 0.05745378065367624], "k2_x2h_ray_immi_syn_sem": [0.006856089296905812, 0.04750544205801223, 0.01907661006448049], "k2_x2h_ray_nimin_syn_avg": [0.27017997340270655, 0.12411002522683583, 0.05859809184198157], "k2_x2h_ray_nimin_syn_sem": [0.014968382954007807, 0.021307876697284518, 0.019135369618831135], "k2_x2h_ray_nimmi_syn_avg": [0.42284056761332334, 0.17744618685631933, 0.06512071365584485], "k2_x2h_ray_nimmi_syn_sem": [0.024528806904438902, 0.02980426416557136, 0.021022132614783348], "k2_x2h_pos_imin_syn_avg": [0.4011212539701279, 0.18980737624959895, 0.05233257919326358], "k2_x2h_pos_imin_syn_sem": [0.10419645248334712, 0.03453596870048537, 0.017612214992000524], "k2_x2h_pos_mi_avg": [1.434380149739116, 1.065527218863281, 0.45174958913468133], "k2_x2h_pos_mi_sem": [0.10702631485632788, 0.07172638925461507, 0.06330285740172725], "k2_x2h_pos_immi_syn_avg": [0.5634844088385661, 0.2689578265528193, 0.05745378065367624], "k2_x2h_pos_immi_syn_sem": [0.10702631485632788, 0.04750544205801223, 0.01907661006448049], "k2_x2h_pos_nimin_syn_avg": [0.27335208863595745, 0.12411002522683583, 0.05859809184198157], "k2_x2h_pos_nimin_syn_sem": [0.051314165128012824, 0.021307876697284518, 0.019135369618831135], "k2_x2h_pos_nimmi_syn_avg": [0.3863735781026741, 0.17744618685631933, 0.06512071365584485], "k2_x2h_pos_nimmi_syn_sem": [0.043395746308254615, 0.02980426416557136, 0.021022132614783348]}