{"avg_reward": 0.19745715294857158, "accuracy": 0.6666666666666666, "IQR_binning": true, "layer_max_bin": 5, "k2_x2h_ray_imin_syn_avg": [0.26134871657984615, 0.043330342002106836, 0.03314744174374861], "k2_x2h_ray_imin_syn_sem": [0.004917844926047208, 0.018305827890452698, 0.007114479509819789], "k2_x2h_ray_mi_avg": [0.7332324329488452, 0.7024632716650541, 0.34465852033341976], "k2_x2h_ray_mi_sem": [0.06569411131282278, 0.08959356477791593, 0.02921196617522272], "k2_x2h_ray_immi_syn_avg": [0.3125983450634662, 0.06575890893423851, 0.060154680702276905], "k2_x2h_ray_immi_syn_sem": [0.013994322916533821, 0.027208704414308914, 0.012451635839746022], "k2_x2h_ray_nimin_syn_avg": [0.3633037441792124, 0.025939625393574802, 0.07348029012613047], "k2_x2h_ray_nimin_syn_sem": [0.03862132711092992, 0.010440088687957512, 0.017010873824828736], "k2_x2h_ray_nimmi_syn_avg": [0.4370541638812862, 0.03962264825134882, 0.12491704087110748], "k2_x2h_ray_nimmi_syn_sem": [0.06107213017656139, 0.015725486162168425, 0.026228339335455302], "k2_x2h_pos_imin_syn_avg": [0.2740456593780472, 0.043330342002106836, 0.03314744174374861], "k2_x2h_pos_imin_syn_sem": [0.0439286755107007, 0.018305827890452698, 0.007114479509819789], "k2_x2h_pos_mi_avg": [1.1659786741222593, 0.7024632716650541, 0.34465852033341976], "k2_x2h_pos_mi_sem": [0.06163129923462774, 0.08959356477791593, 0.02921196617522272], "k2_x2h_pos_immi_syn_avg": [0.29980849787596053, 0.06575890893423851, 0.060154680702276905], "k2_x2h_pos_immi_syn_sem": [0.06163129923462774, 0.027208704414308914, 0.012451635839746022], "k2_x2h_pos_nimin_syn_avg": [0.23243515046374133, 0.025939625393574802, 0.07348029012613047], "k2_x2h_pos_nimin_syn_sem": [0.0253414653519025, 0.010440088687957512, 0.017010873824828736], "k2_x2h_pos_nimmi_syn_avg": [0.2530719161407227, 0.03962264825134882, 0.12491704087110748], "k2_x2h_pos_nimmi_syn_sem": [0.038428124093521164, 0.015725486162168425, 0.026228339335455302]}