{"avg_reward": 0.20797595046691741, "accuracy": 0.6666666666666666, "IQR_binning": true, "layer_max_bin": 5, "k2_x2h_ray_imin_syn_avg": [0.3740539146454383, 0.04013817402634037, 0.10034973790418837], "k2_x2h_ray_imin_syn_sem": [0.02455229555882491, 0.02272090324085155, 0.014658488873771388], "k2_x2h_ray_mi_avg": [1.1662774709687687, 0.7614330370993586, 0.4808215535030588], "k2_x2h_ray_mi_sem": [0.17020234293604547, 0.11404300064679967, 0.03374095925576258], "k2_x2h_ray_immi_syn_avg": [0.3966738415100067, 0.056624227550345865, 0.13892242390047946], "k2_x2h_ray_immi_syn_sem": [0.040931531737916915, 0.032053535353120804, 0.020920385505371043], "k2_x2h_ray_nimin_syn_avg": [0.3445901443101347, 0.017635087879954513, 0.16260571675817945], "k2_x2h_ray_nimin_syn_sem": [0.08224362364941468, 0.009960498963710545, 0.021403432910088897], "k2_x2h_ray_nimmi_syn_avg": [0.3699677799845731, 0.024888419394542505, 0.22099408834002843], "k2_x2h_ray_nimmi_syn_sem": [0.10298587053883378, 0.014065529300972551, 0.02974900862197956], "k2_x2h_pos_imin_syn_avg": [0.34560181214817093, 0.04013817402634037, 0.10034973790418837], "k2_x2h_pos_imin_syn_sem": [0.05505058924256598, 0.02272090324085155, 0.014658488873771388], "k2_x2h_pos_mi_avg": [1.4759917982871633, 0.7614330370993586, 0.4808215535030588], "k2_x2h_pos_mi_sem": [0.14791345593136884, 0.11404300064679967, 0.03374095925576258], "k2_x2h_pos_immi_syn_avg": [0.4475803146686606, 0.056624227550345865, 0.13892242390047946], "k2_x2h_pos_immi_syn_sem": [0.14791345593136884, 0.032053535353120804, 0.020920385505371043], "k2_x2h_pos_nimin_syn_avg": [0.2316055683393806, 0.017635087879954513, 0.16260571675817945], "k2_x2h_pos_nimin_syn_sem": [0.01313766051075469, 0.009960498963710545, 0.021403432910088897], "k2_x2h_pos_nimmi_syn_avg": [0.29028394947435304, 0.024888419394542505, 0.22099408834002843], "k2_x2h_pos_nimmi_syn_sem": [0.06464451154655076, 0.014065529300972551, 0.02974900862197956]}