{"avg_reward": 0.1841066694253335, "accuracy": 0.6666666666666666, "k2_x2h_ray_imin_syn_avg": [0.4045255850289193, 0.02999494907356529, 0.012910318506430112], "k2_x2h_ray_imin_syn_sem": [0.043327567246916325, 0.016509586468244988, 0.003968500686157095], "k2_x2h_ray_immi_syn_avg": [0.5202835935301021, 0.051179009591898805, 0.01327482623934488], "k2_x2h_ray_immi_syn_sem": [0.03488410573026966, 0.023212408000482895, 0.0040148258371138145], "k2_x2h_pos_imin_syn_avg": [0.27903165809204317, 0.02999494907356529, 0.012910318506430112], "k2_x2h_pos_imin_syn_sem": [0.05231517294687905, 0.016509586468244988, 0.003968500686157095], "k2_x2h_pos_immi_syn_avg": [0.35281119193944593, 0.051179009591898805, 0.01327482623934488], "k2_x2h_pos_immi_syn_sem": [0.03744779277003195, 0.023212408000482895, 0.0040148258371138145], "k2_x2h_ray_mi_avg": [0.9501850156075458, 0.7821569202181056, 0.09933668437277418], "k2_x2h_ray_mi_sem": [0.035367963501312494, 0.1033876729451764, 0.009777648753069005], "k2_x2h_ray_nimin_syn_avg": [0.423551228779027, 0.015588589395595763, 0.08800400957702967], "k2_x2h_ray_nimin_syn_sem": [0.029363658343171048, 0.00806702142222257, 0.022421058116409154], "k2_x2h_ray_nimmi_syn_avg": [0.5463689329956881, 0.028077330344235336, 0.09006901144294722], "k2_x2h_ray_nimmi_syn_sem": [0.016614196984526725, 0.011922119608406653, 0.022672895296304996], "k2_x2h_pos_mi_avg": [1.359564074962478, 0.7821569202181056, 0.09933668437277418], "k2_x2h_pos_mi_sem": [0.03744779277003195, 0.1033876729451764, 0.009777648753069005], "k2_x2h_pos_nimin_syn_avg": [0.20342628565910167, 0.015588589395595763, 0.08800400957702967], "k2_x2h_pos_nimin_syn_sem": [0.033612333244356286, 0.00806702142222257, 0.022421058116409154], "k2_x2h_pos_nimmi_syn_avg": [0.25836613615021636, 0.028077330344235336, 0.09006901144294722], "k2_x2h_pos_nimmi_syn_sem": [0.02064713869516522, 0.011922119608406653, 0.022672895296304996]}