{"avg_reward": 0.178085163963226, "accuracy": 0.6666666666666666, "k2_x2h_ray_imin_syn_avg": [0.064884373161306, 0.0, 0.07825428350578187], "k2_x2h_ray_imin_syn_sem": [0.00496894759255689, 0.0, 0.017341992101238223], "k2_x2h_ray_immi_syn_avg": [0.06488437316130624, 0.0, 0.1203979045485068], "k2_x2h_ray_immi_syn_sem": [0.004968947592556875, 0.0, 0.02725658214674892], "k2_x2h_pos_imin_syn_avg": [0.0744799089459432, 0.0, 0.07825428350578187], "k2_x2h_pos_imin_syn_sem": [0.015837618623029837, 0.0, 0.017341992101238223], "k2_x2h_pos_immi_syn_avg": [0.07952235995280987, 0.0, 0.1203979045485068], "k2_x2h_pos_immi_syn_sem": [0.01601931681166187, 0.0, 0.02725658214674892], "k2_x2h_ray_mi_avg": [0.36857473708951466, 0.13784541594543304, 0.6586699030032157], "k2_x2h_ray_mi_sem": [0.017711376781691004, 0.04156195670558861, 0.05251193311067421], "k2_x2h_ray_nimin_syn_avg": [0.17683933150299005, 0.0, 0.07813720179385501], "k2_x2h_ray_nimin_syn_sem": [0.01569174597800537, 0.0, 0.015432676116912819], "k2_x2h_ray_nimmi_syn_avg": [0.17683933150299072, 0.0, 0.11797045426317625], "k2_x2h_ray_nimmi_syn_sem": [0.015691745978005493, 0.0, 0.024343560818493915], "k2_x2h_pos_mi_avg": [0.34755109400612305, 0.13784541594543304, 0.6586699030032157], "k2_x2h_pos_mi_sem": [0.02353660644446385, 0.04156195670558861, 0.05251193311067421], "k2_x2h_pos_nimin_syn_avg": [0.21558885157450805, 0.0, 0.07813720179385501], "k2_x2h_pos_nimin_syn_sem": [0.043401164922990454, 0.0, 0.015432676116912819], "k2_x2h_pos_nimmi_syn_avg": [0.23237027571756505, 0.0, 0.11797045426317625], "k2_x2h_pos_nimmi_syn_sem": [0.049895062033319636, 0.0, 0.024343560818493915]}