{"avg_reward": 0.0779496514944058, "accuracy": 0.5833333333333334, "k2_x2h_ray_imin_syn_avg": [0.07628578149314799, -3.3306690738754695e-17, -2.952825819907126e-17], "k2_x2h_ray_imin_syn_sem": [0.010368993637043095, 1.0042345108077675e-17, 1.0862781793920253e-17], "k2_x2h_ray_immi_syn_avg": [0.11063259692851268, 0.0, 0.0], "k2_x2h_ray_immi_syn_sem": [0.014711958080272371, 0.0, 0.0], "k2_x2h_pos_imin_syn_avg": [0.09034515188082608, -3.3306690738754695e-17, -2.952825819907126e-17], "k2_x2h_pos_imin_syn_sem": [0.0356340102540229, 1.0042345108077675e-17, 1.0862781793920253e-17], "k2_x2h_pos_immi_syn_avg": [0.09097357766064418, 0.0, 0.0], "k2_x2h_pos_immi_syn_sem": [0.03599414378613241, 0.0, 0.0], "k2_x2h_ray_mi_avg": [0.21539667448188116, 0.07933122329381286, 3.454027187722709e-17], "k2_x2h_ray_mi_sem": [0.01898539744234116, 0.02391926380231631, 1.2132273490035964e-17], "k2_x2h_ray_nimin_syn_avg": [0.351970584778329, -8.396868056704308e-17, -0.06886367302717208], "k2_x2h_ray_nimin_syn_sem": [0.028884267515674612, 2.5317509780189892e-17, 0.02418837111832069], "k2_x2h_ray_nimmi_syn_avg": [0.5099650706873647, 0.0, 0.0], "k2_x2h_ray_nimmi_syn_sem": [0.02386146966123741, 0.0, 0.0], "k2_x2h_pos_mi_avg": [0.31544075617412587, 0.07933122329381286, 3.454027187722709e-17], "k2_x2h_pos_mi_sem": [0.03599414378613249, 0.02391926380231631, 1.2132273490035964e-17], "k2_x2h_pos_nimin_syn_avg": [0.26518012074416103, -8.396868056704308e-17, -0.06886367302717208], "k2_x2h_pos_nimin_syn_sem": [0.09311378975743942, 2.5317509780189892e-17, 0.02418837111832069], "k2_x2h_pos_nimmi_syn_avg": [0.2669398388176392, 0.0, 0.0], "k2_x2h_pos_nimmi_syn_sem": [0.09407966974179045, 0.0, 0.0]}