{"avg_reward": 0.2063701553149255, "accuracy": 0.6666666666666666, "k2_x2h_ray_imin_syn_avg": [0.34443696761207576, 0.044848389281272244, 0.00044177713423963565], "k2_x2h_ray_imin_syn_sem": [0.06496060882791639, 0.026559075657493825, 0.00044177713423962183], "k2_x2h_ray_immi_syn_avg": [0.45404918562710134, 0.05682923987614053, 0.0004417771342396194], "k2_x2h_ray_immi_syn_sem": [0.0798419337554248, 0.033302821725505964, 0.0004417771342396192], "k2_x2h_pos_imin_syn_avg": [0.3323835217052413, 0.044848389281272244, 0.00044177713423963565], "k2_x2h_pos_imin_syn_sem": [0.07037111655163483, 0.026559075657493825, 0.00044177713423962183], "k2_x2h_pos_immi_syn_avg": [0.39885127315541286, 0.05682923987614053, 0.0004417771342396194], "k2_x2h_pos_immi_syn_sem": [0.08024952752550386, 0.033302821725505964, 0.0004417771342396192], "k2_x2h_ray_mi_avg": [0.8920932354266572, 0.7537310857930056, 0.009310691540702996], "k2_x2h_ray_mi_sem": [0.07806525474061807, 0.11288262797886647, 0.0018542075704294772], "k2_x2h_ray_nimin_syn_avg": [0.3797811933365467, 0.019558566264382883, 0.010135137811599528], "k2_x2h_ray_nimin_syn_sem": [0.04755284076990162, 0.011340294785298879, 0.010135137811598954], "k2_x2h_ray_nimmi_syn_avg": [0.5002561354169219, 0.024868995718713965, 0.010135137811598905], "k2_x2h_ray_nimmi_syn_sem": [0.05014597630908033, 0.014256660069968641, 0.010135137811598903], "k2_x2h_pos_mi_avg": [1.40309029287333, 0.7537310857930056, 0.009310691540702996], "k2_x2h_pos_mi_sem": [0.08024952752550385, 0.11288262797886647, 0.0018542075704294772], "k2_x2h_pos_nimin_syn_avg": [0.2328828523349263, 0.019558566264382883, 0.010135137811599528], "k2_x2h_pos_nimin_syn_sem": [0.03507465511878475, 0.011340294785298879, 0.010135137811598954], "k2_x2h_pos_nimmi_syn_avg": [0.27978030047034724, 0.024868995718713965, 0.010135137811598905], "k2_x2h_pos_nimmi_syn_sem": [0.03923113884529925, 0.014256660069968641, 0.010135137811598903]}