{"avg_reward": 0.06878575073307908, "accuracy": 0.6666666666666666, "k2_x2h_ray_imin_syn_avg": [0.2370516530689897, 0.03283380541187702, 0.038226668113362956], "k2_x2h_ray_imin_syn_sem": [0.03918887286177471, 0.015058000676908379, 0.01148435530513188], "k2_x2h_ray_immi_syn_avg": [0.35677901734590556, 0.05800371421496071, 0.04871552640429886], "k2_x2h_ray_immi_syn_sem": [0.0382840670132458, 0.021751375437502024, 0.015148703170716163], "k2_x2h_pos_imin_syn_avg": [0.2530393368907522, 0.03283380541187702, 0.038226668113362956], "k2_x2h_pos_imin_syn_sem": [0.03099963885445958, 0.015058000676908379, 0.01148435530513188], "k2_x2h_pos_immi_syn_avg": [0.36337341192549505, 0.05800371421496071, 0.04871552640429886], "k2_x2h_pos_immi_syn_sem": [0.044079444172015335, 0.021751375437502024, 0.015148703170716163], "k2_x2h_ray_mi_avg": [0.7897132893806065, 0.6906568842575361, 0.4393046143117407], "k2_x2h_ray_mi_sem": [0.024122222233080224, 0.09468663956652398, 0.048098181527197005], "k2_x2h_ray_nimin_syn_avg": [0.2977229333756631, 0.022629246483896626, 0.04876381048292061], "k2_x2h_ray_nimin_syn_sem": [0.04096432485010657, 0.008447445876084949, 0.01448477560569517], "k2_x2h_ray_nimmi_syn_avg": [0.44973388207043435, 0.046428592047409074, 0.060713985680634706], "k2_x2h_ray_nimmi_syn_sem": [0.034467036538003176, 0.015667296277976854, 0.018213728376062787], "k2_x2h_pos_mi_avg": [1.1218776443033909, 0.6906568842575361, 0.4393046143117407], "k2_x2h_pos_mi_sem": [0.044079444172015335, 0.09468663956652398, 0.048098181527197005], "k2_x2h_pos_nimin_syn_avg": [0.22430596846641307, 0.022629246483896626, 0.04876381048292061], "k2_x2h_pos_nimin_syn_sem": [0.019127951234573635, 0.008447445876084949, 0.01448477560569517], "k2_x2h_pos_nimmi_syn_avg": [0.32184575610542077, 0.046428592047409074, 0.060713985680634706], "k2_x2h_pos_nimmi_syn_sem": [0.0261249727827988, 0.015667296277976854, 0.018213728376062787]}