{"avg_reward_avg": 0.9662499999999999, "avg_reward_sem": 0.0015370426148939376, "accuracy_avg": 0.826, "accuracy_sem": 0.008589399151150074, "k2_xh2h_immi_syn_avg_avg": [0.2179528775308595], "k2_xh2h_immi_syn_avg_sem": [0.007663658096692661], "k2_xh2h_immi_syn_sem_avg": [0.024488128898053296], "k2_xh2h_immi_syn_sem_sem": [0.0021177597892336145], "k2_xh2h_mi_avg_avg": [0.739759483758445], "k2_xh2h_mi_avg_sem": [0.015986261745508032], "k2_xh2h_mi_sem_avg": [0.06854682551080069], "k2_xh2h_mi_sem_sem": [0.0025409902016230407], "k2_xh2h_nimmi_syn_avg_avg": [0.33265682721766965], "k2_xh2h_nimmi_syn_avg_sem": [0.006458579339970258], "k2_xh2h_nimmi_syn_sem_avg": [0.01899861743967072], "k2_xh2h_nimmi_syn_sem_sem": [0.0005572654861076683]}