{"avg_reward": 0.967, "accuracy": 0.83, "k2_xh2h_immi_syn_avg": [0.18843765998515954], "k2_xh2h_immi_syn_sem": [0.017045848798659734], "k2_xh2h_mi_avg": [0.712606263092879], "k2_xh2h_mi_sem": [0.060747329408260206], "k2_xh2h_nimmi_syn_avg": [0.31814763948666935], "k2_xh2h_nimmi_syn_sem": [0.019847264210177674]}