{"avg_reward": 0.968, "accuracy": 0.84, "k2_xh2h_immi_syn_avg": [0.2000797197831133], "k2_xh2h_immi_syn_sem": [0.014866126914241022], "k2_xh2h_mi_avg": [0.7086390187568744], "k2_xh2h_mi_sem": [0.05853441121162334], "k2_xh2h_nimmi_syn_avg": [0.33206354887640904], "k2_xh2h_nimmi_syn_sem": [0.01937275534371696]}