{"avg_reward": 0.9575, "accuracy": 0.785, "k2_xh2h_immi_syn_avg": [0.19797396562116099], "k2_xh2h_immi_syn_sem": [0.017866832575259842], "k2_xh2h_mi_avg": [0.7607425403354124], "k2_xh2h_mi_sem": [0.05900995893535758], "k2_xh2h_nimmi_syn_avg": [0.2968996097096225], "k2_xh2h_nimmi_syn_sem": [0.01914967053992079]}