{"avg_reward": 0.97, "accuracy": 0.855, "k2_xh2h_immi_syn_avg": [0.24460613384142968], "k2_xh2h_immi_syn_sem": [0.0327190806212897], "k2_xh2h_mi_avg": [0.8034873077468322], "k2_xh2h_mi_sem": [0.07461984925672174], "k2_xh2h_nimmi_syn_avg": [0.33380764055435524], "k2_xh2h_nimmi_syn_sem": [0.02099772126461154]}