{"avg_reward": 0.9735, "accuracy": 0.87, "k2_xh2h_immi_syn_avg": [0.23484546750056107], "k2_xh2h_immi_syn_sem": [0.027245156355910117], "k2_xh2h_mi_avg": [0.6955829758993323], "k2_xh2h_mi_sem": [0.0761896544127546], "k2_xh2h_nimmi_syn_avg": [0.36703125392558866], "k2_xh2h_nimmi_syn_sem": [0.01536460783648419]}