{"avg_reward": 0.963, "accuracy": 0.81, "k2_xh2h_immi_syn_avg": [0.21639781634552474], "k2_xh2h_immi_syn_sem": [0.02428352838793602], "k2_xh2h_mi_avg": [0.6883111794978749], "k2_xh2h_mi_sem": [0.06969755343299736], "k2_xh2h_nimmi_syn_avg": [0.3484461156707357], "k2_xh2h_nimmi_syn_sem": [0.01679577741791541]}