{"avg_reward": 0.972, "accuracy": 0.85, "k2_xh2h_immi_syn_avg": [0.24913430447266102], "k2_xh2h_immi_syn_sem": [0.03372531089988519], "k2_xh2h_mi_avg": [0.8107779740990351], "k2_xh2h_mi_sem": [0.08115141923323374], "k2_xh2h_nimmi_syn_avg": [0.3331788684522145], "k2_xh2h_nimmi_syn_sem": [0.0193486583623987]}