{"avg_reward_avg": 0.18052653695280227, "avg_reward_sem": 0.014571140377218603, "accuracy_avg": 0.625, "accuracy_sem": 0.0, "k2_x2h_ray_imin_syn_avg_avg": [0.25915784856548607, 0.06457050755322284, 0.04539609183533268], "k2_x2h_ray_imin_syn_avg_sem": [0.060661580850048025, 0.030166583272273048, 0.01976553971565953], "k2_x2h_ray_imin_syn_sem_avg": [0.023712141903818058, 0.025771522905222357, 0.009594299168973695], "k2_x2h_ray_imin_syn_sem_sem": [0.00236026607538551, 0.007766013988749994, 0.0035345268582549767], "k2_x2h_ray_immi_syn_avg_avg": [0.3973303585382677, 0.08914059340682653, 0.054094738377585216], "k2_x2h_ray_immi_syn_avg_sem": [0.0948897733857684, 0.03872689333936995, 0.02414368775682943], "k2_x2h_ray_immi_syn_sem_avg": [0.04014734399260723, 0.035394144586291, 0.011443993074728272], "k2_x2h_ray_immi_syn_sem_sem": [0.01056083021154177, 0.010102771171161568, 0.004404871410529882], "k2_x2h_pos_imin_syn_avg_avg": [0.24434517559953656, 0.06457050755322284, 0.04539609183533268], "k2_x2h_pos_imin_syn_avg_sem": [0.06623783284538887, 0.030166583272273048, 0.01976553971565953], "k2_x2h_pos_imin_syn_sem_avg": [0.03348555999651832, 0.025771522905222357, 0.009594299168973695], "k2_x2h_pos_imin_syn_sem_sem": [0.009429583435716779, 0.007766013988749994, 0.0035345268582549767], "k2_x2h_pos_immi_syn_avg_avg": [0.38124371892628817, 0.08914059340682653, 0.054094738377585216], "k2_x2h_pos_immi_syn_avg_sem": [0.07219763831455989, 0.03872689333936995, 0.02414368775682943], "k2_x2h_pos_immi_syn_sem_avg": [0.06192044215734009, 0.035394144586291, 0.011443993074728272], "k2_x2h_pos_immi_syn_sem_sem": [0.022960533359548833, 0.010102771171161568, 0.004404871410529882], "k2_x2h_ray_mi_avg_avg": [1.0738190469938103, 0.9008298301965294, 0.3821669910438991], "k2_x2h_ray_mi_avg_sem": [0.18081966422613444, 0.18397792036046318, 0.13098238443042023], "k2_x2h_ray_mi_sem_avg": [0.06206340940366054, 0.11699948156815879, 0.02860423530088538], "k2_x2h_ray_mi_sem_sem": [0.018238016958803248, 0.009273994657078096, 0.010117049287836535], "k2_x2h_ray_nimin_syn_avg_avg": [0.2319171623253333, 0.026441085537132127, 0.06629612251130472], "k2_x2h_ray_nimin_syn_avg_sem": [0.01761205627538395, 0.011764872063684574, 0.02961582255676869], "k2_x2h_ray_nimin_syn_sem_avg": [0.011292590009321788, 0.010498931915485708, 0.012920129284852092], "k2_x2h_ray_nimin_syn_sem_sem": [0.00116240870339439, 0.0026245965928237613, 0.004922307746368209], "k2_x2h_ray_nimmi_syn_avg_avg": [0.3531295711263338, 0.03676411758352957, 0.07853552661197778], "k2_x2h_ray_nimmi_syn_avg_sem": [0.0409399494215709, 0.015014874515012938, 0.03483201839442479], "k2_x2h_ray_nimmi_syn_sem_avg": [0.024608826546103375, 0.014588165889574747, 0.015337630183803172], "k2_x2h_ray_nimmi_syn_sem_sem": [0.008839951185272952, 0.0033882686946770614, 0.0057352626152238064], "k2_x2h_pos_mi_avg_avg": [1.2183056754560135, 0.9008298301965294, 0.3821669910438991], "k2_x2h_pos_mi_avg_sem": [0.25511378556584163, 0.18397792036046318, 0.13098238443042023], "k2_x2h_pos_mi_sem_avg": [0.06801464573414866, 0.11699948156815879, 0.02860423530088538], "k2_x2h_pos_mi_sem_sem": [0.02636438462521021, 0.009273994657078096, 0.010117049287836535], "k2_x2h_pos_nimin_syn_avg_avg": [0.1922126309317111, 0.026441085537132127, 0.06629612251130472], "k2_x2h_pos_nimin_syn_avg_sem": [0.03190203010193147, 0.011764872063684574, 0.02961582255676869], "k2_x2h_pos_nimin_syn_sem_avg": [0.0224901690781691, 0.010498931915485708, 0.012920129284852092], "k2_x2h_pos_nimin_syn_sem_sem": [0.003629661573218924, 0.0026245965928237613, 0.004922307746368209], "k2_x2h_pos_nimmi_syn_avg_avg": [0.31175041195509656, 0.03676411758352957, 0.07853552661197778], "k2_x2h_pos_nimmi_syn_avg_sem": [0.037833800028662885, 0.015014874515012938, 0.03483201839442479], "k2_x2h_pos_nimmi_syn_sem_avg": [0.03932721617642131, 0.014588165889574747, 0.015337630183803172], "k2_x2h_pos_nimmi_syn_sem_sem": [0.014878975886756853, 0.0033882686946770614, 0.0057352626152238064]}