{"avg_reward_avg": 0.09692163565684957, "avg_reward_sem": 0.02140067879163287, "accuracy_avg": 0.45, "accuracy_sem": 0.03333333333333333, "k2_x2h_ray_imin_syn_avg_avg": [0.07978091884324148, 0.013412903625457736, 0.002648784977946896], "k2_x2h_ray_imin_syn_avg_sem": [0.0325999677338045, 0.009270498186856116, 0.0018271365872595702], "k2_x2h_ray_imin_syn_sem_avg": [0.017339389267383275, 0.002557139528058471, 0.0007912198835673169], "k2_x2h_ray_imin_syn_sem_sem": [0.005693903525595468, 0.0017245621850735678, 0.0005310095143780144], "k2_x2h_ray_immi_syn_avg_avg": [0.08987828411364582, 0.024657419235106844, 0.00311878633007565], "k2_x2h_ray_immi_syn_avg_sem": [0.03821380372828066, 0.016466069817245632, 0.0022038710689000762], "k2_x2h_ray_immi_syn_sem_avg": [0.01687278076197518, 0.004949606034906786, 0.0008458883844651955], "k2_x2h_ray_immi_syn_sem_sem": [0.005363397934884459, 0.0033163454945145925, 0.0005699883541531451], "k2_x2h_pos_imin_syn_avg_avg": [0.05563442868369706, 0.013412903625457736, 0.002648784977946896], "k2_x2h_pos_imin_syn_avg_sem": [0.025141783881608166, 0.009270498186856116, 0.0018271365872595702], "k2_x2h_pos_imin_syn_sem_avg": [0.011215936164288051, 0.002557139528058471, 0.0007912198835673169], "k2_x2h_pos_imin_syn_sem_sem": [0.005560960423488346, 0.0017245621850735678, 0.0005310095143780144], "k2_x2h_pos_immi_syn_avg_avg": [0.08029208841805133, 0.024657419235106844, 0.00311878633007565], "k2_x2h_pos_immi_syn_avg_sem": [0.03651569842321015, 0.016466069817245632, 0.0022038710689000762], "k2_x2h_pos_immi_syn_sem_avg": [0.010693180411871972, 0.004949606034906786, 0.0008458883844651955], "k2_x2h_pos_immi_syn_sem_sem": [0.006497980394578003, 0.0033163454945145925, 0.0005699883541531451], "k2_x2h_ray_mi_avg_avg": [0.30804824143048765, 0.23739007221361508, 0.11063857338603736], "k2_x2h_ray_mi_avg_sem": [0.11473473219944132, 0.14591500831934884, 0.07447847052788177], "k2_x2h_ray_mi_sem_avg": [0.04323469542015494, 0.01894166145476257, 0.008580733634803078], "k2_x2h_ray_mi_sem_sem": [0.014890780394388774, 0.00944158339193198, 0.00573862542280179], "k2_x2h_ray_nimin_syn_avg_avg": [0.14431817570798122, 0.00942125195926125, 0.004329825583934341], "k2_x2h_ray_nimin_syn_avg_sem": [0.04123371159601996, 0.006506708017292089, 0.0028931612130400704], "k2_x2h_ray_nimin_syn_sem_avg": [0.032847446235257545, 0.001750222311732674, 0.0014580394369094448], "k2_x2h_ray_nimin_syn_sem_sem": [0.011468806945254486, 0.0011778587559703032, 0.0010184783755300348], "k2_x2h_ray_nimmi_syn_avg_avg": [0.15879770088976095, 0.016903542081739303, 0.004939479118734019], "k2_x2h_ray_nimmi_syn_avg_sem": [0.04694774315201887, 0.011299300494923323, 0.003295015221519724], "k2_x2h_ray_nimmi_syn_sem_avg": [0.035630545115348966, 0.003196521119569013, 0.0015248172703573042], "k2_x2h_ray_nimmi_syn_sem_sem": [0.011812394964032559, 0.0021333509792149704, 0.0010535804822907366], "k2_x2h_pos_mi_avg_avg": [0.276730370395066, 0.23739007221361508, 0.11063857338603736], "k2_x2h_pos_mi_avg_sem": [0.10156168825575436, 0.14591500831934884, 0.07447847052788177], "k2_x2h_pos_mi_sem_avg": [0.04491420727258212, 0.01894166145476257, 0.008580733634803078], "k2_x2h_pos_mi_sem_sem": [0.015376429931728188, 0.00944158339193198, 0.00573862542280179], "k2_x2h_pos_nimin_syn_avg_avg": [0.08783525598082856, 0.00942125195926125, 0.004329825583934341], "k2_x2h_pos_nimin_syn_avg_sem": [0.03690518727801687, 0.006506708017292089, 0.0028931612130400704], "k2_x2h_pos_nimin_syn_sem_avg": [0.015332778641393518, 0.001750222311732674, 0.0014580394369094448], "k2_x2h_pos_nimin_syn_sem_sem": [0.007715240451523585, 0.0011778587559703032, 0.0010184783755300348], "k2_x2h_pos_nimmi_syn_avg_avg": [0.12745685162731366, 0.016903542081739303, 0.004939479118734019], "k2_x2h_pos_nimmi_syn_avg_sem": [0.05498680542360328, 0.011299300494923323, 0.003295015221519724], "k2_x2h_pos_nimmi_syn_sem_avg": [0.021314095566826133, 0.003196521119569013, 0.0015248172703573042], "k2_x2h_pos_nimmi_syn_sem_sem": [0.008952527696821009, 0.0021333509792149704, 0.0010535804822907366]}