{"avg_reward": 0.0066763637327272515, "accuracy": 0.25, "k2_x2h_ray_imin_syn_avg": [0.06807521185012089, 5.551115123125783e-17, 0.0], "k2_x2h_ray_imin_syn_sem": [0.024393616972014306, 1.6737241846796126e-17, 0.0], "k2_x2h_ray_immi_syn_avg": [0.06933290124187508, 0.0, 0.0], "k2_x2h_ray_immi_syn_sem": [0.025010993545941974, 0.0, 0.0], "k2_x2h_pos_imin_syn_avg": [0.07462636004576743, 5.551115123125783e-17, 0.0], "k2_x2h_pos_imin_syn_sem": [0.021535725470012833, 1.6737241846796126e-17, 0.0], "k2_x2h_pos_immi_syn_avg": [0.08089185909069825, 0.0, 0.0], "k2_x2h_pos_immi_syn_sem": [0.024005496344493595, 0.0, 0.0], "k2_x2h_ray_mi_avg": [0.3185460097183969, 0.0609444434696838, 0.0], "k2_x2h_ray_mi_sem": [0.06449705400626812, 0.018375441095087867, 0.0], "k2_x2h_ray_nimin_syn_avg": [0.19488257326056724, 1.821696879022984e-16, 0.0], "k2_x2h_ray_nimin_syn_sem": [0.046549969101872854, 5.492622754073356e-17, 0.0], "k2_x2h_ray_nimmi_syn_avg": [0.19816171203328214, 0.0, 0.0], "k2_x2h_ray_nimmi_syn_sem": [0.048137433310079476, 0.0, 0.0], "k2_x2h_pos_mi_avg": [0.44696258693019236, 0.0609444434696838, 0.0], "k2_x2h_pos_mi_sem": [0.024005496344493595, 0.018375441095087867, 0.0], "k2_x2h_pos_nimin_syn_avg": [0.16295228503473466, 1.821696879022984e-16, 0.0], "k2_x2h_pos_nimin_syn_sem": [0.03752306875896218, 5.492622754073356e-17, 0.0], "k2_x2h_pos_nimmi_syn_avg": [0.17644624546939633, 0.0, 0.0], "k2_x2h_pos_nimmi_syn_sem": [0.04223223887295322, 0.0, 0.0]}