{"avg_reward": -0.0016812094035277196, "accuracy": 0.25, "k2_x2h_ray_imin_syn_avg": [0.20222956452023677, 0.0835005308120859, 0.010096222919300825], "k2_x2h_ray_imin_syn_sem": [0.04745824698774995, 0.014586692831766472, 0.0035460730611797365], "k2_x2h_ray_immi_syn_avg": [0.2233189438093032, 0.12985565439992997, 0.010691831842976368], "k2_x2h_ray_immi_syn_sem": [0.04099261265028272, 0.022422602920088828, 0.0036732410640951283], "k2_x2h_pos_imin_syn_avg": [0.10488663319353127, 0.0835005308120859, 0.010096222919300825], "k2_x2h_pos_imin_syn_sem": [0.010298287325630075, 0.014586692831766472, 0.0035460730611797365], "k2_x2h_pos_immi_syn_avg": [0.19278865058274874, 0.12985565439992997, 0.010691831842976368], "k2_x2h_pos_immi_syn_sem": [0.016819399264902387, 0.022422602920088828, 0.0036732410640951283], "k2_x2h_ray_mi_avg": [0.6675047672481348, 1.1586240956843425, 0.48391778244944844], "k2_x2h_ray_mi_sem": [0.12714615204792945, 0.06362749640669436, 0.03984553406701503], "k2_x2h_ray_nimin_syn_avg": [0.30478864706811853, 0.05856639713014018, 0.022960382838796922], "k2_x2h_ray_nimin_syn_sem": [0.03619810007207534, 0.009955955243236753, 0.009330010674143572], "k2_x2h_ray_nimmi_syn_avg": [0.34387171654215215, 0.09032674596784494, 0.02392179281910541], "k2_x2h_ray_nimmi_syn_sem": [0.04294626985931905, 0.014935415868791933, 0.009481524994186622], "k2_x2h_pos_mi_avg": [0.5407819784359044, 1.1586240956843425, 0.48391778244944844], "k2_x2h_pos_mi_sem": [0.09064072817331298, 0.06362749640669436, 0.03984553406701503], "k2_x2h_pos_nimin_syn_avg": [0.20971756415952184, 0.05856639713014018, 0.022960382838796922], "k2_x2h_pos_nimin_syn_sem": [0.04863208810468689, 0.009955955243236753, 0.009330010674143572], "k2_x2h_pos_nimmi_syn_avg": [0.37691865840548716, 0.09032674596784494, 0.02392179281910541], "k2_x2h_pos_nimmi_syn_sem": [0.0675249939641968, 0.014935415868791933, 0.009481524994186622]}