{"avg_reward_avg": 0.525, "avg_reward_sem": 0.06922186552431728, "accuracy_avg": 0.9, "accuracy_sem": 0.09999999999999999}