{"avg_reward": 1.0, "accuracy": 1.0, "k2_x2h_imin_syn_avg": [1.0, 0.0787218055635684, 0.022222222222222233], "k2_x2h_imin_syn_sem": [NaN, 0.020951781602713056, 0.015533895453767372], "k2_x2h_mi_avg": [2.0, 1.2331161110149569, 0.809640763852831], "k2_x2h_mi_sem": [NaN, 0.09358053603795266, 0.04789701030373555], "k2_x2h_immi_syn_avg": [1.0, 0.13752715278979705, 0.022222222222222223], "k2_x2h_immi_syn_sem": [NaN, 0.03462074845646158, 0.015533895453767372], "k2_x2h_nimin_syn_avg": [0.5, 0.042296018523860425, 0.02222222222222224], "k2_x2h_nimin_syn_sem": [NaN, 0.011179160526926926, 0.015533895453767372], "k2_x2h_nimmi_syn_avg": [0.5, 0.0750181018598647, 0.022222222222222223], "k2_x2h_nimmi_syn_sem": [NaN, 0.019362201926719683, 0.015533895453767372], "k2_x2h_imin_red_avg": [1.0, 0.27011694433226463, 0.27483708326121764], "k2_x2h_imin_red_sem": [NaN, 0.06406797955847056, 0.05237910765696839], "k2_x2h_immi_red_avg": [1.0, 0.32892229155849323, 0.27483708326121764], "k2_x2h_immi_red_sem": [NaN, 0.07387200721945324, 0.05237910765696839], "k2_x2h_nimin_red_avg": [0.5, 0.15301725687967394, 0.2817543749158651], "k2_x2h_nimin_red_sem": [NaN, 0.03702955361750286, 0.05294221114111604], "k2_x2h_nimmi_red_avg": [0.5, 0.18573934021567823, 0.2817543749158651], "k2_x2h_nimmi_red_sem": [NaN, 0.042102472266187844, 0.05294221114111604], "k2_x2h_tuples_syn": [{"imin_syn_0_1": 1.0, "mi_0_1": 2.0, "immi_syn_0_1": 1.0, "nimin_syn_0_1": 0.5, "nimmi_syn_0_1": 0.5}, {"imin_syn_0_1": 0.25, "mi_0_1": 2.0, "immi_syn_0_1": 0.5, "nimin_syn_0_1": 0.125, "nimmi_syn_0_1": 0.25, "imin_syn_0_2": 0.29248125036057804, "mi_0_2": 1.5, "immi_syn_0_2": 0.6887218755408671, "nimin_syn_0_2": 0.19498750024038536, "nimmi_syn_0_2": 0.4591479170272447, "imin_syn_0_3": 1.1102230246251565e-16, "mi_0_3": 0.8112781244591329, "immi_syn_0_3": 0.0, "nimin_syn_0_3": 1.3684863318178654e-16, "nimmi_syn_0_3": 0.0, "imin_syn_0_4": 0.25, "mi_0_4": 1.5, "immi_syn_0_4": 0.5, "nimin_syn_0_4": 0.16666666666666666, "nimmi_syn_0_4": 0.3333333333333333, "imin_syn_0_5": 1.1102230246251565e-16, "mi_0_5": 0.8112781244591329, "immi_syn_0_5": 0.0, "nimin_syn_0_5": 1.3684863318178654e-16, "nimmi_syn_0_5": 0.0, "imin_syn_0_6": 0.25, "mi_0_6": 2.0, "immi_syn_0_6": 0.5, "nimin_syn_0_6": 0.125, "nimmi_syn_0_6": 0.25, "imin_syn_0_7": 1.1102230246251565e-16, "mi_0_7": 0.8112781244591329, "immi_syn_0_7": 0.0, "nimin_syn_0_7": 1.3684863318178654e-16, "nimmi_syn_0_7": 0.0, "imin_syn_0_8": 0.25, "mi_0_8": 2.0, "immi_syn_0_8": 0.5, "nimin_syn_0_8": 0.125, "nimmi_syn_0_8": 0.25, "imin_syn_0_9": 1.1102230246251565e-16, "mi_0_9": 0.8112781244591329, "immi_syn_0_9": 0.0, "nimin_syn_0_9": 1.3684863318178654e-16, "nimmi_syn_0_9": 0.0, "imin_syn_1_2": 0.25, "mi_1_2": 2.0, "immi_syn_1_2": 0.5, "nimin_syn_1_2": 0.125, "nimmi_syn_1_2": 0.25, "imin_syn_1_3": 0.0, "mi_1_3": 1.5, "immi_syn_1_3": 0.0, "nimin_syn_1_3": 0.0, "nimmi_syn_1_3": 0.0, "imin_syn_1_4": 0.5, "mi_1_4": 2.0, "immi_syn_1_4": 0.5, "nimin_syn_1_4": 0.25, "nimmi_syn_1_4": 0.25, "imin_syn_1_5": 0.0, "mi_1_5": 1.5, "immi_syn_1_5": 0.0, "nimin_syn_1_5": 0.0, "nimmi_syn_1_5": 0.0, "imin_syn_1_6": 0.25, "mi_1_6": 2.0, "immi_syn_1_6": 0.5, "nimin_syn_1_6": 0.125, "nimmi_syn_1_6": 0.25, "imin_syn_1_7": 0.0, "mi_1_7": 1.5, "immi_syn_1_7": 0.0, "nimin_syn_1_7": 0.0, "nimmi_syn_1_7": 0.0, "imin_syn_1_8": 0.0, "mi_1_8": 1.5, "immi_syn_1_8": 0.0, "nimin_syn_1_8": 0.0, "nimmi_syn_1_8": 0.0, "imin_syn_1_9": 0.0, "mi_1_9": 1.5, "immi_syn_1_9": 0.0, "nimin_syn_1_9": 0.0, "nimmi_syn_1_9": 0.0, "imin_syn_2_3": 0.0, "mi_2_3": 0.8112781244591329, "immi_syn_2_3": 0.0, "nimin_syn_2_3": 0.0, "nimmi_syn_2_3": 0.0, "imin_syn_2_4": 0.25, "mi_2_4": 1.5, "immi_syn_2_4": 0.5, "nimin_syn_2_4": 0.16666666666666666, "nimmi_syn_2_4": 0.3333333333333333, "imin_syn_2_5": 0.0, "mi_2_5": 0.8112781244591329, "immi_syn_2_5": 0.0, "nimin_syn_2_5": 0.0, "nimmi_syn_2_5": 0.0, "imin_syn_2_6": 0.0, "mi_2_6": 1.5, "immi_syn_2_6": 0.0, "nimin_syn_2_6": 0.0, "nimmi_syn_2_6": 0.0, "imin_syn_2_7": 0.0, "mi_2_7": 0.8112781244591329, "immi_syn_2_7": 0.0, "nimin_syn_2_7": 0.0, "nimmi_syn_2_7": 0.0, "imin_syn_2_8": 0.25, "mi_2_8": 2.0, "immi_syn_2_8": 0.5, "nimin_syn_2_8": 0.125, "nimmi_syn_2_8": 0.25, "imin_syn_2_9": 0.0, "mi_2_9": 0.8112781244591329, "immi_syn_2_9": 0.0, "nimin_syn_2_9": 0.0, "nimmi_syn_2_9": 0.0, "imin_syn_3_4": 0.0, "mi_3_4": 1.0, "immi_syn_3_4": 0.0, "nimin_syn_3_4": 0.0, "nimmi_syn_3_4": 0.0, "imin_syn_3_5": 0.0, "mi_3_5": 0.0, "immi_syn_3_5": 0.0, "nimin_syn_3_5": 0, "nimmi_syn_3_5": 0, "imin_syn_3_6": 0.0, "mi_3_6": 1.5, "immi_syn_3_6": 0.0, "nimin_syn_3_6": 0.0, "nimmi_syn_3_6": 0.0, "imin_syn_3_7": 0.0, "mi_3_7": 0.0, "immi_syn_3_7": 0.0, "nimin_syn_3_7": 0, "nimmi_syn_3_7": 0, "imin_syn_3_8": 0.0, "mi_3_8": 1.5, "immi_syn_3_8": 0.0, "nimin_syn_3_8": 0.0, "nimmi_syn_3_8": 0.0, "imin_syn_3_9": 0.0, "mi_3_9": 0.0, "immi_syn_3_9": 0.0, "nimin_syn_3_9": 0, "nimmi_syn_3_9": 0, "imin_syn_4_5": 0.0, "mi_4_5": 1.0, "immi_syn_4_5": 0.0, "nimin_syn_4_5": 0.0, "nimmi_syn_4_5": 0.0, "imin_syn_4_6": 0.0, "mi_4_6": 1.5, "immi_syn_4_6": 0.0, "nimin_syn_4_6": 0.0, "nimmi_syn_4_6": 0.0, "imin_syn_4_7": 0.0, "mi_4_7": 1.0, "immi_syn_4_7": 0.0, "nimin_syn_4_7": 0.0, "nimmi_syn_4_7": 0.0, "imin_syn_4_8": 0.5, "mi_4_8": 2.0, "immi_syn_4_8": 0.5, "nimin_syn_4_8": 0.25, "nimmi_syn_4_8": 0.25, "imin_syn_4_9": 0.0, "mi_4_9": 1.0, "immi_syn_4_9": 0.0, "nimin_syn_4_9": 0.0, "nimmi_syn_4_9": 0.0, "imin_syn_5_6": 0.0, "mi_5_6": 1.5, "immi_syn_5_6": 0.0, "nimin_syn_5_6": 0.0, "nimmi_syn_5_6": 0.0, "imin_syn_5_7": 0.0, "mi_5_7": 0.0, "immi_syn_5_7": 0.0, "nimin_syn_5_7": 0, "nimmi_syn_5_7": 0, "imin_syn_5_8": 0.0, "mi_5_8": 1.5, "immi_syn_5_8": 0.0, "nimin_syn_5_8": 0.0, "nimmi_syn_5_8": 0.0, "imin_syn_5_9": 0.0, "mi_5_9": 0.0, "immi_syn_5_9": 0.0, "nimin_syn_5_9": 0, "nimmi_syn_5_9": 0, "imin_syn_6_7": 0.0, "mi_6_7": 1.5, "immi_syn_6_7": 0.0, "nimin_syn_6_7": 0.0, "nimmi_syn_6_7": 0.0, "imin_syn_6_8": 0.25, "mi_6_8": 2.0, "immi_syn_6_8": 0.5, "nimin_syn_6_8": 0.125, "nimmi_syn_6_8": 0.25, "imin_syn_6_9": 0.0, "mi_6_9": 1.5, "immi_syn_6_9": 0.0, "nimin_syn_6_9": 0.0, "nimmi_syn_6_9": 0.0, "imin_syn_7_8": 0.0, "mi_7_8": 1.5, "immi_syn_7_8": 0.0, "nimin_syn_7_8": 0.0, "nimmi_syn_7_8": 0.0, "imin_syn_7_9": 0.0, "mi_7_9": 0.0, "immi_syn_7_9": 0.0, "nimin_syn_7_9": 0, "nimmi_syn_7_9": 0, "imin_syn_8_9": 0.0, "mi_8_9": 1.5, "immi_syn_8_9": 0.0, "nimin_syn_8_9": 0.0, "nimmi_syn_8_9": 0.0}, {"imin_syn_0_1": 0.0, "mi_0_1": 0.0, "immi_syn_0_1": 0.0, "nimin_syn_0_1": 0, "nimmi_syn_0_1": 0, "imin_syn_0_2": 0.0, "mi_0_2": 0.5, "immi_syn_0_2": 0.0, "nimin_syn_0_2": 0.0, "nimmi_syn_0_2": 0.0, "imin_syn_0_3": 0.0, "mi_0_3": 0.5, "immi_syn_0_3": 0.0, "nimin_syn_0_3": 0.0, "nimmi_syn_0_3": 0.0, "imin_syn_0_4": 0.0, "mi_0_4": 1.0, "immi_syn_0_4": 0.0, "nimin_syn_0_4": 0.0, "nimmi_syn_0_4": 0.0, "imin_syn_0_5": 0.0, "mi_0_5": 0.0, "immi_syn_0_5": 0.0, "nimin_syn_0_5": 0, "nimmi_syn_0_5": 0, "imin_syn_0_6": 0.0, "mi_0_6": 1.0, "immi_syn_0_6": 0.0, "nimin_syn_0_6": 0.0, "nimmi_syn_0_6": 0.0, "imin_syn_0_7": 0.0, "mi_0_7": 1.0, "immi_syn_0_7": 0.0, "nimin_syn_0_7": 0.0, "nimmi_syn_0_7": 0.0, "imin_syn_0_8": 0.0, "mi_0_8": 1.0, "immi_syn_0_8": 0.0, "nimin_syn_0_8": 0.0, "nimmi_syn_0_8": 0.0, "imin_syn_0_9": 1.1102230246251565e-16, "mi_0_9": 0.31127812445913294, "immi_syn_0_9": 0.0, "nimin_syn_0_9": 3.566659322926226e-16, "nimmi_syn_0_9": 0.0, "imin_syn_1_2": 0.0, "mi_1_2": 0.5, "immi_syn_1_2": 0.0, "nimin_syn_1_2": 0.0, "nimmi_syn_1_2": 0.0, "imin_syn_1_3": 0.0, "mi_1_3": 0.5, "immi_syn_1_3": 0.0, "nimin_syn_1_3": 0.0, "nimmi_syn_1_3": 0.0, "imin_syn_1_4": 0.0, "mi_1_4": 1.0, "immi_syn_1_4": 0.0, "nimin_syn_1_4": 0.0, "nimmi_syn_1_4": 0.0, "imin_syn_1_5": 0.0, "mi_1_5": 0.0, "immi_syn_1_5": 0.0, "nimin_syn_1_5": 0, "nimmi_syn_1_5": 0, "imin_syn_1_6": 0.0, "mi_1_6": 1.0, "immi_syn_1_6": 0.0, "nimin_syn_1_6": 0.0, "nimmi_syn_1_6": 0.0, "imin_syn_1_7": 0.0, "mi_1_7": 1.0, "immi_syn_1_7": 0.0, "nimin_syn_1_7": 0.0, "nimmi_syn_1_7": 0.0, "imin_syn_1_8": 0.0,