{"avg_reward": 1.0, "accuracy": 1.0, "k2_x2h_imin_syn_avg": [1.0, 0.015304930567574858, 0.061219722270299336], "k2_x2h_imin_syn_sem": [NaN, 0.008706061565999844, 0.02954792238013873], "k2_x2h_mi_avg": [2.0, 0.8025062498798072, 0.7328988886965807], "k2_x2h_mi_sem": [NaN, 0.08270856306551345, 0.052121507149393155], "k2_x2h_immi_syn_avg": [1.0, 0.026416041678685935, 0.061219722270299294], "k2_x2h_immi_syn_sem": [NaN, 0.015957877312876956, 0.02954792238013873], "k2_x2h_nimin_syn_avg": [0.5, 0.011601226863871198, 0.06121972227029944], "k2_x2h_nimin_syn_sem": [NaN, 0.006556476517000669, 0.029547922380138727], "k2_x2h_nimmi_syn_avg": [0.5, 0.019008634271278524, 0.061219722270299294], "k2_x2h_nimmi_syn_sem": [NaN, 0.011045781693379044, 0.02954792238013873], "k2_x2h_imin_red_avg": [1.0, 0.13730993047142065, 0.23959895803285156], "k2_x2h_imin_red_sem": [NaN, 0.04396614847382756, 0.03786610540357504], "k2_x2h_immi_red_avg": [1.0, 0.1484210415825318, 0.23959895803285164], "k2_x2h_immi_red_sem": [NaN, 0.046983752927087875, 0.03786610540357504], "k2_x2h_nimin_red_avg": [0.5, 0.10586465270966856, 0.33142854143830053], "k2_x2h_nimin_red_sem": [NaN, 0.03401467262613661, 0.05457812411401123], "k2_x2h_nimmi_red_avg": [0.5, 0.11327206011707601, 0.33142854143830053], "k2_x2h_nimmi_red_sem": [NaN, 0.035695279357605164, 0.05457812411401126], "k2_x2h_tuples_syn": [{"imin_syn_0_1": 1.0, "mi_0_1": 2.0, "immi_syn_0_1": 1.0, "nimin_syn_0_1": 0.5, "nimmi_syn_0_1": 0.5}, {"imin_syn_0_1": 1.1102230246251565e-16, "mi_0_1": 0.8112781244591329, "immi_syn_0_1": 0.0, "nimin_syn_0_1": 1.3684863318178654e-16, "nimmi_syn_0_1": 0.0, "imin_syn_0_2": 0.0, "mi_0_2": 1.5, "immi_syn_0_2": 0.0, "nimin_syn_0_2": 0.0, "nimmi_syn_0_2": 0.0, "imin_syn_0_3": 0.18872187554086717, "mi_0_3": 1.0, "immi_syn_0_3": 0.18872187554086706, "nimin_syn_0_3": 0.18872187554086717, "nimmi_syn_0_3": 0.18872187554086706, "imin_syn_0_4": 1.1102230246251565e-16, "mi_0_4": 0.8112781244591329, "immi_syn_0_4": 0.0, "nimin_syn_0_4": 1.3684863318178654e-16, "nimmi_syn_0_4": 0.0, "imin_syn_0_5": 1.1102230246251565e-16, "mi_0_5": 0.8112781244591329, "immi_syn_0_5": 0.0, "nimin_syn_0_5": 1.3684863318178654e-16, "nimmi_syn_0_5": 0.0, "imin_syn_0_6": 1.1102230246251565e-16, "mi_0_6": 0.8112781244591329, "immi_syn_0_6": 0.0, "nimin_syn_0_6": 1.3684863318178654e-16, "nimmi_syn_0_6": 0.0, "imin_syn_0_7": 0.25, "mi_0_7": 1.5, "immi_syn_0_7": 0.5, "nimin_syn_0_7": 0.16666666666666666, "nimmi_syn_0_7": 0.3333333333333333, "imin_syn_0_8": 1.1102230246251565e-16, "mi_0_8": 0.8112781244591329, "immi_syn_0_8": 0.0, "nimin_syn_0_8": 1.3684863318178654e-16, "nimmi_syn_0_8": 0.0, "imin_syn_0_9": 0.25, "mi_0_9": 1.5, "immi_syn_0_9": 0.5, "nimin_syn_0_9": 0.16666666666666666, "nimmi_syn_0_9": 0.3333333333333333, "imin_syn_1_2": 0.0, "mi_1_2": 1.5, "immi_syn_1_2": 0.0, "nimin_syn_1_2": 0.0, "nimmi_syn_1_2": 0.0, "imin_syn_1_3": 1.6653345369377348e-16, "mi_1_3": 0.31127812445913294, "immi_syn_1_3": 0.0, "nimin_syn_1_3": 5.349988984389338e-16, "nimmi_syn_1_3": 0.0, "imin_syn_1_4": 0.0, "mi_1_4": 0.0, "immi_syn_1_4": 0.0, "nimin_syn_1_4": 0, "nimmi_syn_1_4": 0, "imin_syn_1_5": 0.0, "mi_1_5": 0.0, "immi_syn_1_5": 0.0, "nimin_syn_1_5": 0, "nimmi_syn_1_5": 0, "imin_syn_1_6": 0.0, "mi_1_6": 0.0, "immi_syn_1_6": 0.0, "nimin_syn_1_6": 0, "nimmi_syn_1_6": 0, "imin_syn_1_7": 0.0, "mi_1_7": 1.0, "immi_syn_1_7": 0.0, "nimin_syn_1_7": 0.0, "nimmi_syn_1_7": 0.0, "imin_syn_1_8": 0.0, "mi_1_8": 0.0, "immi_syn_1_8": 0.0, "nimin_syn_1_8": 0, "nimmi_syn_1_8": 0, "imin_syn_1_9": 0.0, "mi_1_9": 1.0, "immi_syn_1_9": 0.0, "nimin_syn_1_9": 0.0, "nimmi_syn_1_9": 0.0, "imin_syn_2_3": 0.0, "mi_2_3": 1.5, "immi_syn_2_3": 0.0, "nimin_syn_2_3": 0.0, "nimmi_syn_2_3": 0.0, "imin_syn_2_4": 0.0, "mi_2_4": 1.5, "immi_syn_2_4": 0.0, "nimin_syn_2_4": 0.0, "nimmi_syn_2_4": 0.0, "imin_syn_2_5": 0.0, "mi_2_5": 1.5, "immi_syn_2_5": 0.0, "nimin_syn_2_5": 0.0, "nimmi_syn_2_5": 0.0, "imin_syn_2_6": 0.0, "mi_2_6": 1.5, "immi_syn_2_6": 0.0, "nimin_syn_2_6": 0.0, "nimmi_syn_2_6": 0.0, "imin_syn_2_7": 0.0, "mi_2_7": 1.5, "immi_syn_2_7": 0.0, "nimin_syn_2_7": 0.0, "nimmi_syn_2_7": 0.0, "imin_syn_2_8": 0.0, "mi_2_8": 1.5, "immi_syn_2_8": 0.0, "nimin_syn_2_8": 0.0, "nimmi_syn_2_8": 0.0, "imin_syn_2_9": 0.0, "mi_2_9": 1.5, "immi_syn_2_9": 0.0, "nimin_syn_2_9": 0.0, "nimmi_syn_2_9": 0.0, "imin_syn_3_4": 1.6653345369377348e-16, "mi_3_4": 0.31127812445913294, "immi_syn_3_4": 0.0, "nimin_syn_3_4": 5.349988984389338e-16, "nimmi_syn_3_4": 0.0, "imin_syn_3_5": 1.6653345369377348e-16, "mi_3_5": 0.31127812445913294, "immi_syn_3_5": 0.0, "nimin_syn_3_5": 5.349988984389338e-16, "nimmi_syn_3_5": 0.0, "imin_syn_3_6": 1.6653345369377348e-16, "mi_3_6": 0.31127812445913294, "immi_syn_3_6": 0.0, "nimin_syn_3_6": 5.349988984389338e-16, "nimmi_syn_3_6": 0.0, "imin_syn_3_7": 0.0, "mi_3_7": 1.0, "immi_syn_3_7": 0.0, "nimin_syn_3_7": 0.0, "nimmi_syn_3_7": 0.0, "imin_syn_3_8": 1.6653345369377348e-16, "mi_3_8": 0.31127812445913294, "immi_syn_3_8": 0.0, "nimin_syn_3_8": 5.349988984389338e-16, "nimmi_syn_3_8": 0.0, "imin_syn_3_9": 0.0, "mi_3_9": 1.0, "immi_syn_3_9": 0.0, "nimin_syn_3_9": 0.0, "nimmi_syn_3_9": 0.0, "imin_syn_4_5": 0.0, "mi_4_5": 0.0, "immi_syn_4_5": 0.0, "nimin_syn_4_5": 0, "nimmi_syn_4_5": 0, "imin_syn_4_6": 0.0, "mi_4_6": 0.0, "immi_syn_4_6": 0.0, "nimin_syn_4_6": 0, "nimmi_syn_4_6": 0, "imin_syn_4_7": 0.0, "mi_4_7": 1.0, "immi_syn_4_7": 0.0, "nimin_syn_4_7": 0.0, "nimmi_syn_4_7": 0.0, "imin_syn_4_8": 0.0, "mi_4_8": 0.0, "immi_syn_4_8": 0.0, "nimin_syn_4_8": 0, "nimmi_syn_4_8": 0, "imin_syn_4_9": 0.0, "mi_4_9": 1.0, "immi_syn_4_9": 0.0, "nimin_syn_4_9": 0.0, "nimmi_syn_4_9": 0.0, "imin_syn_5_6": 0.0, "mi_5_6": 0.0, "immi_syn_5_6": 0.0, "nimin_syn_5_6": 0, "nimmi_syn_5_6": 0, "imin_syn_5_7": 0.0, "mi_5_7": 1.0, "immi_syn_5_7": 0.0, "nimin_syn_5_7": 0.0, "nimmi_syn_5_7": 0.0, "imin_syn_5_8": 0.0, "mi_5_8": 0.0, "immi_syn_5_8": 0.0, "nimin_syn_5_8": 0, "nimmi_syn_5_8": 0, "imin_syn_5_9": 0.0, "mi_5_9": 1.0, "immi_syn_5_9": 0.0, "nimin_syn_5_9": 0.0, "nimmi_syn_5_9": 0.0, "imin_syn_6_7": 0.0, "mi_6_7": 1.0, "immi_syn_6_7": 0.0, "nimin_syn_6_7": 0.0, "nimmi_syn_6_7": 0.0, "imin_syn_6_8": 0.0, "mi_6_8": 0.0, "immi_syn_6_8": 0.0, "nimin_syn_6_8": 0, "nimmi_syn_6_8": 0, "imin_syn_6_9": 0.0, "mi_6_9": 1.0, "immi_syn_6_9": 0.0, "nimin_syn_6_9": 0.0, "nimmi_syn_6_9": 0.0, "imin_syn_7_8": 0.0, "mi_7_8": 1.0, "immi_syn_7_8": 0.0, "nimin_syn_7_8": 0.0, "nimmi_syn_7_8": 0.0, "imin_syn_7_9": 0.0, "mi_7_9": 1.0, "immi_syn_7_9": 0.0, "nimin_syn_7_9": 0.0, "nimmi_syn_7_9": 0.0, "imin_syn_8_9": 0.0, "mi_8_9": 1.0, "immi_syn_8_9": 0.0, "nimin_syn_8_9": 0.0, "nimmi_syn_8_9": 0.0}, {"imin_syn_0_1": 0.0, "mi_0_1": 1.0, "immi_syn_0_1": 0.0, "nimin_syn_0_1": 0.0, "nimmi_syn_0_1": 0.0, "imin_syn_0_2": 0.0, "mi_0_2": 1.0, "immi_syn_0_2": 0.0, "nimin_syn_0_2": 0.0, "nimmi_syn_0_2": 0.0, "imin_syn_0_3": 1.1102230246251565e-16, "mi_0_3": 0.31127812445913294, "immi_syn_0_3": 0.0, "nimin_syn_0_3": 3.566659322926226e-16, "nimmi_syn_0_3": 0.0, "imin_syn_0_4": 1.1102230246251565e-16, "mi_0_4": 0.31127812445913294, "immi_syn_0_4": 0.0, "nimin_syn_0_4": 3.566659322926226e-16, "nimmi_syn_0_4": 0.0, "imin_syn_0_5": 0.0, "mi_0_5": 1.0, "immi_syn_0_5": 0.0, "nimin_syn_0_5": 0.0, "nimmi_syn_0_5": 0.0, "imin_syn_0_6": 1.1102230246251565e-16, "mi_0_6": 0.31127812445913294, "immi_syn_0_6": 0.0, "nimin_syn_0_6": 3.566659322926226e-16, "nimmi_syn_0_6": 0.0, "imin_syn_0_7": 1.1102230246251565e-16, "mi_0_7": 0.31127812445913294, "immi_syn_0_7": 0.0, "nimin_syn_0_7": 3.566659322926226e-16, "nimmi_syn_0_7": 0.0, "imin_syn_0_8": 1.1102230246251565e-16, "mi_0_8": 0.31127812445913294, "immi_syn_0_8": 0.0, "nimin_syn_0_8": 3.566659322926226e-16, "nimmi_syn_0_8": 0.0, "imin_syn_0_9": 0.0, "mi_0_9": 0.0, "immi_syn_0_9": 0.0, "nimin_syn_0_9": 0, "nimmi_syn_0_9": 0, "imin_syn_1_2": 0.0, "mi_1_2": 1.0, "immi_syn_1_2": 0.0, "nimin_syn_1_2": 0.0, "nimmi_syn_1_2": 0.0, "imin_syn_1_3": 0.0, "mi_1_3": 1.0, "immi_syn_1_3": 0.0, "nimin_syn_1_3": 0.0,