{"avg_reward": 1.0, "accuracy": 1.0, "k2_x2h_imin_syn_avg": [1.0, 0.03060986113514966, 0.1459147917027245], "k2_x2h_imin_syn_sem": [NaN, 0.013093920315936161, 0.03702928663384968], "k2_x2h_mi_avg": [2.0, 0.7467334720058754, 0.7928654860269763], "k2_x2h_mi_sem": [NaN, 0.09335121580429952, 0.04287433448193245], "k2_x2h_immi_syn_avg": [1.0, 0.0681370139249467, 0.14591479170272445], "k2_x2h_immi_syn_sem": [NaN, 0.02942284977123584, 0.03702928663384968], "k2_x2h_nimin_syn_avg": [0.5, 0.01855472223824793, 0.14591479170272453], "k2_x2h_nimin_syn_sem": [NaN, 0.008097196124939282, 0.03702928663384968], "k2_x2h_nimmi_syn_avg": [0.5, 0.041720972246260764, 0.14591479170272445], "k2_x2h_nimmi_syn_sem": [NaN, 0.018520008978805555, 0.03702928663384968], "k2_x2h_imin_red_avg": [1.0, 0.070643263804754, 0.3020718052430545], "k2_x2h_imin_red_sem": [NaN, 0.028252430450532398, 0.028982003658581793], "k2_x2h_immi_red_avg": [1.0, 0.10817041659455104, 0.30207180524305455], "k2_x2h_immi_red_sem": [NaN, 0.04157563033757978, 0.028982003658581793], "k2_x2h_nimin_red_avg": [0.5, 0.04293789346643502, 0.39368416633012704], "k2_x2h_nimin_red_sem": [NaN, 0.017360519985844855, 0.0432723910760071], "k2_x2h_nimmi_red_avg": [0.5, 0.06610414347444787, 0.39368416633012715], "k2_x2h_nimmi_red_sem": [NaN, 0.025648467573247805, 0.04327239107600711], "k2_x2h_tuples_syn": [{"imin_syn_0_1": 1.0, "mi_0_1": 2.0, "immi_syn_0_1": 1.0, "nimin_syn_0_1": 0.5, "nimmi_syn_0_1": 0.5}, {"imin_syn_0_1": 0.0, "mi_0_1": 0.0, "immi_syn_0_1": 0.0, "nimin_syn_0_1": 0, "nimmi_syn_0_1": 0, "imin_syn_0_2": 0.0, "mi_0_2": 1.5, "immi_syn_0_2": 0.0, "nimin_syn_0_2": 0.0, "nimmi_syn_0_2": 0.0, "imin_syn_0_3": 1.1102230246251565e-16, "mi_0_3": 0.8112781244591329, "immi_syn_0_3": 0.0, "nimin_syn_0_3": 1.3684863318178654e-16, "nimmi_syn_0_3": 0.0, "imin_syn_0_4": 0.0, "mi_0_4": 0.0, "immi_syn_0_4": 0.0, "nimin_syn_0_4": 0, "nimmi_syn_0_4": 0, "imin_syn_0_5": 0.0, "mi_0_5": 0.0, "immi_syn_0_5": 0.0, "nimin_syn_0_5": 0, "nimmi_syn_0_5": 0, "imin_syn_0_6": 0.0, "mi_0_6": 0.0, "immi_syn_0_6": 0.0, "nimin_syn_0_6": 0, "nimmi_syn_0_6": 0, "imin_syn_0_7": 0.0, "mi_0_7": 0.8112781244591329, "immi_syn_0_7": 0.0, "nimin_syn_0_7": 0.0, "nimmi_syn_0_7": 0.0, "imin_syn_0_8": 0.0, "mi_0_8": 0.8112781244591329, "immi_syn_0_8": 0.0, "nimin_syn_0_8": 0.0, "nimmi_syn_0_8": 0.0, "imin_syn_0_9": 0.0, "mi_0_9": 0.0, "immi_syn_0_9": 0.0, "nimin_syn_0_9": 0, "nimmi_syn_0_9": 0, "imin_syn_1_2": 0.0, "mi_1_2": 1.5, "immi_syn_1_2": 0.0, "nimin_syn_1_2": 0.0, "nimmi_syn_1_2": 0.0, "imin_syn_1_3": 1.1102230246251565e-16, "mi_1_3": 0.8112781244591329, "immi_syn_1_3": 0.0, "nimin_syn_1_3": 1.3684863318178654e-16, "nimmi_syn_1_3": 0.0, "imin_syn_1_4": 0.0, "mi_1_4": 0.0, "immi_syn_1_4": 0.0, "nimin_syn_1_4": 0, "nimmi_syn_1_4": 0, "imin_syn_1_5": 0.0, "mi_1_5": 0.0, "immi_syn_1_5": 0.0, "nimin_syn_1_5": 0, "nimmi_syn_1_5": 0, "imin_syn_1_6": 0.0, "mi_1_6": 0.0, "immi_syn_1_6": 0.0, "nimin_syn_1_6": 0, "nimmi_syn_1_6": 0, "imin_syn_1_7": 0.0, "mi_1_7": 0.8112781244591329, "immi_syn_1_7": 0.0, "nimin_syn_1_7": 0.0, "nimmi_syn_1_7": 0.0, "imin_syn_1_8": 0.0, "mi_1_8": 0.8112781244591329, "immi_syn_1_8": 0.0, "nimin_syn_1_8": 0.0, "nimmi_syn_1_8": 0.0, "imin_syn_1_9": 0.0, "mi_1_9": 0.0, "immi_syn_1_9": 0.0, "nimin_syn_1_9": 0, "nimmi_syn_1_9": 0, "imin_syn_2_3": 0.25, "mi_2_3": 2.0, "immi_syn_2_3": 0.5, "nimin_syn_2_3": 0.125, "nimmi_syn_2_3": 0.25, "imin_syn_2_4": 0.0, "mi_2_4": 1.5, "immi_syn_2_4": 0.0, "nimin_syn_2_4": 0.0, "nimmi_syn_2_4": 0.0, "imin_syn_2_5": 0.0, "mi_2_5": 1.5, "immi_syn_2_5": 0.0, "nimin_syn_2_5": 0.0, "nimmi_syn_2_5": 0.0, "imin_syn_2_6": 0.0, "mi_2_6": 1.5, "immi_syn_2_6": 0.0, "nimin_syn_2_6": 0.0, "nimmi_syn_2_6": 0.0, "imin_syn_2_7": 0.0, "mi_2_7": 1.5, "immi_syn_2_7": 0.0, "nimin_syn_2_7": 0.0, "nimmi_syn_2_7": 0.0, "imin_syn_2_8": 0.25, "mi_2_8": 2.0, "immi_syn_2_8": 0.5, "nimin_syn_2_8": 0.125, "nimmi_syn_2_8": 0.25, "imin_syn_2_9": 0.0, "mi_2_9": 1.5, "immi_syn_2_9": 0.0, "nimin_syn_2_9": 0.0, "nimmi_syn_2_9": 0.0, "imin_syn_3_4": 1.1102230246251565e-16, "mi_3_4": 0.8112781244591329, "immi_syn_3_4": 0.0, "nimin_syn_3_4": 1.3684863318178654e-16, "nimmi_syn_3_4": 0.0, "imin_syn_3_5": 1.1102230246251565e-16, "mi_3_5": 0.8112781244591329, "immi_syn_3_5": 0.0, "nimin_syn_3_5": 1.3684863318178654e-16, "nimmi_syn_3_5": 0.0, "imin_syn_3_6": 1.1102230246251565e-16, "mi_3_6": 0.8112781244591329, "immi_syn_3_6": 0.0, "nimin_syn_3_6": 1.3684863318178654e-16, "nimmi_syn_3_6": 0.0, "imin_syn_3_7": 0.29248125036057804, "mi_3_7": 1.5, "immi_syn_3_7": 0.6887218755408671, "nimin_syn_3_7": 0.19498750024038536, "nimmi_syn_3_7": 0.4591479170272447, "imin_syn_3_8": 0.29248125036057804, "mi_3_8": 1.5, "immi_syn_3_8": 0.6887218755408671, "nimin_syn_3_8": 0.19498750024038536, "nimmi_syn_3_8": 0.4591479170272447, "imin_syn_3_9": 1.1102230246251565e-16, "mi_3_9": 0.8112781244591329, "immi_syn_3_9": 0.0, "nimin_syn_3_9": 1.3684863318178654e-16, "nimmi_syn_3_9": 0.0, "imin_syn_4_5": 0.0, "mi_4_5": 0.0, "immi_syn_4_5": 0.0, "nimin_syn_4_5": 0, "nimmi_syn_4_5": 0, "imin_syn_4_6": 0.0, "mi_4_6": 0.0, "immi_syn_4_6": 0.0, "nimin_syn_4_6": 0, "nimmi_syn_4_6": 0, "imin_syn_4_7": 0.0, "mi_4_7": 0.8112781244591329, "immi_syn_4_7": 0.0, "nimin_syn_4_7": 0.0, "nimmi_syn_4_7": 0.0, "imin_syn_4_8": 0.0, "mi_4_8": 0.8112781244591329, "immi_syn_4_8": 0.0, "nimin_syn_4_8": 0.0, "nimmi_syn_4_8": 0.0, "imin_syn_4_9": 0.0, "mi_4_9": 0.0, "immi_syn_4_9": 0.0, "nimin_syn_4_9": 0, "nimmi_syn_4_9": 0, "imin_syn_5_6": 0.0, "mi_5_6": 0.0, "immi_syn_5_6": 0.0, "nimin_syn_5_6": 0, "nimmi_syn_5_6": 0, "imin_syn_5_7": 0.0, "mi_5_7": 0.8112781244591329, "immi_syn_5_7": 0.0, "nimin_syn_5_7": 0.0, "nimmi_syn_5_7": 0.0, "imin_syn_5_8": 0.0, "mi_5_8": 0.8112781244591329, "immi_syn_5_8": 0.0, "nimin_syn_5_8": 0.0, "nimmi_syn_5_8": 0.0, "imin_syn_5_9": 0.0, "mi_5_9": 0.0, "immi_syn_5_9": 0.0, "nimin_syn_5_9": 0, "nimmi_syn_5_9": 0, "imin_syn_6_7": 0.0, "mi_6_7": 0.8112781244591329, "immi_syn_6_7": 0.0, "nimin_syn_6_7": 0.0, "nimmi_syn_6_7": 0.0, "imin_syn_6_8": 0.0, "mi_6_8": 0.8112781244591329, "immi_syn_6_8": 0.0, "nimin_syn_6_8": 0.0, "nimmi_syn_6_8": 0.0, "imin_syn_6_9": 0.0, "mi_6_9": 0.0, "immi_syn_6_9": 0.0, "nimin_syn_6_9": 0, "nimmi_syn_6_9": 0, "imin_syn_7_8": 0.29248125036057804, "mi_7_8": 1.5, "immi_syn_7_8": 0.6887218755408671, "nimin_syn_7_8": 0.19498750024038536, "nimmi_syn_7_8": 0.4591479170272447, "imin_syn_7_9": 0.0, "mi_7_9": 0.8112781244591329, "immi_syn_7_9": 0.0, "nimin_syn_7_9": 0.0, "nimmi_syn_7_9": 0.0, "imin_syn_8_9": 0.0, "mi_8_9": 0.8112781244591329, "immi_syn_8_9": 0.0, "nimin_syn_8_9": 0.0, "nimmi_syn_8_9": 0.0}, {"imin_syn_0_1": 0.5, "mi_0_1": 1.0, "immi_syn_0_1": 0.5, "nimin_syn_0_1": 0.5, "nimmi_syn_0_1": 0.5, "imin_syn_0_2": 0.0, "mi_0_2": 1.0, "immi_syn_0_2": 0.0, "nimin_syn_0_2": 0.0, "nimmi_syn_0_2": 0.0, "imin_syn_0_3": 0.0, "mi_0_3": 1.0, "immi_syn_0_3": 0.0, "nimin_syn_0_3": 0.0, "nimmi_syn_0_3": 0.0, "imin_syn_0_4": 1.1102230246251565e-16, "mi_0_4": 0.31127812445913294, "immi_syn_0_4": 0.0, "nimin_syn_0_4": 3.566659322926226e-16, "nimmi_syn_0_4": 0.0, "imin_syn_0_5": 0.0, "mi_0_5": 0.5, "immi_syn_0_5": 0.0, "nimin_syn_0_5": 0.0, "nimmi_syn_0_5": 0.0, "imin_syn_0_6": 1.1102230246251565e-16, "mi_0_6": 0.31127812445913294, "immi_syn_0_6": 0.0, "nimin_syn_0_6": 3.566659322926226e-16, "nimmi_syn_0_6": 0.0, "imin_syn_0_7": 1.1102230246251565e-16, "mi_0_7": 0.31127812445913294, "immi_syn_0_7": 0.0, "nimin_syn_0_7": 3.566659322926226e-16, "nimmi_syn_0_7": 0.0, "imin_syn_0_8": 0.6887218755408672, "mi_0_8": 1.0, "immi_syn_0_8": 0.6887218755408671, "nimin_syn_0_8": 0.6887218755408672, "nimmi_syn_0_8": 0.6887218755408671, "imin_syn_0_9": 0.5, "mi_0_9": 1.0, "immi_syn_0_9": 0.5, "nimin_syn_0_9": 0.5, "nimmi_syn_0_9": 0.5, "imin_syn_1_2": 0.0, "mi_1_2": 1.0, "immi_syn_1_2": 0.0, "nimin_syn_1_2": 0.0, "nimmi_syn_1_2": 0.0, "imin_syn_1_3": 0.0, "mi_1_3": 1.0, "immi_syn_1_3": 0.0, "nimin_syn_1_3": 0.0, "nimmi_syn_1_3": 0.0, "imin_syn_1_4": 0.5, "mi_1_4": 1.0,