{"avg_reward": 1.0, "accuracy": 1.0, "k2_x2h_imin_syn_avg": [1.0, 0.023166250008012854, 1.2335811384723961e-17], "k2_x2h_imin_syn_sem": [NaN, 0.015531887618989803, 5.260007648101687e-18], "k2_x2h_mi_avg": [2.0, 1.0165580555074785, 0.7012531249399037], "k2_x2h_mi_sem": [NaN, 0.07746007825192289, 0.06496095493232557], "k2_x2h_immi_syn_avg": [1.0, 0.026416041678685935, 0.0], "k2_x2h_immi_syn_sem": [NaN, 0.015957877312876952, 0.0], "k2_x2h_nimin_syn_avg": [0.5, 0.01575884260060545, 3.9629548032513625e-17], "k2_x2h_nimin_syn_sem": [NaN, 0.010368257903050156, 1.6898096058761947e-17], "k2_x2h_nimmi_syn_avg": [0.5, 0.019008634271278524, 0.0], "k2_x2h_nimmi_syn_sem": [NaN, 0.011045781693379044, 0.0], "k2_x2h_imin_red_avg": [1.0, 0.2688638193923609, 0.16100249995192292], "k2_x2h_imin_red_sem": [NaN, 0.06258281613858593, 0.051350917189504235], "k2_x2h_immi_red_avg": [1.0, 0.27211361106303406, 0.16100249995192292], "k2_x2h_immi_red_sem": [NaN, 0.06276711405416896, 0.051350917189504235], "k2_x2h_nimin_red_avg": [0.5, 0.20128932865963306, 0.16100249995192292], "k2_x2h_nimin_red_sem": [NaN, 0.04727670287521547, 0.051350917189504235], "k2_x2h_nimmi_red_avg": [0.5, 0.20453912033030616, 0.16100249995192292], "k2_x2h_nimmi_red_sem": [NaN, 0.047625311767259294, 0.051350917189504235], "k2_x2h_tuples_syn": [{"imin_syn_0_1": 1.0, "mi_0_1": 2.0, "immi_syn_0_1": 1.0, "nimin_syn_0_1": 0.5, "nimmi_syn_0_1": 0.5}, {"imin_syn_0_1": 0.0, "mi_0_1": 1.0, "immi_syn_0_1": 0.0, "nimin_syn_0_1": 0.0, "nimmi_syn_0_1": 0.0, "imin_syn_0_2": 0.0, "mi_0_2": 1.0, "immi_syn_0_2": 0.0, "nimin_syn_0_2": 0.0, "nimmi_syn_0_2": 0.0, "imin_syn_0_3": 0.0, "mi_0_3": 1.5, "immi_syn_0_3": 0.0, "nimin_syn_0_3": 0.0, "nimmi_syn_0_3": 0.0, "imin_syn_0_4": 0.0, "mi_0_4": 1.0, "immi_syn_0_4": 0.0, "nimin_syn_0_4": 0.0, "nimmi_syn_0_4": 0.0, "imin_syn_0_5": 0.0, "mi_0_5": 1.0, "immi_syn_0_5": 0.0, "nimin_syn_0_5": 0.0, "nimmi_syn_0_5": 0.0, "imin_syn_0_6": 0.0, "mi_0_6": 1.5, "immi_syn_0_6": 0.0, "nimin_syn_0_6": 0.0, "nimmi_syn_0_6": 0.0, "imin_syn_0_7": 0.0, "mi_0_7": 1.0, "immi_syn_0_7": 0.0, "nimin_syn_0_7": 0.0, "nimmi_syn_0_7": 0.0, "imin_syn_0_8": 0.0, "mi_0_8": 1.0, "immi_syn_0_8": 0.0, "nimin_syn_0_8": 0.0, "nimmi_syn_0_8": 0.0, "imin_syn_0_9": 0.5, "mi_0_9": 1.5, "immi_syn_0_9": 0.5, "nimin_syn_0_9": 0.3333333333333333, "nimmi_syn_0_9": 0.3333333333333333, "imin_syn_1_2": 0.0, "mi_1_2": 1.0, "immi_syn_1_2": 0.0, "nimin_syn_1_2": 0.0, "nimmi_syn_1_2": 0.0, "imin_syn_1_3": 0.0, "mi_1_3": 1.5, "immi_syn_1_3": 0.0, "nimin_syn_1_3": 0.0, "nimmi_syn_1_3": 0.0, "imin_syn_1_4": 1.1102230246251565e-16, "mi_1_4": 0.8112781244591329, "immi_syn_1_4": 0.0, "nimin_syn_1_4": 1.3684863318178654e-16, "nimmi_syn_1_4": 0.0, "imin_syn_1_5": 1.1102230246251565e-16, "mi_1_5": 0.8112781244591329, "immi_syn_1_5": 0.0, "nimin_syn_1_5": 1.3684863318178654e-16, "nimmi_syn_1_5": 0.0, "imin_syn_1_6": 0.0, "mi_1_6": 1.5, "immi_syn_1_6": 0.0, "nimin_syn_1_6": 0.0, "nimmi_syn_1_6": 0.0, "imin_syn_1_7": 1.1102230246251565e-16, "mi_1_7": 0.8112781244591329, "immi_syn_1_7": 0.0, "nimin_syn_1_7": 1.3684863318178654e-16, "nimmi_syn_1_7": 0.0, "imin_syn_1_8": 1.1102230246251565e-16, "mi_1_8": 0.8112781244591329, "immi_syn_1_8": 0.0, "nimin_syn_1_8": 1.3684863318178654e-16, "nimmi_syn_1_8": 0.0, "imin_syn_1_9": 0.04248125036057815, "mi_1_9": 1.0, "immi_syn_1_9": 0.18872187554086706, "nimin_syn_1_9": 0.04248125036057815, "nimmi_syn_1_9": 0.18872187554086706, "imin_syn_2_3": 0.0, "mi_2_3": 1.5, "immi_syn_2_3": 0.0, "nimin_syn_2_3": 0.0, "nimmi_syn_2_3": 0.0, "imin_syn_2_4": 0.0, "mi_2_4": 1.0, "immi_syn_2_4": 0.0, "nimin_syn_2_4": 0.0, "nimmi_syn_2_4": 0.0, "imin_syn_2_5": 0.0, "mi_2_5": 1.0, "immi_syn_2_5": 0.0, "nimin_syn_2_5": 0.0, "nimmi_syn_2_5": 0.0, "imin_syn_2_6": 0.0, "mi_2_6": 1.5, "immi_syn_2_6": 0.0, "nimin_syn_2_6": 0.0, "nimmi_syn_2_6": 0.0, "imin_syn_2_7": 0.0, "mi_2_7": 1.0, "immi_syn_2_7": 0.0, "nimin_syn_2_7": 0.0, "nimmi_syn_2_7": 0.0, "imin_syn_2_8": 0.0, "mi_2_8": 1.0, "immi_syn_2_8": 0.0, "nimin_syn_2_8": 0.0, "nimmi_syn_2_8": 0.0, "imin_syn_2_9": 0.5, "mi_2_9": 1.5, "immi_syn_2_9": 0.5, "nimin_syn_2_9": 0.3333333333333333, "nimmi_syn_2_9": 0.3333333333333333, "imin_syn_3_4": 0.0, "mi_3_4": 1.5, "immi_syn_3_4": 0.0, "nimin_syn_3_4": 0.0, "nimmi_syn_3_4": 0.0, "imin_syn_3_5": 0.0, "mi_3_5": 1.5, "immi_syn_3_5": 0.0, "nimin_syn_3_5": 0.0, "nimmi_syn_3_5": 0.0, "imin_syn_3_6": 0.0, "mi_3_6": 1.5, "immi_syn_3_6": 0.0, "nimin_syn_3_6": 0.0, "nimmi_syn_3_6": 0.0, "imin_syn_3_7": 0.0, "mi_3_7": 1.5, "immi_syn_3_7": 0.0, "nimin_syn_3_7": 0.0, "nimmi_syn_3_7": 0.0, "imin_syn_3_8": 0.0, "mi_3_8": 1.5, "immi_syn_3_8": 0.0, "nimin_syn_3_8": 0.0, "nimmi_syn_3_8": 0.0, "imin_syn_3_9": 0.0, "mi_3_9": 1.5, "immi_syn_3_9": 0.0, "nimin_syn_3_9": 0.0, "nimmi_syn_3_9": 0.0, "imin_syn_4_5": 0.0, "mi_4_5": 0.0, "immi_syn_4_5": 0.0, "nimin_syn_4_5": 0, "nimmi_syn_4_5": 0, "imin_syn_4_6": 0.0, "mi_4_6": 1.5, "immi_syn_4_6": 0.0, "nimin_syn_4_6": 0.0, "nimmi_syn_4_6": 0.0, "imin_syn_4_7": 0.0, "mi_4_7": 0.0, "immi_syn_4_7": 0.0, "nimin_syn_4_7": 0, "nimmi_syn_4_7": 0, "imin_syn_4_8": 0.0, "mi_4_8": 0.0, "immi_syn_4_8": 0.0, "nimin_syn_4_8": 0, "nimmi_syn_4_8": 0, "imin_syn_4_9": 0.0, "mi_4_9": 0.5, "immi_syn_4_9": 0.0, "nimin_syn_4_9": 0.0, "nimmi_syn_4_9": 0.0, "imin_syn_5_6": 0.0, "mi_5_6": 1.5, "immi_syn_5_6": 0.0, "nimin_syn_5_6": 0.0, "nimmi_syn_5_6": 0.0, "imin_syn_5_7": 0.0, "mi_5_7": 0.0, "immi_syn_5_7": 0.0, "nimin_syn_5_7": 0, "nimmi_syn_5_7": 0, "imin_syn_5_8": 0.0, "mi_5_8": 0.0, "immi_syn_5_8": 0.0, "nimin_syn_5_8": 0, "nimmi_syn_5_8": 0, "imin_syn_5_9": 0.0, "mi_5_9": 0.5, "immi_syn_5_9": 0.0, "nimin_syn_5_9": 0.0, "nimmi_syn_5_9": 0.0, "imin_syn_6_7": 0.0, "mi_6_7": 1.5, "immi_syn_6_7": 0.0, "nimin_syn_6_7": 0.0, "nimmi_syn_6_7": 0.0, "imin_syn_6_8": 0.0, "mi_6_8": 1.5, "immi_syn_6_8": 0.0, "nimin_syn_6_8": 0.0, "nimmi_syn_6_8": 0.0, "imin_syn_6_9": 0.0, "mi_6_9": 1.5, "immi_syn_6_9": 0.0, "nimin_syn_6_9": 0.0, "nimmi_syn_6_9": 0.0, "imin_syn_7_8": 0.0, "mi_7_8": 0.0, "immi_syn_7_8": 0.0, "nimin_syn_7_8": 0, "nimmi_syn_7_8": 0, "imin_syn_7_9": 0.0, "mi_7_9": 0.5, "immi_syn_7_9": 0.0, "nimin_syn_7_9": 0.0, "nimmi_syn_7_9": 0.0, "imin_syn_8_9": 0.0, "mi_8_9": 0.5, "immi_syn_8_9": 0.0, "nimin_syn_8_9": 0.0, "nimmi_syn_8_9": 0.0}, {"imin_syn_0_1": 0.0, "mi_0_1": 1.0, "immi_syn_0_1": 0.0, "nimin_syn_0_1": 0.0, "nimmi_syn_0_1": 0.0, "imin_syn_0_2": 0.0, "mi_0_2": 1.0, "immi_syn_0_2": 0.0, "nimin_syn_0_2": 0.0, "nimmi_syn_0_2": 0.0, "imin_syn_0_3": 0.0, "mi_0_3": 1.0, "immi_syn_0_3": 0.0, "nimin_syn_0_3": 0.0, "nimmi_syn_0_3": 0.0, "imin_syn_0_4": 0.0, "mi_0_4": 1.0, "immi_syn_0_4": 0.0, "nimin_syn_0_4": 0.0, "nimmi_syn_0_4": 0.0, "imin_syn_0_5": 0.0, "mi_0_5": 1.0, "immi_syn_0_5": 0.0, "nimin_syn_0_5": 0.0, "nimmi_syn_0_5": 0.0, "imin_syn_0_6": 0.0, "mi_0_6": 1.0, "immi_syn_0_6": 0.0, "nimin_syn_0_6": 0.0, "nimmi_syn_0_6": 0.0, "imin_syn_0_7": 0.0, "mi_0_7": 1.0, "immi_syn_0_7": 0.0, "nimin_syn_0_7": 0.0, "nimmi_syn_0_7": 0.0, "imin_syn_0_8": 0.0, "mi_0_8": 1.0, "immi_syn_0_8": 0.0, "nimin_syn_0_8": 0.0, "nimmi_syn_0_8": 0.0, "imin_syn_0_9": 0.0, "mi_0_9": 1.0, "immi_syn_0_9": 0.0, "nimin_syn_0_9": 0.0, "nimmi_syn_0_9": 0.0, "imin_syn_1_2": 1.1102230246251565e-16, "mi_1_2": 0.31127812445913294, "immi_syn_1_2": 0.0, "nimin_syn_1_2": 3.566659322926226e-16, "nimmi_syn_1_2": 0.0, "imin_syn_1_3": 1.1102230246251565e-16, "mi_1_3": 0.31127812445913294, "immi_syn_1_3": 0.0, "nimin_syn_1_3": 3.566659322926226e-16, "nimmi_syn_1_3": 0.0, "imin_syn_1_4": 0.0, "mi_1_4": 1.0, "immi_syn_1_4": 0.0, "nimin_syn_1_4": 0.0, "nimmi_syn_1_4": 0.0, "imin_syn_1_5": 1.1102230246251565e-16, "mi_1_5": 0.31127812445913294, "immi_syn_1_5": 0.0, "nimin_syn_1_5": 3.566659322926226e-16, "nimmi_syn_1_5": 0.0, "imin_syn_1_6": 1.1102230246251565e-16, "mi_1_6": 0.31127812445913294, "immi_syn_1_6": 0.0, "nimin_syn_1_6": 3.566659322926226e-16, "nimmi_syn_1_6": 0.0, "imin_syn_1_7": 0.0, "mi_1_7": 1.0, "immi_syn_1_7": 0.0, "nimin_syn_1_7": 0.0, "nimmi_syn_1_7": 0.0,