{"avg_reward_avg": 1.0, "avg_reward_sem": 0.0, "accuracy_avg": 1.0, "accuracy_sem": 0.0, "k2_x2h_imin_syn_avg_avg": [0.95, 0.04591311807037934, 0.022935673619524612], "k2_x2h_imin_syn_avg_sem": [0.049999999999999996, 0.012011399056345962, 0.015008277993302494], "k2_x2h_imin_syn_sem_avg": [NaN, 0.015085957033964587, 0.008211110446775579], "k2_x2h_imin_syn_sem_sem": [NaN, 0.0015525319456303035, 0.004486184156659453], "k2_x2h_mi_avg_avg": [1.95, 1.0698863679437765, 0.7966399235377934], "k2_x2h_mi_avg_sem": [0.049999999999999996, 0.07225896399857293, 0.02156078222699314], "k2_x2h_mi_sem_avg": [NaN, 0.08500403097801094, 0.05049811673731284], "k2_x2h_mi_sem_sem": [NaN, 0.004569221399624987, 0.002595878855700711], "k2_x2h_immi_syn_avg_avg": [0.95, 0.08532665279941246, 0.022935673619524595], "k2_x2h_immi_syn_avg_sem": [0.049999999999999996, 0.02295953769969622, 0.015008277993302488], "k2_x2h_immi_syn_sem_avg": [NaN, 0.026897054280702472, 0.008211110446775579], "k2_x2h_immi_syn_sem_sem": [NaN, 0.002827922451920214, 0.004486184156659453], "k2_x2h_nimin_syn_avg_avg": [0.4833333333333334, 0.027076303251291012, 0.02293567361952465], "k2_x2h_nimin_syn_avg_sem": [0.016666666666666666, 0.006521180461350965, 0.015008277993302498], "k2_x2h_nimin_syn_sem_avg": [NaN, 0.009151094080949081, 0.00821111044677559], "k2_x2h_nimin_syn_sem_sem": [NaN, 0.0007623283503314371, 0.004486184156659451], "k2_x2h_nimmi_syn_avg_avg": [0.4833333333333334, 0.05086772686707626, 0.022935673619524595], "k2_x2h_nimmi_syn_avg_sem": [0.016666666666666666, 0.012831586197968883, 0.015008277993302488], "k2_x2h_nimmi_syn_sem_avg": [NaN, 0.016694391721252252, 0.008211110446775579], "k2_x2h_nimmi_syn_sem_sem": [NaN, 0.001574901133873621, 0.004486184156659453], "k2_x2h_imin_red_avg_avg": [0.95, 0.25298912488862146, 0.28080699986538415], "k2_x2h_imin_red_avg_sem": [0.049999999999999996, 0.044987591124967446, 0.026241408077294345], "k2_x2h_imin_red_sem_avg": [NaN, 0.055568982073013085, 0.052603272524686905], "k2_x2h_imin_red_sem_sem": [NaN, 0.0045136691078854355, 0.0037760970573308492], "k2_x2h_immi_red_avg_avg": [0.95, 0.29240265961765455, 0.2808069998653842], "k2_x2h_immi_red_avg_sem": [0.049999999999999996, 0.05066346274535838, 0.026241408077294345], "k2_x2h_immi_red_sem_avg": [NaN, 0.062236545202963955, 0.052603272524686905], "k2_x2h_immi_red_sem_sem": [NaN, 0.003945241697008121, 0.0037760970573308492], "k2_x2h_nimin_red_avg_avg": [0.4833333333333334, 0.16466944205844883, 0.30818711792935316], "k2_x2h_nimin_red_avg_sem": [0.016666666666666666, 0.030167900516422288, 0.02926518659906683], "k2_x2h_nimin_red_sem_avg": [NaN, 0.03648033451732482, 0.056759607344804494], "k2_x2h_nimin_red_sem_sem": [NaN, 0.003334880342586885, 0.002406911715306724], "k2_x2h_nimmi_red_avg_avg": [0.4833333333333334, 0.18846086567423412, 0.3081871179293532], "k2_x2h_nimmi_red_avg_sem": [0.016666666666666666, 0.032638738951066316, 0.02926518659906684], "k2_x2h_nimmi_red_sem_avg": [NaN, 0.040251735209733415, 0.056759607344804494], "k2_x2h_nimmi_red_sem_sem": [NaN, 0.002717586143415864, 0.0024069117153067226], "x2h_imin_syn_avg": [0.95, 0.0, 0.0], "x2h_imin_syn_sem": [0.049999999999999996, 0.0, 0.0], "x2h_mi_avg": [1.95, 1.8, 1.0], "x2h_mi_sem": [0.049999999999999996, 0.08164965809277261, 0.0], "x2h_immi_syn_avg": [0.95, 0.0, 0.0], "x2h_immi_syn_sem": [0.049999999999999996, 0.0, 0.0], "x2h_nimin_syn_avg": [0.4833333333333334, 0.0, 0.0], "x2h_nimin_syn_sem": [0.016666666666666666, 0.0, 0.0], "x2h_nimmi_syn_avg": [0.4833333333333334, 0.0, 0.0], "x2h_nimmi_syn_sem": [0.016666666666666666, 0.0, 0.0], "x2h_imin_red_avg": [0.95, 0.0, 0.0], "x2h_imin_red_sem": [0.049999999999999996, 0.0, 0.0], "x2h_immi_red_avg": [0.95, 0.0, 0.0], "x2h_immi_red_sem": [0.049999999999999996, 0.0, 0.0], "x2h_nimin_red_avg": [0.4833333333333334, 0.0, 0.0], "x2h_nimin_red_sem": [0.016666666666666666, 0.0, 0.0], "x2h_nimmi_red_avg": [0.4833333333333334, 0.0, 0.0], "x2h_nimmi_red_sem": [0.016666666666666666, 0.0, 0.0]}