{"avg_reward": 1.0, "accuracy": 1.0, "k2_x2h_imin_syn_avg": [1.0, 0.038053472262286475, 0.04172097224626077], "k2_x2h_imin_syn_sem": [NaN, 0.01465191071170866, 0.023787218207105595], "k2_x2h_mi_avg": [2.0, 1.0731495136845615, 0.962472847210203], "k2_x2h_mi_sem": [NaN, 0.08443120077813074, 0.02144955201912216], "k2_x2h_immi_syn_avg": [1.0, 0.08763576394898523, 0.04172097224626076], "k2_x2h_immi_syn_sem": [NaN, 0.033904857140723985, 0.02378721820710559], "k2_x2h_nimin_syn_avg": [0.5, 0.024443055582265078, 0.04172097224626077], "k2_x2h_nimin_syn_sem": [NaN, 0.009503848044984676, 0.023787218207105595], "k2_x2h_nimmi_syn_avg": [0.5, 0.05657199078080497, 0.04172097224626076], "k2_x2h_nimmi_syn_sem": [NaN, 0.022162923951651377, 0.02378721820710559], "k2_x2h_imin_red_avg": [1.0, 0.2847869442681618, 0.5660149997115375], "k2_x2h_imin_red_sem": [NaN, 0.0656724963867181, 0.04718689256334031], "k2_x2h_immi_red_avg": [1.0, 0.3343692359548606, 0.5660149997115375], "k2_x2h_immi_red_sem": [NaN, 0.07203784488714973, 0.0471868925633403], "k2_x2h_nimin_red_avg": [0.5, 0.18687133091101282, 0.5951545135884071], "k2_x2h_nimin_red_sem": [NaN, 0.04313559223855017, 0.046982307949014056], "k2_x2h_nimmi_red_avg": [0.5, 0.21900026610955278, 0.5951545135884071], "k2_x2h_nimmi_red_sem": [NaN, 0.04686658226639917, 0.046982307949014056], "k2_x2h_tuples_syn": [{"imin_syn_0_1": 1.0, "mi_0_1": 2.0, "immi_syn_0_1": 1.0, "nimin_syn_0_1": 0.5, "nimmi_syn_0_1": 0.5}, {"imin_syn_0_1": 1.1102230246251565e-16, "mi_0_1": 0.8112781244591329, "immi_syn_0_1": 0.0, "nimin_syn_0_1": 1.3684863318178654e-16, "nimmi_syn_0_1": 0.0, "imin_syn_0_2": 0.29248125036057804, "mi_0_2": 1.5, "immi_syn_0_2": 0.6887218755408671, "nimin_syn_0_2": 0.19498750024038536, "nimmi_syn_0_2": 0.4591479170272447, "imin_syn_0_3": 1.1102230246251565e-16, "mi_0_3": 0.8112781244591329, "immi_syn_0_3": 0.0, "nimin_syn_0_3": 1.3684863318178654e-16, "nimmi_syn_0_3": 0.0, "imin_syn_0_4": 1.1102230246251565e-16, "mi_0_4": 0.8112781244591329, "immi_syn_0_4": 0.0, "nimin_syn_0_4": 1.3684863318178654e-16, "nimmi_syn_0_4": 0.0, "imin_syn_0_5": 1.1102230246251565e-16, "mi_0_5": 0.8112781244591329, "immi_syn_0_5": 0.0, "nimin_syn_0_5": 1.3684863318178654e-16, "nimmi_syn_0_5": 0.0, "imin_syn_0_6": 0.0, "mi_0_6": 1.5, "immi_syn_0_6": 0.0, "nimin_syn_0_6": 0.0, "nimmi_syn_0_6": 0.0, "imin_syn_0_7": 0.29248125036057804, "mi_0_7": 1.5, "immi_syn_0_7": 0.6887218755408671, "nimin_syn_0_7": 0.19498750024038536, "nimmi_syn_0_7": 0.4591479170272447, "imin_syn_0_8": 1.1102230246251565e-16, "mi_0_8": 0.8112781244591329, "immi_syn_0_8": 0.0, "nimin_syn_0_8": 1.3684863318178654e-16, "nimmi_syn_0_8": 0.0, "imin_syn_0_9": 0.0, "mi_0_9": 1.5, "immi_syn_0_9": 0.0, "nimin_syn_0_9": 0.0, "nimmi_syn_0_9": 0.0, "imin_syn_1_2": 1.1102230246251565e-16, "mi_1_2": 0.8112781244591329, "immi_syn_1_2": 0.0, "nimin_syn_1_2": 1.3684863318178654e-16, "nimmi_syn_1_2": 0.0, "imin_syn_1_3": 0.0, "mi_1_3": 0.0, "immi_syn_1_3": 0.0, "nimin_syn_1_3": 0, "nimmi_syn_1_3": 0, "imin_syn_1_4": 0.0, "mi_1_4": 0.0, "immi_syn_1_4": 0.0, "nimin_syn_1_4": 0, "nimmi_syn_1_4": 0, "imin_syn_1_5": 1.1102230246251565e-16, "mi_1_5": 0.8112781244591329, "immi_syn_1_5": 0.0, "nimin_syn_1_5": 1.3684863318178654e-16, "nimmi_syn_1_5": 0.0, "imin_syn_1_6": 0.0, "mi_1_6": 1.5, "immi_syn_1_6": 0.0, "nimin_syn_1_6": 0.0, "nimmi_syn_1_6": 0.0, "imin_syn_1_7": 0.0, "mi_1_7": 0.8112781244591329, "immi_syn_1_7": 0.0, "nimin_syn_1_7": 0.0, "nimmi_syn_1_7": 0.0, "imin_syn_1_8": 0.0, "mi_1_8": 0.0, "immi_syn_1_8": 0.0, "nimin_syn_1_8": 0, "nimmi_syn_1_8": 0, "imin_syn_1_9": 0.0, "mi_1_9": 1.5, "immi_syn_1_9": 0.0, "nimin_syn_1_9": 0.0, "nimmi_syn_1_9": 0.0, "imin_syn_2_3": 1.1102230246251565e-16, "mi_2_3": 0.8112781244591329, "immi_syn_2_3": 0.0, "nimin_syn_2_3": 1.3684863318178654e-16, "nimmi_syn_2_3": 0.0, "imin_syn_2_4": 1.1102230246251565e-16, "mi_2_4": 0.8112781244591329, "immi_syn_2_4": 0.0, "nimin_syn_2_4": 1.3684863318178654e-16, "nimmi_syn_2_4": 0.0, "imin_syn_2_5": 0.29248125036057804, "mi_2_5": 1.5, "immi_syn_2_5": 0.6887218755408671, "nimin_syn_2_5": 0.19498750024038536, "nimmi_syn_2_5": 0.4591479170272447, "imin_syn_2_6": 0.0, "mi_2_6": 1.5, "immi_syn_2_6": 0.0, "nimin_syn_2_6": 0.0, "nimmi_syn_2_6": 0.0, "imin_syn_2_7": 0.29248125036057804, "mi_2_7": 1.5, "immi_syn_2_7": 0.6887218755408671, "nimin_syn_2_7": 0.19498750024038536, "nimmi_syn_2_7": 0.4591479170272447, "imin_syn_2_8": 1.1102230246251565e-16, "mi_2_8": 0.8112781244591329, "immi_syn_2_8": 0.0, "nimin_syn_2_8": 1.3684863318178654e-16, "nimmi_syn_2_8": 0.0, "imin_syn_2_9": 0.0, "mi_2_9": 2.0, "immi_syn_2_9": 0.0, "nimin_syn_2_9": 0.0, "nimmi_syn_2_9": 0.0, "imin_syn_3_4": 0.0, "mi_3_4": 0.0, "immi_syn_3_4": 0.0, "nimin_syn_3_4": 0, "nimmi_syn_3_4": 0, "imin_syn_3_5": 1.1102230246251565e-16, "mi_3_5": 0.8112781244591329, "immi_syn_3_5": 0.0, "nimin_syn_3_5": 1.3684863318178654e-16, "nimmi_syn_3_5": 0.0, "imin_syn_3_6": 0.0, "mi_3_6": 1.5, "immi_syn_3_6": 0.0, "nimin_syn_3_6": 0.0, "nimmi_syn_3_6": 0.0, "imin_syn_3_7": 0.0, "mi_3_7": 0.8112781244591329, "immi_syn_3_7": 0.0, "nimin_syn_3_7": 0.0, "nimmi_syn_3_7": 0.0, "imin_syn_3_8": 0.0, "mi_3_8": 0.0, "immi_syn_3_8": 0.0, "nimin_syn_3_8": 0, "nimmi_syn_3_8": 0, "imin_syn_3_9": 0.0, "mi_3_9": 1.5, "immi_syn_3_9": 0.0, "nimin_syn_3_9": 0.0, "nimmi_syn_3_9": 0.0, "imin_syn_4_5": 1.1102230246251565e-16, "mi_4_5": 0.8112781244591329, "immi_syn_4_5": 0.0, "nimin_syn_4_5": 1.3684863318178654e-16, "nimmi_syn_4_5": 0.0, "imin_syn_4_6": 0.0, "mi_4_6": 1.5, "immi_syn_4_6": 0.0, "nimin_syn_4_6": 0.0, "nimmi_syn_4_6": 0.0, "imin_syn_4_7": 0.0, "mi_4_7": 0.8112781244591329, "immi_syn_4_7": 0.0, "nimin_syn_4_7": 0.0, "nimmi_syn_4_7": 0.0, "imin_syn_4_8": 0.0, "mi_4_8": 0.0, "immi_syn_4_8": 0.0, "nimin_syn_4_8": 0, "nimmi_syn_4_8": 0, "imin_syn_4_9": 0.0, "mi_4_9": 1.5, "immi_syn_4_9": 0.0, "nimin_syn_4_9": 0.0, "nimmi_syn_4_9": 0.0, "imin_syn_5_6": 0.0, "mi_5_6": 1.5, "immi_syn_5_6": 0.0, "nimin_syn_5_6": 0.0, "nimmi_syn_5_6": 0.0, "imin_syn_5_7": 0.29248125036057804, "mi_5_7": 1.5, "immi_syn_5_7": 0.6887218755408671, "nimin_syn_5_7": 0.19498750024038536, "nimmi_syn_5_7": 0.4591479170272447, "imin_syn_5_8": 1.1102230246251565e-16, "mi_5_8": 0.8112781244591329, "immi_syn_5_8": 0.0, "nimin_syn_5_8": 1.3684863318178654e-16, "nimmi_syn_5_8": 0.0, "imin_syn_5_9": 0.0, "mi_5_9": 1.5, "immi_syn_5_9": 0.0, "nimin_syn_5_9": 0.0, "nimmi_syn_5_9": 0.0, "imin_syn_6_7": 0.25, "mi_6_7": 2.0, "immi_syn_6_7": 0.5, "nimin_syn_6_7": 0.125, "nimmi_syn_6_7": 0.25, "imin_syn_6_8": 0.0, "mi_6_8": 1.5, "immi_syn_6_8": 0.0, "nimin_syn_6_8": 0.0, "nimmi_syn_6_8": 0.0, "imin_syn_6_9": 0.0, "mi_6_9": 2.0, "immi_syn_6_9": 0.0, "nimin_syn_6_9": 0.0, "nimmi_syn_6_9": 0.0, "imin_syn_7_8": 0.0, "mi_7_8": 0.8112781244591329, "immi_syn_7_8": 0.0, "nimin_syn_7_8": 0.0, "nimmi_syn_7_8": 0.0, "imin_syn_7_9": 0.0, "mi_7_9": 1.5, "immi_syn_7_9": 0.0, "nimin_syn_7_9": 0.0, "nimmi_syn_7_9": 0.0, "imin_syn_8_9": 0.0, "mi_8_9": 1.5, "immi_syn_8_9": 0.0, "nimin_syn_8_9": 0.0, "nimmi_syn_8_9": 0.0}, {"imin_syn_0_1": 0.0, "mi_0_1": 1.0, "immi_syn_0_1": 0.0, "nimin_syn_0_1": 0.0, "nimmi_syn_0_1": 0.0, "imin_syn_0_2": 0.0, "mi_0_2": 1.0, "immi_syn_0_2": 0.0, "nimin_syn_0_2": 0.0, "nimmi_syn_0_2": 0.0, "imin_syn_0_3": 0.0, "mi_0_3": 1.0, "immi_syn_0_3": 0.0, "nimin_syn_0_3": 0.0, "nimmi_syn_0_3": 0.0, "imin_syn_0_4": 0.0, "mi_0_4": 1.0, "immi_syn_0_4": 0.0, "nimin_syn_0_4": 0.0, "nimmi_syn_0_4": 0.0, "imin_syn_0_5": 0.0, "mi_0_5": 1.0, "immi_syn_0_5": 0.0, "nimin_syn_0_5": 0.0, "nimmi_syn_0_5": 0.0, "imin_syn_0_6": 0.0, "mi_0_6": 1.0, "immi_syn_0_6": 0.0, "nimin_syn_0_6": 0.0, "nimmi_syn_0_6": 0.0, "imin_syn_0_7": 0.0, "mi_0_7": 1.0, "immi_syn_0_7": 0.0, "nimin_syn_0_7": 0.0, "nimmi_syn_0_7": 0.0, "imin_syn_0_8": 0.0, "mi_0_8": 1.0, "immi_syn_0_8": 0.0, "nimin_syn_0_8": 0.0, "nimmi_syn_0_8": 0.0, "imin_syn_0_9": 0.0, "mi_0_9": 1.0, "immi_syn_0_9": 0.0, "nimin_syn_0_9": 0.0, "nimmi_syn_0_9": 0.0, "imin_syn_1_2": 0.0, "mi_1_2": 1.0,