{"avg_reward_avg": 1.0, "avg_reward_sem": 0.0, "accuracy_avg": 1.0, "accuracy_sem": 0.0, "k2_x2h_imin_syn_avg_avg": [1.0, 0.0738304167227566, 0.038180458388621996], "k2_x2h_imin_syn_avg_sem": [0.0, 0.008277856261650406, 0.01575775393896916], "k2_x2h_imin_syn_sem_avg": [NaN, 0.018419134015469314, 0.012661031515962762], "k2_x2h_imin_syn_sem_sem": [NaN, 0.0007595121131355224, 0.003941203563871582], "k2_x2h_mi_avg_avg": [2.0, 1.2397125900890753, 0.9374786874290862], "k2_x2h_mi_avg_sem": [0.0, 0.10159523534531197, 0.022536587265069283], "k2_x2h_mi_sem_avg": [NaN, 0.07185072245243489, 0.036079374064958716], "k2_x2h_mi_sem_sem": [NaN, 0.004408490234799244, 0.008864786556912935], "k2_x2h_immi_syn_avg_avg": [1.0, 0.16602340286191267, 0.05136675699612729], "k2_x2h_immi_syn_avg_sem": [0.0, 0.018472349743349332, 0.022283531437029623], "k2_x2h_immi_syn_sem_avg": [NaN, 0.04033420206850131, 0.015901614195677944], "k2_x2h_immi_syn_sem_sem": [NaN, 0.001600349167843988, 0.004530272196803161], "k2_x2h_nimin_syn_avg_avg": [0.5, 0.045146203741097, 0.03978196297495858], "k2_x2h_nimin_syn_avg_sem": [0.0, 0.004895266275544367, 0.017708495326924326], "k2_x2h_nimin_syn_sem_avg": [NaN, 0.011426920109158906, 0.012723916343521813], "k2_x2h_nimin_syn_sem_sem": [NaN, 0.00045870107209007674, 0.004073366830521842], "k2_x2h_nimmi_syn_avg_avg": [0.5, 0.10216375005608994, 0.053184356483060344], "k2_x2h_nimmi_syn_avg_sem": [0.0, 0.011186592470276964, 0.02479223153090937], "k2_x2h_nimmi_syn_sem_avg": [NaN, 0.025575904304872426, 0.015017993154168463], "k2_x2h_nimmi_syn_sem_sem": [NaN, 0.001195252240465714, 0.004318888065796747], "k2_x2h_imin_red_avg_avg": [1.0, 0.3796766594766285, 0.5178011386533112], "k2_x2h_imin_red_avg_sem": [0.0, 0.07938104832363474, 0.07705313961217806], "k2_x2h_imin_red_sem_avg": [NaN, 0.0558116183054312, 0.044241129312741635], "k2_x2h_imin_red_sem_sem": [NaN, 0.004316420952521124, 0.004602820063511982], "k2_x2h_immi_red_avg_avg": [1.0, 0.4718696456157846, 0.5309874372608165], "k2_x2h_immi_red_avg_sem": [0.0, 0.08496315702993341, 0.07402223449560681], "k2_x2h_immi_red_sem_avg": [NaN, 0.06479156799003324, 0.04601789169869343], "k2_x2h_immi_red_sem_sem": [NaN, 0.0036132386301299868, 0.003891940284759555], "k2_x2h_nimin_red_avg_avg": [0.5, 0.24352518389069133, 0.548895131845922], "k2_x2h_nimin_red_avg_sem": [0.0, 0.04053287651222529, 0.0729394078443822], "k2_x2h_nimin_red_sem_avg": [NaN, 0.039906265555813815, 0.04785820556961252], "k2_x2h_nimin_red_sem_sem": [NaN, 0.0026160472086001556, 0.0032856021655006114], "k2_x2h_nimmi_red_avg_avg": [0.5, 0.30054273020568434, 0.5622975253540237], "k2_x2h_nimmi_red_avg_sem": [0.0, 0.04338508052059612, 0.07117991230128294], "k2_x2h_nimmi_red_sem_avg": [NaN, 0.044122996226009084, 0.04789178987452341], "k2_x2h_nimmi_red_sem_sem": [NaN, 0.002626245207016319, 0.003291793870531613], "x2h_imin_syn_avg": [1.0, 0.0, 0.0], "x2h_imin_syn_sem": [0.0, 0.0, 0.0], "x2h_mi_avg": [2.0, 2.0, 1.2], "x2h_mi_sem": [0.0, 0.0, 0.08164965809277261], "x2h_immi_syn_avg": [1.0, 0.0, 0.0], "x2h_immi_syn_sem": [0.0, 0.0, 0.0], "x2h_nimin_syn_avg": [0.5, 0.0, 0.0], "x2h_nimin_syn_sem": [0.0, 0.0, 0.0], "x2h_nimmi_syn_avg": [0.5, 0.0, 0.0], "x2h_nimmi_syn_sem": [0.0, 0.0, 0.0], "x2h_imin_red_avg": [1.0, 0.04150374992788437, 0.14338343733773984], "x2h_imin_red_sem": [0.0, 0.04150374992788437, 0.0610185865374487], "x2h_immi_red_avg": [1.0, 0.0811278124459133, 0.1433834373377399], "x2h_immi_red_sem": [0.0, 0.0811278124459133, 0.061018586537448724], "x2h_nimin_red_avg": [0.5, 0.020751874963942187, 0.13300749985576873], "x2h_nimin_red_sem": [0.0, 0.020751874963942187, 0.05868392007722166], "x2h_nimmi_red_avg": [0.5, 0.04056390622295665, 0.1330074998557688], "x2h_nimmi_red_sem": [0.0, 0.04056390622295665, 0.05868392007722168]}