{"avg_reward_avg": 0.9356, "avg_reward_sem": 0.002574231276841029, "accuracy_avg": 0.6759999999999999, "accuracy_sem": 0.013432961119739918, "k2_xh2h_immi_syn_avg_avg": [0.1620244382918114], "k2_xh2h_immi_syn_avg_sem": [0.01012837743200261], "k2_xh2h_immi_syn_sem_avg": [0.023724163802882583], "k2_xh2h_immi_syn_sem_sem": [0.0015097708619828524], "k2_xh2h_mi_avg_avg": [0.6271562797783559], "k2_xh2h_mi_avg_sem": [0.028845325381368168], "k2_xh2h_mi_sem_avg": [0.05535790143081167], "k2_xh2h_mi_sem_sem": [0.0019212776876486961], "k2_xh2h_nimmi_syn_avg_avg": [0.2576754024320025], "k2_xh2h_nimmi_syn_avg_sem": [0.005977156070395058], "k2_xh2h_nimmi_syn_sem_avg": [0.021833794573626837], "k2_xh2h_nimmi_syn_sem_sem": [0.0006879986805681691]}