{"avg_reward": 0.944, "accuracy": 0.72, "k2_xh2h_immi_syn_avg": [0.1736898503882437], "k2_xh2h_immi_syn_sem": [0.023844114444056166], "k2_xh2h_mi_avg": [0.6525648353521474], "k2_xh2h_mi_sem": [0.05359838214876736], "k2_xh2h_nimmi_syn_avg": [0.267753347763306], "k2_xh2h_nimmi_syn_sem": [0.023186347283977983]}