{"avg_reward": 0.924, "accuracy": 0.62, "k2_xh2h_immi_syn_avg": [0.19787505845055134], "k2_xh2h_immi_syn_sem": [0.03216063310326272], "k2_xh2h_mi_avg": [0.7444014014673431], "k2_xh2h_mi_sem": [0.06601469142953877], "k2_xh2h_nimmi_syn_avg": [0.24844065477779265], "k2_xh2h_nimmi_syn_sem": [0.024115657584209825]}