{"avg_reward": 0.942, "accuracy": 0.71, "k2_xh2h_immi_syn_avg": [0.13452799466130225], "k2_xh2h_immi_syn_sem": [0.01810628204284444], "k2_xh2h_mi_avg": [0.5959964397356559], "k2_xh2h_mi_sem": [0.049350262150440104], "k2_xh2h_nimmi_syn_avg": [0.2491889428150701], "k2_xh2h_nimmi_syn_sem": [0.023124301871297076]}