{"avg_reward": 0.926, "accuracy": 0.62, "k2_xh2h_immi_syn_avg": [0.17521104602534737], "k2_xh2h_immi_syn_sem": [0.025427896507461092], "k2_xh2h_mi_avg": [0.6612544307949244], "k2_xh2h_mi_sem": [0.057891018267950754], "k2_xh2h_nimmi_syn_avg": [0.25316309846298163], "k2_xh2h_nimmi_syn_sem": [0.02140685359056042]}