{"avg_reward": 0.946, "accuracy": 0.73, "k2_xh2h_immi_syn_avg": [0.18262178281950167], "k2_xh2h_immi_syn_sem": [0.03137253957081234], "k2_xh2h_mi_avg": [0.6506696691292009], "k2_xh2h_mi_sem": [0.06425176296302643], "k2_xh2h_nimmi_syn_avg": [0.2681261128077842], "k2_xh2h_nimmi_syn_sem": [0.0249704751667569]}