{"avg_reward": 0.937, "accuracy": 0.68, "k2_xh2h_immi_syn_avg": [0.16561614496056548], "k2_xh2h_immi_syn_sem": [0.022337898456332696], "k2_xh2h_mi_avg": [0.688404463517505], "k2_xh2h_mi_sem": [0.057386539326922476], "k2_xh2h_nimmi_syn_avg": [0.2524317663866398], "k2_xh2h_nimmi_syn_sem": [0.021523522375738093]}