{"avg_reward": 0.928, "accuracy": 0.64, "k2_xh2h_immi_syn_avg": [0.1002385107835427], "k2_xh2h_immi_syn_sem": [0.02018234209829468], "k2_xh2h_mi_avg": [0.4894207507666485], "k2_xh2h_mi_sem": [0.05131876294001153], "k2_xh2h_nimmi_syn_avg": [0.21799663919464954], "k2_xh2h_nimmi_syn_sem": [0.019662890089465236]}