{"avg_reward": 0.933, "accuracy": 0.65, "k2_xh2h_immi_syn_avg": [0.20490672737217153], "k2_xh2h_immi_syn_sem": [0.02252866994464337], "k2_xh2h_mi_avg": [0.7367676909714903], "k2_xh2h_mi_sem": [0.05516008951747872], "k2_xh2h_nimmi_syn_avg": [0.27823203492528964], "k2_xh2h_nimmi_syn_sem": [0.017615079783460028]}