{"avg_reward": 0.932, "accuracy": 0.67, "k2_xh2h_immi_syn_avg": [0.13793465263479748], "k2_xh2h_immi_syn_sem": [0.01889627116244224], "k2_xh2h_mi_avg": [0.4898421929408205], "k2_xh2h_mi_sem": [0.04901145304895087], "k2_xh2h_nimmi_syn_avg": [0.28591955904294447], "k2_xh2h_nimmi_syn_sem": [0.020720460861911198]}