{"avg_reward_avg": 1.0, "avg_reward_sem": 0.0, "accuracy_avg": 1.0, "accuracy_sem": 0.0, "k2_x2h_imin_syn_avg_avg": [0.75, 0.006205513889690179, 0.0], "k2_x2h_imin_syn_avg_sem": [0.08333333333333333, 0.0032027697238379703, 0.0], "k2_x2h_imin_syn_sem_avg": [NaN, 0.003133870617561351, 0.0], "k2_x2h_imin_syn_sem_sem": [NaN, 0.001601791236344969, 0.0], "k2_x2h_mi_avg_avg": [1.75, 0.9763291527513355, 0.9977777777777778], "k2_x2h_mi_avg_sem": [0.08333333333333333, 0.05100119971732778, 0.002222222222222225], "k2_x2h_mi_sem_avg": [NaN, 0.046592623094792195, 0.0022222222222222222], "k2_x2h_mi_sem_sem": [NaN, 0.00716598496450914, 0.002222222222222222], "k2_x2h_immi_syn_avg_avg": [0.75, 0.012641604167868591, 0.0], "k2_x2h_immi_syn_avg_sem": [0.08333333333333333, 0.006543868129792347, 0.0], "k2_x2h_immi_syn_sem_avg": [NaN, 0.006401484793400076, 0.0], "k2_x2h_immi_syn_sem_sem": [NaN, 0.003280395249276309, 0.0], "k2_x2h_nimin_syn_avg_avg": [0.4166666666666667, 0.004137009259793463, 0.0], "k2_x2h_nimin_syn_avg_sem": [0.02777777777777778, 0.002135179815891979, 0.0], "k2_x2h_nimin_syn_sem_avg": [NaN, 0.0020892470783742388, 0.0], "k2_x2h_nimin_syn_sem_sem": [NaN, 0.0010678608242299789, 0.0], "k2_x2h_nimmi_syn_avg_avg": [0.4166666666666667, 0.008427736111912396, 0.0], "k2_x2h_nimmi_syn_avg_sem": [0.02777777777777778, 0.004362578753194898, 0.0], "k2_x2h_nimmi_syn_sem_avg": [NaN, 0.004267656528933386, 0.0], "k2_x2h_nimmi_syn_sem_sem": [NaN, 0.0021869301661842063, 0.0], "k2_x2h_imin_red_avg_avg": [0.75, 0.430563069406784, 0.8133333333333332], "k2_x2h_imin_red_avg_sem": [0.08333333333333333, 0.07035138817901987, 0.04733791202569025], "k2_x2h_imin_red_sem_avg": [NaN, 0.06421545248701643, 0.0455921674534217], "k2_x2h_imin_red_sem_sem": [NaN, 0.004890832961607202, 0.010074709401430675], "k2_x2h_immi_red_avg_avg": [0.75, 0.43699915968496245, 0.8133333333333332], "k2_x2h_immi_red_avg_sem": [0.08333333333333333, 0.06898918803729744, 0.04733791202569025], "k2_x2h_immi_red_sem_avg": [NaN, 0.0651127564869006, 0.0455921674534217], "k2_x2h_immi_red_sem_sem": [NaN, 0.00481896168379068, 0.010074709401430675], "k2_x2h_nimin_red_avg_avg": [0.4166666666666667, 0.3956441064523681, 0.8133333333333332], "k2_x2h_nimin_red_avg_sem": [0.02777777777777778, 0.07124236959957228, 0.04733791202569025], "k2_x2h_nimin_red_sem_avg": [NaN, 0.05887442871014348, 0.0455921674534217], "k2_x2h_nimin_red_sem_sem": [NaN, 0.004464453147985261, 0.010074709401430675], "k2_x2h_nimmi_red_avg_avg": [0.4166666666666667, 0.3999348333044871, 0.8133333333333332], "k2_x2h_nimmi_red_avg_sem": [0.02777777777777778, 0.07017445697016027, 0.04733791202569025], "k2_x2h_nimmi_red_sem_avg": [NaN, 0.05926558633663268, 0.0455921674534217], "k2_x2h_nimmi_red_sem_sem": [NaN, 0.004402143505305609, 0.010074709401430675], "x2h_imin_syn_avg": [0.75, 0.0, 0.0], "x2h_imin_syn_sem": [0.08333333333333333, 0.0, 0.0], "x2h_mi_avg": [1.75, 1.2, 1.0], "x2h_mi_sem": [0.08333333333333333, 0.08164965809277261, 0.0], "x2h_immi_syn_avg": [0.75, 0.0, 0.0], "x2h_immi_syn_sem": [0.08333333333333333, 0.0, 0.0], "x2h_nimin_syn_avg": [0.4166666666666667, 0.0, 0.0], "x2h_nimin_syn_sem": [0.02777777777777778, 0.0, 0.0], "x2h_nimmi_syn_avg": [0.4166666666666667, 0.0, 0.0], "x2h_nimmi_syn_sem": [0.02777777777777778, 0.0, 0.0], "x2h_imin_red_avg": [0.75, 0.05, 0.3], "x2h_imin_red_sem": [0.08333333333333333, 0.049999999999999996, 0.15275252316519466], "x2h_immi_red_avg": [0.75, 0.05, 0.3], "x2h_immi_red_sem": [0.08333333333333333, 0.049999999999999996, 0.15275252316519466], "x2h_nimin_red_avg": [0.4166666666666667, 0.05, 0.3], "x2h_nimin_red_sem": [0.02777777777777778, 0.049999999999999996, 0.15275252316519466], "x2h_nimmi_red_avg": [0.4166666666666667, 0.05, 0.3], "x2h_nimmi_red_sem": [0.02777777777777778, 0.049999999999999996, 0.15275252316519466]}