{"avg_reward_avg": 0.2138278566493177, "avg_reward_sem": 0.00760767677482865, "accuracy_avg": 0.7583333333333333, "accuracy_sem": 0.026205503144601683, "IQR_binning_avg": 1.0, "IQR_binning_sem": 0.0, "layer_max_bin_avg": 5.0, "layer_max_bin_sem": 0.0, "k2_x2h_ray_imin_syn_avg_avg": [0.42203830256078206, 0.20453373722437926, 0.13795443731067838], "k2_x2h_ray_imin_syn_avg_sem": [0.03159682782735507, 0.04867867406466174, 0.025159946236480393], "k2_x2h_ray_imin_syn_sem_avg": [0.035641918944293374, 0.046171459540774715, 0.018563451881502997], "k2_x2h_ray_imin_syn_sem_sem": [0.008498035385681018, 0.0058468543258097675, 0.0015167924623169064], "k2_x2h_ray_mi_avg_avg": [1.3400804018102885, 1.4962217876217567, 0.6447353302882616], "k2_x2h_ray_mi_avg_sem": [0.10393162213882172, 0.13844849147090035, 0.04815981847025942], "k2_x2h_ray_mi_sem_avg": [0.09827716785700714, 0.13812388683035692, 0.04333527848742781], "k2_x2h_ray_mi_sem_sem": [0.014913805694513844, 0.007385670988225421, 0.004364690685425348], "k2_x2h_ray_immi_syn_avg_avg": [0.554141052779333, 0.26718217015258183, 0.16833672950472442], "k2_x2h_ray_immi_syn_avg_sem": [0.048916461325787294, 0.06133168842312898, 0.02920076137134252], "k2_x2h_ray_immi_syn_sem_avg": [0.03260218940665632, 0.0609427038877791, 0.0225683614719843], "k2_x2h_ray_immi_syn_sem_sem": [0.003277211638416648, 0.007021377209014401, 0.0016663501298184017], "k2_x2h_ray_nimin_syn_avg_avg": [0.3231048248536482, 0.0758453857310453, 0.16433085059671418], "k2_x2h_ray_nimin_syn_avg_sem": [0.016220239284180624, 0.019193477420490268, 0.02663036967467033], "k2_x2h_ray_nimin_syn_sem_avg": [0.03562912939769409, 0.01630892562411812, 0.020238795719775018], "k2_x2h_ray_nimin_syn_sem_sem": [0.008089295409361243, 0.002008348797975348, 0.0013323444868266847], "k2_x2h_ray_nimmi_syn_avg_avg": [0.4196750624521293, 0.09886470677316835, 0.20273282055947353], "k2_x2h_ray_nimmi_syn_avg_sem": [0.016431588101501422, 0.023946796737886425, 0.03128974135098081], "k2_x2h_ray_nimmi_syn_sem_avg": [0.04035221898055117, 0.021615298180666702, 0.024663012403447572], "k2_x2h_ray_nimmi_syn_sem_sem": [0.008941762514938273, 0.002323729253063095, 0.0016779340953763967], "k2_x2h_pos_imin_syn_avg_avg": [0.44249931983902646, 0.20453373722437926, 0.13795443731067838], "k2_x2h_pos_imin_syn_avg_sem": [0.04304860284646742, 0.04867867406466174, 0.025159946236480393], "k2_x2h_pos_imin_syn_sem_avg": [0.07415108583879952, 0.046171459540774715, 0.018563451881502997], "k2_x2h_pos_imin_syn_sem_sem": [0.010129661431337233, 0.0058468543258097675, 0.0015167924623169064], "k2_x2h_pos_mi_avg_avg": [1.6752793894953366, 1.4962217876217567, 0.6447353302882616], "k2_x2h_pos_mi_avg_sem": [0.11126346121745123, 0.13844849147090035, 0.04815981847025942], "k2_x2h_pos_mi_sem_avg": [0.10459191597910293, 0.13812388683035692, 0.04333527848742781], "k2_x2h_pos_mi_sem_sem": [0.014111141412817782, 0.007385670988225421, 0.004364690685425348], "k2_x2h_pos_immi_syn_avg_avg": [0.5558898693639878, 0.26718217015258183, 0.16833672950472442], "k2_x2h_pos_immi_syn_avg_sem": [0.055018564811530515, 0.06133168842312898, 0.02920076137134252], "k2_x2h_pos_immi_syn_sem_avg": [0.09564476568336791, 0.0609427038877791, 0.0225683614719843], "k2_x2h_pos_immi_syn_sem_sem": [0.014036664245097155, 0.007021377209014401, 0.0016663501298184017], "k2_x2h_pos_nimin_syn_avg_avg": [0.2595092787030241, 0.0758453857310453, 0.16433085059671418], "k2_x2h_pos_nimin_syn_avg_sem": [0.014154386675689143, 0.019193477420490268, 0.02663036967467033], "k2_x2h_pos_nimin_syn_sem_avg": [0.026862945581686122, 0.01630892562411812, 0.020238795719775018], "k2_x2h_pos_nimin_syn_sem_sem": [0.004502566282292769, 0.002008348797975348, 0.0013323444868266847], "k2_x2h_pos_nimmi_syn_avg_avg": [0.3283551982428223, 0.09886470677316835, 0.20273282055947353], "k2_x2h_pos_nimmi_syn_avg_sem": [0.023754320790090426, 0.023946796737886425, 0.03128974135098081], "k2_x2h_pos_nimmi_syn_sem_avg": [0.03528793594427701, 0.021615298180666702, 0.024663012403447572], "k2_x2h_pos_nimmi_syn_sem_sem": [0.005731886450675319, 0.002323729253063095, 0.0016779340953763967]}