{"avg_reward": 0.20328823832647072, "accuracy": 0.6666666666666666, "IQR_binning": true, "layer_max_bin": 5, "k2_x2h_ray_imin_syn_avg": [0.44076155564910974, 0.10650345662492114, 0.3183588780290224], "k2_x2h_ray_imin_syn_sem": [0.020201928643928176, 0.04418378579563593, 0.01241336043181753], "k2_x2h_ray_mi_avg": [1.419184451843491, 1.4753660170339276, 0.9267944359478162], "k2_x2h_ray_mi_sem": [0.04700285328447895, 0.1816894820534905, 0.02843055859481899], "k2_x2h_ray_immi_syn_avg": [0.6293797243902031, 0.1446057942243912, 0.37536844612416354], "k2_x2h_ray_immi_syn_sem": [0.027066640913234935, 0.060268619655979364, 0.016184507924914982], "k2_x2h_ray_nimin_syn_avg": [0.3121894257720316, 0.030979029430440008, 0.34662961987099133], "k2_x2h_ray_nimin_syn_sem": [0.024403672738881624, 0.012354871289753282, 0.01071362303345008], "k2_x2h_ray_nimmi_syn_avg": [0.44384779017719816, 0.04198534006120047, 0.407141002379893], "k2_x2h_ray_nimmi_syn_sem": [0.017677146665694143, 0.016800840558881293, 0.013065764729942623], "k2_x2h_pos_imin_syn_avg": [0.4652412650864874, 0.10650345662492114, 0.3183588780290224], "k2_x2h_pos_imin_syn_sem": [0.0841949186829818, 0.04418378579563593, 0.01241336043181753], "k2_x2h_pos_mi_avg": [1.8523546613861674, 1.4753660170339276, 0.9267944359478162], "k2_x2h_pos_mi_sem": [0.050246037857267556, 0.1816894820534905, 0.02843055859481899], "k2_x2h_pos_immi_syn_avg": [0.5295625234670526, 0.1446057942243912, 0.37536844612416354], "k2_x2h_pos_immi_syn_sem": [0.05024603785726757, 0.060268619655979364, 0.016184507924914982], "k2_x2h_pos_nimin_syn_avg": [0.24913941973994816, 0.030979029430440008, 0.34662961987099133], "k2_x2h_pos_nimin_syn_sem": [0.039320215741604984, 0.012354871289753282, 0.01071362303345008], "k2_x2h_pos_nimmi_syn_avg": [0.28484079373029236, 0.04198534006120047, 0.407141002379893], "k2_x2h_pos_nimmi_syn_sem": [0.019275349625257458, 0.016800840558881293, 0.013065764729942623]}