{"avg_reward": 0.22818461967202813, "accuracy": 0.75, "IQR_binning": true, "layer_max_bin": 5, "k2_x2h_ray_imin_syn_avg": [0.5263452143836529, 0.1542447521292437, 0.13536081064225233], "k2_x2h_ray_imin_syn_sem": [0.01578003735798953, 0.04620528996269395, 0.020806409510786713], "k2_x2h_ray_mi_avg": [1.4838707294319955, 1.5546610560356398, 0.6706641659253829], "k2_x2h_ray_mi_sem": [0.0245115322689219, 0.15581107890932253, 0.042736140561083186], "k2_x2h_ray_immi_syn_avg": [0.7577753369192898, 0.2241979399196394, 0.16703570714759075], "k2_x2h_ray_immi_syn_sem": [0.03307910889469951, 0.06485338686965106, 0.025070308250583956], "k2_x2h_ray_nimin_syn_avg": [0.3551897287258788, 0.0520993400977183, 0.1616108386001391], "k2_x2h_ray_nimin_syn_sem": [0.01561840688246476, 0.015121877151059213, 0.02286221326024681], "k2_x2h_ray_nimmi_syn_avg": [0.510415948322036, 0.07734970021033488, 0.20176452226218175], "k2_x2h_ray_nimmi_syn_sem": [0.017505928182749562, 0.022244013245086777, 0.027532634769635234], "k2_x2h_pos_imin_syn_avg": [0.5050005093104333, 0.1542447521292437, 0.13536081064225233], "k2_x2h_pos_imin_syn_sem": [0.06895973733133119, 0.04620528996269395, 0.020806409510786713], "k2_x2h_pos_mi_avg": [1.9107454596682125, 1.5546610560356398, 0.6706641659253829], "k2_x2h_pos_mi_sem": [0.061260706211197384, 0.15581107890932253, 0.042736140561083186], "k2_x2h_pos_immi_syn_avg": [0.582533316686367, 0.2241979399196394, 0.16703570714759075], "k2_x2h_pos_immi_syn_sem": [0.061260706211197384, 0.06485338686965106, 0.025070308250583956], "k2_x2h_pos_nimin_syn_avg": [0.26248641881891865, 0.0520993400977183, 0.1616108386001391], "k2_x2h_pos_nimin_syn_sem": [0.028451248895316528, 0.015121877151059213, 0.02286221326024681], "k2_x2h_pos_nimmi_syn_avg": [0.30340966005100234, 0.07734970021033488, 0.20176452226218175], "k2_x2h_pos_nimmi_syn_sem": [0.02281653544983482, 0.022244013245086777, 0.027532634769635234]}