{"avg_reward": 0.2188939598234901, "accuracy": 0.75, "IQR_binning": true, "layer_max_bin": 5, "k2_x2h_ray_imin_syn_avg": [0.3051475369429379, 0.2779685288821989, 0.20926765692704924], "k2_x2h_ray_imin_syn_sem": [0.005338604188965407, 0.0635775511311136, 0.023915196538433263], "k2_x2h_ray_mi_avg": [1.2275155351809452, 1.950012915818569, 0.8233640928171055], "k2_x2h_ray_mi_sem": [0.1117012174215956, 0.1479305999399987, 0.04044030509366617], "k2_x2h_ray_immi_syn_avg": [0.39056410722766444, 0.41458033309293396, 0.2451817032122954], "k2_x2h_ray_immi_syn_sem": [0.0326423064128045, 0.0902253921010671, 0.027942004685057677], "k2_x2h_ray_nimin_syn_avg": [0.2533738988940518, 0.08935963756315483, 0.21720243136874381], "k2_x2h_ray_nimin_syn_sem": [0.026880289295484198, 0.02001664637291578, 0.02164328727475], "k2_x2h_ray_nimmi_syn_avg": [0.3212175772877612, 0.13457499482572638, 0.2543608652822254], "k2_x2h_ray_nimmi_syn_sem": [0.02745558245791562, 0.028935329924628727, 0.025776354927857292], "k2_x2h_pos_imin_syn_avg": [0.45752251210662304, 0.2779685288821989, 0.20926765692704924], "k2_x2h_pos_imin_syn_sem": [0.10613043714031214, 0.0635775511311136, 0.023915196538433263], "k2_x2h_pos_mi_avg": [1.6008775940034097, 1.950012915818569, 0.8233640928171055], "k2_x2h_pos_mi_sem": [0.15845695013979974, 0.1479305999399987, 0.04044030509366617], "k2_x2h_pos_immi_syn_avg": [0.6222517298587409, 0.41458033309293396, 0.2451817032122954], "k2_x2h_pos_immi_syn_sem": [0.15845695013979974, 0.0902253921010671, 0.027942004685057677], "k2_x2h_pos_nimin_syn_avg": [0.2786059789759541, 0.08935963756315483, 0.21720243136874381], "k2_x2h_pos_nimin_syn_sem": [0.037587935126065314, 0.02001664637291578, 0.02164328727475], "k2_x2h_pos_nimmi_syn_avg": [0.37638884247232623, 0.13457499482572638, 0.2543608652822254], "k2_x2h_pos_nimmi_syn_sem": [0.06246490875323758, 0.028935329924628727, 0.025776354927857292]}