{"avg_reward": 0.1648916362180619, "accuracy": 0.8333333333333334, "IQR_binning": true, "layer_max_bin": 5, "k2_x2h_ray_imin_syn_avg": [0.6132116781030333, 0.500262382941523, 0.07711848079016903], "k2_x2h_ray_imin_syn_sem": [0.039268166607172285, 0.0621781511186186, 0.018095956138431613], "k2_x2h_ray_mi_avg": [1.886403371645991, 2.0609541554986914, 0.707713032625787], "k2_x2h_ray_mi_sem": [0.12344068721875774, 0.10706013546002491, 0.06709874191196667], "k2_x2h_ray_immi_syn_avg": [0.7520269473854414, 0.6479474646732757, 0.09010255024683317], "k2_x2h_ray_immi_syn_sem": [0.03556224637549162, 0.08159894370373115, 0.020978902201596678], "k2_x2h_ray_nimin_syn_avg": [0.3252591945737431, 0.194902606986736, 0.07352145131877652], "k2_x2h_ray_nimin_syn_sem": [0.005336983242996417, 0.023269631061945517, 0.018407944142959883], "k2_x2h_ray_nimmi_syn_avg": [0.40035715826206447, 0.2518275809126559, 0.0861328751657505], "k2_x2h_ray_nimmi_syn_sem": [0.01779052900433859, 0.030351633093040647, 0.021230365219205023], "k2_x2h_pos_imin_syn_avg": [0.7306288653076489, 0.500262382941523, 0.07711848079016903], "k2_x2h_pos_imin_syn_sem": [0.06995890130243333, 0.0621781511186186, 0.018095956138431613], "k2_x2h_pos_mi_avg": [2.0507914329015704, 2.0609541554986914, 0.707713032625787], "k2_x2h_pos_mi_sem": [0.15886022816767179, 0.10706013546002491, 0.06709874191196667], "k2_x2h_pos_immi_syn_avg": [0.923575211069048, 0.6479474646732757, 0.09010255024683317], "k2_x2h_pos_immi_syn_sem": [0.11493736513982569, 0.08159894370373115, 0.020978902201596678], "k2_x2h_pos_nimin_syn_avg": [0.35531951899173597, 0.194902606986736, 0.07352145131877652], "k2_x2h_pos_nimin_syn_sem": [0.00687976567656709, 0.023269631061945517, 0.018407944142959883], "k2_x2h_pos_nimmi_syn_avg": [0.4470990953744554, 0.2518275809126559, 0.0861328751657505], "k2_x2h_pos_nimmi_syn_sem": [0.02523859058928883, 0.030351633093040647, 0.021230365219205023]}