{"avg_reward": 0.22345205968082207, "accuracy": 0.75, "IQR_binning": true, "layer_max_bin": 5, "k2_x2h_ray_imin_syn_avg": [0.3500534020681907, 0.22611595015116162, 0.12530575858598955], "k2_x2h_ray_imin_syn_sem": [0.09635930434895237, 0.04998261178783585, 0.023964533839355706], "k2_x2h_ray_mi_avg": [1.1504309985746428, 1.6845066813038692, 0.5437004765021769], "k2_x2h_ray_mi_sem": [0.13432289731090183, 0.13227142713457238, 0.04609341102455302], "k2_x2h_ray_immi_syn_avg": [0.513798954143598, 0.29597584112403036, 0.14095015896894045], "k2_x2h_ray_immi_syn_sem": [0.049920742874040365, 0.0671379855416686, 0.027742425054366963], "k2_x2h_ray_nimin_syn_avg": [0.3001374470289899, 0.08582753112153323, 0.16167075394062952], "k2_x2h_ray_nimin_syn_sem": [0.05868419726059147, 0.018460063886914183, 0.024620819232099304], "k2_x2h_ray_nimmi_syn_avg": [0.45295005542674477, 0.11115561717117468, 0.18334753734159226], "k2_x2h_ray_nimmi_syn_sem": [0.04167202117915767, 0.024269885694248736, 0.028699752791752325], "k2_x2h_pos_imin_syn_avg": [0.3712758086920678, 0.22611595015116162, 0.12530575858598955], "k2_x2h_pos_imin_syn_sem": [0.07450141550047137, 0.04998261178783585, 0.023964533839355706], "k2_x2h_pos_mi_avg": [1.7266666814892473, 1.6845066813038692, 0.5437004765021769], "k2_x2h_pos_mi_sem": [0.09925933759605211, 0.13227142713457238, 0.04609341102455302], "k2_x2h_pos_immi_syn_avg": [0.4444618123253579, 0.29597584112403036, 0.14095015896894045], "k2_x2h_pos_immi_syn_sem": [0.09925933759605211, 0.0671379855416686, 0.027742425054366963], "k2_x2h_pos_nimin_syn_avg": [0.2117976880338058, 0.08582753112153323, 0.16167075394062952], "k2_x2h_pos_nimin_syn_sem": [0.030977278537561975, 0.018460063886914183, 0.024620819232099304], "k2_x2h_pos_nimmi_syn_avg": [0.2527219077357563, 0.11115561717117468, 0.18334753734159226], "k2_x2h_pos_nimmi_syn_sem": [0.04078776933449522, 0.024269885694248736, 0.028699752791752325]}