{"avg_reward": 0.20797595046691741, "accuracy": 0.6666666666666666, "IQR_binning": true, "layer_max_bin": 5, "k2_x2h_ray_imin_syn_avg": [0.39265389234896286, 0.049961588480348144, 0.16348376478412432], "k2_x2h_ray_imin_syn_sem": [0.01892109863709127, 0.028457246936205865, 0.023714739744724805], "k2_x2h_ray_mi_avg": [1.2122391104227008, 0.9736822816721681, 0.6401898920707022], "k2_x2h_ray_mi_sem": [0.16558184581666952, 0.14384834058579307, 0.044464847435492845], "k2_x2h_ray_immi_syn_avg": [0.4228079393227831, 0.0691929316486427, 0.20849412491172398], "k2_x2h_ray_immi_syn_sem": [0.036847631555141334, 0.03909387153622537, 0.031205404211559575], "k2_x2h_ray_nimin_syn_avg": [0.34334191643711326, 0.017726251772252392, 0.19286465234323502], "k2_x2h_ray_nimin_syn_sem": [0.07146730348929822, 0.010078716761635898, 0.024799524882884543], "k2_x2h_ray_nimmi_syn_avg": [0.37379281318013263, 0.024577091137127374, 0.24171471509252412], "k2_x2h_ray_nimmi_syn_sem": [0.09247575241172151, 0.013875573600547643, 0.03207480018515321], "k2_x2h_pos_imin_syn_avg": [0.366652306060254, 0.049961588480348144, 0.16348376478412432], "k2_x2h_pos_imin_syn_sem": [0.05673726131718821, 0.028457246936205865, 0.023714739744724805], "k2_x2h_pos_mi_avg": [1.5659061350502983, 0.9736822816721681, 0.6401898920707022], "k2_x2h_pos_mi_sem": [0.14469408714571846, 0.14384834058579307, 0.044464847435492845], "k2_x2h_pos_immi_syn_avg": [0.4806495029708809, 0.0691929316486427, 0.20849412491172398], "k2_x2h_pos_immi_syn_sem": [0.14469408714571846, 0.03909387153622537, 0.031205404211559575], "k2_x2h_pos_nimin_syn_avg": [0.2318980242055666, 0.017726251772252392, 0.19286465234323502], "k2_x2h_pos_nimin_syn_sem": [0.0172960860085261, 0.010078716761635898, 0.024799524882884543], "k2_x2h_pos_nimmi_syn_avg": [0.2959259788275224, 0.024577091137127374, 0.24171471509252412], "k2_x2h_pos_nimmi_syn_sem": [0.05964127357033686, 0.013875573600547643, 0.03207480018515321]}