{"avg_reward_avg": 1.0, "avg_reward_sem": 0.0, "accuracy_avg": 1.0, "accuracy_sem": 0.0, "k2_x2h_imin_syn_avg_avg": [1.0, 0.0459095822803013, 1.1686558153949016e-19], "k2_x2h_imin_syn_avg_sem": [0.0, 0.009586182369105536, 1.1686558153949014e-19], "k2_x2h_imin_syn_sem_avg": [NaN, 0.008167805873481506, 8.241754031876629e-20], "k2_x2h_imin_syn_sem_sem": [NaN, 0.0009518910853062312, 8.24175403187663e-20], "k2_x2h_mi_avg_avg": [2.0, 0.6573786856705144, 0.9782223980257466], "k2_x2h_mi_avg_sem": [0.0, 0.04372507894862648, 0.0066445374563835705], "k2_x2h_mi_sem_avg": [NaN, 0.033556802658303596, 0.008321927897817199], "k2_x2h_mi_sem_sem": [NaN, 0.0009892036940786655, 0.002112534223133199], "k2_x2h_immi_syn_avg_avg": [1.0, 0.07421923853438148, 0.0], "k2_x2h_immi_syn_avg_sem": [0.0, 0.01467499719535775, 0.0], "k2_x2h_immi_syn_sem_avg": [NaN, 0.012520543818148853, 0.0], "k2_x2h_immi_syn_sem_sem": [NaN, 0.001373619310418697, 0.0], "k2_x2h_nimin_syn_avg_avg": [0.5, 0.03715743863900158, 3.7543782346591853e-19], "k2_x2h_nimin_syn_avg_sem": [0.0, 0.008834504138954842, 3.7543782346591853e-19], "k2_x2h_nimin_syn_sem_avg": [NaN, 0.006716217817334526, 2.6477138559599214e-19], "k2_x2h_nimin_syn_sem_sem": [NaN, 0.0009696929621770755, 2.647713855959921e-19], "k2_x2h_nimmi_syn_avg_avg": [0.5, 0.0569862873251098, 0.0], "k2_x2h_nimmi_syn_avg_sem": [0.0, 0.010827539486375479, 0.0], "k2_x2h_nimmi_syn_sem_avg": [NaN, 0.009644521986256687, 0.0], "k2_x2h_nimmi_syn_sem_sem": [NaN, 0.0009127989306949713, 0.0], "k2_x2h_imin_red_avg_avg": [1.0, 0.11774889626363194, 0.7348903832188449], "k2_x2h_imin_red_avg_sem": [0.0, 0.01334855682664833, 0.05036430358761991], "k2_x2h_imin_red_sem_avg": [NaN, 0.016567529531099696, 0.028016600761568054], "k2_x2h_imin_red_sem_sem": [NaN, 0.00104403534463108, 0.0035739860063008465], "k2_x2h_immi_red_avg_avg": [1.0, 0.14605855251771221, 0.7348903832188449], "k2_x2h_immi_red_avg_sem": [0.0, 0.019891594131412522, 0.05036430358761991], "k2_x2h_immi_red_sem_avg": [NaN, 0.020020720142113722, 0.028016600761568054], "k2_x2h_immi_red_sem_sem": [NaN, 0.0016310200053409466, 0.0035739860063008465], "k2_x2h_nimin_red_avg_avg": [0.5, 0.1118938677840858, 0.7348903832188449], "k2_x2h_nimin_red_avg_sem": [0.0, 0.012711583974434695, 0.05036430358761991], "k2_x2h_nimin_red_sem_avg": [NaN, 0.016879009396720497, 0.028016600761568054], "k2_x2h_nimin_red_sem_sem": [NaN, 0.0008052384607248544, 0.0035739860063008465], "k2_x2h_nimmi_red_avg_avg": [0.5, 0.13172271647019412, 0.7348903832188449], "k2_x2h_nimmi_red_avg_sem": [0.0, 0.01510359270155227, 0.05036430358761991], "k2_x2h_nimmi_red_sem_avg": [NaN, 0.01860060118842562, 0.028016600761568054], "k2_x2h_nimmi_red_sem_sem": [NaN, 0.0008839449850985464, 0.0035739860063008465]}