{"avg_reward_avg": 0.9729000000000001, "avg_reward_sem": 0.0024919871588754243, "accuracy_avg": 0.858, "accuracy_sem": 0.013316656236958787, "k2_xh2h_immi_syn_avg_avg": [0.1758317881048536], "k2_xh2h_immi_syn_avg_sem": [0.008789955108406824], "k2_xh2h_immi_syn_sem_avg": [0.024722118349071887], "k2_xh2h_immi_syn_sem_sem": [0.0009405843259617566], "k2_xh2h_mi_avg_avg": [0.6672081563675014], "k2_xh2h_mi_avg_sem": [0.01555415877836837], "k2_xh2h_mi_sem_avg": [0.05749593503629924], "k2_xh2h_mi_sem_sem": [0.001494853807193935], "k2_xh2h_nimmi_syn_avg_avg": [0.263656753361155], "k2_xh2h_nimmi_syn_avg_sem": [0.008478914600127126], "k2_xh2h_nimmi_syn_sem_avg": [0.021035366955612752], "k2_xh2h_nimmi_syn_sem_sem": [0.0006864120392786008]}