{"avg_reward": 0.992, "accuracy": 0.96, "k2_xh2h_immi_syn_avg": [0.1592522170938957], "k2_xh2h_immi_syn_sem": [0.027018163427914285], "k2_xh2h_mi_avg": [0.6458635644572691], "k2_xh2h_mi_sem": [0.05920377522589607], "k2_xh2h_nimmi_syn_avg": [0.24819865379769912], "k2_xh2h_nimmi_syn_sem": [0.023845222858228574]}