{"avg_reward": 0.971, "accuracy": 0.84, "k2_xh2h_immi_syn_avg": [0.18019091635026016], "k2_xh2h_immi_syn_sem": [0.021390531740329028], "k2_xh2h_mi_avg": [0.6648431073971158], "k2_xh2h_mi_sem": [0.04936037419500145], "k2_xh2h_nimmi_syn_avg": [0.2763442613446773], "k2_xh2h_nimmi_syn_sem": [0.022449481695647814]}