{"avg_reward": 0.978, "accuracy": 0.88, "k2_xh2h_immi_syn_avg": [0.15860731523122953], "k2_xh2h_immi_syn_sem": [0.027027420827390805], "k2_xh2h_mi_avg": [0.6876311187249895], "k2_xh2h_mi_sem": [0.059495002704234856], "k2_xh2h_nimmi_syn_avg": [0.23370816004524117], "k2_xh2h_nimmi_syn_sem": [0.021710956350275555]}