{"avg_reward": 0.965, "accuracy": 0.83, "k2_xh2h_immi_syn_avg": [0.19973868059712635], "k2_xh2h_immi_syn_sem": [0.021623849350292067], "k2_xh2h_mi_avg": [0.7008761474559099], "k2_xh2h_mi_sem": [0.05991943336022657], "k2_xh2h_nimmi_syn_avg": [0.28441713458920426], "k2_xh2h_nimmi_syn_sem": [0.01670110676371483]}