{"avg_reward": 0.971, "accuracy": 0.84, "k2_xh2h_immi_syn_avg": [0.17078933701989754], "k2_xh2h_immi_syn_sem": [0.024417266236373348], "k2_xh2h_mi_avg": [0.605083908359222], "k2_xh2h_mi_sem": [0.05680314804772816], "k2_xh2h_nimmi_syn_avg": [0.2780759376398551], "k2_xh2h_nimmi_syn_sem": [0.020530788011289665]}