{"avg_reward": 0.967, "accuracy": 0.82, "k2_xh2h_immi_syn_avg": [0.14791549129380857], "k2_xh2h_immi_syn_sem": [0.02314416022831533], "k2_xh2h_mi_avg": [0.6098758617877521], "k2_xh2h_mi_sem": [0.05176143263101988], "k2_xh2h_nimmi_syn_avg": [0.2556720779599217], "k2_xh2h_nimmi_syn_sem": [0.02291722494926328]}