{"avg_reward": 0.97, "accuracy": 0.84, "k2_xh2h_immi_syn_avg": [0.22529504582732907], "k2_xh2h_immi_syn_sem": [0.0289709137342851], "k2_xh2h_mi_avg": [0.7784088787828178], "k2_xh2h_mi_sem": [0.06536213966490188], "k2_xh2h_nimmi_syn_avg": [0.28711723902370867], "k2_xh2h_nimmi_syn_sem": [0.020683941397124123]}