{"avg_reward_avg": 0.19548893535886608, "avg_reward_sem": 0.012444035741627566, "accuracy_avg": 0.7416666666666666, "accuracy_sem": 0.014958791130929185, "k2_x2h_ray_imin_syn_avg_avg": [0.29928478792668944, 0.05288820719461773, 0.05751824287085151], "k2_x2h_ray_imin_syn_avg_sem": [0.0354559678283941, 0.00900248416142542, 0.016430073792465933], "k2_x2h_ray_imin_syn_sem_avg": [0.039666930570133686, 0.02575122333608502, 0.01204087458503363], "k2_x2h_ray_imin_syn_sem_sem": [0.0055309855336400406, 0.003001893735145309, 0.0022804536841642847], "k2_x2h_ray_immi_syn_avg_avg": [0.4046967390425296, 0.07714277800534677, 0.08049224511424384], "k2_x2h_ray_immi_syn_avg_sem": [0.04600170710240564, 0.011966066065347137, 0.025147000626096476], "k2_x2h_ray_immi_syn_sem_avg": [0.0547504474771196, 0.03501927500112873, 0.016027310396631023], "k2_x2h_ray_immi_syn_sem_sem": [0.008433017868248129, 0.00390673752895097, 0.003548992514737745], "k2_x2h_pos_imin_syn_avg_avg": [0.33490618516542836, 0.05288820719461773, 0.05751824287085151], "k2_x2h_pos_imin_syn_avg_sem": [0.030265688785885664, 0.00900248416142542, 0.016430073792465933], "k2_x2h_pos_imin_syn_sem_avg": [0.0636046001666024, 0.02575122333608502, 0.01204087458503363], "k2_x2h_pos_imin_syn_sem_sem": [0.011733972358276171, 0.003001893735145309, 0.0022804536841642847], "k2_x2h_pos_immi_syn_avg_avg": [0.39078429249982605, 0.07714277800534677, 0.08049224511424384], "k2_x2h_pos_immi_syn_avg_sem": [0.03817633920081005, 0.011966066065347137, 0.025147000626096476], "k2_x2h_pos_immi_syn_sem_avg": [0.07366176846732579, 0.03501927500112873, 0.016027310396631023], "k2_x2h_pos_immi_syn_sem_sem": [0.010123302282029505, 0.00390673752895097, 0.003548992514737745], "k2_x2h_ray_mi_avg_avg": [0.9872637632690131, 0.7665748469940576, 0.4392560389403982], "k2_x2h_ray_mi_avg_sem": [0.09565806729392512, 0.059648797547987534, 0.09279674370309288], "k2_x2h_ray_mi_sem_avg": [0.08166432970935952, 0.10710590491658475, 0.037944917343282855], "k2_x2h_ray_mi_sem_sem": [0.012078623401221197, 0.005808532556605783, 0.006591862745028791], "k2_x2h_ray_nimin_syn_avg_avg": [0.30532876609462634, 0.02486034265329894, 0.08482905353857065], "k2_x2h_ray_nimin_syn_avg_sem": [0.017533295476181238, 0.0033707150638925603, 0.014241824222511546], "k2_x2h_ray_nimin_syn_sem_avg": [0.0370567260214998, 0.011129547060842345, 0.018034741294051963], "k2_x2h_ray_nimin_syn_sem_sem": [0.006304941403648772, 0.0009582218291555867, 0.0013982512311967222], "k2_x2h_ray_nimmi_syn_avg_avg": [0.4097556417741902, 0.039716178081618134, 0.11150660191257722], "k2_x2h_ray_nimmi_syn_avg_sem": [0.01669912753848548, 0.0055195512895046235, 0.022684291307619075], "k2_x2h_ray_nimmi_syn_sem_avg": [0.05064979073005321, 0.016601679130864407, 0.022217386021969685], "k2_x2h_ray_nimmi_syn_sem_sem": [0.0077697006416529366, 0.0011479920393251538, 0.0015707437810493672], "k2_x2h_pos_mi_avg_avg": [1.4045831428193196, 0.7665748469940576, 0.4392560389403982], "k2_x2h_pos_mi_avg_sem": [0.09602306825849233, 0.059648797547987534, 0.09279674370309288], "k2_x2h_pos_mi_sem_avg": [0.07366176846732582, 0.10710590491658475, 0.037944917343282855], "k2_x2h_pos_mi_sem_sem": [0.010123302282029505, 0.005808532556605783, 0.006591862745028791], "k2_x2h_pos_nimin_syn_avg_avg": [0.23771682064311675, 0.02486034265329894, 0.08482905353857065], "k2_x2h_pos_nimin_syn_avg_sem": [0.019500190501279865, 0.0033707150638925603, 0.014241824222511546], "k2_x2h_pos_nimin_syn_sem_avg": [0.033796532755143285, 0.011129547060842345, 0.018034741294051963], "k2_x2h_pos_nimin_syn_sem_sem": [0.006086581059925238, 0.0009582218291555867, 0.0013982512311967222], "k2_x2h_pos_nimmi_syn_avg_avg": [0.2768018018824252, 0.039716178081618134, 0.11150660191257722], "k2_x2h_pos_nimmi_syn_avg_sem": [0.024530522769205827, 0.0055195512895046235, 0.022684291307619075], "k2_x2h_pos_nimmi_syn_sem_avg": [0.037667138079986465, 0.016601679130864407, 0.022217386021969685], "k2_x2h_pos_nimmi_syn_sem_sem": [0.005381499701143162, 0.0011479920393251538, 0.0015707437810493672]}