{"avg_reward": 0.22815664484685327, "accuracy": 0.75, "k2_x2h_ray_imin_syn_avg": [0.2976077591801616, 0.04017719883772835, 0.014980224001574562], "k2_x2h_ray_imin_syn_sem": [0.03450418585280428, 0.026115954215898598, 0.004758059922152691], "k2_x2h_ray_immi_syn_avg": [0.4175167053293946, 0.05666879180586457, 0.015177165030560467], "k2_x2h_ray_immi_syn_sem": [0.04444353560405761, 0.0344807481904657, 0.0048324575040405125], "k2_x2h_pos_imin_syn_avg": [0.29037581641611104, 0.04017719883772835, 0.014980224001574562], "k2_x2h_pos_imin_syn_sem": [0.03438123746907818, 0.026115954215898598, 0.004758059922152691], "k2_x2h_pos_immi_syn_avg": [0.32060156911297594, 0.05666879180586457, 0.015177165030560467], "k2_x2h_pos_immi_syn_sem": [0.04504262774136557, 0.0344807481904657, 0.0048324575040405125], "k2_x2h_ray_mi_avg": [1.0898123057909643, 0.6886525434524127, 0.1696534498468573], "k2_x2h_ray_mi_sem": [0.041722219328129535, 0.11035174198331076, 0.020849918461701658], "k2_x2h_ray_nimin_syn_avg": [0.2731197324392727, 0.016920482570257554, 0.08735367112416698], "k2_x2h_ray_nimin_syn_sem": [0.030753905917446575, 0.010278902790635093, 0.024082214686298776], "k2_x2h_ray_nimmi_syn_avg": [0.38422133915336104, 0.024472399528909235, 0.08864699070720568], "k2_x2h_ray_nimmi_syn_sem": [0.04481720678561162, 0.014173123473056088, 0.024485481115390235], "k2_x2h_pos_mi_avg": [1.5486243023089086, 0.6886525434524127, 0.1696534498468573], "k2_x2h_pos_mi_sem": [0.04504262774136557, 0.11035174198331076, 0.020849918461701658], "k2_x2h_pos_nimin_syn_avg": [0.1865858879481753, 0.016920482570257554, 0.08735367112416698], "k2_x2h_pos_nimin_syn_sem": [0.01703922713198968, 0.010278902790635093, 0.024082214686298776], "k2_x2h_pos_nimmi_syn_avg": [0.20565574064471157, 0.024472399528909235, 0.08864699070720568], "k2_x2h_pos_nimmi_syn_sem": [0.023518482374815904, 0.014173123473056088, 0.024485481115390235]}