{"avg_reward": 0.2145421132500002, "accuracy": 0.75, "k2_x2h_ray_imin_syn_avg": [0.4123393519853047, 0.10064765234041431, 0.044252871798964435], "k2_x2h_ray_imin_syn_sem": [0.042691968534011755, 0.03912681968607198, 0.013219628106971136], "k2_x2h_ray_immi_syn_avg": [0.5463836573150106, 0.1294244620174185, 0.05901137633263217], "k2_x2h_ray_immi_syn_sem": [0.09971960831867717, 0.05009669922706956, 0.017970725441790018], "k2_x2h_pos_imin_syn_avg": [0.4553949155805657, 0.10064765234041431, 0.044252871798964435], "k2_x2h_pos_imin_syn_sem": [0.12537645853054546, 0.03912681968607198, 0.013219628106971136], "k2_x2h_pos_immi_syn_avg": [0.5323639521337767, 0.1294244620174185, 0.05901137633263217], "k2_x2h_pos_immi_syn_sem": [0.12394737139084838, 0.05009669922706956, 0.017970725441790018], "k2_x2h_ray_mi_avg": [1.2792711092326474, 0.9903866785913265, 0.4844831883864445], "k2_x2h_ray_mi_sem": [0.11067335554447945, 0.11896499751155104, 0.051969922003042845], "k2_x2h_ray_nimin_syn_avg": [0.32160742709306717, 0.04297643106542588, 0.04952957692582119], "k2_x2h_ray_nimin_syn_sem": [0.009814301522172254, 0.0165755242340624, 0.014845545204352708], "k2_x2h_ray_nimmi_syn_avg": [0.4208223369080399, 0.055492516125109435, 0.06444248435411715], "k2_x2h_ray_nimmi_syn_sem": [0.041001967292050655, 0.021418196579203047, 0.01917579453641908], "k2_x2h_pos_mi_avg": [1.6977029979925187, 0.9903866785913265, 0.4844831883864445], "k2_x2h_pos_mi_sem": [0.12394737139084838, 0.11896499751155104, 0.051969922003042845], "k2_x2h_pos_nimin_syn_avg": [0.26111420153961645, 0.04297643106542588, 0.04952957692582119], "k2_x2h_pos_nimin_syn_sem": [0.05182831372646962, 0.0165755242340624, 0.014845545204352708], "k2_x2h_pos_nimmi_syn_avg": [0.30657305043979005, 0.055492516125109435, 0.06444248435411715], "k2_x2h_pos_nimmi_syn_sem": [0.04803505351056652, 0.021418196579203047, 0.01917579453641908]}