{"avg_reward": 0.1960397263326242, "accuracy": 0.6666666666666666, "k2_x2h_ray_imin_syn_avg": [0.38364169606482784, 0.03112062348097313, 0.1379522897316179], "k2_x2h_ray_imin_syn_sem": [0.031850584959289024, 0.022095552758830437, 0.02044285881166261], "k2_x2h_ray_immi_syn_avg": [0.44010117183116887, 0.04300771551080962, 0.19972777800536623], "k2_x2h_ray_immi_syn_sem": [0.030817622244393807, 0.026283790015183012, 0.02761138739948612], "k2_x2h_pos_imin_syn_avg": [0.28695670550948743, 0.03112062348097313, 0.1379522897316179], "k2_x2h_pos_imin_syn_sem": [0.025494238960248272, 0.022095552758830437, 0.02044285881166261], "k2_x2h_pos_immi_syn_avg": [0.3538968858875518, 0.04300771551080962, 0.19972777800536623], "k2_x2h_pos_immi_syn_sem": [0.046315540488502435, 0.026283790015183012, 0.02761138739948612], "k2_x2h_ray_mi_avg": [1.0315131237946582, 0.6859801147459466, 0.7459078764939747], "k2_x2h_ray_mi_sem": [0.12367740262628374, 0.11515377323595707, 0.0402364775415346], "k2_x2h_ray_nimin_syn_avg": [0.38504826438711, 0.012870928530273208, 0.14997195622977075], "k2_x2h_ray_nimin_syn_sem": [0.06319344911635236, 0.008484735774406832, 0.018327920289844323], "k2_x2h_ray_nimmi_syn_avg": [0.4444915696342548, 0.01911919058228586, 0.21960556896135605], "k2_x2h_ray_nimmi_syn_sem": [0.08009707220843976, 0.011045514933052914, 0.025541875827190665], "k2_x2h_pos_mi_avg": [1.2286706717796452, 0.6859801147459466, 0.7459078764939747], "k2_x2h_pos_mi_sem": [0.04631554048850251, 0.11515377323595707, 0.0402364775415346], "k2_x2h_pos_nimin_syn_avg": [0.2333493983380348, 0.012870928530273208, 0.14997195622977075], "k2_x2h_pos_nimin_syn_sem": [0.0175169824919791, 0.008484735774406832, 0.018327920289844323], "k2_x2h_pos_nimmi_syn_avg": [0.28595086201370146, 0.01911919058228586, 0.21960556896135605], "k2_x2h_pos_nimmi_syn_sem": [0.027619910121831622, 0.011045514933052914, 0.025541875827190665]}