{"avg_reward_avg": 0.073, "avg_reward_sem": 0.03550273854851826, "accuracy_avg": 0.08199999999999999, "accuracy_sem": 0.008406346808612327, "k2_xh2h_immi_syn_avg_avg": [0.26895100356715373], "k2_xh2h_immi_syn_avg_sem": [0.01043820410418574], "k2_xh2h_immi_syn_sem_avg": [0.013286734037865672], "k2_xh2h_immi_syn_sem_sem": [0.0005210477621166011], "k2_xh2h_mi_avg_avg": [0.6955182577873826], "k2_xh2h_mi_avg_sem": [0.022029067954773496], "k2_xh2h_mi_sem_avg": [0.02858682542511113], "k2_xh2h_mi_sem_sem": [0.001743557512194228], "k2_xh2h_nimmi_syn_avg_avg": [0.38675981651639285], "k2_xh2h_nimmi_syn_avg_sem": [0.006450979390010926], "k2_xh2h_nimmi_syn_sem_avg": [0.01236414694837696], "k2_xh2h_nimmi_syn_sem_sem": [0.0006292987276489764]}