{"avg_reward": 0.035, "accuracy": 0.12, "k2_xh2h_immi_syn_avg": [0.24160272699729887], "k2_xh2h_immi_syn_sem": [0.012696408436398965], "k2_xh2h_mi_avg": [0.5931187891179894], "k2_xh2h_mi_sem": [0.023137671089834732], "k2_xh2h_nimmi_syn_avg": [0.4018036890458108], "k2_xh2h_nimmi_syn_sem": [0.012944281220129044]}