{"avg_reward": 0.018, "accuracy": 0.09, "k2_xh2h_immi_syn_avg": [0.2803536692702906], "k2_xh2h_immi_syn_sem": [0.013147046928426937], "k2_xh2h_mi_avg": [0.6716676234632221], "k2_xh2h_mi_sem": [0.021500080888237186], "k2_xh2h_nimmi_syn_avg": [0.4103909605728202], "k2_xh2h_nimmi_syn_sem": [0.010699369498823101]}