{"avg_reward": 0.101, "accuracy": 0.05, "k2_xh2h_immi_syn_avg": [0.2340685091245918], "k2_xh2h_immi_syn_sem": [0.011447155507999235], "k2_xh2h_mi_avg": [0.6481679783087345], "k2_xh2h_mi_sem": [0.026248644768286453], "k2_xh2h_nimmi_syn_avg": [0.3659085367813049], "k2_xh2h_nimmi_syn_sem": [0.011885142536101257]}