{"avg_reward": 0.38, "accuracy": 0.04, "k2_xh2h_immi_syn_avg": [0.31369147813715986], "k2_xh2h_immi_syn_sem": [0.01498460669258713], "k2_xh2h_mi_avg": [0.7778477182228196], "k2_xh2h_mi_sem": [0.0271540156103899], "k2_xh2h_nimmi_syn_avg": [0.39972001869543267], "k2_xh2h_nimmi_syn_sem": [0.011015856080873061]}