{"avg_reward": 0.038, "accuracy": 0.07, "k2_xh2h_immi_syn_avg": [0.2239019268877666], "k2_xh2h_immi_syn_sem": [0.013084400314274183], "k2_xh2h_mi_avg": [0.6076186258857612], "k2_xh2h_mi_sem": [0.024493310225257477], "k2_xh2h_nimmi_syn_avg": [0.3668822615756792], "k2_xh2h_nimmi_syn_sem": [0.011157737447280477]}