{"avg_reward": 0.089, "accuracy": 0.07, "k2_xh2h_immi_syn_avg": [0.32180495984613333], "k2_xh2h_immi_syn_sem": [0.011946368392299456], "k2_xh2h_mi_avg": [0.7992382110081541], "k2_xh2h_mi_sem": [0.03332568275386214], "k2_xh2h_nimmi_syn_avg": [0.4096110168967547], "k2_xh2h_nimmi_syn_sem": [0.011034875252276973]}