{"avg_reward": 0.017, "accuracy": 0.08, "k2_xh2h_immi_syn_avg": [0.26114461235813635], "k2_xh2h_immi_syn_sem": [0.011260975903567831], "k2_xh2h_mi_avg": [0.6691573731599264], "k2_xh2h_mi_sem": [0.025871405193105178], "k2_xh2h_nimmi_syn_avg": [0.3930159017003198], "k2_xh2h_nimmi_syn_sem": [0.011505529620055003]}