{"avg_reward": 0.021, "accuracy": 0.1, "k2_xh2h_immi_syn_avg": [0.2502419063876355], "k2_xh2h_immi_syn_sem": [0.015619050512105926], "k2_xh2h_mi_avg": [0.7083473567743427], "k2_xh2h_mi_sem": [0.03486892484719089], "k2_xh2h_nimmi_syn_avg": [0.3550325725565331], "k2_xh2h_nimmi_syn_sem": [0.017150707359147484]}