{"avg_reward": 0.014, "accuracy": 0.08, "k2_xh2h_immi_syn_avg": [0.27217963980371], "k2_xh2h_immi_syn_sem": [0.015789266720699465], "k2_xh2h_mi_avg": [0.7278048690892001], "k2_xh2h_mi_sem": [0.03096211727837988], "k2_xh2h_nimmi_syn_avg": [0.36919112797651776], "k2_xh2h_nimmi_syn_sem": [0.014233189206900927]}