{"avg_reward": 0.017, "accuracy": 0.12, "k2_xh2h_immi_syn_avg": [0.29052060685881476], "k2_xh2h_immi_syn_sem": [0.012892060970297579], "k2_xh2h_mi_avg": [0.752214032843677], "k2_xh2h_mi_sem": [0.038306401596567445], "k2_xh2h_nimmi_syn_avg": [0.39604207936275504], "k2_xh2h_nimmi_syn_sem": [0.012014781262182276]}