{"avg_reward_avg": 0.8972999999999999, "avg_reward_sem": 0.0017130220210039477, "accuracy_avg": 0.489, "accuracy_sem": 0.009712534856222312, "k2_xh2h_immi_syn_avg_avg": [0.14142511245147227], "k2_xh2h_immi_syn_avg_sem": [0.008290280338208632], "k2_xh2h_immi_syn_sem_avg": [0.028369884386594012], "k2_xh2h_immi_syn_sem_sem": [0.0017603808247785705], "k2_xh2h_mi_avg_avg": [0.6441134028655687], "k2_xh2h_mi_avg_sem": [0.021763995207383376], "k2_xh2h_mi_sem_avg": [0.07093249286441078], "k2_xh2h_mi_sem_sem": [0.0024327774320063982], "k2_xh2h_nimmi_syn_avg_avg": [0.20874361688642828], "k2_xh2h_nimmi_syn_avg_sem": [0.006881369135532106], "k2_xh2h_nimmi_syn_sem_avg": [0.024130549061403113], "k2_xh2h_nimmi_syn_sem_sem": [0.0005148090931108396]}