{"avg_reward": 0.9, "accuracy": 0.51, "k2_xh2h_immi_syn_avg": [0.09684526290638612], "k2_xh2h_immi_syn_sem": [0.02213482873648428], "k2_xh2h_mi_avg": [0.5324605417175513], "k2_xh2h_mi_sem": [0.06963415231721212], "k2_xh2h_nimmi_syn_avg": [0.1967288155615865], "k2_xh2h_nimmi_syn_sem": [0.022095210516965547]}