{"avg_reward": 0.896, "accuracy": 0.48, "k2_xh2h_immi_syn_avg": [0.16999553768073372], "k2_xh2h_immi_syn_sem": [0.0315551147096322], "k2_xh2h_mi_avg": [0.7036477876345825], "k2_xh2h_mi_sem": [0.07126296720901276], "k2_xh2h_nimmi_syn_avg": [0.23408550929069324], "k2_xh2h_nimmi_syn_sem": [0.025225635145789]}