{"avg_reward": 0.904, "accuracy": 0.52, "k2_xh2h_immi_syn_avg": [0.1120283978038353], "k2_xh2h_immi_syn_sem": [0.020579777265461726], "k2_xh2h_mi_avg": [0.5252845682703147], "k2_xh2h_mi_sem": [0.055632728433939675], "k2_xh2h_nimmi_syn_avg": [0.20288581827924904], "k2_xh2h_nimmi_syn_sem": [0.023071936522050102]}