{"avg_reward": 0.898, "accuracy": 0.49, "k2_xh2h_immi_syn_avg": [0.15532762002370465], "k2_xh2h_immi_syn_sem": [0.02603375569904183], "k2_xh2h_mi_avg": [0.6609833829304161], "k2_xh2h_mi_sem": [0.0639739053240482], "k2_xh2h_nimmi_syn_avg": [0.2318932906595924], "k2_xh2h_nimmi_syn_sem": [0.0265143134881539]}