{"avg_reward": 0.892, "accuracy": 0.47, "k2_xh2h_immi_syn_avg": [0.11777803953878652], "k2_xh2h_immi_syn_sem": [0.023150223275144665], "k2_xh2h_mi_avg": [0.6503914678647919], "k2_xh2h_mi_sem": [0.07127341146490179], "k2_xh2h_nimmi_syn_avg": [0.2069292141523162], "k2_xh2h_nimmi_syn_sem": [0.025376915284395996]}