{"avg_reward": 0.905, "accuracy": 0.54, "k2_xh2h_immi_syn_avg": [0.17301060984800623], "k2_xh2h_immi_syn_sem": [0.037882176058076415], "k2_xh2h_mi_avg": [0.6493777955445049], "k2_xh2h_mi_sem": [0.08380989226159692], "k2_xh2h_nimmi_syn_avg": [0.2288858746913039], "k2_xh2h_nimmi_syn_sem": [0.02548820533965359]}