{"avg_reward": 0.891, "accuracy": 0.45, "k2_xh2h_immi_syn_avg": [0.1582749941548742], "k2_xh2h_immi_syn_sem": [0.03464991343081762], "k2_xh2h_mi_avg": [0.6865316559080689], "k2_xh2h_mi_sem": [0.07577998610373343], "k2_xh2h_nimmi_syn_avg": [0.19500815807280386], "k2_xh2h_nimmi_syn_sem": [0.02248298072292999]}