{"avg_reward": 0.889, "accuracy": 0.44, "k2_xh2h_immi_syn_avg": [0.15821678208338366], "k2_xh2h_immi_syn_sem": [0.02781631255203816], "k2_xh2h_mi_avg": [0.7360824641239824], "k2_xh2h_mi_sem": [0.07728254006622526], "k2_xh2h_nimmi_syn_avg": [0.22345961753309795], "k2_xh2h_nimmi_syn_sem": [0.02266891821186083]}