{"avg_reward": 0.897, "accuracy": 0.49, "k2_xh2h_immi_syn_avg": [0.14507704528717857], "k2_xh2h_immi_syn_sem": [0.029147503097664586], "k2_xh2h_mi_avg": [0.6786577059987594], "k2_xh2h_mi_sem": [0.07332802024493172], "k2_xh2h_nimmi_syn_avg": [0.2043275220094084], "k2_xh2h_nimmi_syn_sem": [0.025504652592954563]}