{"avg_reward_avg": 0.0659, "avg_reward_sem": 0.03134572450023199, "accuracy_avg": 0.06350000000000001, "accuracy_sem": 0.005727613425813194, "k2_xh2h_immi_syn_avg_avg": [0.20364082485171958], "k2_xh2h_immi_syn_avg_sem": [0.006427722880116866], "k2_xh2h_immi_syn_sem_avg": [0.01158871010862093], "k2_xh2h_immi_syn_sem_sem": [0.0009574358779396577], "k2_xh2h_mi_avg_avg": [0.5674816091381014], "k2_xh2h_mi_avg_sem": [0.015573371773822236], "k2_xh2h_mi_sem_avg": [0.03137622512972403], "k2_xh2h_mi_sem_sem": [0.0021559852317064813], "k2_xh2h_nimmi_syn_avg_avg": [0.3661534439157125], "k2_xh2h_nimmi_syn_avg_sem": [0.006710448499227619], "k2_xh2h_nimmi_syn_sem_avg": [0.01380753237389357], "k2_xh2h_nimmi_syn_sem_sem": [0.0005119327647999639]}