{"avg_reward": 0.0195, "accuracy": 0.095, "k2_xh2h_immi_syn_avg": [0.20619724744562973], "k2_xh2h_immi_syn_sem": [0.011117134805021776], "k2_xh2h_mi_avg": [0.5984095227704566], "k2_xh2h_mi_sem": [0.036427819114800454], "k2_xh2h_nimmi_syn_avg": [0.3648602438287837], "k2_xh2h_nimmi_syn_sem": [0.015482869780800015]}