{"avg_reward": 0.0145, "accuracy": 0.065, "k2_xh2h_immi_syn_avg": [0.19330942069099796], "k2_xh2h_immi_syn_sem": [0.011331586815783974], "k2_xh2h_mi_avg": [0.552750140809861], "k2_xh2h_mi_sem": [0.0389729746133452], "k2_xh2h_nimmi_syn_avg": [0.36103100339474004], "k2_xh2h_nimmi_syn_sem": [0.015878477599737716]}