{"avg_reward": 0.0385, "accuracy": 0.08, "k2_xh2h_immi_syn_avg": [0.20292890656418408], "k2_xh2h_immi_syn_sem": [0.01105017787276708], "k2_xh2h_mi_avg": [0.5046831503357355], "k2_xh2h_mi_sem": [0.022567663001596353], "k2_xh2h_nimmi_syn_avg": [0.4014570262331492], "k2_xh2h_nimmi_syn_sem": [0.011582314683800433]}