{"avg_reward": 0.334, "accuracy": 0.05, "k2_xh2h_immi_syn_avg": [0.21392733155733995], "k2_xh2h_immi_syn_sem": [0.01579717049514178], "k2_xh2h_mi_avg": [0.6321428193493516], "k2_xh2h_mi_sem": [0.03582857318518732], "k2_xh2h_nimmi_syn_avg": [0.33849322514350866], "k2_xh2h_nimmi_syn_sem": [0.014778786846441024]}