{"avg_reward": 0.015, "accuracy": 0.06, "k2_xh2h_immi_syn_avg": [0.19304803715899296], "k2_xh2h_immi_syn_sem": [0.008146221108749489], "k2_xh2h_mi_avg": [0.5277164425571458], "k2_xh2h_mi_sem": [0.021106190993626015], "k2_xh2h_nimmi_syn_avg": [0.37136292971424567], "k2_xh2h_nimmi_syn_sem": [0.011781128473193004]}