{"avg_reward": 0.089, "accuracy": 0.07, "k2_xh2h_immi_syn_avg": [0.21783958424163405], "k2_xh2h_immi_syn_sem": [0.009129920717488995], "k2_xh2h_mi_avg": [0.5885644596604316], "k2_xh2h_mi_sem": [0.02821441900512772], "k2_xh2h_nimmi_syn_avg": [0.38291360492992776], "k2_xh2h_nimmi_syn_sem": [0.013067161080552392]}