{"avg_reward": 0.094, "accuracy": 0.04, "k2_xh2h_immi_syn_avg": [0.18606999245811148], "k2_xh2h_immi_syn_sem": [0.013107649438334793], "k2_xh2h_mi_avg": [0.5619174217181466], "k2_xh2h_mi_sem": [0.032203262564717554], "k2_xh2h_nimmi_syn_avg": [0.3348449339032394], "k2_xh2h_nimmi_syn_sem": [0.014590263117473485]}