{"avg_reward": 0.031, "accuracy": 0.04, "k2_xh2h_immi_syn_avg": [0.16904080831689047], "k2_xh2h_immi_syn_sem": [0.009905462282865473], "k2_xh2h_mi_avg": [0.49542827172340115], "k2_xh2h_mi_sem": [0.02695291007577677], "k2_xh2h_nimmi_syn_avg": [0.3472068828840094], "k2_xh2h_nimmi_syn_sem": [0.014002307888432796]}