{"avg_reward": 0.014, "accuracy": 0.08, "k2_xh2h_immi_syn_avg": [0.20991189669303087], "k2_xh2h_immi_syn_sem": [0.0088909486405719], "k2_xh2h_mi_avg": [0.5732835928291904], "k2_xh2h_mi_sem": [0.030095234473480583], "k2_xh2h_nimmi_syn_avg": [0.379872046832646], "k2_xh2h_nimmi_syn_sem": [0.011867917384010674]}