{"avg_reward": 0.14744000009000002, "accuracy": 0.5, "k2_x2h_ray_imin_syn_avg": [0.04644720959177017, 0.0, 0.0], "k2_x2h_ray_imin_syn_sem": [0.01618680705294942, 0.0, 0.0], "k2_x2h_ray_immi_syn_avg": [0.04644720959177051, 0.0, 0.0], "k2_x2h_ray_immi_syn_sem": [0.016186807052949413, 0.0, 0.0], "k2_x2h_pos_imin_syn_avg": [-1.0870933782787991e-16, 0.0, 0.0], "k2_x2h_pos_imin_syn_sem": [2.090259809463524e-16, 0.0, 0.0], "k2_x2h_pos_immi_syn_avg": [0.0, 0.0, 0.0], "k2_x2h_pos_immi_syn_sem": [0.0, 0.0, 0.0], "k2_x2h_ray_mi_avg": [0.1973492702609949, 0.043720871264873604, 0.0], "k2_x2h_ray_mi_sem": [0.03266870202220745, 0.01318233868118335, 0.0], "k2_x2h_ray_nimin_syn_avg": [0.25372394583919616, 0.0, 0.0], "k2_x2h_ray_nimin_syn_sem": [0.10446180143136831, 0.0, 0.0], "k2_x2h_ray_nimmi_syn_avg": [0.2537239458391977, 0.0, 0.0], "k2_x2h_ray_nimmi_syn_sem": [0.1044618014313678, 0.0, 0.0], "k2_x2h_pos_mi_avg": [0.09975528178840065, 0.043720871264873604, 0.0], "k2_x2h_pos_mi_sem": [0.045506982667320645, 0.01318233868118335, 0.0], "k2_x2h_pos_nimin_syn_avg": [1.0753583729302318e-15, 0.0, 0.0], "k2_x2h_pos_nimin_syn_sem": [2.7464380674636024e-15, 0.0, 0.0], "k2_x2h_pos_nimmi_syn_avg": [0.0, 0.0, 0.0], "k2_x2h_pos_nimmi_syn_sem": [0.0, 0.0, 0.0]}