{"avg_reward": 0.14744000009000002, "accuracy": 0.5, "k2_x2h_ray_imin_syn_avg": [0.13639528393299163, 0.0033923163618810597, 0.0], "k2_x2h_ray_imin_syn_sem": [0.025116121036502705, 0.0033923163618810193, 0.0], "k2_x2h_ray_immi_syn_avg": [0.1812075679247996, 0.0047668043588819636, 0.0], "k2_x2h_ray_immi_syn_sem": [0.03753151654683904, 0.004766804358881963, 0.0], "k2_x2h_pos_imin_syn_avg": [-5.551115123125783e-17, 0.0033923163618810597, 0.0], "k2_x2h_pos_imin_syn_sem": [5.551115123125783e-17, 0.0033923163618810193, 0.0], "k2_x2h_pos_immi_syn_avg": [0.0, 0.0047668043588819636, 0.0], "k2_x2h_pos_immi_syn_sem": [0.0, 0.004766804358881963, 0.0], "k2_x2h_ray_mi_avg": [0.6016869636901402, 0.1209586007019295, 0.0], "k2_x2h_ray_mi_sem": [0.07742051052277996, 0.025605882940814322, 0.0], "k2_x2h_ray_nimin_syn_avg": [0.22360556363408293, 0.005598464219454333, 0.0], "k2_x2h_ray_nimin_syn_sem": [0.014669769106647485, 0.005598464219454141, 0.0], "k2_x2h_ray_nimmi_syn_avg": [0.295484527054008, 0.00786683221653922, 0.0], "k2_x2h_ray_nimmi_syn_sem": [0.026862249826286093, 0.007866832216539218, 0.0], "k2_x2h_pos_mi_avg": [0.30395486679614975, 0.1209586007019295, 0.0], "k2_x2h_pos_mi_sem": [0.1020440597421833, 0.025605882940814322, 0.0], "k2_x2h_pos_nimin_syn_avg": [-2.825671729683532e-17, 0.005598464219454333, 0.0], "k2_x2h_pos_nimin_syn_sem": [2.589446924945856e-16, 0.005598464219454141, 0.0], "k2_x2h_pos_nimmi_syn_avg": [0.0, 0.00786683221653922, 0.0], "k2_x2h_pos_nimmi_syn_sem": [0.0, 0.007866832216539218, 0.0]}