{"avg_reward_avg": 0.073, "avg_reward_sem": 0.03550273854851826, "accuracy_avg": 0.08199999999999999, "accuracy_sem": 0.008406346808612327, "k2_xh2h_immi_syn_avg_avg": [0.25969621027223727], "k2_xh2h_immi_syn_avg_sem": [0.007978898038813579], "k2_xh2h_immi_syn_sem_avg": [0.013679032974852057], "k2_xh2h_immi_syn_sem_sem": [0.0005559875762145679], "k2_xh2h_mi_avg_avg": [0.6793051205607163], "k2_xh2h_mi_avg_sem": [0.018841581721319677], "k2_xh2h_mi_sem_avg": [0.03072609266220967], "k2_xh2h_mi_sem_sem": [0.002569603710929025], "k2_xh2h_nimmi_syn_avg_avg": [0.3832041917356389], "k2_xh2h_nimmi_syn_avg_sem": [0.004728391918899646], "k2_xh2h_nimmi_syn_sem_avg": [0.012392057492784797], "k2_xh2h_nimmi_syn_sem_sem": [0.0005636881680093734]}