{"avg_reward": 0.018, "accuracy": 0.09, "k2_xh2h_immi_syn_avg": [0.2626309879521314], "k2_xh2h_immi_syn_sem": [0.013436772474214433], "k2_xh2h_mi_avg": [0.7108075583422168], "k2_xh2h_mi_sem": [0.033176690550043506], "k2_xh2h_nimmi_syn_avg": [0.37016611317965953], "k2_xh2h_nimmi_syn_sem": [0.01211960582053106]}