{"avg_reward": 0.017, "accuracy": 0.08, "k2_xh2h_immi_syn_avg": [0.2579784101765767], "k2_xh2h_immi_syn_sem": [0.012345871966500426], "k2_xh2h_mi_avg": [0.6501877397712279], "k2_xh2h_mi_sem": [0.027111456069667087], "k2_xh2h_nimmi_syn_avg": [0.40106417662542326], "k2_xh2h_nimmi_syn_sem": [0.010658792402926396]}