{"avg_reward": 0.035, "accuracy": 0.12, "k2_xh2h_immi_syn_avg": [0.24030862537894235], "k2_xh2h_immi_syn_sem": [0.011577059603673157], "k2_xh2h_mi_avg": [0.6088720619461215], "k2_xh2h_mi_sem": [0.024719661262337843], "k2_xh2h_nimmi_syn_avg": [0.3960886625093716], "k2_xh2h_nimmi_syn_sem": [0.012896750169810628]}