{"avg_reward": 0.089, "accuracy": 0.07, "k2_xh2h_immi_syn_avg": [0.2908407339103008], "k2_xh2h_immi_syn_sem": [0.013107765392740242], "k2_xh2h_mi_avg": [0.7493950779577261], "k2_xh2h_mi_sem": [0.03039766678953213], "k2_xh2h_nimmi_syn_avg": [0.3902056277371454], "k2_xh2h_nimmi_syn_sem": [0.012757044531064809]}