{"avg_reward": 0.021, "accuracy": 0.1, "k2_xh2h_immi_syn_avg": [0.2611915432732256], "k2_xh2h_immi_syn_sem": [0.01669795353886264], "k2_xh2h_mi_avg": [0.7328837529366946], "k2_xh2h_mi_sem": [0.050641153106571433], "k2_xh2h_nimmi_syn_avg": [0.3641211167317909], "k2_xh2h_nimmi_syn_sem": [0.015899508183920743]}