{"avg_reward": 0.014, "accuracy": 0.08, "k2_xh2h_immi_syn_avg": [0.2727584330110888], "k2_xh2h_immi_syn_sem": [0.01622363225919587], "k2_xh2h_mi_avg": [0.7032022787441872], "k2_xh2h_mi_sem": [0.03093946380688761], "k2_xh2h_nimmi_syn_avg": [0.3851036539366918], "k2_xh2h_nimmi_syn_sem": [0.014468570268380075]}