{"avg_reward": 0.017, "accuracy": 0.12, "k2_xh2h_immi_syn_avg": [0.2771801106684046], "k2_xh2h_immi_syn_sem": [0.014932902718629697], "k2_xh2h_mi_avg": [0.6991081173678343], "k2_xh2h_mi_sem": [0.03527055695045665], "k2_xh2h_nimmi_syn_avg": [0.39518116295311856], "k2_xh2h_nimmi_syn_sem": [0.010691555886138283]}