{"avg_reward": 0.38, "accuracy": 0.04, "k2_xh2h_immi_syn_avg": [0.29089213879246273], "k2_xh2h_immi_syn_sem": [0.013639839755986122], "k2_xh2h_mi_avg": [0.7395271852429693], "k2_xh2h_mi_sem": [0.0273788327245309], "k2_xh2h_nimmi_syn_avg": [0.3938166566103519], "k2_xh2h_nimmi_syn_sem": [0.010837444944057181]}