{"avg_reward": 0.038, "accuracy": 0.07, "k2_xh2h_immi_syn_avg": [0.21872541733041706], "k2_xh2h_immi_syn_sem": [0.01307702022632434], "k2_xh2h_mi_avg": [0.6044971477628017], "k2_xh2h_mi_sem": [0.021083185367507046], "k2_xh2h_nimmi_syn_avg": [0.3574018544819246], "k2_xh2h_nimmi_syn_sem": [0.01291292067629376]}