{"avg_reward_avg": 0.9694, "avg_reward_sem": 0.003365511352924943, "accuracy_avg": 0.844, "accuracy_sem": 0.018132230358612198, "k2_xh2h_immi_syn_avg_avg": [0.12442533811795009], "k2_xh2h_immi_syn_avg_sem": [0.005651552327126356], "k2_xh2h_immi_syn_sem_avg": [0.015573488663694434], "k2_xh2h_immi_syn_sem_sem": [0.002336404582769736], "k2_xh2h_mi_avg_avg": [0.5197474764409667], "k2_xh2h_mi_avg_sem": [0.01779427525739687], "k2_xh2h_mi_sem_avg": [0.05863082397315537], "k2_xh2h_mi_sem_sem": [0.002475250677770985], "k2_xh2h_nimmi_syn_avg_avg": [0.326882053501285], "k2_xh2h_nimmi_syn_avg_sem": [0.003352931251784987], "k2_xh2h_nimmi_syn_sem_avg": [0.026264933084082388], "k2_xh2h_nimmi_syn_sem_sem": [0.0005069427729011253]}