{"avg_reward": 0.966, "accuracy": 0.82, "k2_xh2h_immi_syn_avg": [0.1210428854446921], "k2_xh2h_immi_syn_sem": [0.017373640890845962], "k2_xh2h_mi_avg": [0.518691151942239], "k2_xh2h_mi_sem": [0.05695580110800825], "k2_xh2h_nimmi_syn_avg": [0.30980429830871087], "k2_xh2h_nimmi_syn_sem": [0.02862447061171611]}