{"avg_reward": 0.9725, "accuracy": 0.855, "k2_xh2h_immi_syn_avg": [0.12213356204184227], "k2_xh2h_immi_syn_sem": [0.013341228531422491], "k2_xh2h_mi_avg": [0.4710321146421537], "k2_xh2h_mi_sem": [0.05435645570914257], "k2_xh2h_nimmi_syn_avg": [0.34413093911798914], "k2_xh2h_nimmi_syn_sem": [0.022926705697046332]}