{"avg_reward": 0.9875, "accuracy": 0.94, "k2_xh2h_immi_syn_avg": [0.1320845134891485], "k2_xh2h_immi_syn_sem": [0.017402046449353056], "k2_xh2h_mi_avg": [0.5732712572557241], "k2_xh2h_mi_sem": [0.05668908360226768], "k2_xh2h_nimmi_syn_avg": [0.31075321256514005], "k2_xh2h_nimmi_syn_sem": [0.026952999215219674]}