{"avg_reward": 0.965, "accuracy": 0.82, "k2_xh2h_immi_syn_avg": [0.12027049682860252], "k2_xh2h_immi_syn_sem": [0.019511598025752416], "k2_xh2h_mi_avg": [0.5469589577632881], "k2_xh2h_mi_sem": [0.07183481363686177], "k2_xh2h_nimmi_syn_avg": [0.32567574567295937], "k2_xh2h_nimmi_syn_sem": [0.027512590749391594]}