{"avg_reward": 0.964, "accuracy": 0.82, "k2_xh2h_immi_syn_avg": [0.13037120261094498], "k2_xh2h_immi_syn_sem": [0.01916264845801097], "k2_xh2h_mi_avg": [0.5185871626364975], "k2_xh2h_mi_sem": [0.05921539242932573], "k2_xh2h_nimmi_syn_avg": [0.3310016781492204], "k2_xh2h_nimmi_syn_sem": [0.027432008669714292]}