{"avg_reward": 0.972, "accuracy": 0.86, "k2_xh2h_immi_syn_avg": [0.09859987072816793], "k2_xh2h_immi_syn_sem": [0.0039020722506786553], "k2_xh2h_mi_avg": [0.4254397051465556], "k2_xh2h_mi_sem": [0.04649184414432583], "k2_xh2h_nimmi_syn_avg": [0.33569100043738054], "k2_xh2h_nimmi_syn_sem": [0.025664273467054764]}