{"avg_reward": 0.98, "accuracy": 0.9, "k2_xh2h_immi_syn_avg": [0.12784133138449094], "k2_xh2h_immi_syn_sem": [0.014000492167449419], "k2_xh2h_mi_avg": [0.5110873529931215], "k2_xh2h_mi_sem": [0.056761491699347764], "k2_xh2h_nimmi_syn_avg": [0.3296376795570664], "k2_xh2h_nimmi_syn_sem": [0.025158736568688677]}