{"avg_reward": 0.9485, "accuracy": 0.73, "k2_xh2h_immi_syn_avg": [0.09766530191106425], "k2_xh2h_immi_syn_sem": [0.004115362011155453], "k2_xh2h_mi_avg": [0.46449237910522256], "k2_xh2h_mi_sem": [0.05268893509112598], "k2_xh2h_nimmi_syn_avg": [0.33279657683514685], "k2_xh2h_nimmi_syn_sem": [0.02697447535419426]}