{"avg_reward": 0.9635, "accuracy": 0.815, "k2_xh2h_immi_syn_avg": [0.15980322934500993], "k2_xh2h_immi_syn_sem": [0.028794986199266712], "k2_xh2h_mi_avg": [0.6174868780133262], "k2_xh2h_mi_sem": [0.07144465775855326], "k2_xh2h_nimmi_syn_avg": [0.3220144527756069], "k2_xh2h_nimmi_syn_sem": [0.02609083659941936]}