{"avg_reward": 0.05165646797692334, "accuracy": 1.0, "k2_x2h_ray_imin_syn_avg": [0.7443203180879604, 0.16408865590209257, 0.1258290836808766], "k2_x2h_ray_imin_syn_sem": [0.07235895602872455, 0.03953704579132303, 0.016806662491351043], "k2_x2h_ray_immi_syn_avg": [0.8933887331843794, 0.2217856301116406, 0.18008495206201347], "k2_x2h_ray_immi_syn_sem": [0.051830891410431214, 0.049055049415792154, 0.022441507403358072], "k2_x2h_pos_imin_syn_avg": [0.6787500156619165, 0.16408865590209257, 0.1258290836808766], "k2_x2h_pos_imin_syn_sem": [0.032892360456113275, 0.03953704579132303, 0.016806662491351043], "k2_x2h_pos_immi_syn_avg": [0.6937271471283936, 0.2217856301116406, 0.18008495206201347], "k2_x2h_pos_immi_syn_sem": [0.024903521070991117, 0.049055049415792154, 0.022441507403358072], "k2_x2h_ray_mi_avg": [1.7192547087843437, 1.321244189386455, 0.6437416280313509], "k2_x2h_ray_mi_sem": [0.05733348106748046, 0.12026827935699451, 0.042385306926447854], "k2_x2h_ray_nimin_syn_avg": [0.43115698495977184, 0.07986616009988652, 0.17285188292502562], "k2_x2h_ray_nimin_syn_sem": [0.027033724020416094, 0.016053940448828203, 0.01909570637532262], "k2_x2h_ray_nimmi_syn_avg": [0.5188858711516443, 0.1122133978834192, 0.2502234828984279], "k2_x2h_ray_nimmi_syn_sem": [0.014372282401133602, 0.021137090143784384, 0.023423109342799564], "k2_x2h_pos_mi_avg": [2.5610515383912165, 1.321244189386455, 0.6437416280313509], "k2_x2h_pos_mi_sem": [0.024903521070991405, 0.12026827935699451, 0.042385306926447854], "k2_x2h_pos_nimin_syn_avg": [0.264826916406949, 0.07986616009988652, 0.17285188292502562], "k2_x2h_pos_nimin_syn_sem": [0.010338223775244843, 0.016053940448828203, 0.01909570637532262], "k2_x2h_pos_nimmi_syn_avg": [0.27073699949725316, 0.1122133978834192, 0.2502234828984279], "k2_x2h_pos_nimmi_syn_sem": [0.0071424801972460455, 0.021137090143784384, 0.023423109342799564]}