{"avg_reward": 0.01816763937867379, "accuracy": 0.625, "k2_x2h_ray_imin_syn_avg": [0.30849639748843044, 0.08570577384279719, 0.12357607834799247], "k2_x2h_ray_imin_syn_sem": [0.02954748486091401, 0.019585943901140435, 0.01583294768414598], "k2_x2h_ray_immi_syn_avg": [0.40738555714889885, 0.1756525287598275, 0.1983195946436209], "k2_x2h_ray_immi_syn_sem": [0.03292621873107682, 0.034576961338097394, 0.025910938435745948], "k2_x2h_pos_imin_syn_avg": [0.364895204148534, 0.08570577384279719, 0.12357607834799247], "k2_x2h_pos_imin_syn_sem": [0.001609761606633971, 0.019585943901140435, 0.01583294768414598], "k2_x2h_pos_immi_syn_avg": [0.3816939790724965, 0.1756525287598275, 0.1983195946436209], "k2_x2h_pos_immi_syn_sem": [0.00351140360800332, 0.034576961338097394, 0.025910938435745948], "k2_x2h_ray_mi_avg": [0.9451613830293066, 0.937009584339062, 0.6915500884568393], "k2_x2h_ray_mi_sem": [0.07512703980304128, 0.07725629694328642, 0.03969812098243637], "k2_x2h_ray_nimin_syn_avg": [0.3254670242209539, 0.06372910893079803, 0.14944188586962567], "k2_x2h_ray_nimin_syn_sem": [0.0059807347223682925, 0.011744215472236946, 0.015729343613909326], "k2_x2h_ray_nimmi_syn_avg": [0.43095303155755404, 0.13521481660083948, 0.23634440294057185], "k2_x2h_ray_nimmi_syn_sem": [0.002866868642619491, 0.024291050299335645, 0.02541528389022126], "k2_x2h_pos_mi_avg": [1.6193187317824684, 0.937009584339062, 0.6915500884568393], "k2_x2h_pos_mi_sem": [0.00351140360800332, 0.07725629694328642, 0.03969812098243637], "k2_x2h_pos_nimin_syn_avg": [0.2253406444113019, 0.06372910893079803, 0.14944188586962567], "k2_x2h_pos_nimin_syn_sem": [0.0010860375598489617, 0.011744215472236946, 0.015729343613909326], "k2_x2h_pos_nimmi_syn_avg": [0.235705489772596, 0.13521481660083948, 0.23634440294057185], "k2_x2h_pos_nimmi_syn_sem": [0.0016609170155937622, 0.024291050299335645, 0.02541528389022126]}