{"avg_reward": 1.0, "accuracy": 1.0, "k2_x2h_imin_syn_avg": [0.5, 0.06299916668269236, 0.0], "k2_x2h_imin_syn_sem": [NaN, 0.016742106364089765, 0.0], "k2_x2h_mi_avg": [1.5, 0.9343692359548605, 1.0], "k2_x2h_mi_sem": [NaN, 0.0674917669071304, 0.0], "k2_x2h_immi_syn_avg": [0.5, 0.13060986113514964, 0.0], "k2_x2h_immi_syn_sem": [NaN, 0.03503982965702378, 0.0], "k2_x2h_nimin_syn_avg": [0.3333333333333333, 0.04199944445512824, 0.0], "k2_x2h_nimin_syn_sem": [NaN, 0.011161404242726507, 0.0], "k2_x2h_nimmi_syn_avg": [0.3333333333333333, 0.08707324075676644, 0.0], "k2_x2h_nimmi_syn_sem": [NaN, 0.02335988643801585, 0.0], "k2_x2h_imin_red_avg": [0.5, 0.21539680540331146, 1.0], "k2_x2h_imin_red_sem": [NaN, 0.048980373176048364, 0.0], "k2_x2h_immi_red_avg": [0.5, 0.2830074998557688, 1.0], "k2_x2h_immi_red_sem": [NaN, 0.060694092696982276, 0.0], "k2_x2h_nimin_red_avg": [0.3333333333333333, 0.1760233795361464, 1.0], "k2_x2h_nimin_red_sem": [NaN, 0.0450530480353703, 0.0], "k2_x2h_nimmi_red_avg": [0.3333333333333333, 0.22109717583778463, 1.0], "k2_x2h_nimmi_red_sem": [NaN, 0.05034202453490581, 0.0], "k2_x2h_tuples_syn": [{"imin_syn_0_1": 0.5, "mi_0_1": 1.5, "immi_syn_0_1": 0.5, "nimin_syn_0_1": 0.3333333333333333, "nimmi_syn_0_1": 0.3333333333333333}, {"imin_syn_0_1": 0.29248125036057804, "mi_0_1": 1.5, "immi_syn_0_1": 0.6887218755408671, "nimin_syn_0_1": 0.19498750024038536, "nimmi_syn_0_1": 0.4591479170272447, "imin_syn_0_2": 0.0, "mi_0_2": 0.8112781244591329, "immi_syn_0_2": 0.0, "nimin_syn_0_2": 0.0, "nimmi_syn_0_2": 0.0, "imin_syn_0_3": 0.0, "mi_0_3": 0.8112781244591329, "immi_syn_0_3": 0.0, "nimin_syn_0_3": 0.0, "nimmi_syn_0_3": 0.0, "imin_syn_0_4": 0.25, "mi_0_4": 1.5, "immi_syn_0_4": 0.5, "nimin_syn_0_4": 0.16666666666666666, "nimmi_syn_0_4": 0.3333333333333333, "imin_syn_0_5": 0.0, "mi_0_5": 0.8112781244591329, "immi_syn_0_5": 0.0, "nimin_syn_0_5": 0.0, "nimmi_syn_0_5": 0.0, "imin_syn_0_6": 0.25, "mi_0_6": 1.5, "immi_syn_0_6": 0.5, "nimin_syn_0_6": 0.16666666666666666, "nimmi_syn_0_6": 0.3333333333333333, "imin_syn_0_7": 0.0, "mi_0_7": 0.8112781244591329, "immi_syn_0_7": 0.0, "nimin_syn_0_7": 0.0, "nimmi_syn_0_7": 0.0, "imin_syn_0_8": 0.25, "mi_0_8": 1.5, "immi_syn_0_8": 0.5, "nimin_syn_0_8": 0.16666666666666666, "nimmi_syn_0_8": 0.3333333333333333, "imin_syn_0_9": 0.0, "mi_0_9": 0.8112781244591329, "immi_syn_0_9": 0.0, "nimin_syn_0_9": 0.0, "nimmi_syn_0_9": 0.0, "imin_syn_1_2": 0.29248125036057804, "mi_1_2": 1.5, "immi_syn_1_2": 0.6887218755408671, "nimin_syn_1_2": 0.19498750024038536, "nimmi_syn_1_2": 0.4591479170272447, "imin_syn_1_3": 0.0, "mi_1_3": 0.8112781244591329, "immi_syn_1_3": 0.0, "nimin_syn_1_3": 0.0, "nimmi_syn_1_3": 0.0, "imin_syn_1_4": 0.25, "mi_1_4": 1.5, "immi_syn_1_4": 0.5, "nimin_syn_1_4": 0.16666666666666666, "nimmi_syn_1_4": 0.3333333333333333, "imin_syn_1_5": 0.0, "mi_1_5": 0.8112781244591329, "immi_syn_1_5": 0.0, "nimin_syn_1_5": 0.0, "nimmi_syn_1_5": 0.0, "imin_syn_1_6": 0.25, "mi_1_6": 1.5, "immi_syn_1_6": 0.5, "nimin_syn_1_6": 0.16666666666666666, "nimmi_syn_1_6": 0.3333333333333333, "imin_syn_1_7": 0.0, "mi_1_7": 0.8112781244591329, "immi_syn_1_7": 0.0, "nimin_syn_1_7": 0.0, "nimmi_syn_1_7": 0.0, "imin_syn_1_8": 0.25, "mi_1_8": 1.5, "immi_syn_1_8": 0.5, "nimin_syn_1_8": 0.16666666666666666, "nimmi_syn_1_8": 0.3333333333333333, "imin_syn_1_9": 0.0, "mi_1_9": 0.8112781244591329, "immi_syn_1_9": 0.0, "nimin_syn_1_9": 0.0, "nimmi_syn_1_9": 0.0, "imin_syn_2_3": 0.0, "mi_2_3": 0.8112781244591329, "immi_syn_2_3": 0.0, "nimin_syn_2_3": 0.0, "nimmi_syn_2_3": 0.0, "imin_syn_2_4": 0.25, "mi_2_4": 1.5, "immi_syn_2_4": 0.5, "nimin_syn_2_4": 0.16666666666666666, "nimmi_syn_2_4": 0.3333333333333333, "imin_syn_2_5": 0.0, "mi_2_5": 0.8112781244591329, "immi_syn_2_5": 0.0, "nimin_syn_2_5": 0.0, "nimmi_syn_2_5": 0.0, "imin_syn_2_6": 0.25, "mi_2_6": 1.5, "immi_syn_2_6": 0.5, "nimin_syn_2_6": 0.16666666666666666, "nimmi_syn_2_6": 0.3333333333333333, "imin_syn_2_7": 0.0, "mi_2_7": 0.8112781244591329, "immi_syn_2_7": 0.0, "nimin_syn_2_7": 0.0, "nimmi_syn_2_7": 0.0, "imin_syn_2_8": 0.25, "mi_2_8": 1.5, "immi_syn_2_8": 0.5, "nimin_syn_2_8": 0.16666666666666666, "nimmi_syn_2_8": 0.3333333333333333, "imin_syn_2_9": 0.0, "mi_2_9": 0.8112781244591329, "immi_syn_2_9": 0.0, "nimin_syn_2_9": 0.0, "nimmi_syn_2_9": 0.0, "imin_syn_3_4": 0.0, "mi_3_4": 1.0, "immi_syn_3_4": 0.0, "nimin_syn_3_4": 0.0, "nimmi_syn_3_4": 0.0, "imin_syn_3_5": 0.0, "mi_3_5": 0.0, "immi_syn_3_5": 0.0, "nimin_syn_3_5": 0, "nimmi_syn_3_5": 0, "imin_syn_3_6": 0.0, "mi_3_6": 1.0, "immi_syn_3_6": 0.0, "nimin_syn_3_6": 0.0, "nimmi_syn_3_6": 0.0, "imin_syn_3_7": 0.0, "mi_3_7": 0.0, "immi_syn_3_7": 0.0, "nimin_syn_3_7": 0, "nimmi_syn_3_7": 0, "imin_syn_3_8": 0.0, "mi_3_8": 1.0, "immi_syn_3_8": 0.0, "nimin_syn_3_8": 0.0, "nimmi_syn_3_8": 0.0, "imin_syn_3_9": 0.0, "mi_3_9": 0.0, "immi_syn_3_9": 0.0, "nimin_syn_3_9": 0, "nimmi_syn_3_9": 0, "imin_syn_4_5": 0.0, "mi_4_5": 1.0, "immi_syn_4_5": 0.0, "nimin_syn_4_5": 0.0, "nimmi_syn_4_5": 0.0, "imin_syn_4_6": 0.0, "mi_4_6": 1.0, "immi_syn_4_6": 0.0, "nimin_syn_4_6": 0.0, "nimmi_syn_4_6": 0.0, "imin_syn_4_7": 0.0, "mi_4_7": 1.0, "immi_syn_4_7": 0.0, "nimin_syn_4_7": 0.0, "nimmi_syn_4_7": 0.0, "imin_syn_4_8": 0.0, "mi_4_8": 1.0, "immi_syn_4_8": 0.0, "nimin_syn_4_8": 0.0, "nimmi_syn_4_8": 0.0, "imin_syn_4_9": 0.0, "mi_4_9": 1.0, "immi_syn_4_9": 0.0, "nimin_syn_4_9": 0.0, "nimmi_syn_4_9": 0.0, "imin_syn_5_6": 0.0, "mi_5_6": 1.0, "immi_syn_5_6": 0.0, "nimin_syn_5_6": 0.0, "nimmi_syn_5_6": 0.0, "imin_syn_5_7": 0.0, "mi_5_7": 0.0, "immi_syn_5_7": 0.0, "nimin_syn_5_7": 0, "nimmi_syn_5_7": 0, "imin_syn_5_8": 0.0, "mi_5_8": 1.0, "immi_syn_5_8": 0.0, "nimin_syn_5_8": 0.0, "nimmi_syn_5_8": 0.0, "imin_syn_5_9": 0.0, "mi_5_9": 0.0, "immi_syn_5_9": 0.0, "nimin_syn_5_9": 0, "nimmi_syn_5_9": 0, "imin_syn_6_7": 0.0, "mi_6_7": 1.0, "immi_syn_6_7": 0.0, "nimin_syn_6_7": 0.0, "nimmi_syn_6_7": 0.0, "imin_syn_6_8": 0.0, "mi_6_8": 1.0, "immi_syn_6_8": 0.0, "nimin_syn_6_8": 0.0, "nimmi_syn_6_8": 0.0, "imin_syn_6_9": 0.0, "mi_6_9": 1.0, "immi_syn_6_9": 0.0, "nimin_syn_6_9": 0.0, "nimmi_syn_6_9": 0.0, "imin_syn_7_8": 0.0, "mi_7_8": 1.0, "immi_syn_7_8": 0.0, "nimin_syn_7_8": 0.0, "nimmi_syn_7_8": 0.0, "imin_syn_7_9": 0.0, "mi_7_9": 0.0, "immi_syn_7_9": 0.0, "nimin_syn_7_9": 0, "nimmi_syn_7_9": 0, "imin_syn_8_9": 0.0, "mi_8_9": 1.0, "immi_syn_8_9": 0.0, "nimin_syn_8_9": 0.0, "nimmi_syn_8_9": 0.0}, {"imin_syn_0_1": 0.0, "mi_0_1": 1.0, "immi_syn_0_1": 0.0, "nimin_syn_0_1": 0.0, "nimmi_syn_0_1": 0.0, "imin_syn_0_2": 0.0, "mi_0_2": 1.0, "immi_syn_0_2": 0.0, "nimin_syn_0_2": 0.0, "nimmi_syn_0_2": 0.0, "imin_syn_0_3": 0.0, "mi_0_3": 1.0, "immi_syn_0_3": 0.0, "nimin_syn_0_3": 0.0, "nimmi_syn_0_3": 0.0, "imin_syn_0_4": 0.0, "mi_0_4": 1.0, "immi_syn_0_4": 0.0, "nimin_syn_0_4": 0.0, "nimmi_syn_0_4": 0.0, "imin_syn_0_5": 0.0, "mi_0_5": 1.0, "immi_syn_0_5": 0.0, "nimin_syn_0_5": 0.0, "nimmi_syn_0_5": 0.0, "imin_syn_0_6": 0.0, "mi_0_6": 1.0, "immi_syn_0_6": 0.0, "nimin_syn_0_6": 0.0, "nimmi_syn_0_6": 0.0, "imin_syn_0_7": 0.0, "mi_0_7": 1.0, "immi_syn_0_7": 0.0, "nimin_syn_0_7": 0.0, "nimmi_syn_0_7": 0.0, "imin_syn_0_8": 0.0, "mi_0_8": 1.0, "immi_syn_0_8": 0.0, "nimin_syn_0_8": 0.0, "nimmi_syn_0_8": 0.0, "imin_syn_0_9": 0.0, "mi_0_9": 1.0, "immi_syn_0_9": 0.0, "nimin_syn_0_9": 0.0, "nimmi_syn_0_9": 0.0, "imin_syn_1_2": 0.0, "mi_1_2": 1.0, "immi_syn_1_2": 0.0, "nimin_syn_1_2": 0.0, "nimmi_syn_1_2": 0.0, "imin_syn_1_3": 0.0, "mi_1_3": 1.0, "immi_syn_1_3": 0.0, "nimin_syn_1_3": 0.0, "nimmi_syn_1_3": 0.0, "imin_syn_1_4": 0.0, "mi_1_4": 1.0, "immi_syn_1_4": 0.0, "nimin_syn_1_4": 0.0, "nimmi_syn_1_4": 0.0, "imin_syn_1_5": 0.0, "mi_1_5": 1.0, "immi_syn_1_5": 0.0, "nimin_syn_1_5": 0.0, "nimmi_syn_1_5": 0.0, "imin_syn_1_6": 0.0, "mi_1_6": 1.0, "immi_syn_1_6": 0.0, "nimin_syn_1_6": 0.0, "nimmi_syn_1_6": 0.0, "imin_syn_1_7": 0.0, "mi_1_7": 1.0, "immi_syn_1_7": 0.0, "nimin_syn_1_7": 0.0, "nimmi_syn_1_7": 0.0, "imin_syn_1_8": 0.0, "mi_1_8": 1.0, "immi_syn_1_8": 0.0, "nimin_syn_1_8": 0.0,