{"avg_reward": 1.0, "accuracy": 1.0, "k2_x2h_imin_syn_avg": [0.5, 0.015304930567574851, 0.0], "k2_x2h_imin_syn_sem": [NaN, 0.015304930567574822, 0.0], "k2_x2h_mi_avg": [1.5, 0.6247284721020295, 0.9777777777777777], "k2_x2h_mi_sem": [NaN, 0.06515748534173564, 0.022222222222222223], "k2_x2h_immi_syn_avg": [0.5, 0.015304930567574824, 0.0], "k2_x2h_immi_syn_sem": [NaN, 0.01530493056757482, 0.0], "k2_x2h_nimin_syn_avg": [0.3333333333333333, 0.015304930567574902, 0.0], "k2_x2h_nimin_syn_sem": [NaN, 0.015304930567574822, 0.0], "k2_x2h_nimmi_syn_avg": [0.3333333333333333, 0.015304930567574824, 0.0], "k2_x2h_nimmi_syn_sem": [NaN, 0.01530493056757482, 0.0], "k2_x2h_imin_red_avg": [0.5, 0.11508770824919845, 0.6222222222222222], "k2_x2h_imin_red_sem": [NaN, 0.0394547776473217, 0.07309112127323451], "k2_x2h_immi_red_avg": [0.5, 0.11508770824919846, 0.6222222222222222], "k2_x2h_immi_red_sem": [NaN, 0.0394547776473217, 0.07309112127323451], "k2_x2h_nimin_red_avg": [0.3333333333333333, 0.11508770824919845, 0.6222222222222222], "k2_x2h_nimin_red_sem": [NaN, 0.0394547776473217, 0.07309112127323451], "k2_x2h_nimmi_red_avg": [0.3333333333333333, 0.11508770824919846, 0.6222222222222222], "k2_x2h_nimmi_red_sem": [NaN, 0.0394547776473217, 0.07309112127323451], "k2_x2h_tuples_syn": [{"imin_syn_0_1": 0.5, "mi_0_1": 1.5, "immi_syn_0_1": 0.5, "nimin_syn_0_1": 0.3333333333333333, "nimmi_syn_0_1": 0.3333333333333333}, {"imin_syn_0_1": 0.0, "mi_0_1": 1.0, "immi_syn_0_1": 0.0, "nimin_syn_0_1": 0.0, "nimmi_syn_0_1": 0.0, "imin_syn_0_2": 0.0, "mi_0_2": 0.0, "immi_syn_0_2": 0.0, "nimin_syn_0_2": 0, "nimmi_syn_0_2": 0, "imin_syn_0_3": 1.1102230246251565e-16, "mi_0_3": 0.31127812445913294, "immi_syn_0_3": 0.0, "nimin_syn_0_3": 3.566659322926226e-16, "nimmi_syn_0_3": 0.0, "imin_syn_0_4": 0.0, "mi_0_4": 0.0, "immi_syn_0_4": 0.0, "nimin_syn_0_4": 0, "nimmi_syn_0_4": 0, "imin_syn_0_5": 0.0, "mi_0_5": 1.0, "immi_syn_0_5": 0.0, "nimin_syn_0_5": 0.0, "nimmi_syn_0_5": 0.0, "imin_syn_0_6": 0.0, "mi_0_6": 0.0, "immi_syn_0_6": 0.0, "nimin_syn_0_6": 0, "nimmi_syn_0_6": 0, "imin_syn_0_7": 0.0, "mi_0_7": 1.0, "immi_syn_0_7": 0.0, "nimin_syn_0_7": 0.0, "nimmi_syn_0_7": 0.0, "imin_syn_0_8": 1.1102230246251565e-16, "mi_0_8": 0.31127812445913294, "immi_syn_0_8": 0.0, "nimin_syn_0_8": 3.566659322926226e-16, "nimmi_syn_0_8": 0.0, "imin_syn_0_9": 0.0, "mi_0_9": 0.0, "immi_syn_0_9": 0.0, "nimin_syn_0_9": 0, "nimmi_syn_0_9": 0, "imin_syn_1_2": 0.0, "mi_1_2": 1.0, "immi_syn_1_2": 0.0, "nimin_syn_1_2": 0.0, "nimmi_syn_1_2": 0.0, "imin_syn_1_3": 0.0, "mi_1_3": 1.0, "immi_syn_1_3": 0.0, "nimin_syn_1_3": 0.0, "nimmi_syn_1_3": 0.0, "imin_syn_1_4": 0.0, "mi_1_4": 1.0, "immi_syn_1_4": 0.0, "nimin_syn_1_4": 0.0, "nimmi_syn_1_4": 0.0, "imin_syn_1_5": 0.0, "mi_1_5": 1.0, "immi_syn_1_5": 0.0, "nimin_syn_1_5": 0.0, "nimmi_syn_1_5": 0.0, "imin_syn_1_6": 0.0, "mi_1_6": 1.0, "immi_syn_1_6": 0.0, "nimin_syn_1_6": 0.0, "nimmi_syn_1_6": 0.0, "imin_syn_1_7": 0.0, "mi_1_7": 1.0, "immi_syn_1_7": 0.0, "nimin_syn_1_7": 0.0, "nimmi_syn_1_7": 0.0, "imin_syn_1_8": 0.0, "mi_1_8": 1.0, "immi_syn_1_8": 0.0, "nimin_syn_1_8": 0.0, "nimmi_syn_1_8": 0.0, "imin_syn_1_9": 0.0, "mi_1_9": 1.0, "immi_syn_1_9": 0.0, "nimin_syn_1_9": 0.0, "nimmi_syn_1_9": 0.0, "imin_syn_2_3": 1.1102230246251565e-16, "mi_2_3": 0.31127812445913294, "immi_syn_2_3": 0.0, "nimin_syn_2_3": 3.566659322926226e-16, "nimmi_syn_2_3": 0.0, "imin_syn_2_4": 0.0, "mi_2_4": 0.0, "immi_syn_2_4": 0.0, "nimin_syn_2_4": 0, "nimmi_syn_2_4": 0, "imin_syn_2_5": 0.0, "mi_2_5": 1.0, "immi_syn_2_5": 0.0, "nimin_syn_2_5": 0.0, "nimmi_syn_2_5": 0.0, "imin_syn_2_6": 0.0, "mi_2_6": 0.0, "immi_syn_2_6": 0.0, "nimin_syn_2_6": 0, "nimmi_syn_2_6": 0, "imin_syn_2_7": 0.0, "mi_2_7": 1.0, "immi_syn_2_7": 0.0, "nimin_syn_2_7": 0.0, "nimmi_syn_2_7": 0.0, "imin_syn_2_8": 1.1102230246251565e-16, "mi_2_8": 0.31127812445913294, "immi_syn_2_8": 0.0, "nimin_syn_2_8": 3.566659322926226e-16, "nimmi_syn_2_8": 0.0, "imin_syn_2_9": 0.0, "mi_2_9": 0.0, "immi_syn_2_9": 0.0, "nimin_syn_2_9": 0, "nimmi_syn_2_9": 0, "imin_syn_3_4": 1.1102230246251565e-16, "mi_3_4": 0.31127812445913294, "immi_syn_3_4": 0.0, "nimin_syn_3_4": 3.566659322926226e-16, "nimmi_syn_3_4": 0.0, "imin_syn_3_5": 0.0, "mi_3_5": 1.0, "immi_syn_3_5": 0.0, "nimin_syn_3_5": 0.0, "nimmi_syn_3_5": 0.0, "imin_syn_3_6": 1.1102230246251565e-16, "mi_3_6": 0.31127812445913294, "immi_syn_3_6": 0.0, "nimin_syn_3_6": 3.566659322926226e-16, "nimmi_syn_3_6": 0.0, "imin_syn_3_7": 0.0, "mi_3_7": 1.0, "immi_syn_3_7": 0.0, "nimin_syn_3_7": 0.0, "nimmi_syn_3_7": 0.0, "imin_syn_3_8": 0.6887218755408672, "mi_3_8": 1.0, "immi_syn_3_8": 0.6887218755408671, "nimin_syn_3_8": 0.6887218755408672, "nimmi_syn_3_8": 0.6887218755408671, "imin_syn_3_9": 1.1102230246251565e-16, "mi_3_9": 0.31127812445913294, "immi_syn_3_9": 0.0, "nimin_syn_3_9": 3.566659322926226e-16, "nimmi_syn_3_9": 0.0, "imin_syn_4_5": 0.0, "mi_4_5": 1.0, "immi_syn_4_5": 0.0, "nimin_syn_4_5": 0.0, "nimmi_syn_4_5": 0.0, "imin_syn_4_6": 0.0, "mi_4_6": 0.0, "immi_syn_4_6": 0.0, "nimin_syn_4_6": 0, "nimmi_syn_4_6": 0, "imin_syn_4_7": 0.0, "mi_4_7": 1.0, "immi_syn_4_7": 0.0, "nimin_syn_4_7": 0.0, "nimmi_syn_4_7": 0.0, "imin_syn_4_8": 1.1102230246251565e-16, "mi_4_8": 0.31127812445913294, "immi_syn_4_8": 0.0, "nimin_syn_4_8": 3.566659322926226e-16, "nimmi_syn_4_8": 0.0, "imin_syn_4_9": 0.0, "mi_4_9": 0.0, "immi_syn_4_9": 0.0, "nimin_syn_4_9": 0, "nimmi_syn_4_9": 0, "imin_syn_5_6": 0.0, "mi_5_6": 1.0, "immi_syn_5_6": 0.0, "nimin_syn_5_6": 0.0, "nimmi_syn_5_6": 0.0, "imin_syn_5_7": 0.0, "mi_5_7": 1.0, "immi_syn_5_7": 0.0, "nimin_syn_5_7": 0.0, "nimmi_syn_5_7": 0.0, "imin_syn_5_8": 0.0, "mi_5_8": 1.0, "immi_syn_5_8": 0.0, "nimin_syn_5_8": 0.0, "nimmi_syn_5_8": 0.0, "imin_syn_5_9": 0.0, "mi_5_9": 1.0, "immi_syn_5_9": 0.0, "nimin_syn_5_9": 0.0, "nimmi_syn_5_9": 0.0, "imin_syn_6_7": 0.0, "mi_6_7": 1.0, "immi_syn_6_7": 0.0, "nimin_syn_6_7": 0.0, "nimmi_syn_6_7": 0.0, "imin_syn_6_8": 1.1102230246251565e-16, "mi_6_8": 0.31127812445913294, "immi_syn_6_8": 0.0, "nimin_syn_6_8": 3.566659322926226e-16, "nimmi_syn_6_8": 0.0, "imin_syn_6_9": 0.0, "mi_6_9": 0.0, "immi_syn_6_9": 0.0, "nimin_syn_6_9": 0, "nimmi_syn_6_9": 0, "imin_syn_7_8": 0.0, "mi_7_8": 1.0, "immi_syn_7_8": 0.0, "nimin_syn_7_8": 0.0, "nimmi_syn_7_8": 0.0, "imin_syn_7_9": 0.0, "mi_7_9": 1.0, "immi_syn_7_9": 0.0, "nimin_syn_7_9": 0.0, "nimmi_syn_7_9": 0.0, "imin_syn_8_9": 1.1102230246251565e-16, "mi_8_9": 0.31127812445913294, "immi_syn_8_9": 0.0, "nimin_syn_8_9": 3.566659322926226e-16, "nimmi_syn_8_9": 0.0}, {"imin_syn_0_1": 0.0, "mi_0_1": 1.0, "immi_syn_0_1": 0.0, "nimin_syn_0_1": 0.0, "nimmi_syn_0_1": 0.0, "imin_syn_0_2": 0.0, "mi_0_2": 1.0, "immi_syn_0_2": 0.0, "nimin_syn_0_2": 0.0, "nimmi_syn_0_2": 0.0, "imin_syn_0_3": 0.0, "mi_0_3": 1.0, "immi_syn_0_3": 0.0, "nimin_syn_0_3": 0.0, "nimmi_syn_0_3": 0.0, "imin_syn_0_4": 0.0, "mi_0_4": 1.0, "immi_syn_0_4": 0.0, "nimin_syn_0_4": 0.0, "nimmi_syn_0_4": 0.0, "imin_syn_0_5": 0.0, "mi_0_5": 1.0, "immi_syn_0_5": 0.0, "nimin_syn_0_5": 0.0, "nimmi_syn_0_5": 0.0, "imin_syn_0_6": 0.0, "mi_0_6": 1.0, "immi_syn_0_6": 0.0, "nimin_syn_0_6": 0.0, "nimmi_syn_0_6": 0.0, "imin_syn_0_7": 0.0, "mi_0_7": 1.0, "immi_syn_0_7": 0.0, "nimin_syn_0_7": 0.0, "nimmi_syn_0_7": 0.0, "imin_syn_0_8": 0.0, "mi_0_8": 1.0, "immi_syn_0_8": 0.0, "nimin_syn_0_8": 0.0, "nimmi_syn_0_8": 0.0, "imin_syn_0_9": 0.0, "mi_0_9": 1.0, "immi_syn_0_9": 0.0, "nimin_syn_0_9": 0.0, "nimmi_syn_0_9": 0.0, "imin_syn_1_2": 0.0, "mi_1_2": 1.0, "immi_syn_1_2": 0.0, "nimin_syn_1_2": 0.0, "nimmi_syn_1_2": 0.0, "imin_syn_1_3": 0.0, "mi_1_3": 1.0, "immi_syn_1_3": 0.0, "nimin_syn_1_3": 0.0, "nimmi_syn_1_3": 0.0, "imin_syn_1_4": 0.0, "mi_1_4": 1.0, "immi_syn_1_4": 0.0, "nimin_syn_1_4": 0.0, "nimmi_syn_1_4": 0.0, "imin_syn_1_5": 0.0, "mi_1_5": 1.0, "immi_syn_1_5": 0.0, "nimin_syn_1_5": 0.0, "nimmi_syn_1_5": 0.0, "imin_syn_1_6": 0.0, "mi_1_6": 1.0, "immi_syn_1_6": 0.0, "nimin_syn_1_6": 0.0, "nimmi_syn_1_6": 0.0, "imin_syn_1_7": 0.0, "mi_1_7": 1.0, "immi_syn_1_7": 0.0,