{"avg_reward": 1.0, "accuracy": 1.0, "k2_x2h_imin_syn_avg": [1.0, 0.03060986113514968, 0.0], "k2_x2h_imin_syn_sem": [NaN, 0.011871971292090415, 0.0], "k2_x2h_mi_avg": [2.0, 0.8580618054353629, 1.0], "k2_x2h_mi_sem": [NaN, 0.057386789268443185, 0.0], "k2_x2h_immi_syn_avg": [1.0, 0.05283208335737187, 0.0], "k2_x2h_immi_syn_sem": [NaN, 0.021853813967812427, 0.0], "k2_x2h_nimin_syn_avg": [0.5, 0.023202453727742305, 0.0], "k2_x2h_nimin_syn_sem": [NaN, 0.008936280610380484, 0.0], "k2_x2h_nimmi_syn_avg": [0.5, 0.038017268542557055, 0.0], "k2_x2h_nimmi_syn_sem": [NaN, 0.01508623804652836, 0.0], "k2_x2h_imin_red_avg": [1.0, 0.2593149303752665, 1.0], "k2_x2h_imin_red_sem": [NaN, 0.05173737497988061, 0.0], "k2_x2h_immi_red_avg": [1.0, 0.2815371525974888, 1.0], "k2_x2h_immi_red_sem": [NaN, 0.05564897644047163, 0.0], "k2_x2h_nimin_red_avg": [0.5, 0.25798939799590404, 1.0], "k2_x2h_nimin_red_sem": [NaN, 0.052866640797548, 0.0], "k2_x2h_nimmi_red_avg": [0.5, 0.2728042128107189, 1.0], "k2_x2h_nimmi_red_sem": [NaN, 0.054076397400720115, 0.0], "k2_x2h_tuples_syn": [{"imin_syn_0_1": 1.0, "mi_0_1": 2.0, "immi_syn_0_1": 1.0, "nimin_syn_0_1": 0.5, "nimmi_syn_0_1": 0.5}, {"imin_syn_0_1": 0.18872187554086717, "mi_0_1": 1.0, "immi_syn_0_1": 0.18872187554086706, "nimin_syn_0_1": 0.18872187554086717, "nimmi_syn_0_1": 0.18872187554086706, "imin_syn_0_2": 1.1102230246251565e-16, "mi_0_2": 0.8112781244591329, "immi_syn_0_2": 0.0, "nimin_syn_0_2": 1.3684863318178654e-16, "nimmi_syn_0_2": 0.0, "imin_syn_0_3": 0.18872187554086717, "mi_0_3": 1.0, "immi_syn_0_3": 0.18872187554086706, "nimin_syn_0_3": 0.18872187554086717, "nimmi_syn_0_3": 0.18872187554086706, "imin_syn_0_4": 1.1102230246251565e-16, "mi_0_4": 0.8112781244591329, "immi_syn_0_4": 0.0, "nimin_syn_0_4": 1.3684863318178654e-16, "nimmi_syn_0_4": 0.0, "imin_syn_0_5": 1.1102230246251565e-16, "mi_0_5": 0.8112781244591329, "immi_syn_0_5": 0.0, "nimin_syn_0_5": 1.3684863318178654e-16, "nimmi_syn_0_5": 0.0, "imin_syn_0_6": 0.25, "mi_0_6": 1.5, "immi_syn_0_6": 0.5, "nimin_syn_0_6": 0.16666666666666666, "nimmi_syn_0_6": 0.3333333333333333, "imin_syn_0_7": 0.25, "mi_0_7": 1.5, "immi_syn_0_7": 0.5, "nimin_syn_0_7": 0.16666666666666666, "nimmi_syn_0_7": 0.3333333333333333, "imin_syn_0_8": 0.25, "mi_0_8": 1.5, "immi_syn_0_8": 0.5, "nimin_syn_0_8": 0.16666666666666666, "nimmi_syn_0_8": 0.3333333333333333, "imin_syn_0_9": 0.25, "mi_0_9": 1.5, "immi_syn_0_9": 0.5, "nimin_syn_0_9": 0.16666666666666666, "nimmi_syn_0_9": 0.3333333333333333, "imin_syn_1_2": 1.1102230246251565e-16, "mi_1_2": 0.31127812445913294, "immi_syn_1_2": 0.0, "nimin_syn_1_2": 3.566659322926226e-16, "nimmi_syn_1_2": 0.0, "imin_syn_1_3": 1.1102230246251565e-16, "mi_1_3": 0.31127812445913294, "immi_syn_1_3": 0.0, "nimin_syn_1_3": 3.566659322926226e-16, "nimmi_syn_1_3": 0.0, "imin_syn_1_4": 1.1102230246251565e-16, "mi_1_4": 0.31127812445913294, "immi_syn_1_4": 0.0, "nimin_syn_1_4": 3.566659322926226e-16, "nimmi_syn_1_4": 0.0, "imin_syn_1_5": 1.1102230246251565e-16, "mi_1_5": 0.31127812445913294, "immi_syn_1_5": 0.0, "nimin_syn_1_5": 3.566659322926226e-16, "nimmi_syn_1_5": 0.0, "imin_syn_1_6": 0.0, "mi_1_6": 1.0, "immi_syn_1_6": 0.0, "nimin_syn_1_6": 0.0, "nimmi_syn_1_6": 0.0, "imin_syn_1_7": 0.0, "mi_1_7": 1.0, "immi_syn_1_7": 0.0, "nimin_syn_1_7": 0.0, "nimmi_syn_1_7": 0.0, "imin_syn_1_8": 0.0, "mi_1_8": 1.0, "immi_syn_1_8": 0.0, "nimin_syn_1_8": 0.0, "nimmi_syn_1_8": 0.0, "imin_syn_1_9": 0.0, "mi_1_9": 1.0, "immi_syn_1_9": 0.0, "nimin_syn_1_9": 0.0, "nimmi_syn_1_9": 0.0, "imin_syn_2_3": 1.1102230246251565e-16, "mi_2_3": 0.31127812445913294, "immi_syn_2_3": 0.0, "nimin_syn_2_3": 3.566659322926226e-16, "nimmi_syn_2_3": 0.0, "imin_syn_2_4": 0.0, "mi_2_4": 0.0, "immi_syn_2_4": 0.0, "nimin_syn_2_4": 0, "nimmi_syn_2_4": 0, "imin_syn_2_5": 0.0, "mi_2_5": 0.0, "immi_syn_2_5": 0.0, "nimin_syn_2_5": 0, "nimmi_syn_2_5": 0, "imin_syn_2_6": 0.0, "mi_2_6": 1.0, "immi_syn_2_6": 0.0, "nimin_syn_2_6": 0.0, "nimmi_syn_2_6": 0.0, "imin_syn_2_7": 0.0, "mi_2_7": 1.0, "immi_syn_2_7": 0.0, "nimin_syn_2_7": 0.0, "nimmi_syn_2_7": 0.0, "imin_syn_2_8": 0.0, "mi_2_8": 1.0, "immi_syn_2_8": 0.0, "nimin_syn_2_8": 0.0, "nimmi_syn_2_8": 0.0, "imin_syn_2_9": 0.0, "mi_2_9": 1.0, "immi_syn_2_9": 0.0, "nimin_syn_2_9": 0.0, "nimmi_syn_2_9": 0.0, "imin_syn_3_4": 1.1102230246251565e-16, "mi_3_4": 0.31127812445913294, "immi_syn_3_4": 0.0, "nimin_syn_3_4": 3.566659322926226e-16, "nimmi_syn_3_4": 0.0, "imin_syn_3_5": 1.1102230246251565e-16, "mi_3_5": 0.31127812445913294, "immi_syn_3_5": 0.0, "nimin_syn_3_5": 3.566659322926226e-16, "nimmi_syn_3_5": 0.0, "imin_syn_3_6": 0.0, "mi_3_6": 1.0, "immi_syn_3_6": 0.0, "nimin_syn_3_6": 0.0, "nimmi_syn_3_6": 0.0, "imin_syn_3_7": 0.0, "mi_3_7": 1.0, "immi_syn_3_7": 0.0, "nimin_syn_3_7": 0.0, "nimmi_syn_3_7": 0.0, "imin_syn_3_8": 0.0, "mi_3_8": 1.0, "immi_syn_3_8": 0.0, "nimin_syn_3_8": 0.0, "nimmi_syn_3_8": 0.0, "imin_syn_3_9": 0.0, "mi_3_9": 1.0, "immi_syn_3_9": 0.0, "nimin_syn_3_9": 0.0, "nimmi_syn_3_9": 0.0, "imin_syn_4_5": 0.0, "mi_4_5": 0.0, "immi_syn_4_5": 0.0, "nimin_syn_4_5": 0, "nimmi_syn_4_5": 0, "imin_syn_4_6": 0.0, "mi_4_6": 1.0, "immi_syn_4_6": 0.0, "nimin_syn_4_6": 0.0, "nimmi_syn_4_6": 0.0, "imin_syn_4_7": 0.0, "mi_4_7": 1.0, "immi_syn_4_7": 0.0, "nimin_syn_4_7": 0.0, "nimmi_syn_4_7": 0.0, "imin_syn_4_8": 0.0, "mi_4_8": 1.0, "immi_syn_4_8": 0.0, "nimin_syn_4_8": 0.0, "nimmi_syn_4_8": 0.0, "imin_syn_4_9": 0.0, "mi_4_9": 1.0, "immi_syn_4_9": 0.0, "nimin_syn_4_9": 0.0, "nimmi_syn_4_9": 0.0, "imin_syn_5_6": 0.0, "mi_5_6": 1.0, "immi_syn_5_6": 0.0, "nimin_syn_5_6": 0.0, "nimmi_syn_5_6": 0.0, "imin_syn_5_7": 0.0, "mi_5_7": 1.0, "immi_syn_5_7": 0.0, "nimin_syn_5_7": 0.0, "nimmi_syn_5_7": 0.0, "imin_syn_5_8": 0.0, "mi_5_8": 1.0, "immi_syn_5_8": 0.0, "nimin_syn_5_8": 0.0, "nimmi_syn_5_8": 0.0, "imin_syn_5_9": 0.0, "mi_5_9": 1.0, "immi_syn_5_9": 0.0, "nimin_syn_5_9": 0.0, "nimmi_syn_5_9": 0.0, "imin_syn_6_7": 0.0, "mi_6_7": 1.0, "immi_syn_6_7": 0.0, "nimin_syn_6_7": 0.0, "nimmi_syn_6_7": 0.0, "imin_syn_6_8": 0.0, "mi_6_8": 1.0, "immi_syn_6_8": 0.0, "nimin_syn_6_8": 0.0, "nimmi_syn_6_8": 0.0, "imin_syn_6_9": 0.0, "mi_6_9": 1.0, "immi_syn_6_9": 0.0, "nimin_syn_6_9": 0.0, "nimmi_syn_6_9": 0.0, "imin_syn_7_8": 0.0, "mi_7_8": 1.0, "immi_syn_7_8": 0.0, "nimin_syn_7_8": 0.0, "nimmi_syn_7_8": 0.0, "imin_syn_7_9": 0.0, "mi_7_9": 1.0, "immi_syn_7_9": 0.0, "nimin_syn_7_9": 0.0, "nimmi_syn_7_9": 0.0, "imin_syn_8_9": 0.0, "mi_8_9": 1.0, "immi_syn_8_9": 0.0, "nimin_syn_8_9": 0.0, "nimmi_syn_8_9": 0.0}, {"imin_syn_0_1": 0.0, "mi_0_1": 1.0, "immi_syn_0_1": 0.0, "nimin_syn_0_1": 0.0, "nimmi_syn_0_1": 0.0, "imin_syn_0_2": 0.0, "mi_0_2": 1.0, "immi_syn_0_2": 0.0, "nimin_syn_0_2": 0.0, "nimmi_syn_0_2": 0.0, "imin_syn_0_3": 0.0, "mi_0_3": 1.0, "immi_syn_0_3": 0.0, "nimin_syn_0_3": 0.0, "nimmi_syn_0_3": 0.0, "imin_syn_0_4": 0.0, "mi_0_4": 1.0, "immi_syn_0_4": 0.0, "nimin_syn_0_4": 0.0, "nimmi_syn_0_4": 0.0, "imin_syn_0_5": 0.0, "mi_0_5": 1.0, "immi_syn_0_5": 0.0, "nimin_syn_0_5": 0.0, "nimmi_syn_0_5": 0.0, "imin_syn_0_6": 0.0, "mi_0_6": 1.0, "immi_syn_0_6": 0.0, "nimin_syn_0_6": 0.0, "nimmi_syn_0_6": 0.0, "imin_syn_0_7": 0.0, "mi_0_7": 1.0, "immi_syn_0_7": 0.0, "nimin_syn_0_7": 0.0, "nimmi_syn_0_7": 0.0, "imin_syn_0_8": 0.0, "mi_0_8": 1.0, "immi_syn_0_8": 0.0, "nimin_syn_0_8": 0.0, "nimmi_syn_0_8": 0.0, "imin_syn_0_9": 0.0, "mi_0_9": 1.0, "immi_syn_0_9": 0.0, "nimin_syn_0_9": 0.0, "nimmi_syn_0_9": 0.0, "imin_syn_1_2": 0.0, "mi_1_2": 1.0, "immi_syn_1_2": 0.0, "nimin_syn_1_2": 0.0, "nimmi_syn_1_2": 0.0, "imin_syn_1_3": 0.0, "mi_1_3": 1.0, "immi_syn_1_3": 0.0, "nimin_syn_1_3": 0.0, "nimmi_syn_1_3": 0.0, "imin_syn_1_4": 0.0, "mi_1_4": 1.0, "immi_syn_1_4": 0.0, "nimin_syn_1_4": 0.0, "nimmi_syn_1_4": 0.0, "imin_syn_1_5": 0.0, "mi_1_5": 1.0, "immi_syn_1_5": 0.0, "nimin_syn_1_5": 0.0, "nimmi_syn_1_5": 0.0, "imin_syn_1_6": 0.0, "mi_1_6": 1.0, "immi_syn_1_6": 0.0, "nimin_syn_1_6": 0.0, "nimmi_syn_1_6": 0.0, "imin_syn_1_7": 0.0, "mi_1_7": 1.0, "immi_syn_1_7": 0.0, "nimin_syn_1_7": 0.0,