{"avg_reward_avg": 1.0, "avg_reward_sem": 0.0, "accuracy_avg": 1.0, "accuracy_sem": 0.0, "k2_x2h_imin_syn_avg_avg": [0.55, 0.03286299307278319, 0.0], "k2_x2h_imin_syn_avg_sem": [0.08975274678557507, 0.009027066653177226, 0.0], "k2_x2h_imin_syn_sem_avg": [NaN, 0.011406924556798379, 0.0], "k2_x2h_imin_syn_sem_sem": [NaN, 0.0026020594414261806, 0.0], "k2_x2h_mi_avg_avg": [1.55, 0.8004527846152507, 0.9888888888888889], "k2_x2h_mi_avg_sem": [0.08975274678557507, 0.05063217265191473, 0.0068292921905873235], "k2_x2h_mi_sem_avg": [NaN, 0.0631050849429439, 0.008204951609896219], "k2_x2h_mi_sem_sem": [NaN, 0.001479230142065578, 0.004382520109507875], "k2_x2h_immi_syn_avg_avg": [0.55, 0.06184628474025113, 0.0], "k2_x2h_immi_syn_avg_sem": [0.08975274678557507, 0.01905261802608657, 0.0], "k2_x2h_immi_syn_sem_avg": [NaN, 0.01950930232166235, 0.0], "k2_x2h_immi_syn_sem_sem": [NaN, 0.004740877387687364, 0.0], "k2_x2h_nimin_syn_avg_avg": [0.33333333333333337, 0.024725706040553887, 0.0], "k2_x2h_nimin_syn_avg_sem": [0.04303314829119352, 0.006359943684909093, 0.0], "k2_x2h_nimin_syn_sem_avg": [NaN, 0.008999667890834437, 0.0], "k2_x2h_nimin_syn_sem_sem": [NaN, 0.002289561981799281, 0.0], "k2_x2h_nimmi_syn_avg_avg": [0.33333333333333337, 0.04527764122413646, 0.0], "k2_x2h_nimmi_syn_avg_sem": [0.04303314829119352, 0.01268104574332905, 0.0], "k2_x2h_nimmi_syn_sem_avg": [NaN, 0.014672232598620761, 0.0], "k2_x2h_nimmi_syn_sem_sem": [NaN, 0.0033903526545033947, 0.0], "k2_x2h_imin_red_avg_avg": [0.55, 0.1993725832195509, 0.7911111111111111], "k2_x2h_imin_red_avg_sem": [0.08975274678557507, 0.0218418436274816, 0.05710914153302632], "k2_x2h_imin_red_sem_avg": [NaN, 0.04886496069846107, 0.04626014615177154], "k2_x2h_imin_red_sem_sem": [NaN, 0.0027151132276327086, 0.010266792748221985], "k2_x2h_immi_red_avg_avg": [0.55, 0.22835587488701883, 0.7911111111111111], "k2_x2h_immi_red_avg_sem": [0.08975274678557507, 0.030738280019977717, 0.05710914153302632], "k2_x2h_immi_red_sem_avg": [NaN, 0.05315844616476044, 0.04626014615177154], "k2_x2h_immi_red_sem_sem": [NaN, 0.00364451127992057, 0.010266792748221985], "k2_x2h_nimin_red_avg_avg": [0.33333333333333337, 0.18622610870374792, 0.7911111111111111], "k2_x2h_nimin_red_avg_sem": [0.04303314829119352, 0.016707902563526854, 0.05710914153302632], "k2_x2h_nimin_red_sem_avg": [NaN, 0.04816681578026223, 0.04626014615177154], "k2_x2h_nimin_red_sem_sem": [NaN, 0.0023622129729027556, 0.010266792748221985], "k2_x2h_nimmi_red_avg_avg": [0.33333333333333337, 0.20677804388733056, 0.7911111111111111], "k2_x2h_nimmi_red_avg_sem": [0.04303314829119352, 0.02113295146882331, 0.05710914153302632], "k2_x2h_nimmi_red_sem_avg": [NaN, 0.05032812010529643, 0.04626014615177154], "k2_x2h_nimmi_red_sem_sem": [NaN, 0.0022176617823332838, 0.010266792748221985], "x2h_imin_syn_avg": [0.55, 0.0, 0.0], "x2h_imin_syn_sem": [0.08975274678557507, 0.0, 0.0], "x2h_mi_avg": [1.55, 1.25, 1.0], "x2h_mi_sem": [0.08975274678557507, 0.08333333333333333, 0.0], "x2h_immi_syn_avg": [0.55, 0.0, 0.0], "x2h_immi_syn_sem": [0.08975274678557507, 0.0, 0.0], "x2h_nimin_syn_avg": [0.33333333333333337, 0.0, 0.0], "x2h_nimin_syn_sem": [0.04303314829119352, 0.0, 0.0], "x2h_nimmi_syn_avg": [0.33333333333333337, 0.0, 0.0], "x2h_nimmi_syn_sem": [0.04303314829119352, 0.0, 0.0], "x2h_imin_red_avg": [0.55, 0.0, 0.3], "x2h_imin_red_sem": [0.08975274678557507, 0.0, 0.15275252316519466], "x2h_immi_red_avg": [0.55, 0.0, 0.3], "x2h_immi_red_sem": [0.08975274678557507, 0.0, 0.15275252316519466], "x2h_nimin_red_avg": [0.33333333333333337, 0.0, 0.3], "x2h_nimin_red_sem": [0.04303314829119352, 0.0, 0.15275252316519466], "x2h_nimmi_red_avg": [0.33333333333333337, 0.0, 0.3], "x2h_nimmi_red_sem": [0.04303314829119352, 0.0, 0.15275252316519466]}