{"avg_reward": 0.254, "accuracy": 0.04, "k2_xh2h_immi_syn_avg": [0.2252667388255989], "k2_xh2h_immi_syn_sem": [0.014114758042936036], "k2_xh2h_mi_avg": [0.5715377133611209], "k2_xh2h_mi_sem": [0.031156417583850664], "k2_xh2h_nimmi_syn_avg": [0.39880911460685753], "k2_xh2h_nimmi_syn_sem": [0.011260537342687619]}