{"avg_reward": 0.121, "accuracy": 0.06, "k2_xh2h_immi_syn_avg": [0.21108468977589737], "k2_xh2h_immi_syn_sem": [0.013467454198249252], "k2_xh2h_mi_avg": [0.5943148835708086], "k2_xh2h_mi_sem": [0.038273941351984204], "k2_xh2h_nimmi_syn_avg": [0.36755300225971244], "k2_xh2h_nimmi_syn_sem": [0.01360066303776645]}