{"avg_reward": 0.091, "accuracy": 0.06, "k2_xh2h_immi_syn_avg": [0.2585254758949452], "k2_xh2h_immi_syn_sem": [0.014102339625453849], "k2_xh2h_mi_avg": [0.6809253788177981], "k2_xh2h_mi_sem": [0.03624828916983124], "k2_xh2h_nimmi_syn_avg": [0.3811645631743672], "k2_xh2h_nimmi_syn_sem": [0.011263347706830915]}