{"avg_reward": 0.023, "accuracy": 0.07, "k2_xh2h_immi_syn_avg": [0.18570600309754554], "k2_xh2h_immi_syn_sem": [0.009417868391428188], "k2_xh2h_mi_avg": [0.49450483853109023], "k2_xh2h_mi_sem": [0.02437862996630601], "k2_xh2h_nimmi_syn_avg": [0.38473488103850734], "k2_xh2h_nimmi_syn_sem": [0.011912401999220515]}