{"avg_reward": 0.02, "accuracy": 0.11, "k2_xh2h_immi_syn_avg": [0.22576263871757338], "k2_xh2h_immi_syn_sem": [0.012949193234564376], "k2_xh2h_mi_avg": [0.6165510339494795], "k2_xh2h_mi_sem": [0.031913919643414425], "k2_xh2h_nimmi_syn_avg": [0.36825678630318665], "k2_xh2h_nimmi_syn_sem": [0.014190093417368292]}