{"avg_reward": 0.014, "accuracy": 0.07, "k2_xh2h_immi_syn_avg": [0.1978325126774941], "k2_xh2h_immi_syn_sem": [0.013632151179231496], "k2_xh2h_mi_avg": [0.5524925602653279], "k2_xh2h_mi_sem": [0.04131438544400382], "k2_xh2h_nimmi_syn_avg": [0.35964721636571745], "k2_xh2h_nimmi_syn_sem": [0.01423223267170197]}