{"avg_reward": 0.04, "accuracy": 0.06, "k2_xh2h_immi_syn_avg": [0.18459599897400042], "k2_xh2h_immi_syn_sem": [0.013660560830659385], "k2_xh2h_mi_avg": [0.5276451321866977], "k2_xh2h_mi_sem": [0.03183487352984612], "k2_xh2h_nimmi_syn_avg": [0.3522438327600084], "k2_xh2h_nimmi_syn_sem": [0.014207096121037122]}