{"avg_reward": 0.019, "accuracy": 0.09, "k2_xh2h_immi_syn_avg": [0.1967038203326808], "k2_xh2h_immi_syn_sem": [0.014558424869382284], "k2_xh2h_mi_avg": [0.5887125124206188], "k2_xh2h_mi_sem": [0.02956578425646796], "k2_xh2h_nimmi_syn_avg": [0.33483500135031136], "k2_xh2h_nimmi_syn_sem": [0.015597028941607643]}