{"avg_reward": 0.003, "accuracy": 0.03, "k2_xh2h_immi_syn_avg": [0.2079991385481047], "k2_xh2h_immi_syn_sem": [0.015215961819893578], "k2_xh2h_mi_avg": [0.6153603384518832], "k2_xh2h_mi_sem": [0.03514030488255083], "k2_xh2h_nimmi_syn_avg": [0.3481022448466259], "k2_xh2h_nimmi_syn_sem": [0.017189146198173154]}