{"avg_reward": 0.014, "accuracy": 0.06, "k2_xh2h_immi_syn_avg": [0.21407161117306792], "k2_xh2h_immi_syn_sem": [0.012487144460611822], "k2_xh2h_mi_avg": [0.5702585358903796], "k2_xh2h_mi_sem": [0.03160529646966595], "k2_xh2h_nimmi_syn_avg": [0.3784238194510992], "k2_xh2h_nimmi_syn_sem": [0.01211684316210955]}