{"avg_reward_avg": 0.0526, "avg_reward_sem": 0.02175939133135647, "accuracy_avg": 0.05950000000000001, "accuracy_sem": 0.005079916884709389, "k2_xh2h_immi_syn_avg_avg": [0.20697382031884798], "k2_xh2h_immi_syn_avg_sem": [0.006809844902436082], "k2_xh2h_immi_syn_sem_avg": [0.012741442020939676], "k2_xh2h_immi_syn_sem_sem": [0.0007578797636238635], "k2_xh2h_mi_avg_avg": [0.5497524327338746], "k2_xh2h_mi_avg_sem": [0.015727091755658656], "k2_xh2h_mi_sem_avg": [0.030336697440307852], "k2_xh2h_mi_sem_sem": [0.0013431533083233934], "k2_xh2h_nimmi_syn_avg_avg": [0.37959191692848526], "k2_xh2h_nimmi_syn_avg_sem": [0.005814200059266952], "k2_xh2h_nimmi_syn_sem_avg": [0.012748690245166363], "k2_xh2h_nimmi_syn_sem_sem": [0.0005579271816756414]}