{"avg_reward": 0.0175, "accuracy": 0.085, "k2_xh2h_immi_syn_avg": [0.19460132038035494], "k2_xh2h_immi_syn_sem": [0.013642707215230901], "k2_xh2h_mi_avg": [0.5663908022600738], "k2_xh2h_mi_sem": [0.03241338160674962], "k2_xh2h_nimmi_syn_avg": [0.34308275948949496], "k2_xh2h_nimmi_syn_sem": [0.014683947329442112]}