{"avg_reward": 0.0835, "accuracy": 0.06, "k2_xh2h_immi_syn_avg": [0.24170468636115466], "k2_xh2h_immi_syn_sem": [0.014660140927222788], "k2_xh2h_mi_avg": [0.6152629982039972], "k2_xh2h_mi_sem": [0.03113974482697501], "k2_xh2h_nimmi_syn_avg": [0.38821567127200785], "k2_xh2h_nimmi_syn_sem": [0.011577690394936084]}