{"avg_reward": 0.107, "accuracy": 0.045, "k2_xh2h_immi_syn_avg": [0.20572279273786612], "k2_xh2h_immi_syn_sem": [0.015310486268280814], "k2_xh2h_mi_avg": [0.5316859397501625], "k2_xh2h_mi_sem": [0.034517486577320386], "k2_xh2h_nimmi_syn_avg": [0.38934556773900914], "k2_xh2h_nimmi_syn_sem": [0.011233695858442944]}