{"avg_reward": 0.0315, "accuracy": 0.065, "k2_xh2h_immi_syn_avg": [0.21358508648016464], "k2_xh2h_immi_syn_sem": [0.015987033850405296], "k2_xh2h_mi_avg": [0.5142915599984894], "k2_xh2h_mi_sem": [0.029805459426030207], "k2_xh2h_nimmi_syn_avg": [0.4114034690246263], "k2_xh2h_nimmi_syn_sem": [0.013597667254713772]}