{"avg_reward": 0.223, "accuracy": 0.035, "k2_xh2h_immi_syn_avg": [0.22779661186864283], "k2_xh2h_immi_syn_sem": [0.011848075184728775], "k2_xh2h_mi_avg": [0.5835013827723398], "k2_xh2h_mi_sem": [0.0255010367717544], "k2_xh2h_nimmi_syn_avg": [0.3930544100968178], "k2_xh2h_nimmi_syn_sem": [0.010782123125306757]}