{"avg_reward": 0.011, "accuracy": 0.06, "k2_xh2h_immi_syn_avg": [0.2268376766005861], "k2_xh2h_immi_syn_sem": [0.013541579547384823], "k2_xh2h_mi_avg": [0.6183247562148568], "k2_xh2h_mi_sem": [0.037864434595151826], "k2_xh2h_nimmi_syn_avg": [0.37645116817211594], "k2_xh2h_nimmi_syn_sem": [0.014095720870073299]}