{"avg_reward": 0.0165, "accuracy": 0.08, "k2_xh2h_immi_syn_avg": [0.19850751340499567], "k2_xh2h_immi_syn_sem": [0.009469587689059113], "k2_xh2h_mi_avg": [0.5213786743363696], "k2_xh2h_mi_sem": [0.02606783581860035], "k2_xh2h_nimmi_syn_avg": [0.3852653853737426], "k2_xh2h_nimmi_syn_sem": [0.009964062674083079]}