{"avg_reward": 0.011, "accuracy": 0.06, "k2_xh2h_immi_syn_avg": [0.20676394927615457], "k2_xh2h_immi_syn_sem": [0.01286304501575985], "k2_xh2h_mi_avg": [0.5757255499148602], "k2_xh2h_mi_sem": [0.03248537054476001], "k2_xh2h_nimmi_syn_avg": [0.3679510862121289], "k2_xh2h_nimmi_syn_sem": [0.01340777948518002]}