{"avg_reward": 0.014, "accuracy": 0.065, "k2_xh2h_immi_syn_avg": [0.18364411875883208], "k2_xh2h_immi_syn_sem": [0.011345226286167532], "k2_xh2h_mi_avg": [0.5016987487244945], "k2_xh2h_mi_sem": [0.02918850991052325], "k2_xh2h_nimmi_syn_avg": [0.3687540191971412], "k2_xh2h_nimmi_syn_sem": [0.015192313350254177]}