{"avg_reward_avg": 1.0, "avg_reward_sem": 0.0, "accuracy_avg": 1.0, "accuracy_sem": 0.0, "k2_x2h_imin_syn_avg_avg": [0.95, 0.042233083338141054, 0.014591479170272453], "k2_x2h_imin_syn_avg_sem": [0.049999999999999996, 0.00821951068584031, 0.006881831962690923], "k2_x2h_imin_syn_sem_avg": [NaN, 0.01532115488422232, 0.008070233641145643], "k2_x2h_imin_syn_sem_sem": [NaN, 0.0018048264949208997, 0.0034294634176316725], "k2_x2h_mi_avg_avg": [1.95, 1.3017978193795403, 0.8549239721885682], "k2_x2h_mi_avg_sem": [0.049999999999999996, 0.08192094778662387, 0.017316983499477537], "k2_x2h_mi_sem_avg": [NaN, 0.08550135592106217, 0.044902977299954835], "k2_x2h_mi_sem_sem": [NaN, 0.005030287422824847, 0.0030644839998055355], "k2_x2h_immi_syn_avg_avg": [0.95, 0.07807184722943378, 0.014591479170272448], "k2_x2h_immi_syn_avg_sem": [0.049999999999999996, 0.012432621184563435, 0.006881831962690922], "k2_x2h_immi_syn_sem_avg": [NaN, 0.026599177512177597, 0.008070233641145643], "k2_x2h_immi_syn_sem_sem": [NaN, 0.002091654946457176, 0.0034294634176316725], "k2_x2h_nimin_syn_avg_avg": [0.4833333333333334, 0.023649819447916682, 0.01459147917027247], "k2_x2h_nimin_syn_avg_sem": [0.016666666666666666, 0.004462105257957375, 0.006881831962690927], "k2_x2h_nimin_syn_sem_avg": [NaN, 0.008568382504536644, 0.008070233641145647], "k2_x2h_nimin_syn_sem_sem": [NaN, 0.001000802858774651, 0.003429463417631671], "k2_x2h_nimmi_syn_avg_avg": [0.4833333333333334, 0.044039543986689834, 0.014591479170272448], "k2_x2h_nimmi_syn_avg_sem": [0.016666666666666666, 0.007495482632782548, 0.006881831962690922], "k2_x2h_nimmi_syn_sem_avg": [NaN, 0.015009212790214185, 0.008070233641145643], "k2_x2h_nimmi_syn_sem_sem": [NaN, 0.0014794367347905682, 0.0034294634176316725], "k2_x2h_imin_red_avg_avg": [0.95, 0.39759313880715785, 0.34437425685189604], "k2_x2h_imin_red_avg_sem": [0.049999999999999996, 0.07041780209317068, 0.02757987037741389], "k2_x2h_imin_red_sem_avg": [NaN, 0.07320269686609651, 0.05927958640584763], "k2_x2h_imin_red_sem_sem": [NaN, 0.004841303230322743, 0.002837249836484414], "k2_x2h_immi_red_avg_avg": [0.95, 0.4334319026984506, 0.34437425685189604], "k2_x2h_immi_red_avg_sem": [0.049999999999999996, 0.07061090882663326, 0.02757987037741389], "k2_x2h_immi_red_sem_avg": [NaN, 0.07895827799883444, 0.05927958640584763], "k2_x2h_immi_red_sem_sem": [NaN, 0.0044423671274621485, 0.0028372498364844147], "k2_x2h_nimin_red_avg_avg": [0.4833333333333334, 0.23607754856209923, 0.35659647907411823], "k2_x2h_nimin_red_avg_sem": [0.016666666666666666, 0.03788406021410617, 0.029002008636165554], "k2_x2h_nimin_red_sem_avg": [NaN, 0.04498648748871727, 0.06055439527568616], "k2_x2h_nimin_red_sem_sem": [NaN, 0.0013953468532867238, 0.0023058281760075174], "k2_x2h_nimmi_red_avg_avg": [0.4833333333333334, 0.25646727310087236, 0.3565964790741183], "k2_x2h_nimmi_red_avg_sem": [0.016666666666666666, 0.03768796885459043, 0.02900200863616556], "k2_x2h_nimmi_red_sem_avg": [NaN, 0.04764486747388805, 0.06055439527568616], "k2_x2h_nimmi_red_sem_sem": [NaN, 0.0012509580189319126, 0.0023058281760075165], "x2h_imin_syn_avg": [0.95, 0.0, 0.0], "x2h_imin_syn_sem": [0.049999999999999996, 0.0, 0.0], "x2h_mi_avg": [1.95, 1.9, 1.0], "x2h_mi_sem": [0.049999999999999996, 0.06666666666666665, 0.0], "x2h_immi_syn_avg": [0.95, 0.0, 0.0], "x2h_immi_syn_sem": [0.049999999999999996, 0.0, 0.0], "x2h_nimin_syn_avg": [0.4833333333333334, 0.0, 0.0], "x2h_nimin_syn_sem": [0.016666666666666666, 0.0, 0.0], "x2h_nimmi_syn_avg": [0.4833333333333334, 0.0, 0.0], "x2h_nimmi_syn_sem": [0.016666666666666666, 0.0, 0.0], "x2h_imin_red_avg": [0.95, 0.0, 0.0], "x2h_imin_red_sem": [0.049999999999999996, 0.0, 0.0], "x2h_immi_red_avg": [0.95, 0.0, 0.0], "x2h_immi_red_sem": [0.049999999999999996, 0.0, 0.0], "x2h_nimin_red_avg": [0.4833333333333334, 0.0, 0.0], "x2h_nimin_red_sem": [0.016666666666666666, 0.0, 0.0], "x2h_nimmi_red_avg": [0.4833333333333334, 0.0, 0.0], "x2h_nimmi_red_sem": [0.016666666666666666, 0.0, 0.0]}