{"avg_reward_avg": 0.0703, "avg_reward_sem": 0.03315755318676776, "accuracy_avg": 0.06200000000000001, "accuracy_sem": 0.008273115763993904, "k2_xh2h_immi_syn_avg_avg": [0.21043390069051032], "k2_xh2h_immi_syn_avg_sem": [0.006113750631560937], "k2_xh2h_immi_syn_sem_avg": [0.011617600635765054], "k2_xh2h_immi_syn_sem_sem": [0.0005316650442288557], "k2_xh2h_mi_avg_avg": [0.5884011840604563], "k2_xh2h_mi_avg_sem": [0.017479308851783244], "k2_xh2h_mi_sem_avg": [0.03362865587686737], "k2_xh2h_mi_sem_sem": [0.0021980953844845962], "k2_xh2h_nimmi_syn_avg_avg": [0.37007423354516067], "k2_xh2h_nimmi_syn_avg_sem": [0.005504679573026027], "k2_xh2h_nimmi_syn_sem_avg": [0.013364537719186925], "k2_xh2h_nimmi_syn_sem_sem": [0.0007892754009537117]}