{"avg_reward": 0.019, "accuracy": 0.07, "k2_xh2h_immi_syn_avg": [0.2081824381064407], "k2_xh2h_immi_syn_sem": [0.012619683290328204], "k2_xh2h_mi_avg": [0.6587480289390839], "k2_xh2h_mi_sem": [0.04586316204643281], "k2_xh2h_nimmi_syn_avg": [0.3438916360810855], "k2_xh2h_nimmi_syn_sem": [0.019060095288900708]}