{"avg_reward": 0.03, "accuracy": 0.07, "k2_xh2h_immi_syn_avg": [0.18579538640447413], "k2_xh2h_immi_syn_sem": [0.009297877159781635], "k2_xh2h_mi_avg": [0.48535045892733597], "k2_xh2h_mi_sem": [0.026208548349722468], "k2_xh2h_nimmi_syn_avg": [0.39206300105768954], "k2_xh2h_nimmi_syn_sem": [0.01093179280822763]}