{"avg_reward": 0.089, "accuracy": 0.06, "k2_xh2h_immi_syn_avg": [0.18905642702964207], "k2_xh2h_immi_syn_sem": [0.009632887319329594], "k2_xh2h_mi_avg": [0.542579682093721], "k2_xh2h_mi_sem": [0.029215333415317558], "k2_xh2h_nimmi_syn_avg": [0.3579802542871642], "k2_xh2h_nimmi_syn_sem": [0.010415542263027716]}