{"avg_reward": 0.003, "accuracy": 0.03, "k2_xh2h_immi_syn_avg": [0.21719312917123723], "k2_xh2h_immi_syn_sem": [0.013167696624132587], "k2_xh2h_mi_avg": [0.654115315722404], "k2_xh2h_mi_sem": [0.04595488167329529], "k2_xh2h_nimmi_syn_avg": [0.3553234453325262], "k2_xh2h_nimmi_syn_sem": [0.015885941936785546]}