{"avg_reward": 0.043, "accuracy": 0.06, "k2_xh2h_immi_syn_avg": [0.20985655313407803], "k2_xh2h_immi_syn_sem": [0.012711705372133968], "k2_xh2h_mi_avg": [0.5841569684905543], "k2_xh2h_mi_sem": [0.031126591219196614], "k2_xh2h_nimmi_syn_avg": [0.3623582861338563], "k2_xh2h_nimmi_syn_sem": [0.01383633820171612]}