{"avg_reward": 0.019, "accuracy": 0.09, "k2_xh2h_immi_syn_avg": [0.23726993735107046], "k2_xh2h_immi_syn_sem": [0.012728251600184192], "k2_xh2h_mi_avg": [0.6068975309485052], "k2_xh2h_mi_sem": [0.027294629522707645], "k2_xh2h_nimmi_syn_avg": [0.39543350120517384], "k2_xh2h_nimmi_syn_sem": [0.012391198388485875]}