{"avg_reward": 0.02, "accuracy": 0.11, "k2_xh2h_immi_syn_avg": [0.1928661356817536], "k2_xh2h_immi_syn_sem": [0.01052605139964351], "k2_xh2h_mi_avg": [0.5556111889657808], "k2_xh2h_mi_sem": [0.031216398035946995], "k2_xh2h_nimmi_syn_avg": [0.35694208175184367], "k2_xh2h_nimmi_syn_sem": [0.012857995065575207]}