{"avg_reward_avg": 0.031425119434597595, "avg_reward_sem": 0.005200729677328704, "accuracy_avg": 0.7625, "accuracy_sem": 0.04912427551063164, "k2_x2h_ray_imin_syn_avg_avg": [0.6815428906156779, 0.16478601832962872, 0.07384753449975692], "k2_x2h_ray_imin_syn_avg_sem": [0.04576635907137541, 0.0198584211331515, 0.017778332045660514], "k2_x2h_ray_imin_syn_sem_avg": [0.048004393899001754, 0.03618164901865463, 0.009773854307045263], "k2_x2h_ray_imin_syn_sem_sem": [0.009131643559310277, 0.0024366708370691893, 0.0018421539875414744], "k2_x2h_ray_immi_syn_avg_avg": [0.8477290640014654, 0.27165444290278873, 0.10881982221529067], "k2_x2h_ray_immi_syn_avg_sem": [0.051802825537703545, 0.030894805447087687, 0.028083467736755265], "k2_x2h_ray_immi_syn_sem_avg": [0.051383974712497046, 0.05212860211321604, 0.013613318057130333], "k2_x2h_ray_immi_syn_sem_sem": [0.00718165063428962, 0.0026252324901441097, 0.0029494640231172023], "k2_x2h_ray_mi_avg_avg": [1.787070886837872, 1.250874658711463, 0.44503924782408655], "k2_x2h_ray_mi_avg_sem": [0.1306705647147424, 0.07211118148420553, 0.0837059973808887], "k2_x2h_ray_mi_sem_avg": [0.06039621976128071, 0.09855869594472103, 0.02694598119003348], "k2_x2h_ray_mi_sem_sem": [0.013506708767095798, 0.005209956152125401, 0.0044393664102921745], "k2_x2h_ray_nimin_syn_avg_avg": [0.38289004517766884, 0.08529971289158769, 0.15051870012238014], "k2_x2h_ray_nimin_syn_avg_sem": [0.011385303110744267, 0.010909835778760214, 0.01722640360799128], "k2_x2h_ray_nimin_syn_sem_avg": [0.017160331703544134, 0.016061969512369514, 0.018595337256967038], "k2_x2h_ray_nimin_syn_sem_sem": [0.0034547195613237503, 0.0007088792731051877, 0.0011536085173685443], "k2_x2h_ray_nimmi_syn_avg_avg": [0.4793213350633831, 0.14655906258382628, 0.20362813344403546], "k2_x2h_ray_nimmi_syn_avg_sem": [0.013831618162487383, 0.017639871754220666, 0.021727803330570766], "k2_x2h_ray_nimmi_syn_sem_avg": [0.016905625097547082, 0.02456885107669794, 0.024108756196358813], "k2_x2h_ray_nimmi_syn_sem_sem": [0.0032374028624647423, 0.0012009146972856552, 0.0008121880251528541], "k2_x2h_pos_imin_syn_avg_avg": [0.7098446717118133, 0.16478601832962872, 0.07384753449975692], "k2_x2h_pos_imin_syn_avg_sem": [0.03939151298071798, 0.0198584211331515, 0.017778332045660514], "k2_x2h_pos_imin_syn_sem_avg": [0.03790986203363575, 0.03618164901865463, 0.009773854307045263], "k2_x2h_pos_imin_syn_sem_sem": [0.004641473761113087, 0.0024366708370691893, 0.0018421539875414744], "k2_x2h_pos_immi_syn_avg_avg": [0.7845462806704521, 0.27165444290278873, 0.10881982221529067], "k2_x2h_pos_immi_syn_avg_sem": [0.046032178595005434, 0.030894805447087687, 0.028083467736755265], "k2_x2h_pos_immi_syn_sem_avg": [0.03585258299726716, 0.05212860211321604, 0.013613318057130333], "k2_x2h_pos_immi_syn_sem_sem": [0.005148971273556289, 0.0026252324901441097, 0.0029494640231172023], "k2_x2h_pos_mi_avg_avg": [2.538484725025025, 1.250874658711463, 0.44503924782408655], "k2_x2h_pos_mi_avg_sem": [0.12687319147192005, 0.07211118148420553, 0.0837059973808887], "k2_x2h_pos_mi_sem_avg": [0.03585258299726722, 0.09855869594472103, 0.02694598119003348], "k2_x2h_pos_mi_sem_sem": [0.005148971273556309, 0.005209956152125401, 0.0044393664102921745], "k2_x2h_pos_nimin_syn_avg_avg": [0.2798921378492281, 0.08529971289158769, 0.15051870012238014], "k2_x2h_pos_nimin_syn_avg_sem": [0.010013665286036146, 0.010909835778760214, 0.01722640360799128], "k2_x2h_pos_nimin_syn_sem_avg": [0.01231616413335417, 0.016061969512369514, 0.018595337256967038], "k2_x2h_pos_nimin_syn_sem_sem": [0.0018645771874718313, 0.0007088792731051877, 0.0011536085173685443], "k2_x2h_pos_nimmi_syn_avg_avg": [0.3105518151082678, 0.14655906258382628, 0.20362813344403546], "k2_x2h_pos_nimmi_syn_avg_sem": [0.016433150989316418, 0.017639871754220666, 0.021727803330570766], "k2_x2h_pos_nimmi_syn_sem_avg": [0.009927278990628053, 0.02456885107669794, 0.024108756196358813], "k2_x2h_pos_nimmi_syn_sem_sem": [0.0013845128789102539, 0.0012009146972856552, 0.0008121880251528541]}