{"avg_reward": 0.050566786406007334, "accuracy": 0.9375, "k2_x2h_ray_imin_syn_avg": [0.7645137757487088, 0.2592816156893948, 0.043163894889334385], "k2_x2h_ray_imin_syn_sem": [0.013002458425418756, 0.03610820540832662, 0.008960848766808943], "k2_x2h_ray_immi_syn_avg": [0.9995114957922233, 0.391801093199415, 0.07349300173160424], "k2_x2h_ray_immi_syn_sem": [0.023084013561612028, 0.049799135155612406, 0.014012311031686833], "k2_x2h_ray_mi_avg": [2.2178277508202413, 1.382112158201796, 0.42863282648659357], "k2_x2h_ray_mi_sem": [0.03247923048359259, 0.07165051737389187, 0.02612826922909013], "k2_x2h_ray_nimin_syn_avg": [0.34484548532247, 0.15016391271648327, 0.0819557234542055], "k2_x2h_ray_nimin_syn_sem": [0.0073060070408069696, 0.019455260098825086, 0.015375928645437346], "k2_x2h_ray_nimmi_syn_avg": [0.45111902173002755, 0.23024460093786508, 0.1375494429098031], "k2_x2h_ray_nimmi_syn_sem": [0.016479450656952277, 0.02757842897080763, 0.023801201604775998], "k2_x2h_pos_imin_syn_avg": [0.7724395742434563, 0.2592816156893948, 0.043163894889334385], "k2_x2h_pos_imin_syn_sem": [0.04407232605137138, 0.03610820540832662, 0.008960848766808943], "k2_x2h_pos_immi_syn_avg": [0.8394747031235804, 0.391801093199415, 0.07349300173160424], "k2_x2h_pos_immi_syn_sem": [0.054134206479242004, 0.049799135155612406, 0.014012311031686833], "k2_x2h_pos_mi_avg": [3.160429424033984, 1.382112158201796, 0.42863282648659357], "k2_x2h_pos_mi_sem": [0.05413420647924246, 0.07165051737389187, 0.02612826922909013], "k2_x2h_pos_nimin_syn_avg": [0.24412088347310457, 0.15016391271648327, 0.0819557234542055], "k2_x2h_pos_nimin_syn_sem": [0.010241065913207016, 0.019455260098825086, 0.015375928645437346], "k2_x2h_pos_nimmi_syn_avg": [0.26519638341998397, 0.23024460093786508, 0.1375494429098031], "k2_x2h_pos_nimmi_syn_sem": [0.012379035062275383, 0.02757842897080763, 0.023801201604775998]}