{"avg_reward": 0.03999376728476216, "accuracy": 0.8125, "k2_x2h_ray_imin_syn_avg": [0.7563408408747351, 0.10735391702641664, 0.11859872062231851], "k2_x2h_ray_imin_syn_sem": [0.10092434795918462, 0.038720661463542035, 0.01298070364856455], "k2_x2h_ray_immi_syn_avg": [0.8666410942076664, 0.1653760125987613, 0.19995924636191426], "k2_x2h_ray_immi_syn_sem": [0.09283386948635756, 0.05651461253238703, 0.01977969346753551], "k2_x2h_ray_mi_avg": [1.9789785596082636, 1.188581196503827, 0.6528395002494356], "k2_x2h_ray_mi_sem": [0.1721935550247116, 0.13128793053447071, 0.02968323940611475], "k2_x2h_ray_nimin_syn_avg": [0.37877980485640156, 0.04195597379224861, 0.1606779415164407], "k2_x2h_ray_nimin_syn_sem": [0.020097842464391474, 0.014411439052853504, 0.014966013131157616], "k2_x2h_ray_nimmi_syn_avg": [0.4363376593156893, 0.06629851400763874, 0.271811003146013], "k2_x2h_ray_nimmi_syn_sem": [0.010449020067577206, 0.021271789617725696, 0.02410702760037855], "k2_x2h_pos_imin_syn_avg": [0.6057419964252554, 0.10735391702641664, 0.11859872062231851], "k2_x2h_pos_imin_syn_sem": [0.06674946149117138, 0.038720661463542035, 0.01298070364856455], "k2_x2h_pos_immi_syn_avg": [0.6567429110248181, 0.1653760125987613, 0.19995924636191426], "k2_x2h_pos_immi_syn_sem": [0.03325870483463452, 0.05651461253238703, 0.01977969346753551], "k2_x2h_pos_mi_avg": [2.5868924940241285, 1.188581196503827, 0.6528395002494356], "k2_x2h_pos_mi_sem": [0.03325870483463452, 0.13128793053447071, 0.02968323940611475], "k2_x2h_pos_nimin_syn_avg": [0.2335871834908084, 0.04195597379224861, 0.1606779415164407], "k2_x2h_pos_nimin_syn_sem": [0.022878969160496188, 0.014411439052853504, 0.014966013131157616], "k2_x2h_pos_nimmi_syn_avg": [0.25362788914026385, 0.06629851400763874, 0.271811003146013], "k2_x2h_pos_nimmi_syn_sem": [0.009544439155600035, 0.021271789617725696, 0.02410702760037855]}