{"avg_reward": 0.03137042918774921, "accuracy": 0.875, "k2_x2h_ray_imin_syn_avg": [0.877000991571227, 0.14350921947992473, 0.06825672911499295], "k2_x2h_ray_imin_syn_sem": [0.04616072463590252, 0.03089496060857863, 0.01150584938447219], "k2_x2h_ray_immi_syn_avg": [1.0786018905815506, 0.2767850029912936, 0.1002547283669434], "k2_x2h_ray_immi_syn_sem": [0.05068580268442199, 0.052463331483043135, 0.014783096568139576], "k2_x2h_ray_mi_avg": [2.3499465332707032, 1.25935158578193, 0.508617385204225], "k2_x2h_ray_mi_sem": [0.0791320931512072, 0.0952025493928848, 0.03325453820642513], "k2_x2h_ray_nimin_syn_avg": [0.3728564386365963, 0.07612638576449123, 0.11607978776462084], "k2_x2h_ray_nimin_syn_sem": [0.00942140594847698, 0.014437688518938912, 0.018990383834595465], "k2_x2h_ray_nimmi_syn_avg": [0.4586414383697867, 0.15062952790522202, 0.1749403552848342], "k2_x2h_ray_nimmi_syn_sem": [0.007667640710426345, 0.026134967627851752, 0.02636691976209136], "k2_x2h_pos_imin_syn_avg": [0.7659847728967643, 0.14350921947992473, 0.06825672911499295], "k2_x2h_pos_imin_syn_sem": [0.0484291532573374, 0.03089496060857863, 0.01150584938447219], "k2_x2h_pos_immi_syn_avg": [0.9571762418799036, 0.2767850029912936, 0.1002547283669434], "k2_x2h_pos_immi_syn_sem": [0.04583954274009491, 0.052463331483043135, 0.014783096568139576], "k2_x2h_pos_mi_avg": [2.713777853767547, 1.25935158578193, 0.508617385204225], "k2_x2h_pos_mi_sem": [0.04583954274009492, 0.0952025493928848, 0.03325453820642513], "k2_x2h_pos_nimin_syn_avg": [0.2818205609560007, 0.07612638576449123, 0.11607978776462084], "k2_x2h_pos_nimin_syn_sem": [0.013432042118248647, 0.014437688518938912, 0.018990383834595465], "k2_x2h_pos_nimmi_syn_avg": [0.3523356426862776, 0.15062952790522202, 0.1749403552848342], "k2_x2h_pos_nimmi_syn_sem": [0.011078254682012787, 0.026134967627851752, 0.02636691976209136]}