{"avg_reward": 0.007569746092404518, "accuracy": 0.5625, "k2_x2h_ray_imin_syn_avg": [0.555473747859164, 0.11726437505383484, 0.01779017572680874], "k2_x2h_ray_imin_syn_sem": [0.050172750336489054, 0.02997034487045934, 0.002431959344260863], "k2_x2h_ray_immi_syn_avg": [0.6795125420922412, 0.21242557097268835, 0.017793672717018122], "k2_x2h_ray_immi_syn_sem": [0.06649026783759444, 0.048719143811147565, 0.0024318762965303813], "k2_x2h_ray_mi_avg": [1.626983328962731, 1.0262595624217237, 0.06431690802929751], "k2_x2h_ray_mi_sem": [0.024508624701886375, 0.09006105765474517, 0.004516225383039069], "k2_x2h_ray_nimin_syn_avg": [0.34086629526817164, 0.06700632053233829, 0.2596888253513486], "k2_x2h_ray_nimin_syn_sem": [0.027398842834958723, 0.015889202123180603, 0.025439441415439093], "k2_x2h_ray_nimmi_syn_avg": [0.41702840786989115, 0.12448930779483902, 0.25982527260280014], "k2_x2h_ray_nimmi_syn_sem": [0.037174339061194064, 0.02722923340685981, 0.025480282264272177], "k2_x2h_pos_imin_syn_avg": [0.6872557809241981, 0.11726437505383484, 0.01779017572680874], "k2_x2h_pos_imin_syn_sem": [0.04325373671322149, 0.02997034487045934, 0.002431959344260863], "k2_x2h_pos_immi_syn_avg": [0.8914832211128388, 0.21242557097268835, 0.017793672717018122], "k2_x2h_pos_immi_syn_sem": [0.05990761011579084, 0.048719143811147565, 0.0024318762965303813], "k2_x2h_pos_mi_avg": [2.0804238667552952, 1.0262595624217237, 0.06431690802929751], "k2_x2h_pos_mi_sem": [0.05990761011579066, 0.09006105765474517, 0.004516225383039069], "k2_x2h_pos_nimin_syn_avg": [0.33036775778767885, 0.06700632053233829, 0.2596888253513486], "k2_x2h_pos_nimin_syn_sem": [0.019180578435512, 0.015889202123180603, 0.025439441415439093], "k2_x2h_pos_nimmi_syn_avg": [0.427573310684846, 0.12448930779483902, 0.25982527260280014], "k2_x2h_pos_nimmi_syn_sem": [0.016276254406879406, 0.02722923340685981, 0.025480282264272177]}