{"avg_reward": 0.01476113932205178, "accuracy": 0.625, "k2_x2h_ray_imin_syn_avg": [0.3883787878962773, 0.11536211354651454, 0.14792755289571433], "k2_x2h_ray_imin_syn_sem": [0.0349285761218124, 0.024877799673023428, 0.020620694574442648], "k2_x2h_ray_immi_syn_avg": [0.5510529709650122, 0.20152703273604722, 0.2263823537866306], "k2_x2h_ray_immi_syn_sem": [0.02805446328312761, 0.037813908618222015, 0.03136272809192937], "k2_x2h_ray_mi_avg": [1.0896497686874371, 1.1068286417402653, 0.759190338148109], "k2_x2h_ray_mi_sem": [0.04745529338931186, 0.08873137602899171, 0.045950688540302695], "k2_x2h_ray_nimin_syn_avg": [0.35521843626757676, 0.07283258350704083, 0.1568621070927329], "k2_x2h_ray_nimin_syn_sem": [0.017750827613969823, 0.013376421063224722, 0.018042986647017843], "k2_x2h_ray_nimmi_syn_avg": [0.5057640051131829, 0.132659212740252, 0.2379180175345315], "k2_x2h_ray_nimmi_syn_sem": [0.013380888454199411, 0.023423247046916354, 0.027760798772588993], "k2_x2h_pos_imin_syn_avg": [0.4614386175933711, 0.11536211354651454, 0.14792755289571433], "k2_x2h_pos_imin_syn_sem": [0.03548988018130272, 0.024877799673023428, 0.020620694574442648], "k2_x2h_pos_immi_syn_avg": [0.5160811982375803, 0.20152703273604722, 0.2263823537866306], "k2_x2h_pos_immi_syn_sem": [0.030231750426740624, 0.037813908618222015, 0.03136272809192937], "k2_x2h_pos_mi_avg": [1.8583953838991427, 1.1068286417402653, 0.759190338148109], "k2_x2h_pos_mi_sem": [0.030231750426740624, 0.08873137602899171, 0.045950688540302695], "k2_x2h_pos_nimin_syn_avg": [0.24780288159069083, 0.07283258350704083, 0.1568621070927329], "k2_x2h_pos_nimin_syn_sem": [0.01529977347238897, 0.013376421063224722, 0.018042986647017843], "k2_x2h_pos_nimmi_syn_avg": [0.2773140425673064, 0.132659212740252, 0.2379180175345315], "k2_x2h_pos_nimmi_syn_sem": [0.011942244157415297, 0.023423247046916354, 0.027760798772588993]}