{"avg_reward_avg": 0.9662499999999999, "avg_reward_sem": 0.0015370426148939376, "accuracy_avg": 0.826, "accuracy_sem": 0.008589399151150074, "k2_xh2h_immi_syn_avg_avg": [0.22599123807800098], "k2_xh2h_immi_syn_avg_sem": [0.004957997817282773], "k2_xh2h_immi_syn_sem_avg": [0.026791265122808782], "k2_xh2h_immi_syn_sem_sem": [0.0014580126184565788], "k2_xh2h_mi_avg_avg": [0.7755974520698874], "k2_xh2h_mi_avg_sem": [0.015901002157958633], "k2_xh2h_mi_sem_avg": [0.06933910698502062], "k2_xh2h_mi_sem_sem": [0.001120059390680411], "k2_xh2h_nimmi_syn_avg_avg": [0.3239010004640429], "k2_xh2h_nimmi_syn_avg_sem": [0.007898344490924851], "k2_xh2h_nimmi_syn_sem_avg": [0.019264751523667707], "k2_xh2h_nimmi_syn_sem_sem": [0.0004166335763154903]}