{"avg_reward": 0.9625, "accuracy": 0.805, "k2_xh2h_immi_syn_avg": [0.21154822910678386], "k2_xh2h_immi_syn_sem": [0.026053433873097834], "k2_xh2h_mi_avg": [0.8198503419540937], "k2_xh2h_mi_sem": [0.07034686954352276], "k2_xh2h_nimmi_syn_avg": [0.28975314158840504], "k2_xh2h_nimmi_syn_sem": [0.01882455184923186]}