{"avg_reward": 0.9655, "accuracy": 0.81, "k2_xh2h_immi_syn_avg": [0.23001132752812498], "k2_xh2h_immi_syn_sem": [0.030920596562576366], "k2_xh2h_mi_avg": [0.6854784023752852], "k2_xh2h_mi_sem": [0.07140197968774104], "k2_xh2h_nimmi_syn_avg": [0.36592711600863514], "k2_xh2h_nimmi_syn_sem": [0.01914627327637125]}