{"avg_reward": 0.9735, "accuracy": 0.87, "k2_xh2h_immi_syn_avg": [0.2273042330458618], "k2_xh2h_immi_syn_sem": [0.027079663075156295], "k2_xh2h_mi_avg": [0.7091555625338303], "k2_xh2h_mi_sem": [0.06993498656206291], "k2_xh2h_nimmi_syn_avg": [0.35447513848091217], "k2_xh2h_nimmi_syn_sem": [0.018285925576339037]}