{"avg_reward": 0.967, "accuracy": 0.83, "k2_xh2h_immi_syn_avg": [0.2003893303287946], "k2_xh2h_immi_syn_sem": [0.02182686043501673], "k2_xh2h_mi_avg": [0.7524054805282707], "k2_xh2h_mi_sem": [0.06599171756553415], "k2_xh2h_nimmi_syn_avg": [0.30900012319534825], "k2_xh2h_nimmi_syn_sem": [0.0196998256915773]}