{"avg_reward": 0.9635, "accuracy": 0.805, "k2_xh2h_immi_syn_avg": [0.24706071810969632], "k2_xh2h_immi_syn_sem": [0.028945208391537653], "k2_xh2h_mi_avg": [0.7965357640364399], "k2_xh2h_mi_sem": [0.0725783936044146], "k2_xh2h_nimmi_syn_avg": [0.33434112749828065], "k2_xh2h_nimmi_syn_sem": [0.016773130183778157]}