{"avg_reward": 0.963, "accuracy": 0.81, "k2_xh2h_immi_syn_avg": [0.22265777680044205], "k2_xh2h_immi_syn_sem": [0.025174394758666674], "k2_xh2h_mi_avg": [0.7968561283680733], "k2_xh2h_mi_sem": [0.06744604364318264], "k2_xh2h_nimmi_syn_avg": [0.3086799956315312], "k2_xh2h_nimmi_syn_sem": [0.019316279372906215]}