{"avg_reward": 0.972, "accuracy": 0.85, "k2_xh2h_immi_syn_avg": [0.2174785688111871], "k2_xh2h_immi_syn_sem": [0.026416142885517236], "k2_xh2h_mi_avg": [0.8134700944968856], "k2_xh2h_mi_sem": [0.06966701662375507], "k2_xh2h_nimmi_syn_avg": [0.3045845926278718], "k2_xh2h_nimmi_syn_sem": [0.021189991044917655]}