{"avg_reward": 0.97, "accuracy": 0.855, "k2_xh2h_immi_syn_avg": [0.2539657356609311], "k2_xh2h_immi_syn_sem": [0.03551459471002711], "k2_xh2h_mi_avg": [0.8148571341699516], "k2_xh2h_mi_sem": [0.07473901477383928], "k2_xh2h_nimmi_syn_avg": [0.3254313776835076], "k2_xh2h_nimmi_syn_sem": [0.02067746133557757]}