{"avg_reward": 0.9575, "accuracy": 0.785, "k2_xh2h_immi_syn_avg": [0.22181136094292178], "k2_xh2h_immi_syn_sem": [0.01871180164014491], "k2_xh2h_mi_avg": [0.7405153134454837], "k2_xh2h_mi_sem": [0.06207852281650887], "k2_xh2h_nimmi_syn_avg": [0.34351883974883984], "k2_xh2h_nimmi_syn_sem": [0.018286931461136347]}