{"avg_reward_avg": 1.0, "avg_reward_sem": 0.0, "accuracy_avg": 1.0, "accuracy_sem": 0.0, "k2_x2h_imin_syn_avg_avg": [0.85, 0.005000000000000005, 0.0], "k2_x2h_imin_syn_avg_sem": [0.07637626158259733, 0.0033589550272624166, 0.0], "k2_x2h_imin_syn_sem_avg": [NaN, 0.0029478435246430143, 0.0], "k2_x2h_imin_syn_sem_sem": [NaN, 0.0016040386090460596, 0.0], "k2_x2h_mi_avg_avg": [1.85, 1.0023040902525373, 0.9866666666666667], "k2_x2h_mi_avg_sem": [0.07637626158259733, 0.07605126232138203, 0.006789001029564206], "k2_x2h_mi_sem_avg": [NaN, 0.049913110859593754, 0.010427173832118442], "k2_x2h_mi_sem_sem": [NaN, 0.0070631522547165045, 0.004482513375292357], "k2_x2h_immi_syn_avg_avg": [0.85, 0.008888888888888889, 0.0], "k2_x2h_immi_syn_avg_sem": [0.07637626158259733, 0.006583847716530064, 0.0], "k2_x2h_immi_syn_sem_avg": [NaN, 0.004784575938174914, 0.0], "k2_x2h_immi_syn_sem_sem": [NaN, 0.002737715121392181, 0.0], "k2_x2h_nimin_syn_avg_avg": [0.45, 0.003703703703703722, 0.0], "k2_x2h_nimin_syn_avg_sem": [0.025458753860865782, 0.00234242789642102, 0.0], "k2_x2h_nimin_syn_sem_avg": [NaN, 0.0023355993867990492, 0.0], "k2_x2h_nimin_syn_sem_sem": [NaN, 0.0013147695442781787, 0.0], "k2_x2h_nimmi_syn_avg_avg": [0.45, 0.006296296296296297, 0.0], "k2_x2h_nimmi_syn_avg_sem": [0.025458753860865782, 0.004418649424240316, 0.0], "k2_x2h_nimmi_syn_sem_avg": [NaN, 0.0035600876624869784, 0.0], "k2_x2h_nimmi_syn_sem_sem": [NaN, 0.0019533196570922706, 0.0], "k2_x2h_imin_red_avg_avg": [0.85, 0.43893817357144754, 0.7577777777777778], "k2_x2h_imin_red_avg_sem": [0.07637626158259733, 0.08409687655923016, 0.06341450289133183], "k2_x2h_imin_red_sem_avg": [NaN, 0.06369213144980083, 0.04821445001085052], "k2_x2h_imin_red_sem_sem": [NaN, 0.008549782713392646, 0.010668816584711199], "k2_x2h_immi_red_avg_avg": [0.85, 0.44282706246033643, 0.7577777777777778], "k2_x2h_immi_red_avg_sem": [0.07637626158259733, 0.0843282296743518, 0.06341450289133183], "k2_x2h_immi_red_sem_avg": [NaN, 0.06409669829252966, 0.04821445001085052], "k2_x2h_immi_red_sem_sem": [NaN, 0.008598618742692186, 0.010668816584711199], "k2_x2h_nimin_red_avg_avg": [0.45, 0.38200278005693544, 0.7577777777777778], "k2_x2h_nimin_red_avg_sem": [0.025458753860865782, 0.07733766400175457, 0.06341450289133183], "k2_x2h_nimin_red_sem_avg": [NaN, 0.0543780041841375, 0.04821445001085052], "k2_x2h_nimin_red_sem_sem": [NaN, 0.0064348271089815084, 0.010668816584711199], "k2_x2h_nimmi_red_avg_avg": [0.45, 0.384595372649528, 0.7577777777777778], "k2_x2h_nimmi_red_avg_sem": [0.025458753860865782, 0.07720226986418108, 0.06341450289133183], "k2_x2h_nimmi_red_sem_avg": [NaN, 0.05459583428359025, 0.04821445001085052], "k2_x2h_nimmi_red_sem_sem": [NaN, 0.006433782065083033, 0.010668816584711199], "x2h_imin_syn_avg": [0.85, 0.0, 0.0], "x2h_imin_syn_sem": [0.07637626158259733, 0.0, 0.0], "x2h_mi_avg": [1.85, 1.2, 1.0], "x2h_mi_sem": [0.07637626158259733, 0.08164965809277261, 0.0], "x2h_immi_syn_avg": [0.85, 0.0, 0.0], "x2h_immi_syn_sem": [0.07637626158259733, 0.0, 0.0], "x2h_nimin_syn_avg": [0.45, 0.0, 0.0], "x2h_nimin_syn_sem": [0.025458753860865782, 0.0, 0.0], "x2h_nimmi_syn_avg": [0.45, 0.0, 0.0], "x2h_nimmi_syn_sem": [0.025458753860865782, 0.0, 0.0], "x2h_imin_red_avg": [0.85, 0.1, 0.3], "x2h_imin_red_sem": [0.07637626158259733, 0.09999999999999999, 0.15275252316519466], "x2h_immi_red_avg": [0.85, 0.1, 0.3], "x2h_immi_red_sem": [0.07637626158259733, 0.09999999999999999, 0.15275252316519466], "x2h_nimin_red_avg": [0.45, 0.1, 0.3], "x2h_nimin_red_sem": [0.025458753860865782, 0.09999999999999999, 0.15275252316519466], "x2h_nimmi_red_avg": [0.45, 0.1, 0.3], "x2h_nimmi_red_sem": [0.025458753860865782, 0.09999999999999999, 0.15275252316519466]}