{"avg_reward": 0.902, "accuracy": 0.51, "k2_xh2h_immi_syn_avg": [0.1487397384283964], "k2_xh2h_immi_syn_sem": [0.017205810524827145], "k2_xh2h_mi_avg": [0.618799598956942], "k2_xh2h_mi_sem": [0.05509051851015857], "k2_xh2h_nimmi_syn_avg": [0.2769730859239216], "k2_xh2h_nimmi_syn_sem": [0.022123743906807797]}