{"avg_reward": 0.899, "accuracy": 0.5, "k2_xh2h_immi_syn_avg": [0.14868845254501406], "k2_xh2h_immi_syn_sem": [0.016854216521165134], "k2_xh2h_mi_avg": [0.5850391351397348], "k2_xh2h_mi_sem": [0.053796692723755826], "k2_xh2h_nimmi_syn_avg": [0.278547433363322], "k2_xh2h_nimmi_syn_sem": [0.017683820385488862]}