{"avg_reward": 0.895, "accuracy": 0.47, "k2_xh2h_immi_syn_avg": [0.1573821477535178], "k2_xh2h_immi_syn_sem": [0.019263903388345226], "k2_xh2h_mi_avg": [0.6570936889097745], "k2_xh2h_mi_sem": [0.05895582117233449], "k2_xh2h_nimmi_syn_avg": [0.28050724809196353], "k2_xh2h_nimmi_syn_sem": [0.02202993374136611]}