{"avg_reward": 0.903, "accuracy": 0.53, "k2_xh2h_immi_syn_avg": [0.14347506654578113], "k2_xh2h_immi_syn_sem": [0.014179517784388678], "k2_xh2h_mi_avg": [0.5064823603239162], "k2_xh2h_mi_sem": [0.051047686876532716], "k2_xh2h_nimmi_syn_avg": [0.32037924623947595], "k2_xh2h_nimmi_syn_sem": [0.01817047853197129]}