{"avg_reward": 0.905, "accuracy": 0.52, "k2_xh2h_immi_syn_avg": [0.19835115521611718], "k2_xh2h_immi_syn_sem": [0.026414659485726275], "k2_xh2h_mi_avg": [0.8712720818933326], "k2_xh2h_mi_sem": [0.06664256188533797], "k2_xh2h_nimmi_syn_avg": [0.24480565526276338], "k2_xh2h_nimmi_syn_sem": [0.018850240286105692]}