{"avg_reward": 0.894, "accuracy": 0.46, "k2_xh2h_immi_syn_avg": [0.18785918577696334], "k2_xh2h_immi_syn_sem": [0.02405221074866791], "k2_xh2h_mi_avg": [0.7786678457280172], "k2_xh2h_mi_sem": [0.07256662166025536], "k2_xh2h_nimmi_syn_avg": [0.2769442815904132], "k2_xh2h_nimmi_syn_sem": [0.019916267734650318]}