{"avg_reward": 0.892, "accuracy": 0.46, "k2_xh2h_immi_syn_avg": [0.22603567298806929], "k2_xh2h_immi_syn_sem": [0.03281326573680381], "k2_xh2h_mi_avg": [0.7708514794591205], "k2_xh2h_mi_sem": [0.07507850162523143], "k2_xh2h_nimmi_syn_avg": [0.30237970224868693], "k2_xh2h_nimmi_syn_sem": [0.019816849280815854]}