{"avg_reward_avg": 0.2138278566493177, "avg_reward_sem": 0.00760767677482865, "accuracy_avg": 0.7583333333333333, "accuracy_sem": 0.026205503144601683, "IQR_binning_avg": 1.0, "IQR_binning_sem": 0.0, "layer_max_bin_avg": 5.0, "layer_max_bin_sem": 0.0, "k2_x2h_ray_imin_syn_avg_avg": [0.4513152960475497, 0.206107965175174, 0.15266474171472127], "k2_x2h_ray_imin_syn_avg_sem": [0.04412753419548837, 0.05537950200478745, 0.03404446145393692], "k2_x2h_ray_imin_syn_sem_avg": [0.035761788155778206, 0.04568920890010329, 0.022073482870854408], "k2_x2h_ray_imin_syn_sem_sem": [0.009582239872706278, 0.007766877797326413, 0.0017972726146670772], "k2_x2h_ray_mi_avg_avg": [1.4179620242142186, 1.7169311767868893, 0.832256117286547], "k2_x2h_ray_mi_avg_sem": [0.13421269711021783, 0.2342137730288434, 0.06410637763867523], "k2_x2h_ray_mi_sem_avg": [0.1000995652528699, 0.14744729900023595, 0.05319282640792106], "k2_x2h_ray_mi_sem_sem": [0.014884938100165435, 0.00878216037891861, 0.004252900362128453], "k2_x2h_ray_immi_syn_avg_avg": [0.5904131015985956, 0.2890128700506369, 0.18603208641564645], "k2_x2h_ray_immi_syn_avg_sem": [0.06022446200557177, 0.06666624121431981, 0.037775675241690475], "k2_x2h_ray_immi_syn_sem_avg": [0.034151941645583425, 0.06455936248970626, 0.02713194429788307], "k2_x2h_ray_immi_syn_sem_sem": [0.0046183318986060835, 0.009040028127357755, 0.0018927076488486157], "k2_x2h_ray_nimin_syn_avg_avg": [0.3256487965074665, 0.06470524728514243, 0.14034916492003974], "k2_x2h_ray_nimin_syn_avg_sem": [0.016267694085418234, 0.014593056835871731, 0.027104524412019673], "k2_x2h_ray_nimin_syn_sem_avg": [0.03738022163578814, 0.014266650962541807, 0.01926943593365567], "k2_x2h_ray_nimin_syn_sem_sem": [0.007697862764497056, 0.0016518572851739561, 0.0010203720416140187], "k2_x2h_ray_nimmi_syn_avg_avg": [0.4222568060347632, 0.09299585511362699, 0.17087592572736401], "k2_x2h_ray_nimmi_syn_avg_sem": [0.016000694674785952, 0.017128526463853464, 0.030219875497612323], "k2_x2h_ray_nimmi_syn_sem_avg": [0.040591580683203135, 0.02067500431229926, 0.0232243181753309], "k2_x2h_ray_nimmi_syn_sem_sem": [0.009590255659412386, 0.0015930189591602984, 0.0011391194071140843], "k2_x2h_pos_imin_syn_avg_avg": [0.31512852786936796, 0.206107965175174, 0.15266474171472127], "k2_x2h_pos_imin_syn_avg_sem": [0.02689183338391814, 0.05537950200478745, 0.03404446145393692], "k2_x2h_pos_imin_syn_sem_avg": [0.03498165795797846, 0.04568920890010329, 0.022073482870854408], "k2_x2h_pos_imin_syn_sem_sem": [0.006679535091673739, 0.007766877797326413, 0.0017972726146670772], "k2_x2h_pos_mi_avg_avg": [1.4535471294472884, 1.7169311767868893, 0.832256117286547], "k2_x2h_pos_mi_avg_sem": [0.11526569222824215, 0.2342137730288434, 0.06410637763867523], "k2_x2h_pos_mi_sem_avg": [0.0772444764678826, 0.14744729900023595, 0.05319282640792106], "k2_x2h_pos_mi_sem_sem": [0.01619852390758523, 0.00878216037891861, 0.004252900362128453], "k2_x2h_pos_immi_syn_avg_avg": [0.5614059268872008, 0.2890128700506369, 0.18603208641564645], "k2_x2h_pos_immi_syn_avg_sem": [0.055312866365943826, 0.06666624121431981, 0.037775675241690475], "k2_x2h_pos_immi_syn_sem_avg": [0.06142278782506381, 0.06455936248970626, 0.02713194429788307], "k2_x2h_pos_immi_syn_sem_sem": [0.013237555728406347, 0.009040028127357755, 0.0018927076488486157], "k2_x2h_pos_nimin_syn_avg_avg": [0.216998062591406, 0.06470524728514243, 0.14034916492003974], "k2_x2h_pos_nimin_syn_avg_sem": [0.007565412724087996, 0.014593056835871731, 0.027104524412019673], "k2_x2h_pos_nimin_syn_sem_avg": [0.020883567259934056, 0.014266650962541807, 0.01926943593365567], "k2_x2h_pos_nimin_syn_sem_sem": [0.002824681431300633, 0.0016518572851739561, 0.0010203720416140187], "k2_x2h_pos_nimmi_syn_avg_avg": [0.3788269678605087, 0.09299585511362699, 0.17087592572736401], "k2_x2h_pos_nimmi_syn_avg_sem": [0.012946428425085567, 0.017128526463853464, 0.030219875497612323], "k2_x2h_pos_nimmi_syn_sem_avg": [0.029126436327138305, 0.02067500431229926, 0.0232243181753309], "k2_x2h_pos_nimmi_syn_sem_sem": [0.004961446841969993, 0.0015930189591602984, 0.0011391194071140843]}