{"avg_reward": 0.20630886844683557, "accuracy": 0.75, "IQR_binning": true, "layer_max_bin": 5, "k2_x2h_ray_imin_syn_avg": [0.4018330253992038, 0.028967390080154753, 0.13812379426565502], "k2_x2h_ray_imin_syn_sem": [0.03729502140609772, 0.011468200973739287, 0.01703445523585663], "k2_x2h_ray_mi_avg": [0.9485983044703948, 0.5652687230689856, 0.7462443251004824], "k2_x2h_ray_mi_sem": [0.053802200724640724, 0.09507619038901224, 0.031016961324702094], "k2_x2h_ray_immi_syn_avg": [0.43060654970030754, 0.051059170818330495, 0.17585710842259172], "k2_x2h_ray_immi_syn_sem": [0.03751833196224208, 0.019616727261722703, 0.02031949825815527], "k2_x2h_ray_nimin_syn_avg": [0.43109084574770656, 0.025105164275186886, 0.165491228642946], "k2_x2h_ray_nimin_syn_sem": [0.06696370080978611, 0.0082816365704017, 0.0188477982926532], "k2_x2h_ray_nimmi_syn_avg": [0.4613359199178448, 0.04436774435931041, 0.21311598352662486], "k2_x2h_ray_nimmi_syn_sem": [0.06787036598839823, 0.014515254727157046, 0.022433948830774965], "k2_x2h_pos_imin_syn_avg": [0.1942799569717769, 0.028967390080154753, 0.13812379426565502], "k2_x2h_pos_imin_syn_sem": [0.02785648169575039, 0.011468200973739287, 0.01703445523585663], "k2_x2h_pos_mi_avg": [0.9633234003470076, 0.5652687230689856, 0.7462443251004824], "k2_x2h_pos_mi_sem": [0.022780692584425014, 0.09507619038901224, 0.031016961324702094], "k2_x2h_pos_immi_syn_avg": [0.32754441255352473, 0.051059170818330495, 0.17585710842259172], "k2_x2h_pos_immi_syn_sem": [0.02278069258442503, 0.019616727261722703, 0.02031949825815527], "k2_x2h_pos_nimin_syn_avg": [0.20262438290925514, 0.025105164275186886, 0.165491228642946], "k2_x2h_pos_nimin_syn_sem": [0.03104437329885237, 0.0082816365704017, 0.0188477982926532], "k2_x2h_pos_nimmi_syn_avg": [0.33927294682762393, 0.04436774435931041, 0.21311598352662486], "k2_x2h_pos_nimmi_syn_sem": [0.015693939806032252, 0.014515254727157046, 0.022433948830774965]}