{"avg_reward": 0.23367472811538478, "accuracy": 0.9166666666666666, "IQR_binning": true, "layer_max_bin": 5, "k2_x2h_ray_imin_syn_avg": [0.598747925310753, 0.32796244452219697, 0.11757768723441314], "k2_x2h_ray_imin_syn_sem": [0.06150552657296918, 0.07137081828453537, 0.019255940324474825], "k2_x2h_ray_mi_avg": [1.8983828816416077, 2.484575214765833, 0.8646406049605547], "k2_x2h_ray_mi_sem": [0.14247537457711168, 0.18781660472868453, 0.06022333519756189], "k2_x2h_ray_immi_syn_avg": [0.7981280925466562, 0.39846670556099284, 0.15053576067260319], "k2_x2h_ray_immi_syn_sem": [0.06274394758961709, 0.08850523669047008, 0.02352762307155122], "k2_x2h_ray_nimin_syn_avg": [0.31400712520079316, 0.0863795246131373, 0.11637943231797049], "k2_x2h_ray_nimin_syn_sem": [0.009882741822706811, 0.018621250935989896, 0.01919987044861277], "k2_x2h_ray_nimmi_syn_avg": [0.42018923368779443, 0.10415958535016857, 0.15065415973396318], "k2_x2h_ray_nimmi_syn_sem": [0.002244324623071465, 0.02272452127613272, 0.023941726249887243], "k2_x2h_pos_imin_syn_avg": [0.42600656979862644, 0.32796244452219697, 0.11757768723441314], "k2_x2h_pos_imin_syn_sem": [0.046935346575487764, 0.07137081828453537, 0.019255940324474825], "k2_x2h_pos_mi_avg": [1.7927412529986915, 2.484575214765833, 0.8646406049605547], "k2_x2h_pos_mi_sem": [0.011797753708000158, 0.18781660472868453, 0.06022333519756189], "k2_x2h_pos_immi_syn_avg": [0.7754031565225432, 0.39846670556099284, 0.15053576067260319], "k2_x2h_pos_immi_syn_sem": [0.08282167490978416, 0.08850523669047008, 0.02352762307155122], "k2_x2h_pos_nimin_syn_avg": [0.23758971524220643, 0.0863795246131373, 0.11637943231797049], "k2_x2h_pos_nimin_syn_sem": [0.025946772370650965, 0.018621250935989896, 0.01919987044861277], "k2_x2h_pos_nimmi_syn_avg": [0.4324513958753395, 0.10415958535016857, 0.15065415973396318], "k2_x2h_pos_nimmi_syn_sem": [0.045748074366456, 0.02272452127613272, 0.023941726249887243]}