{"avg_reward": 0.20797595046691741, "accuracy": 0.6666666666666666, "IQR_binning": true, "layer_max_bin": 5, "k2_x2h_ray_imin_syn_avg": [0.39265389234896286, 0.05694776673027623, 0.22995718255193387], "k2_x2h_ray_imin_syn_sem": [0.01892109863709135, 0.02775353822559619, 0.03127528242553134], "k2_x2h_ray_mi_avg": [1.2122391104227008, 0.9200356726239571, 0.9189302072800958], "k2_x2h_ray_mi_sem": [0.16558184581666952, 0.1364915703587233, 0.051191127991425785], "k2_x2h_ray_immi_syn_avg": [0.4228079393227831, 0.08615261691174161, 0.28335484539706957], "k2_x2h_ray_immi_syn_sem": [0.036847631555141334, 0.039355160922235406, 0.03776218724803142], "k2_x2h_ray_nimin_syn_avg": [0.34334191643711326, 0.022879778833204092, 0.19893004454343405], "k2_x2h_ray_nimin_syn_sem": [0.0714673034892983, 0.010546884329602718, 0.02641338875530906], "k2_x2h_ray_nimmi_syn_avg": [0.37379281318013263, 0.035659869470920987, 0.24429315223833356], "k2_x2h_ray_nimmi_syn_sem": [0.09247575241172151, 0.015214759841005693, 0.03167894098916736], "k2_x2h_pos_imin_syn_avg": [0.24736015803241906, 0.05694776673027623, 0.22995718255193387], "k2_x2h_pos_imin_syn_sem": [0.01822557496170438, 0.02775353822559619, 0.03127528242553134], "k2_x2h_pos_mi_avg": [1.3491095140710518, 0.9200356726239571, 0.9189302072800958], "k2_x2h_pos_mi_sem": [0.12720898108204504, 0.1364915703587233, 0.051191127991425785], "k2_x2h_pos_immi_syn_avg": [0.43218987694946875, 0.08615261691174161, 0.28335484539706957], "k2_x2h_pos_immi_syn_sem": [0.09187332303140014, 0.039355160922235406, 0.03776218724803142], "k2_x2h_pos_nimin_syn_avg": [0.18421480937239987, 0.022879778833204092, 0.19893004454343405], "k2_x2h_pos_nimin_syn_sem": [0.0077593158034383125, 0.010546884329602718, 0.02641338875530906], "k2_x2h_pos_nimmi_syn_avg": [0.31358885871301995, 0.035659869470920987, 0.24429315223833356], "k2_x2h_pos_nimmi_syn_sem": [0.0366233491026232, 0.015214759841005693, 0.03167894098916736]}