{"avg_reward": 0.2541513527945947, "accuracy": 0.8333333333333334, "IQR_binning": true, "layer_max_bin": 5, "k2_x2h_ray_imin_syn_avg": [0.4510600215198279, 0.34757587760045516, 0.051148199613984445], "k2_x2h_ray_imin_syn_sem": [0.055498913978762054, 0.06254178032914715, 0.018423621405036478], "k2_x2h_ray_mi_avg": [1.712778074693249, 2.139937047824044, 0.5366514074878157], "k2_x2h_ray_mi_sem": [0.10640579639912806, 0.13166215361591607, 0.062181614730787954], "k2_x2h_ray_immi_syn_avg": [0.6911889389451152, 0.4496079492127516, 0.06507029716394518], "k2_x2h_ray_immi_syn_sem": [0.010977942086318424, 0.07657812298306228, 0.023081831826890546], "k2_x2h_ray_nimin_syn_avg": [0.26247479301726484, 0.1173937338664958, 0.04312751301485758], "k2_x2h_ray_nimin_syn_sem": [0.022358233047527567, 0.020655017679077715, 0.015771246714278757], "k2_x2h_ray_nimmi_syn_avg": [0.4074389573388993, 0.15317934435961034, 0.05479951315645493], "k2_x2h_ray_nimmi_syn_sem": [0.0317258373286378, 0.025586111142965058, 0.01958557747932247], "k2_x2h_pos_imin_syn_avg": [0.4312227891249331, 0.34757587760045516, 0.051148199613984445], "k2_x2h_pos_imin_syn_sem": [0.03395048666719754, 0.06254178032914715, 0.018423621405036478], "k2_x2h_pos_mi_avg": [1.8318693818894725, 2.139937047824044, 0.5366514074878157], "k2_x2h_pos_mi_sem": [0.042433620612662135, 0.13166215361591607, 0.062181614730787954], "k2_x2h_pos_immi_syn_avg": [0.729918840012559, 0.4496079492127516, 0.06507029716394518], "k2_x2h_pos_immi_syn_sem": [0.026573349192063576, 0.07657812298306228, 0.023081831826890546], "k2_x2h_pos_nimin_syn_avg": [0.23590741038772578, 0.1173937338664958, 0.04312751301485758], "k2_x2h_pos_nimin_syn_sem": [0.02125077837841286, 0.020655017679077715, 0.015771246714278757], "k2_x2h_pos_nimmi_syn_avg": [0.39822101322009845, 0.15317934435961034, 0.05479951315645493], "k2_x2h_pos_nimmi_syn_sem": [0.005555961127549706, 0.025586111142965058, 0.01958557747932247]}