{"avg_reward": 0.2188939598234901, "accuracy": 0.75, "IQR_binning": true, "layer_max_bin": 5, "k2_x2h_ray_imin_syn_avg": [0.31371820910537535, 0.2765957411727032, 0.17481747020852734], "k2_x2h_ray_imin_syn_sem": [0.011062417624447901, 0.06348864058195845, 0.026043538946971537], "k2_x2h_ray_mi_avg": [1.2748375200395425, 2.236113520461928, 1.023063889476807], "k2_x2h_ray_mi_sem": [0.1144802559628404, 0.1640659295207484, 0.05397690074653085], "k2_x2h_ray_immi_syn_avg": [0.41392273331358354, 0.41153824502851544, 0.22036811868807635], "k2_x2h_ray_immi_syn_sem": [0.03201573243506725, 0.09048481089831155, 0.03346627711230658], "k2_x2h_ray_nimin_syn_avg": [0.2502079202881078, 0.0796889659630723, 0.14758431632572083], "k2_x2h_ray_nimin_syn_sem": [0.024827117538697555, 0.017808994053087772, 0.020025682579403025], "k2_x2h_ray_nimmi_syn_avg": [0.3280201382715151, 0.11948149697593079, 0.18222258150631704], "k2_x2h_ray_nimmi_syn_sem": [0.02812741778746435, 0.025815547331518755, 0.02482747956368038], "k2_x2h_pos_imin_syn_avg": [0.39669548273005256, 0.2765957411727032, 0.17481747020852734], "k2_x2h_pos_imin_syn_sem": [0.08100792904856292, 0.06348864058195845, 0.026043538946971537], "k2_x2h_pos_mi_avg": [1.6154720864486196, 2.236113520461928, 1.023063889476807], "k2_x2h_pos_mi_sem": [0.1474366128168503, 0.1640659295207484, 0.05397690074653085], "k2_x2h_pos_immi_syn_avg": [0.5918480085897405, 0.41153824502851544, 0.22036811868807635], "k2_x2h_pos_immi_syn_sem": [0.1474366128168503, 0.09048481089831155, 0.03346627711230658], "k2_x2h_pos_nimin_syn_avg": [0.24140790023332256, 0.0796889659630723, 0.14758431632572083], "k2_x2h_pos_nimin_syn_sem": [0.036880129108509255, 0.017808994053087772, 0.020025682579403025], "k2_x2h_pos_nimmi_syn_avg": [0.35573144704241577, 0.11948149697593079, 0.18222258150631704], "k2_x2h_pos_nimmi_syn_sem": [0.05848264769797611, 0.025815547331518755, 0.02482747956368038]}