{"avg_reward": 0.20328823832647072, "accuracy": 0.6666666666666666, "IQR_binning": true, "layer_max_bin": 5, "k2_x2h_ray_imin_syn_avg": [0.4407615556491102, 0.09322309129968526, 0.418314214697439], "k2_x2h_ray_imin_syn_sem": [0.020201928643927846, 0.03688285072924185, 0.02912301561609531], "k2_x2h_ray_mi_avg": [1.4191844518434913, 1.5122685566848373, 1.1981054768702166], "k2_x2h_ray_mi_sem": [0.04700285328447922, 0.1798441948507493, 0.029044696653051195], "k2_x2h_ray_immi_syn_avg": [0.6293797243902031, 0.17146031040696696, 0.47081128026370844], "k2_x2h_ray_immi_syn_sem": [0.02706664091323523, 0.06518707555870583, 0.030626649520555587], "k2_x2h_ray_nimin_syn_avg": [0.31218942577203185, 0.027511704834860824, 0.345292970184201], "k2_x2h_ray_nimin_syn_sem": [0.02440367273888146, 0.010398187439169034, 0.02155792562174121], "k2_x2h_ray_nimmi_syn_avg": [0.44384779017719805, 0.05089598475270866, 0.38814807720055194], "k2_x2h_ray_nimmi_syn_sem": [0.017677146665694518, 0.018736052200555183, 0.02174472309394549], "k2_x2h_pos_imin_syn_avg": [0.3080164398114434, 0.09322309129968526, 0.418314214697439], "k2_x2h_pos_imin_syn_sem": [0.00836957655987978, 0.03688285072924185, 0.02912301561609531], "k2_x2h_pos_mi_avg": [1.422428475730058, 1.5122685566848373, 1.1981054768702166], "k2_x2h_pos_mi_sem": [0.054882631095276795, 0.1798441948507493, 0.029044696653051195], "k2_x2h_pos_immi_syn_avg": [0.6208422080423676, 0.17146031040696696, 0.47081128026370844], "k2_x2h_pos_immi_syn_sem": [0.04253345180308984, 0.06518707555870583, 0.030626649520555587], "k2_x2h_pos_nimin_syn_avg": [0.21761660717867662, 0.027511704834860824, 0.345292970184201], "k2_x2h_pos_nimin_syn_sem": [0.014165041598848786, 0.010398187439169034, 0.02155792562174121], "k2_x2h_pos_nimmi_syn_avg": [0.43547393083531993, 0.05089598475270866, 0.38814807720055194], "k2_x2h_pos_nimmi_syn_sem": [0.013857952606528093, 0.018736052200555183, 0.02174472309394549]}