{"avg_reward": 0.22818461967202813, "accuracy": 0.75, "IQR_binning": true, "layer_max_bin": 5, "k2_x2h_ray_imin_syn_avg": [0.5263452143836517, 0.11161138608807088, 0.14477135193404994], "k2_x2h_ray_imin_syn_sem": [0.015780037357989312, 0.03579142751362501, 0.021627470719746696], "k2_x2h_ray_mi_avg": [1.4838707294319944, 1.3473486809511914, 0.951331035674325], "k2_x2h_ray_mi_sem": [0.02451153226892191, 0.13226264861267653, 0.06417346137410582], "k2_x2h_ray_immi_syn_avg": [0.7577753369192886, 0.1750351729217177, 0.1788693289491023], "k2_x2h_ray_immi_syn_sem": [0.03307910889469932, 0.055857908087560505, 0.026665288846800212], "k2_x2h_ray_nimin_syn_avg": [0.35518972872587823, 0.04404297726454904, 0.12397356624216548], "k2_x2h_ray_nimin_syn_sem": [0.015618406882464686, 0.013299618450293434, 0.01726855719874128], "k2_x2h_ray_nimmi_syn_avg": [0.5104159483220356, 0.06927572045079812, 0.15330232878042513], "k2_x2h_ray_nimmi_syn_sem": [0.017505928182749528, 0.02077027465212855, 0.02093869380894127], "k2_x2h_pos_imin_syn_avg": [0.3293578371978889, 0.11161138608807088, 0.14477135193404994], "k2_x2h_pos_imin_syn_sem": [0.032318738681901375, 0.03579142751362501, 0.021627470719746696], "k2_x2h_pos_mi_avg": [1.552043761689993, 1.3473486809511914, 0.951331035674325], "k2_x2h_pos_mi_sem": [0.07916446632969168, 0.13226264861267653, 0.06417346137410582], "k2_x2h_pos_immi_syn_avg": [0.5739259438773706, 0.1750351729217177, 0.1788693289491023], "k2_x2h_pos_immi_syn_sem": [0.07916446632969168, 0.055857908087560505, 0.026665288846800212], "k2_x2h_pos_nimin_syn_avg": [0.2111715495783033, 0.04404297726454904, 0.12397356624216548], "k2_x2h_pos_nimin_syn_sem": [0.01021457346279014, 0.013299618450293434, 0.01726855719874128], "k2_x2h_pos_nimmi_syn_avg": [0.3664574761484332, 0.06927572045079812, 0.15330232878042513], "k2_x2h_pos_nimmi_syn_sem": [0.03268121950464156, 0.02077027465212855, 0.02093869380894127]}