{"avg_reward": 0.19745715294857158, "accuracy": 0.6666666666666666, "IQR_binning": true, "layer_max_bin": 5, "k2_x2h_ray_imin_syn_avg": [0.2692995335126202, 0.05543418555741926, 0.06381544423838742], "k2_x2h_ray_imin_syn_sem": [0.01826297477062135, 0.018389888253528237, 0.013450495147518508], "k2_x2h_ray_mi_avg": [0.798840868026978, 1.023617392201081, 0.5710346440503299], "k2_x2h_ray_mi_sem": [0.07791575257001851, 0.12850939339020415, 0.04996617143851706], "k2_x2h_ray_immi_syn_avg": [0.31697191117124657, 0.08932079615021059, 0.0863937941753223], "k2_x2h_ray_immi_syn_sem": [0.02883584668564543, 0.02829710925122142, 0.019068920688612347], "k2_x2h_ray_nimin_syn_avg": [0.34919292729205087, 0.027202738181351913, 0.08461739567690268], "k2_x2h_ray_nimin_syn_sem": [0.06212369797634531, 0.008224173669150783, 0.01807242528556133], "k2_x2h_ray_nimmi_syn_avg": [0.4131717418047421, 0.04524677405113009, 0.10828682563129823], "k2_x2h_ray_nimmi_syn_sem": [0.08428693972091839, 0.013389224820676773, 0.02231847043801823], "k2_x2h_pos_imin_syn_avg": [0.2166697884777515, 0.05543418555741926, 0.06381544423838742], "k2_x2h_pos_imin_syn_sem": [0.012951130694054729, 0.018389888253528237, 0.013450495147518508], "k2_x2h_pos_mi_avg": [0.9006764108477512, 1.023617392201081, 0.5710346440503299], "k2_x2h_pos_mi_sem": [0.03320663718847861, 0.12850939339020415, 0.04996617143851706], "k2_x2h_pos_immi_syn_avg": [0.313541060286326, 0.08932079615021059, 0.0863937941753223], "k2_x2h_pos_immi_syn_sem": [0.03266510004304752, 0.02829710925122142, 0.019068920688612347], "k2_x2h_pos_nimin_syn_avg": [0.2418320296409137, 0.027202738181351913, 0.08461739567690268], "k2_x2h_pos_nimin_syn_sem": [0.020437123812893438, 0.008224173669150783, 0.01807242528556133], "k2_x2h_pos_nimmi_syn_avg": [0.3464272258256594, 0.04524677405113009, 0.10828682563129823], "k2_x2h_pos_nimmi_syn_sem": [0.022933938140656793, 0.013389224820676773, 0.02231847043801823]}