{"avg_reward": 0.01534137119760555, "accuracy": 0.6875, "k2_x2h_ray_imin_syn_avg": [0.5665164780737537, 0.08192951782031571, 0.041735631772110884], "k2_x2h_ray_imin_syn_sem": [0.06359761692449305, 0.022679197815051805, 0.006695131760760836], "k2_x2h_ray_immi_syn_avg": [0.7055950657765923, 0.16683905674606675, 0.06871725651093416], "k2_x2h_ray_immi_syn_sem": [0.07087612369904984, 0.041336621595059214, 0.01000029882880209], "k2_x2h_pos_imin_syn_avg": [0.4701656326482137, 0.08192951782031571, 0.041735631772110884], "k2_x2h_pos_imin_syn_sem": [0.043781530902995046, 0.022679197815051805, 0.006695131760760836], "k2_x2h_pos_immi_syn_avg": [0.4910983639437842, 0.16683905674606675, 0.06871725651093416], "k2_x2h_pos_immi_syn_sem": [0.04593971786709091, 0.041336621595059214, 0.01000029882880209], "k2_x2h_ray_mi_avg": [1.3222885370197404, 0.8935477958827179, 0.24487307523365365], "k2_x2h_ray_mi_sem": [0.06838275749628477, 0.08315974291839599, 0.015944825842635024], "k2_x2h_ray_nimin_syn_avg": [0.4260477350566729, 0.05201115023685724, 0.13502782155868867], "k2_x2h_ray_nimin_syn_sem": [0.029738124022081244, 0.0126340771612686, 0.01994787047744121], "k2_x2h_ray_nimmi_syn_avg": [0.5307739760476747, 0.10810014861230047, 0.22256200216542857], "k2_x2h_ray_nimmi_syn_sem": [0.027656262602712568, 0.024724910370164558, 0.029446033319490413], "k2_x2h_pos_mi_avg": [2.016681178313121, 0.8935477958827179, 0.24487307523365365], "k2_x2h_pos_mi_sem": [0.04593971786709076, 0.08315974291839599, 0.015944825842635024], "k2_x2h_pos_nimin_syn_avg": [0.23241179485329502, 0.05201115023685724, 0.13502782155868867], "k2_x2h_pos_nimin_syn_sem": [0.016085086472733715, 0.0126340771612686, 0.01994787047744121], "k2_x2h_pos_nimmi_syn_avg": [0.2427495371143418, 0.10810014861230047, 0.22256200216542857], "k2_x2h_pos_nimmi_syn_sem": [0.01686937579677642, 0.024724910370164558, 0.029446033319490413]}