{"avg_reward": 0.007223107934794418, "accuracy": 0.5, "k2_x2h_ray_imin_syn_avg": [0.3855906085842926, 0.13558568280618227, 0.10140003071302303], "k2_x2h_ray_imin_syn_sem": [0.04584477166402291, 0.03594848860186356, 0.010948475008791148], "k2_x2h_ray_immi_syn_avg": [0.5076772627188522, 0.20374174458737998, 0.15579693358141142], "k2_x2h_ray_immi_syn_sem": [0.04975950512080839, 0.04799162545376065, 0.016239276519811257], "k2_x2h_pos_imin_syn_avg": [0.5251996562859578, 0.13558568280618227, 0.10140003071302303], "k2_x2h_pos_imin_syn_sem": [0.03527013394796018, 0.03594848860186356, 0.010948475008791148], "k2_x2h_pos_immi_syn_avg": [0.5734705987371441, 0.20374174458737998, 0.15579693358141142], "k2_x2h_pos_immi_syn_sem": [0.03929649437497784, 0.04799162545376065, 0.016239276519811257], "k2_x2h_ray_mi_avg": [1.0166213023008874, 1.2133511646937223, 0.5950026179802977], "k2_x2h_ray_mi_sem": [0.04952467867519469, 0.10815697016230698, 0.03603318366441365], "k2_x2h_ray_nimin_syn_avg": [0.37695965612717597, 0.06758078642434485, 0.15670897862679498], "k2_x2h_ray_nimin_syn_sem": [0.02693634738953048, 0.014766508612403943, 0.01446426273252382], "k2_x2h_ray_nimmi_syn_avg": [0.4969797086403478, 0.10567728235991761, 0.24172127274359284], "k2_x2h_ray_nimmi_syn_sem": [0.024628401103469203, 0.021030295457288826, 0.02172234563925997], "k2_x2h_pos_mi_avg": [1.5280501612260207, 1.2133511646937223, 0.5950026179802977], "k2_x2h_pos_mi_sem": [0.03929649437497784, 0.10815697016230698, 0.03603318366441365], "k2_x2h_pos_nimin_syn_avg": [0.3430151626145818, 0.06758078642434485, 0.15670897862679498], "k2_x2h_pos_nimin_syn_sem": [0.01421654274561563, 0.014766508612403943, 0.01446426273252382], "k2_x2h_pos_nimmi_syn_avg": [0.37448847938510826, 0.10567728235991761, 0.24172127274359284], "k2_x2h_pos_nimmi_syn_sem": [0.015694017857103684, 0.021030295457288826, 0.02172234563925997]}