{"avg_reward": 0.014522270040051072, "accuracy": 0.6875, "k2_x2h_ray_imin_syn_avg": [0.6594551551894466, 0.16409998012627358, 0.09307341966317899], "k2_x2h_ray_imin_syn_sem": [0.07490699701072798, 0.02847725832684878, 0.011866527074377044], "k2_x2h_ray_immi_syn_avg": [0.8061015261140433, 0.30867374896892974, 0.13931044735981746], "k2_x2h_ray_immi_syn_sem": [0.07697493339822364, 0.03460802592362583, 0.013346622461054378], "k2_x2h_pos_imin_syn_avg": [0.6450930521467806, 0.16409998012627358, 0.09307341966317899], "k2_x2h_pos_imin_syn_sem": [0.05560831634315287, 0.02847725832684878, 0.011866527074377044], "k2_x2h_pos_immi_syn_avg": [0.6653242219027978, 0.30867374896892974, 0.13931044735981746], "k2_x2h_pos_immi_syn_sem": [0.062349378528943844, 0.03460802592362583, 0.013346622461054378], "k2_x2h_ray_mi_avg": [1.940627975320995, 1.2825261603762572, 0.5727963714466752], "k2_x2h_ray_mi_sem": [0.1412657794928159, 0.09217300011471286, 0.03400493954187909], "k2_x2h_ray_nimin_syn_avg": [0.3384984166390484, 0.11739905034404163, 0.16490804796698977], "k2_x2h_ray_nimin_syn_sem": [0.018330859115723987, 0.011993271334273576, 0.01893085773866683], "k2_x2h_ray_nimmi_syn_avg": [0.4153898516709568, 0.23395391181467062, 0.2498910159540282], "k2_x2h_ray_nimmi_syn_sem": [0.023575827475421474, 0.017799499190957815, 0.024305484955178928], "k2_x2h_pos_mi_avg": [2.550254155755805, 1.2825261603762572, 0.5727963714466752], "k2_x2h_pos_mi_sem": [0.062349378528943844, 0.09217300011471286, 0.03400493954187909], "k2_x2h_pos_nimin_syn_avg": [0.2521892324154158, 0.11739905034404163, 0.16490804796698977], "k2_x2h_pos_nimin_syn_sem": [0.015999989709276026, 0.011993271334273576, 0.01893085773866683], "k2_x2h_pos_nimmi_syn_avg": [0.2599811248808614, 0.23395391181467062, 0.2498910159540282], "k2_x2h_pos_nimmi_syn_sem": [0.01849593972450268, 0.017799499190957815, 0.024305484955178928]}