{"avg_reward": 0.006045221806993272, "accuracy": 0.5, "k2_x2h_ray_imin_syn_avg": [0.47719058878185755, 0.11399262687842955, 0.13354146478787396], "k2_x2h_ray_imin_syn_sem": [0.018516004718404984, 0.0233604516600646, 0.011628875841785308], "k2_x2h_ray_immi_syn_avg": [0.6759258691987178, 0.2459186620837584, 0.18143470582693624], "k2_x2h_ray_immi_syn_sem": [0.03995308689489865, 0.045042889396564145, 0.017157405708439013], "k2_x2h_pos_imin_syn_avg": [0.6080067232292296, 0.11399262687842955, 0.13354146478787396], "k2_x2h_pos_imin_syn_sem": [0.07388594910681731, 0.0233604516600646, 0.011628875841785308], "k2_x2h_pos_immi_syn_avg": [0.7414107339684604, 0.2459186620837584, 0.18143470582693624], "k2_x2h_pos_immi_syn_sem": [0.0951214116105056, 0.045042889396564145, 0.017157405708439013], "k2_x2h_ray_mi_avg": [1.5964420493046088, 1.0505918340514748, 0.6230834250900933], "k2_x2h_ray_mi_sem": [0.04458255613308691, 0.07926411564847097, 0.0242140916624423], "k2_x2h_ray_nimin_syn_avg": [0.2989961318983225, 0.07260496953997415, 0.202760896960547], "k2_x2h_ray_nimin_syn_sem": [0.009856379466220368, 0.01324527992572039, 0.012281657421165718], "k2_x2h_ray_nimmi_syn_avg": [0.4228047041027794, 0.16355980692077013, 0.26959487577222185], "k2_x2h_ray_nimmi_syn_sem": [0.015319858245822654, 0.027703928649899335, 0.018457836416332786], "k2_x2h_pos_mi_avg": [2.0724477204831766, 1.0505918340514748, 0.6230834250900933], "k2_x2h_pos_mi_sem": [0.0951214116105056, 0.07926411564847097, 0.0242140916624423], "k2_x2h_pos_nimin_syn_avg": [0.2914140022972476, 0.07260496953997415, 0.202760896960547], "k2_x2h_pos_nimin_syn_sem": [0.02137708606285522, 0.01324527992572039, 0.012281657421165718], "k2_x2h_pos_nimmi_syn_avg": [0.3551368601706633, 0.16355980692077013, 0.26959487577222185], "k2_x2h_pos_nimmi_syn_sem": [0.028433520967728675, 0.027703928649899335, 0.018457836416332786]}