{"avg_reward": 1.0, "accuracy": 1.0, "k2_x2h_imin_syn_avg": [1.0, 0.16111111111111112, 0.05555555555555555], "k2_x2h_imin_syn_sem": [NaN, 0.018040980908577527, 0.023688968483956713], "k2_x2h_mi_avg": [2.0, 1.873583958321314, 0.759532152693643], "k2_x2h_mi_sem": [NaN, 0.03855937305428709, 0.05133692136945235], "k2_x2h_immi_syn_avg": [1.0, 0.3888888888888889, 0.05555555555555555], "k2_x2h_immi_syn_sem": [NaN, 0.031337559712098124, 0.023688968483956713], "k2_x2h_nimin_syn_avg": [0.5, 0.08055555555555556, 0.055555555555555615], "k2_x2h_nimin_syn_sem": [NaN, 0.009020490454288764, 0.023688968483956713], "k2_x2h_nimmi_syn_avg": [0.5, 0.19444444444444445, 0.05555555555555555], "k2_x2h_nimmi_syn_sem": [NaN, 0.015668779856049062, 0.023688968483956713], "k2_x2h_imin_red_avg": [1.0, 1.0120384025734503, 0.2205346526455658], "k2_x2h_imin_red_sem": [NaN, 0.045533087779359056, 0.04280113630517014], "k2_x2h_immi_red_avg": [1.0, 1.2398161803512282, 0.22053465264556585], "k2_x2h_immi_red_sem": [NaN, 0.050339454128687046, 0.04280113630517014], "k2_x2h_nimin_red_avg": [0.5, 0.5539222915584934, 0.23583958321314064], "k2_x2h_nimin_red_sem": [NaN, 0.028930759884009966, 0.04614440882450746], "k2_x2h_nimmi_red_avg": [0.5, 0.6678111804473823, 0.23583958321314066], "k2_x2h_nimmi_red_sem": [NaN, 0.02653686752318196, 0.04614440882450746], "k2_x2h_tuples_syn": [{"imin_syn_0_1": 1.0, "mi_0_1": 2.0, "immi_syn_0_1": 1.0, "nimin_syn_0_1": 0.5, "nimmi_syn_0_1": 0.5}, {"imin_syn_0_1": 0.25, "mi_0_1": 2.0, "immi_syn_0_1": 0.5, "nimin_syn_0_1": 0.125, "nimmi_syn_0_1": 0.25, "imin_syn_0_2": 0.0, "mi_0_2": 2.0, "immi_syn_0_2": 0.5, "nimin_syn_0_2": 0.0, "nimmi_syn_0_2": 0.25, "imin_syn_0_3": 0.0, "mi_0_3": 2.0, "immi_syn_0_3": 0.5, "nimin_syn_0_3": 0.0, "nimmi_syn_0_3": 0.25, "imin_syn_0_4": 0.0, "mi_0_4": 1.5, "immi_syn_0_4": 0.0, "nimin_syn_0_4": 0.0, "nimmi_syn_0_4": 0.0, "imin_syn_0_5": 0.25, "mi_0_5": 2.0, "immi_syn_0_5": 0.5, "nimin_syn_0_5": 0.125, "nimmi_syn_0_5": 0.25, "imin_syn_0_6": 0.25, "mi_0_6": 2.0, "immi_syn_0_6": 0.5, "nimin_syn_0_6": 0.125, "nimmi_syn_0_6": 0.25, "imin_syn_0_7": 0.25, "mi_0_7": 2.0, "immi_syn_0_7": 0.5, "nimin_syn_0_7": 0.125, "nimmi_syn_0_7": 0.25, "imin_syn_0_8": 0.25, "mi_0_8": 2.0, "immi_syn_0_8": 0.5, "nimin_syn_0_8": 0.125, "nimmi_syn_0_8": 0.25, "imin_syn_0_9": 0.25, "mi_0_9": 2.0, "immi_syn_0_9": 0.5, "nimin_syn_0_9": 0.125, "nimmi_syn_0_9": 0.25, "imin_syn_1_2": 0.25, "mi_1_2": 2.0, "immi_syn_1_2": 0.5, "nimin_syn_1_2": 0.125, "nimmi_syn_1_2": 0.25, "imin_syn_1_3": 0.25, "mi_1_3": 2.0, "immi_syn_1_3": 0.5, "nimin_syn_1_3": 0.125, "nimmi_syn_1_3": 0.25, "imin_syn_1_4": 0.25, "mi_1_4": 2.0, "immi_syn_1_4": 0.5, "nimin_syn_1_4": 0.125, "nimmi_syn_1_4": 0.25, "imin_syn_1_5": 0.0, "mi_1_5": 2.0, "immi_syn_1_5": 0.5, "nimin_syn_1_5": 0.0, "nimmi_syn_1_5": 0.25, "imin_syn_1_6": 0.25, "mi_1_6": 2.0, "immi_syn_1_6": 0.5, "nimin_syn_1_6": 0.125, "nimmi_syn_1_6": 0.25, "imin_syn_1_7": 0.25, "mi_1_7": 2.0, "immi_syn_1_7": 0.5, "nimin_syn_1_7": 0.125, "nimmi_syn_1_7": 0.25, "imin_syn_1_8": 0.25, "mi_1_8": 2.0, "immi_syn_1_8": 0.5, "nimin_syn_1_8": 0.125, "nimmi_syn_1_8": 0.25, "imin_syn_1_9": 0.0, "mi_1_9": 1.5, "immi_syn_1_9": 0.0, "nimin_syn_1_9": 0.0, "nimmi_syn_1_9": 0.0, "imin_syn_2_3": 0.0, "mi_2_3": 1.5, "immi_syn_2_3": 0.0, "nimin_syn_2_3": 0.0, "nimmi_syn_2_3": 0.0, "imin_syn_2_4": 0.0, "mi_2_4": 2.0, "immi_syn_2_4": 0.5, "nimin_syn_2_4": 0.0, "nimmi_syn_2_4": 0.25, "imin_syn_2_5": 0.25, "mi_2_5": 2.0, "immi_syn_2_5": 0.5, "nimin_syn_2_5": 0.125, "nimmi_syn_2_5": 0.25, "imin_syn_2_6": 0.0, "mi_2_6": 1.5, "immi_syn_2_6": 0.0, "nimin_syn_2_6": 0.0, "nimmi_syn_2_6": 0.0, "imin_syn_2_7": 0.0, "mi_2_7": 1.5, "immi_syn_2_7": 0.0, "nimin_syn_2_7": 0.0, "nimmi_syn_2_7": 0.0, "imin_syn_2_8": 0.25, "mi_2_8": 2.0, "immi_syn_2_8": 0.5, "nimin_syn_2_8": 0.125, "nimmi_syn_2_8": 0.25, "imin_syn_2_9": 0.25, "mi_2_9": 2.0, "immi_syn_2_9": 0.5, "nimin_syn_2_9": 0.125, "nimmi_syn_2_9": 0.25, "imin_syn_3_4": 0.0, "mi_3_4": 2.0, "immi_syn_3_4": 0.5, "nimin_syn_3_4": 0.0, "nimmi_syn_3_4": 0.25, "imin_syn_3_5": 0.25, "mi_3_5": 2.0, "immi_syn_3_5": 0.5, "nimin_syn_3_5": 0.125, "nimmi_syn_3_5": 0.25, "imin_syn_3_6": 0.0, "mi_3_6": 1.5, "immi_syn_3_6": 0.0, "nimin_syn_3_6": 0.0, "nimmi_syn_3_6": 0.0, "imin_syn_3_7": 0.0, "mi_3_7": 1.5, "immi_syn_3_7": 0.0, "nimin_syn_3_7": 0.0, "nimmi_syn_3_7": 0.0, "imin_syn_3_8": 0.25, "mi_3_8": 2.0, "immi_syn_3_8": 0.5, "nimin_syn_3_8": 0.125, "nimmi_syn_3_8": 0.25, "imin_syn_3_9": 0.25, "mi_3_9": 2.0, "immi_syn_3_9": 0.5, "nimin_syn_3_9": 0.125, "nimmi_syn_3_9": 0.25, "imin_syn_4_5": 0.25, "mi_4_5": 2.0, "immi_syn_4_5": 0.5, "nimin_syn_4_5": 0.125, "nimmi_syn_4_5": 0.25, "imin_syn_4_6": 0.25, "mi_4_6": 2.0, "immi_syn_4_6": 0.5, "nimin_syn_4_6": 0.125, "nimmi_syn_4_6": 0.25, "imin_syn_4_7": 0.25, "mi_4_7": 2.0, "immi_syn_4_7": 0.5, "nimin_syn_4_7": 0.125, "nimmi_syn_4_7": 0.25, "imin_syn_4_8": 0.25, "mi_4_8": 2.0, "immi_syn_4_8": 0.5, "nimin_syn_4_8": 0.125, "nimmi_syn_4_8": 0.25, "imin_syn_4_9": 0.25, "mi_4_9": 2.0, "immi_syn_4_9": 0.5, "nimin_syn_4_9": 0.125, "nimmi_syn_4_9": 0.25, "imin_syn_5_6": 0.0, "mi_5_6": 1.5, "immi_syn_5_6": 0.0, "nimin_syn_5_6": 0.0, "nimmi_syn_5_6": 0.0, "imin_syn_5_7": 0.0, "mi_5_7": 1.5, "immi_syn_5_7": 0.0, "nimin_syn_5_7": 0.0, "nimmi_syn_5_7": 0.0, "imin_syn_5_8": 0.25, "mi_5_8": 2.0, "immi_syn_5_8": 0.5, "nimin_syn_5_8": 0.125, "nimmi_syn_5_8": 0.25, "imin_syn_5_9": 0.0, "mi_5_9": 2.0, "immi_syn_5_9": 0.5, "nimin_syn_5_9": 0.0, "nimmi_syn_5_9": 0.25, "imin_syn_6_7": 0.0, "mi_6_7": 0.8112781244591329, "immi_syn_6_7": 0.0, "nimin_syn_6_7": 0.0, "nimmi_syn_6_7": 0.0, "imin_syn_6_8": 0.25, "mi_6_8": 2.0, "immi_syn_6_8": 0.5, "nimin_syn_6_8": 0.125, "nimmi_syn_6_8": 0.25, "imin_syn_6_9": 0.25, "mi_6_9": 2.0, "immi_syn_6_9": 0.5, "nimin_syn_6_9": 0.125, "nimmi_syn_6_9": 0.25, "imin_syn_7_8": 0.25, "mi_7_8": 2.0, "immi_syn_7_8": 0.5, "nimin_syn_7_8": 0.125, "nimmi_syn_7_8": 0.25, "imin_syn_7_9": 0.25, "mi_7_9": 2.0, "immi_syn_7_9": 0.5, "nimin_syn_7_9": 0.125, "nimmi_syn_7_9": 0.25, "imin_syn_8_9": 0.25, "mi_8_9": 2.0, "immi_syn_8_9": 0.5, "nimin_syn_8_9": 0.125, "nimmi_syn_8_9": 0.25}, {"imin_syn_0_1": 0.0, "mi_0_1": 1.0, "immi_syn_0_1": 0.0, "nimin_syn_0_1": 0.0, "nimmi_syn_0_1": 0.0, "imin_syn_0_2": 0.0, "mi_0_2": 1.0, "immi_syn_0_2": 0.0, "nimin_syn_0_2": 0.0, "nimmi_syn_0_2": 0.0, "imin_syn_0_3": 0.0, "mi_0_3": 1.0, "immi_syn_0_3": 0.0, "nimin_syn_0_3": 0.0, "nimmi_syn_0_3": 0.0, "imin_syn_0_4": 0.0, "mi_0_4": 1.0, "immi_syn_0_4": 0.0, "nimin_syn_0_4": 0.0, "nimmi_syn_0_4": 0.0, "imin_syn_0_5": 0.0, "mi_0_5": 1.0, "immi_syn_0_5": 0.0, "nimin_syn_0_5": 0.0, "nimmi_syn_0_5": 0.0, "imin_syn_0_6": 0.0, "mi_0_6": 1.0, "immi_syn_0_6": 0.0, "nimin_syn_0_6": 0.0, "nimmi_syn_0_6": 0.0, "imin_syn_0_7": 0.0, "mi_0_7": 1.0, "immi_syn_0_7": 0.0, "nimin_syn_0_7": 0.0, "nimmi_syn_0_7": 0.0, "imin_syn_0_8": 0.0, "mi_0_8": 1.0, "immi_syn_0_8": 0.0, "nimin_syn_0_8": 0.0, "nimmi_syn_0_8": 0.0, "imin_syn_0_9": 0.0, "mi_0_9": 1.0, "immi_syn_0_9": 0.0, "nimin_syn_0_9": 0.0, "nimmi_syn_0_9": 0.0, "imin_syn_1_2": 0.0, "mi_1_2": 1.0, "immi_syn_1_2": 0.0, "nimin_syn_1_2": 0.0, "nimmi_syn_1_2": 0.0, "imin_syn_1_3": 0.0, "mi_1_3": 1.0, "immi_syn_1_3": 0.0, "nimin_syn_1_3": 0.0, "nimmi_syn_1_3": 0.0, "imin_syn_1_4": 0.0, "mi_1_4": 1.0, "immi_syn_1_4": 0.0, "nimin_syn_1_4": 0.0, "nimmi_syn_1_4": 0.0, "imin_syn_1_5": 0.0, "mi_1_5": 1.0, "immi_syn_1_5": 0.0, "nimin_syn_1_5": 0.0, "nimmi_syn_1_5": 0.0, "imin_syn_1_6": 0.0, "mi_1_6": 1.0, "immi_syn_1_6": 0.0, "nimin_syn_1_6": 0.0, "nimmi_syn_1_6": 0.0, "imin_syn_1_7": 0.0, "mi_1_7": 1.0, "immi_syn_1_7": 0.0, "nimin_syn_1_7": 0.0, "nimmi_syn_1_7": 0.0, "imin_syn_1_8": 0.0, "mi_1_8": 1.0, "immi_syn_1_8": 0.0, "nimin_syn_1_8": 0.0, "nimmi_syn_1_8": 0.0, "imin_syn_1_9": 0.0, "mi_1_9": 1.0, "immi_syn_1_9": 0.0, "nimin_syn_1_9": 0.0, "nimmi_syn_1_9": 0.0, "imin_syn_2_3": 0.0, "mi_2_3": 0.5, "immi_syn_2_3": 0.0, "nimin_syn_2_3": 0.0, "nimmi_syn_2_3": 0.0, "imin_syn_2_4": 0.0, "mi_2_4": 1.0,