{"avg_reward": 1.0, "accuracy": 1.0, "k2_x2h_imin_syn_avg": [1.0, 0.08888888888888889, 0.12013368065571615], "k2_x2h_imin_syn_sem": [NaN, 0.018040980908577524, 0.03410058958883149], "k2_x2h_mi_avg": [2.0, 1.8207518749639424, 0.7553383332371791], "k2_x2h_mi_sem": [NaN, 0.05046918265297637, 0.044101768623608345], "k2_x2h_immi_syn_avg": [1.0, 0.17777777777777778, 0.12935673619524599], "k2_x2h_immi_syn_sem": [NaN, 0.03608196181715505, 0.034174868319500895], "k2_x2h_nimin_syn_avg": [0.5, 0.044444444444444446, 0.1276859029420412], "k2_x2h_nimin_syn_sem": [NaN, 0.009020490454288762, 0.03411837273162181], "k2_x2h_nimmi_syn_avg": [0.5, 0.08888888888888889, 0.14613201402110082], "k2_x2h_nimmi_syn_sem": [NaN, 0.018040980908577524, 0.0357595304664926], "k2_x2h_imin_red_avg": [1.0, 0.8926482637086, 0.27607347187766984], "k2_x2h_imin_red_sem": [NaN, 0.08836120424946849, 0.027631747600330214], "k2_x2h_immi_red_avg": [1.0, 0.9815371525974889, 0.2852965274171997], "k2_x2h_immi_red_sem": [NaN, 0.08853150937553751, 0.027469792757247934], "k2_x2h_nimin_red_avg": [0.5, 0.48175437491586515, 0.37502083293269095], "k2_x2h_nimin_red_sem": [NaN, 0.05010381912972604, 0.04077637376290956], "k2_x2h_nimmi_red_avg": [0.5, 0.5261988193603095, 0.39346694401175075], "k2_x2h_nimmi_red_sem": [NaN, 0.04946056890846211, 0.042137037140974755], "k2_x2h_tuples_syn": [{"imin_syn_0_1": 1.0, "mi_0_1": 2.0, "immi_syn_0_1": 1.0, "nimin_syn_0_1": 0.5, "nimmi_syn_0_1": 0.5}, {"imin_syn_0_1": 0.0, "mi_0_1": 2.0, "immi_syn_0_1": 0.0, "nimin_syn_0_1": 0.0, "nimmi_syn_0_1": 0.0, "imin_syn_0_2": 0.0, "mi_0_2": 2.0, "immi_syn_0_2": 0.0, "nimin_syn_0_2": 0.0, "nimmi_syn_0_2": 0.0, "imin_syn_0_3": 0.0, "mi_0_3": 2.0, "immi_syn_0_3": 0.0, "nimin_syn_0_3": 0.0, "nimmi_syn_0_3": 0.0, "imin_syn_0_4": 0.0, "mi_0_4": 2.0, "immi_syn_0_4": 0.0, "nimin_syn_0_4": 0.0, "nimmi_syn_0_4": 0.0, "imin_syn_0_5": 0.0, "mi_0_5": 2.0, "immi_syn_0_5": 0.0, "nimin_syn_0_5": 0.0, "nimmi_syn_0_5": 0.0, "imin_syn_0_6": 0.0, "mi_0_6": 2.0, "immi_syn_0_6": 0.0, "nimin_syn_0_6": 0.0, "nimmi_syn_0_6": 0.0, "imin_syn_0_7": 0.0, "mi_0_7": 2.0, "immi_syn_0_7": 0.0, "nimin_syn_0_7": 0.0, "nimmi_syn_0_7": 0.0, "imin_syn_0_8": 0.0, "mi_0_8": 2.0, "immi_syn_0_8": 0.0, "nimin_syn_0_8": 0.0, "nimmi_syn_0_8": 0.0, "imin_syn_0_9": 0.0, "mi_0_9": 2.0, "immi_syn_0_9": 0.0, "nimin_syn_0_9": 0.0, "nimmi_syn_0_9": 0.0, "imin_syn_1_2": 0.25, "mi_1_2": 2.0, "immi_syn_1_2": 0.5, "nimin_syn_1_2": 0.125, "nimmi_syn_1_2": 0.25, "imin_syn_1_3": 0.25, "mi_1_3": 2.0, "immi_syn_1_3": 0.5, "nimin_syn_1_3": 0.125, "nimmi_syn_1_3": 0.25, "imin_syn_1_4": 0.0, "mi_1_4": 1.5, "immi_syn_1_4": 0.0, "nimin_syn_1_4": 0.0, "nimmi_syn_1_4": 0.0, "imin_syn_1_5": 0.0, "mi_1_5": 1.5, "immi_syn_1_5": 0.0, "nimin_syn_1_5": 0.0, "nimmi_syn_1_5": 0.0, "imin_syn_1_6": 0.25, "mi_1_6": 2.0, "immi_syn_1_6": 0.5, "nimin_syn_1_6": 0.125, "nimmi_syn_1_6": 0.25, "imin_syn_1_7": 0.0, "mi_1_7": 1.5, "immi_syn_1_7": 0.0, "nimin_syn_1_7": 0.0, "nimmi_syn_1_7": 0.0, "imin_syn_1_8": 0.25, "mi_1_8": 2.0, "immi_syn_1_8": 0.5, "nimin_syn_1_8": 0.125, "nimmi_syn_1_8": 0.25, "imin_syn_1_9": 0.0, "mi_1_9": 2.0, "immi_syn_1_9": 0.0, "nimin_syn_1_9": 0.0, "nimmi_syn_1_9": 0.0, "imin_syn_2_3": 0.25, "mi_2_3": 2.0, "immi_syn_2_3": 0.5, "nimin_syn_2_3": 0.125, "nimmi_syn_2_3": 0.25, "imin_syn_2_4": 0.0, "mi_2_4": 0.8112781244591329, "immi_syn_2_4": 0.0, "nimin_syn_2_4": 0.0, "nimmi_syn_2_4": 0.0, "imin_syn_2_5": 0.25, "mi_2_5": 2.0, "immi_syn_2_5": 0.5, "nimin_syn_2_5": 0.125, "nimmi_syn_2_5": 0.25, "imin_syn_2_6": 0.0, "mi_2_6": 0.8112781244591329, "immi_syn_2_6": 0.0, "nimin_syn_2_6": 0.0, "nimmi_syn_2_6": 0.0, "imin_syn_2_7": 0.25, "mi_2_7": 2.0, "immi_syn_2_7": 0.5, "nimin_syn_2_7": 0.125, "nimmi_syn_2_7": 0.25, "imin_syn_2_8": 0.25, "mi_2_8": 2.0, "immi_syn_2_8": 0.5, "nimin_syn_2_8": 0.125, "nimmi_syn_2_8": 0.25, "imin_syn_2_9": 0.0, "mi_2_9": 2.0, "immi_syn_2_9": 0.0, "nimin_syn_2_9": 0.0, "nimmi_syn_2_9": 0.0, "imin_syn_3_4": 0.0, "mi_3_4": 1.5, "immi_syn_3_4": 0.0, "nimin_syn_3_4": 0.0, "nimmi_syn_3_4": 0.0, "imin_syn_3_5": 0.25, "mi_3_5": 2.0, "immi_syn_3_5": 0.5, "nimin_syn_3_5": 0.125, "nimmi_syn_3_5": 0.25, "imin_syn_3_6": 0.25, "mi_3_6": 2.0, "immi_syn_3_6": 0.5, "nimin_syn_3_6": 0.125, "nimmi_syn_3_6": 0.25, "imin_syn_3_7": 0.25, "mi_3_7": 2.0, "immi_syn_3_7": 0.5, "nimin_syn_3_7": 0.125, "nimmi_syn_3_7": 0.25, "imin_syn_3_8": 0.0, "mi_3_8": 1.5, "immi_syn_3_8": 0.0, "nimin_syn_3_8": 0.0, "nimmi_syn_3_8": 0.0, "imin_syn_3_9": 0.0, "mi_3_9": 2.0, "immi_syn_3_9": 0.0, "nimin_syn_3_9": 0.0, "nimmi_syn_3_9": 0.0, "imin_syn_4_5": 0.0, "mi_4_5": 1.5, "immi_syn_4_5": 0.0, "nimin_syn_4_5": 0.0, "nimmi_syn_4_5": 0.0, "imin_syn_4_6": 0.0, "mi_4_6": 0.8112781244591329, "immi_syn_4_6": 0.0, "nimin_syn_4_6": 0.0, "nimmi_syn_4_6": 0.0, "imin_syn_4_7": 0.0, "mi_4_7": 1.5, "immi_syn_4_7": 0.0, "nimin_syn_4_7": 0.0, "nimmi_syn_4_7": 0.0, "imin_syn_4_8": 0.0, "mi_4_8": 1.5, "immi_syn_4_8": 0.0, "nimin_syn_4_8": 0.0, "nimmi_syn_4_8": 0.0, "imin_syn_4_9": 0.0, "mi_4_9": 2.0, "immi_syn_4_9": 0.0, "nimin_syn_4_9": 0.0, "nimmi_syn_4_9": 0.0, "imin_syn_5_6": 0.25, "mi_5_6": 2.0, "immi_syn_5_6": 0.5, "nimin_syn_5_6": 0.125, "nimmi_syn_5_6": 0.25, "imin_syn_5_7": 0.0, "mi_5_7": 1.5, "immi_syn_5_7": 0.0, "nimin_syn_5_7": 0.0, "nimmi_syn_5_7": 0.0, "imin_syn_5_8": 0.25, "mi_5_8": 2.0, "immi_syn_5_8": 0.5, "nimin_syn_5_8": 0.125, "nimmi_syn_5_8": 0.25, "imin_syn_5_9": 0.0, "mi_5_9": 2.0, "immi_syn_5_9": 0.0, "nimin_syn_5_9": 0.0, "nimmi_syn_5_9": 0.0, "imin_syn_6_7": 0.25, "mi_6_7": 2.0, "immi_syn_6_7": 0.5, "nimin_syn_6_7": 0.125, "nimmi_syn_6_7": 0.25, "imin_syn_6_8": 0.25, "mi_6_8": 2.0, "immi_syn_6_8": 0.5, "nimin_syn_6_8": 0.125, "nimmi_syn_6_8": 0.25, "imin_syn_6_9": 0.0, "mi_6_9": 2.0, "immi_syn_6_9": 0.0, "nimin_syn_6_9": 0.0, "nimmi_syn_6_9": 0.0, "imin_syn_7_8": 0.25, "mi_7_8": 2.0, "immi_syn_7_8": 0.5, "nimin_syn_7_8": 0.125, "nimmi_syn_7_8": 0.25, "imin_syn_7_9": 0.0, "mi_7_9": 2.0, "immi_syn_7_9": 0.0, "nimin_syn_7_9": 0.0, "nimmi_syn_7_9": 0.0, "imin_syn_8_9": 0.0, "mi_8_9": 2.0, "immi_syn_8_9": 0.0, "nimin_syn_8_9": 0.0, "nimmi_syn_8_9": 0.0}, {"imin_syn_0_1": 0.0, "mi_0_1": 1.0, "immi_syn_0_1": 0.0, "nimin_syn_0_1": 0.0, "nimmi_syn_0_1": 0.0, "imin_syn_0_2": 0.0, "mi_0_2": 1.0, "immi_syn_0_2": 0.0, "nimin_syn_0_2": 0.0, "nimmi_syn_0_2": 0.0, "imin_syn_0_3": 0.0, "mi_0_3": 1.0, "immi_syn_0_3": 0.0, "nimin_syn_0_3": 0.0, "nimmi_syn_0_3": 0.0, "imin_syn_0_4": 0.0, "mi_0_4": 1.0, "immi_syn_0_4": 0.0, "nimin_syn_0_4": 0.0, "nimmi_syn_0_4": 0.0, "imin_syn_0_5": 0.0, "mi_0_5": 1.0, "immi_syn_0_5": 0.0, "nimin_syn_0_5": 0.0, "nimmi_syn_0_5": 0.0, "imin_syn_0_6": 0.0, "mi_0_6": 1.0, "immi_syn_0_6": 0.0, "nimin_syn_0_6": 0.0, "nimmi_syn_0_6": 0.0, "imin_syn_0_7": 0.0, "mi_0_7": 1.0, "immi_syn_0_7": 0.0, "nimin_syn_0_7": 0.0, "nimmi_syn_0_7": 0.0, "imin_syn_0_8": 0.0, "mi_0_8": 1.0, "immi_syn_0_8": 0.0, "nimin_syn_0_8": 0.0, "nimmi_syn_0_8": 0.0, "imin_syn_0_9": 0.0, "mi_0_9": 1.0, "immi_syn_0_9": 0.0, "nimin_syn_0_9": 0.0, "nimmi_syn_0_9": 0.0, "imin_syn_1_2": 0.0, "mi_1_2": 1.0, "immi_syn_1_2": 0.0, "nimin_syn_1_2": 0.0, "nimmi_syn_1_2": 0.0, "imin_syn_1_3": 0.0, "mi_1_3": 1.0, "immi_syn_1_3": 0.0, "nimin_syn_1_3": 0.0, "nimmi_syn_1_3": 0.0, "imin_syn_1_4": 0.0, "mi_1_4": 1.0, "immi_syn_1_4": 0.0, "nimin_syn_1_4": 0.0, "nimmi_syn_1_4": 0.0, "imin_syn_1_5": 0.0, "mi_1_5": 1.0, "immi_syn_1_5": 0.0, "nimin_syn_1_5": 0.0, "nimmi_syn_1_5": 0.0, "imin_syn_1_6": 0.0, "mi_1_6": 1.0, "immi_syn_1_6": 0.0, "nimin_syn_1_6": 0.0, "nimmi_syn_1_6": 0.0, "imin_syn_1_7": 0.0, "mi_1_7": 1.0, "immi_syn_1_7": 0.0, "nimin_syn_1_7": 0.0, "nimmi_syn_1_7": 0.0, "imin_syn_1_8": 0.0, "mi_1_8": 1.0, "immi_syn_1_8": 0.0, "nimin_syn_1_8": 0.0, "nimmi_syn_1_8": 0.0, "imin_syn_1_9": 0.0, "mi_1_9": 1.0, "immi_syn_1_9": 0.0, "nimin_syn_1_9": 0.0, "nimmi_syn_1_9": 0.0, "imin_syn_2_3": 0.0, "mi_2_3": 0.5, "immi_syn_2_3": 0.0, "nimin_syn_2_3": 0.0, "nimmi_syn_2_3": 0.0, "imin_syn_2_4": 0.0, "mi_2_4": 0.5, "immi_syn_2_4": 0.0,