{"avg_reward_avg": 1.0, "avg_reward_sem": 0.0, "accuracy_avg": 1.0, "accuracy_sem": 0.0, "k2_x2h_imin_syn_avg_avg": [1.0, 0.07251629167387823, 0.053587305586004386], "k2_x2h_imin_syn_avg_sem": [0.0, 0.013193166216305912, 0.018858007228113403], "k2_x2h_imin_syn_sem_avg": [NaN, 0.02068823883846982, 0.01920723983883322], "k2_x2h_imin_syn_sem_sem": [NaN, 0.00226028589056608, 0.004081644084306656], "k2_x2h_mi_avg_avg": [2.0, 1.392364236051015, 0.7473099304714207], "k2_x2h_mi_avg_sem": [0.0, 0.10156206943699346, 0.05352472026007558], "k2_x2h_mi_sem_avg": [NaN, 0.07914741966170363, 0.04579288327068999], "k2_x2h_mi_sem_sem": [NaN, 0.006781361310906884, 0.0044927503888687005], "k2_x2h_immi_syn_avg_avg": [1.0, 0.1382188819552618, 0.05450961113995736], "k2_x2h_immi_syn_avg_sem": [0.0, 0.031827955594764916, 0.01923835272458041], "k2_x2h_immi_syn_sem_avg": [NaN, 0.03224845612250456, 0.019214667711900158], "k2_x2h_immi_syn_sem_sem": [NaN, 0.001520300791867469, 0.004084661202613906], "k2_x2h_nimin_syn_avg_avg": [0.5, 0.03908674537597937, 0.05769758337980792], "k2_x2h_nimin_syn_avg_sem": [0.0, 0.006684804869482092, 0.020811566790623008], "k2_x2h_nimin_syn_sem_avg": [NaN, 0.011287298632683348, 0.019589410216893317], "k2_x2h_nimin_syn_sem_sem": [NaN, 0.001471534942633525, 0.004168797429475028], "k2_x2h_nimmi_syn_avg_avg": [0.5, 0.07460234028619125, 0.059542194487713807], "k2_x2h_nimmi_syn_avg_sem": [0.0, 0.015712755502033573, 0.02156879841385103], "k2_x2h_nimmi_syn_sem_avg": [NaN, 0.01796033057669804, 0.019753525990380393], "k2_x2h_nimmi_syn_sem_sem": [NaN, 0.0011540976200279582, 0.004235053689782755], "k2_x2h_imin_red_avg_avg": [1.0, 0.4722121804281514, 0.27569087485496746], "k2_x2h_imin_red_avg_sem": [0.0, 0.0906240014516121, 0.05416914673101496], "k2_x2h_imin_red_sem_avg": [NaN, 0.06933351072469954, 0.04129071331177975], "k2_x2h_imin_red_sem_sem": [NaN, 0.005144308642988047, 0.004744850119362899], "k2_x2h_immi_red_avg_avg": [1.0, 0.5379147707095349, 0.27661318040892047], "k2_x2h_immi_red_avg_sem": [0.0, 0.10729141220199555, 0.054177721629454174], "k2_x2h_immi_red_sem_avg": [NaN, 0.07466692835968759, 0.04127451782747152], "k2_x2h_immi_red_sem_sem": [NaN, 0.004925862370624393, 0.004750055106932546], "k2_x2h_nimin_red_avg_avg": [0.5, 0.2693078436792867, 0.306152027631944], "k2_x2h_nimin_red_avg_sem": [0.0, 0.04664217078136128, 0.05412713797032167], "k2_x2h_nimin_red_sem_avg": [NaN, 0.04141107242778674, 0.046980652487426305], "k2_x2h_nimin_red_sem_sem": [NaN, 0.002138491992265802, 0.003604036601415018], "k2_x2h_nimmi_red_avg_avg": [0.5, 0.3048234385894986, 0.30799663873985], "k2_x2h_nimmi_red_avg_sem": [0.0, 0.054671965135567775, 0.05441856221453074], "k2_x2h_nimmi_red_sem_avg": [NaN, 0.043627591299784, 0.04711671882523283], "k2_x2h_nimmi_red_sem_sem": [NaN, 0.00225259569261483, 0.0035805021045170137], "x2h_imin_syn_avg": [1.0, 0.0, 0.0], "x2h_imin_syn_sem": [0.0, 0.0, 0.0], "x2h_mi_avg": [2.0, 1.95, 1.0], "x2h_mi_sem": [0.0, 0.049999999999999996, 0.0], "x2h_immi_syn_avg": [1.0, 0.0, 0.0], "x2h_immi_syn_sem": [0.0, 0.0, 0.0], "x2h_nimin_syn_avg": [0.5, 0.0, 0.0], "x2h_nimin_syn_sem": [0.0, 0.0, 0.0], "x2h_nimmi_syn_avg": [0.5, 0.0, 0.0], "x2h_nimmi_syn_sem": [0.0, 0.0, 0.0], "x2h_imin_red_avg": [1.0, 0.056127812445913285, 0.0], "x2h_imin_red_sem": [0.0, 0.056127812445913285, 0.0], "x2h_immi_red_avg": [1.0, 0.0811278124459133, 0.0], "x2h_immi_red_sem": [0.0, 0.0811278124459133, 0.0], "x2h_nimin_red_avg": [0.5, 0.028063906222956642, 0.0], "x2h_nimin_red_sem": [0.0, 0.028063906222956642, 0.0], "x2h_nimmi_red_avg": [0.5, 0.04056390622295665, 0.0], "x2h_nimmi_red_sem": [0.0, 0.04056390622295665, 0.0]}