{"avg_reward_avg": 0.0703, "avg_reward_sem": 0.03315755318676776, "accuracy_avg": 0.06200000000000001, "accuracy_sem": 0.008273115763993904, "k2_xh2h_immi_syn_avg_avg": [0.20644422197809612], "k2_xh2h_immi_syn_avg_sem": [0.008193557540163566], "k2_xh2h_immi_syn_sem_avg": [0.01176090503807387], "k2_xh2h_immi_syn_sem_sem": [0.0008645409586099314], "k2_xh2h_mi_avg_avg": [0.5725036682217102], "k2_xh2h_mi_avg_sem": [0.01806261832476374], "k2_xh2h_mi_sem_avg": [0.03239380742889093], "k2_xh2h_mi_sem_sem": [0.0027929433158847554], "k2_xh2h_nimmi_syn_avg_avg": [0.37076896180396046], "k2_xh2h_nimmi_syn_avg_sem": [0.0027996877115714362], "k2_xh2h_nimmi_syn_sem_avg": [0.013437141097546498], "k2_xh2h_nimmi_syn_sem_sem": [0.0004511751428800832]}