{"avg_reward": 0.35, "accuracy": 0.02, "k2_xh2h_immi_syn_avg": [0.2283843565923684], "k2_xh2h_immi_syn_sem": [0.01399371413707035], "k2_xh2h_mi_avg": [0.6119414306158437], "k2_xh2h_mi_sem": [0.03126013713925526], "k2_xh2h_nimmi_syn_avg": [0.37479719238985454], "k2_xh2h_nimmi_syn_sem": [0.01331575370575161]}