{"avg_reward": 0.019, "accuracy": 0.09, "k2_xh2h_immi_syn_avg": [0.22327682431322288], "k2_xh2h_immi_syn_sem": [0.011783978408675767], "k2_xh2h_mi_avg": [0.5840943528203935], "k2_xh2h_mi_sem": [0.025808066340468883], "k2_xh2h_nimmi_syn_avg": [0.3853520816485223], "k2_xh2h_nimmi_syn_sem": [0.01232931241412002]}