{"avg_reward": 0.02, "accuracy": 0.11, "k2_xh2h_immi_syn_avg": [0.1924540803891554], "k2_xh2h_immi_syn_sem": [0.012167878187612226], "k2_xh2h_mi_avg": [0.5507112247376064], "k2_xh2h_mi_sem": [0.03520632129657406], "k2_xh2h_nimmi_syn_avg": [0.36429151202604004], "k2_xh2h_nimmi_syn_sem": [0.013560263233469757]}