{"avg_reward": 0.019, "accuracy": 0.07, "k2_xh2h_immi_syn_avg": [0.22766746351001832], "k2_xh2h_immi_syn_sem": [0.017675970178175678], "k2_xh2h_mi_avg": [0.6383445756598333], "k2_xh2h_mi_sem": [0.05286018483333489], "k2_xh2h_nimmi_syn_avg": [0.37196907276484853], "k2_xh2h_nimmi_syn_sem": [0.01456883528205895]}