{"avg_reward": 0.118, "accuracy": 0.06, "k2_xh2h_immi_syn_avg": [0.24475291773595162], "k2_xh2h_immi_syn_sem": [0.010650548121508997], "k2_xh2h_mi_avg": [0.6398510872115792], "k2_xh2h_mi_sem": [0.027267640107611], "k2_xh2h_nimmi_syn_avg": [0.3849283031369053], "k2_xh2h_nimmi_syn_sem": [0.010026139059426134]}