{"avg_reward": 0.03, "accuracy": 0.07, "k2_xh2h_immi_syn_avg": [0.16845964612568723], "k2_xh2h_immi_syn_sem": [0.008069660998383382], "k2_xh2h_mi_avg": [0.4707633955219045], "k2_xh2h_mi_sem": [0.023042603480586576], "k2_xh2h_nimmi_syn_avg": [0.3680804569140079], "k2_xh2h_nimmi_syn_sem": [0.013777090785822234]}