{"avg_reward": 0.012, "accuracy": 0.05, "k2_xh2h_immi_syn_avg": [0.18466530608254245], "k2_xh2h_immi_syn_sem": [0.009566312441207], "k2_xh2h_mi_avg": [0.5358544723890478], "k2_xh2h_mi_sem": [0.035388826428817764], "k2_xh2h_nimmi_syn_avg": [0.36946072708856975], "k2_xh2h_nimmi_syn_sem": [0.014646054870199375]}