{"avg_reward": 0.003, "accuracy": 0.03, "k2_xh2h_immi_syn_avg": [0.2232068129080385], "k2_xh2h_immi_syn_sem": [0.013119743390902995], "k2_xh2h_mi_avg": [0.6210420082959542], "k2_xh2h_mi_sem": [0.03342902813228393], "k2_xh2h_nimmi_syn_avg": [0.367884882169333], "k2_xh2h_nimmi_syn_sem": [0.01388830665429735]}