{"avg_reward": 0.089, "accuracy": 0.06, "k2_xh2h_immi_syn_avg": [0.17829939162282843], "k2_xh2h_immi_syn_sem": [0.009489096111208984], "k2_xh2h_mi_avg": [0.5075439722767474], "k2_xh2h_mi_sem": [0.022990173864776572], "k2_xh2h_nimmi_syn_avg": [0.35924443890685986], "k2_xh2h_nimmi_syn_sem": [0.01329100439465223]}