{"avg_reward": 0.043, "accuracy": 0.06, "k2_xh2h_immi_syn_avg": [0.19327542050114813], "k2_xh2h_immi_syn_sem": [0.011092148405993343], "k2_xh2h_mi_avg": [0.5648901626881913], "k2_xh2h_mi_sem": [0.03668509266520036], "k2_xh2h_nimmi_syn_avg": [0.3616809509946635], "k2_xh2h_nimmi_syn_sem": [0.014968650575667323]}