{"avg_reward": 0.04375673751216346, "accuracy": 0.9375, "k2_x2h_ray_imin_syn_avg": [0.7443379913284698, 0.15881754920123575, 0.05302881276111457], "k2_x2h_ray_imin_syn_sem": [0.04283353036008584, 0.04004498173940923, 0.009666735862545642], "k2_x2h_ray_immi_syn_avg": [0.8806039187968299, 0.23675919399797637, 0.07044498144942749], "k2_x2h_ray_immi_syn_sem": [0.08448980237457092, 0.05081814420950816, 0.012781043828966554], "k2_x2h_pos_imin_syn_avg": [0.8436224234408973, 0.15881754920123575, 0.05302881276111457], "k2_x2h_pos_imin_syn_sem": [0.03584065509654763, 0.04004498173940923, 0.009666735862545642], "k2_x2h_pos_immi_syn_avg": [0.8797633805640469, 0.23675919399797637, 0.07044498144942749], "k2_x2h_pos_immi_syn_sem": [0.0538091316026756, 0.05081814420950816, 0.012781043828966554], "k2_x2h_ray_mi_avg": [1.7166916808191104, 1.2301550290384355, 0.4393396600151439], "k2_x2h_ray_mi_sem": [0.09062067877317755, 0.11241938390513462, 0.034044600132257], "k2_x2h_ray_nimin_syn_avg": [0.4334230319985286, 0.08769435940813132, 0.10769651356632938], "k2_x2h_ray_nimin_syn_sem": [0.005846177507687738, 0.01550732609304253, 0.0168208685278279], "k2_x2h_ray_nimmi_syn_avg": [0.5107516612561757, 0.14971367326770224, 0.13697280991557], "k2_x2h_ray_nimmi_syn_sem": [0.02138670323438232, 0.023561943163822287, 0.020860362172938754], "k2_x2h_pos_mi_avg": [2.5293645731238312, 1.2301550290384355, 0.4393396600151439], "k2_x2h_pos_mi_sem": [0.0538091316026753, 0.11241938390513462, 0.034044600132257], "k2_x2h_pos_nimin_syn_avg": [0.33325101945402885, 0.08769435940813132, 0.10769651356632938], "k2_x2h_pos_nimin_syn_sem": [0.007488690321209619, 0.01550732609304253, 0.0168208685278279], "k2_x2h_pos_nimmi_syn_avg": [0.3472391913148187, 0.14971367326770224, 0.13697280991557], "k2_x2h_pos_nimmi_syn_sem": [0.013649924668128843, 0.023561943163822287, 0.020860362172938754]}