{"avg_reward_avg": 1.0, "avg_reward_sem": 0.0, "accuracy_avg": 1.0, "accuracy_sem": 0.0, "k2_x2h_imin_syn_avg_avg": [1.0, 0.07168263492402602, 0.12937636370100652], "k2_x2h_imin_syn_avg_sem": [0.0, 0.006727849315280714, 0.024170673054858736], "k2_x2h_imin_syn_sem_avg": [NaN, 0.009888371183918184, 0.01636726702503612], "k2_x2h_imin_syn_sem_sem": [NaN, 0.0006263837618848387, 0.0016886975331488034], "k2_x2h_mi_avg_avg": [2.0, 0.8252777661917376, 0.7144978057861207], "k2_x2h_mi_avg_sem": [0.0, 0.0577456083909179, 0.04989886231790228], "k2_x2h_mi_sem_avg": [NaN, 0.03388773012407472, 0.020328805631404653], "k2_x2h_mi_sem_sem": [NaN, 0.0009799118745918445, 0.0009610849210931936], "k2_x2h_immi_syn_avg_avg": [1.0, 0.1458353882364628, 0.14515871071305725], "k2_x2h_immi_syn_avg_sem": [0.0, 0.017504982237395147, 0.026045784558085577], "k2_x2h_immi_syn_sem_avg": [NaN, 0.018599658796495423, 0.016287330615566524], "k2_x2h_immi_syn_sem_sem": [NaN, 0.0012284117502822068, 0.0016234623318365164], "k2_x2h_nimin_syn_avg_avg": [0.5, 0.04821237832976992, 0.1492525184358881], "k2_x2h_nimin_syn_avg_sem": [0.0, 0.003542222987687435, 0.02781845809439654], "k2_x2h_nimin_syn_sem_avg": [NaN, 0.006533211100789851, 0.01639713290232979], "k2_x2h_nimin_syn_sem_sem": [NaN, 0.00025387643677980226, 0.0016536337441072693], "k2_x2h_nimmi_syn_avg_avg": [0.5, 0.09764754720472772, 0.18081721245998952], "k2_x2h_nimmi_syn_avg_sem": [0.0, 0.010815216572803005, 0.03261704873709931], "k2_x2h_nimmi_syn_sem_avg": [NaN, 0.012449632220449765, 0.01714319237149244], "k2_x2h_nimmi_syn_sem_sem": [NaN, 0.0006115318180500001, 0.0015659066908587196], "k2_x2h_imin_red_avg_avg": [1.0, 0.17278074323469067, 0.2983145572225761], "k2_x2h_imin_red_avg_sem": [0.0, 0.017890729604486278, 0.03770642219541691], "k2_x2h_imin_red_sem_avg": [NaN, 0.01917653743248944, 0.01541568979008571], "k2_x2h_imin_red_sem_sem": [NaN, 0.0012946627147695062, 0.0026452710909784178], "k2_x2h_immi_red_avg_avg": [1.0, 0.24693349654712754, 0.31409690423462694], "k2_x2h_immi_red_avg_sem": [0.0, 0.027939179441450034, 0.036407060145863625], "k2_x2h_immi_red_sem_avg": [NaN, 0.025768584328064635, 0.015369752019416988], "k2_x2h_immi_red_sem_sem": [NaN, 0.0018757367949344221, 0.002606825129480006], "k2_x2h_nimin_red_avg_avg": [0.5, 0.14678748125457539, 0.4251083861874041], "k2_x2h_nimin_red_avg_sem": [0.0, 0.015053710889227634, 0.024310408739910097], "k2_x2h_nimin_red_sem_avg": [NaN, 0.01890300921290573, 0.024585072895244982], "k2_x2h_nimin_red_sem_sem": [NaN, 0.0012307637097088433, 0.0012084159408864944], "k2_x2h_nimmi_red_avg_avg": [0.5, 0.19622265012953333, 0.4566730802115056], "k2_x2h_nimmi_red_avg_sem": [0.0, 0.020902233996913086, 0.02603764612389037], "k2_x2h_nimmi_red_sem_avg": [NaN, 0.021854691837945767, 0.02506426945729731], "k2_x2h_nimmi_red_sem_sem": [NaN, 0.0013157222608559073, 0.0011171182155077372]}