{"avg_reward_avg": 0.9673999999999999, "avg_reward_sem": 0.00204640606375611, "accuracy_avg": 0.8365, "accuracy_sem": 0.010955718953029863, "k2_xh2h_immi_syn_avg_avg": [0.20257527793406194], "k2_xh2h_immi_syn_avg_sem": [0.0036801034671373987], "k2_xh2h_immi_syn_sem_avg": [0.020744777936823194], "k2_xh2h_immi_syn_sem_sem": [0.002026592235570679], "k2_xh2h_mi_avg_avg": [0.7460054207541447], "k2_xh2h_mi_avg_sem": [0.015343122152038258], "k2_xh2h_mi_sem_avg": [0.06417006759250687], "k2_xh2h_mi_sem_sem": [0.002364586715584407], "k2_xh2h_nimmi_syn_avg_avg": [0.3146425408751994], "k2_xh2h_nimmi_syn_avg_sem": [0.0069749830975794486], "k2_xh2h_nimmi_syn_sem_avg": [0.019242496501253023], "k2_xh2h_nimmi_syn_sem_sem": [0.000485729121862103]}