{"avg_reward": 0.974, "accuracy": 0.875, "k2_xh2h_immi_syn_avg": [0.18371497388195274], "k2_xh2h_immi_syn_sem": [0.00722291710901546], "k2_xh2h_mi_avg": [0.8036366880477448], "k2_xh2h_mi_sem": [0.05436283325774171], "k2_xh2h_nimmi_syn_avg": [0.27380778877735046], "k2_xh2h_nimmi_syn_sem": [0.01694998388002411]}