{"avg_reward": 0.9775, "accuracy": 0.885, "k2_xh2h_immi_syn_avg": [0.21154646060871063], "k2_xh2h_immi_syn_sem": [0.022661600663835605], "k2_xh2h_mi_avg": [0.7427812482004126], "k2_xh2h_mi_sem": [0.06169264526047847], "k2_xh2h_nimmi_syn_avg": [0.31583788663073725], "k2_xh2h_nimmi_syn_sem": [0.01817102257058301]}