{"avg_reward": 0.9725, "accuracy": 0.865, "k2_xh2h_immi_syn_avg": [0.2126404186838509], "k2_xh2h_immi_syn_sem": [0.026201914964217025], "k2_xh2h_mi_avg": [0.7077681013102224], "k2_xh2h_mi_sem": [0.06779302331290518], "k2_xh2h_nimmi_syn_avg": [0.3384811897246804], "k2_xh2h_nimmi_syn_sem": [0.01969563960016784]}