{"avg_reward": 0.9625, "accuracy": 0.815, "k2_xh2h_immi_syn_avg": [0.20741035685373804], "k2_xh2h_immi_syn_sem": [0.023963425643182105], "k2_xh2h_mi_avg": [0.7423497653374175], "k2_xh2h_mi_sem": [0.0651488873689284], "k2_xh2h_nimmi_syn_avg": [0.3136079329656033], "k2_xh2h_nimmi_syn_sem": [0.019268939039038552]}