{"avg_reward": 0.9575, "accuracy": 0.775, "k2_xh2h_immi_syn_avg": [0.20144276433713001], "k2_xh2h_immi_syn_sem": [0.01694333924409309], "k2_xh2h_mi_avg": [0.8060682009148274], "k2_xh2h_mi_sem": [0.061466483376364095], "k2_xh2h_nimmi_syn_avg": [0.28702514762008824], "k2_xh2h_nimmi_syn_sem": [0.018965761333553544]}