{"avg_reward": 0.9655, "accuracy": 0.825, "k2_xh2h_immi_syn_avg": [0.1902947572424703], "k2_xh2h_immi_syn_sem": [0.019947908644342247], "k2_xh2h_mi_avg": [0.6407855242710233], "k2_xh2h_mi_sem": [0.06015011727495335], "k2_xh2h_nimmi_syn_avg": [0.3400505640915373], "k2_xh2h_nimmi_syn_sem": [0.018623828051915436]}