{"avg_reward_avg": 0.30279020487868963, "avg_reward_sem": 0.001519375156514318, "accuracy_avg": 1.0, "accuracy_sem": 0.0, "k2_x2h_ray_imin_syn_avg_avg": [0.07206354641001582, 0.0021377110628913593, 0.0002709151398010072], "k2_x2h_ray_imin_syn_avg_sem": [0.01579650173711251, 0.0008297097815424922, 0.0002709151398010193], "k2_x2h_ray_imin_syn_sem_avg": [0.023259676445328364, 0.0020774166080004186, 0.0002709151398010172], "k2_x2h_ray_imin_syn_sem_sem": [0.005984767088312826, 0.0008287584452532524, 0.0002709151398010119], "k2_x2h_ray_immi_syn_avg_avg": [0.10578271856371475, 0.003461646044321756, 0.0002709151398010115], "k2_x2h_ray_immi_syn_avg_sem": [0.027794497819346165, 0.0014200556815380254, 0.0002709151398010118], "k2_x2h_ray_immi_syn_sem_avg": [0.04263688075494322, 0.0034013515894308053, 0.000270915139801013], "k2_x2h_ray_immi_syn_sem_sem": [0.009342132005225353, 0.0014257347141024162, 0.00027091513980101223], "k2_x2h_pos_imin_syn_avg_avg": [0.045692990856103136, 0.0021377110628913593, 0.0002709151398010072], "k2_x2h_pos_imin_syn_avg_sem": [0.01277585899281592, 0.0008297097815424922, 0.0002709151398010193], "k2_x2h_pos_imin_syn_sem_avg": [0.024431677802128328, 0.0020774166080004186, 0.0002709151398010172], "k2_x2h_pos_imin_syn_sem_sem": [0.005510713180565783, 0.0008287584452532524, 0.0002709151398010119], "k2_x2h_pos_immi_syn_avg_avg": [0.06611110143188184, 0.003461646044321756, 0.0002709151398010115], "k2_x2h_pos_immi_syn_avg_sem": [0.020249037414373897, 0.0014200556815380254, 0.0002709151398010118], "k2_x2h_pos_immi_syn_sem_avg": [0.0391122279208717, 0.0034013515894308053, 0.000270915139801013], "k2_x2h_pos_immi_syn_sem_sem": [0.012626456720823515, 0.0014257347141024162, 0.00027091513980101223], "k2_x2h_ray_mi_avg_avg": [0.64812851574257, 0.19450961219984056, 0.07715149080931391], "k2_x2h_ray_mi_avg_sem": [0.13905823580421015, 0.050810352511015296, 0.03492709346062802], "k2_x2h_ray_mi_sem_avg": [0.09178372884794231, 0.04329224755317063, 0.018813457185936883], "k2_x2h_ray_mi_sem_sem": [0.017349307173607633, 0.009658043674032458, 0.008055146173780788], "k2_x2h_ray_nimin_syn_avg_avg": [0.11876192419105465, -0.026740751889133673, 0.005404019717261219], "k2_x2h_ray_nimin_syn_avg_sem": [0.019508135253300668, 0.048607076039700665, 0.0029584126756727652], "k2_x2h_ray_nimin_syn_sem_avg": [0.05741895012344288, 0.003720867662280142, 0.005404019717261172], "k2_x2h_ray_nimin_syn_sem_sem": [0.01767743848170166, 0.0017632038239133545, 0.002958412675672749], "k2_x2h_ray_nimmi_syn_avg_avg": [0.15104950441090742, 0.0032227180300581303, 0.003181797495038944], "k2_x2h_ray_nimmi_syn_avg_sem": [0.023460250594033463, 0.0011660855864047736, 0.0016253331202921693], "k2_x2h_ray_nimmi_syn_sem_avg": [0.07339052414589672, 0.0030440459895161405, 0.003181797495038945], "k2_x2h_ray_nimmi_syn_sem_sem": [0.01583834060908883, 0.0010630119260912792, 0.0016253331202921693], "k2_x2h_pos_mi_avg_avg": [0.7148791565487869, 0.19450961219984056, 0.07715149080931391], "k2_x2h_pos_mi_avg_sem": [0.15075311615270606, 0.050810352511015296, 0.03492709346062802], "k2_x2h_pos_mi_sem_avg": [0.039249164797447986, 0.04329224755317063, 0.018813457185936883], "k2_x2h_pos_mi_sem_sem": [0.012602688071536234, 0.009658043674032458, 0.008055146173780788], "k2_x2h_pos_nimin_syn_avg_avg": [0.029872906615764, -0.026740751889133673, 0.005404019717261219], "k2_x2h_pos_nimin_syn_avg_sem": [0.03865263864730075, 0.048607076039700665, 0.0029584126756727652], "k2_x2h_pos_nimin_syn_sem_avg": [0.04883169890748945, 0.003720867662280142, 0.005404019717261172], "k2_x2h_pos_nimin_syn_sem_sem": [0.01465807760611928, 0.0017632038239133545, 0.002958412675672749], "k2_x2h_pos_nimmi_syn_avg_avg": [0.0758468416866708, 0.0032227180300581303, 0.003181797495038944], "k2_x2h_pos_nimmi_syn_avg_sem": [0.017344823150859598, 0.0011660855864047736, 0.0016253331202921693], "k2_x2h_pos_nimmi_syn_sem_avg": [0.04468197349937119, 0.0030440459895161405, 0.003181797495038945], "k2_x2h_pos_nimmi_syn_sem_sem": [0.011517129969040717, 0.0010630119260912792, 0.0016253331202921693]}