{"avg_reward": 0.3050769308615386, "accuracy": 1.0, "k2_x2h_ray_imin_syn_avg": [0.023284809431246667, 8.881784197001253e-17, 0.0], "k2_x2h_ray_imin_syn_sem": [0.021834410957499266, 2.6779586954873804e-17, 0.0], "k2_x2h_ray_immi_syn_avg": [0.02328480943124663, 0.0, 0.0], "k2_x2h_ray_immi_syn_sem": [0.02183441095749918, 0.0, 0.0], "k2_x2h_pos_imin_syn_avg": [0.0009696728649459622, 8.881784197001253e-17, 0.0], "k2_x2h_pos_imin_syn_sem": [0.0006438666742747615, 2.6779586954873804e-17, 0.0], "k2_x2h_pos_immi_syn_avg": [0.0009696728649461287, 0.0, 0.0], "k2_x2h_pos_immi_syn_sem": [0.0006438666742747615, 0.0, 0.0], "k2_x2h_ray_mi_avg": [0.21344958212307677, 0.09444566182255755, 0.0], "k2_x2h_ray_mi_sem": [0.040990951646964154, 0.028476438485656078, 0.0], "k2_x2h_ray_nimin_syn_avg": [0.1735384412420354, 1.880824174579486e-16, 0.0], "k2_x2h_ray_nimin_syn_sem": [0.16783832859659878, 5.670898257918232e-17, 0.0], "k2_x2h_ray_nimmi_syn_avg": [0.173538441242035, 0.0, 0.0], "k2_x2h_ray_nimmi_syn_sem": [0.16783832859659822, 0.0, 0.0], "k2_x2h_pos_mi_avg": [0.253953507796768, 0.09444566182255755, 0.0], "k2_x2h_pos_mi_sem": [0.0006438666742747615, 0.028476438485656078, 0.0], "k2_x2h_pos_nimin_syn_avg": [0.0038055191221911303, 1.880824174579486e-16, 0.0], "k2_x2h_pos_nimin_syn_sem": [0.0025222163967238377, 5.670898257918232e-17, 0.0], "k2_x2h_pos_nimmi_syn_avg": [0.003805519122191785, 0.0, 0.0], "k2_x2h_pos_nimmi_syn_sem": [0.0025222163967238364, 0.0, 0.0]}