{"avg_reward": 0.3050461539384617, "accuracy": 1.0, "k2_x2h_ray_imin_syn_avg": [0.11221508689649452, 0.0, -4.4408920985006264e-17], "k2_x2h_ray_imin_syn_sem": [0.060797662442315395, 0.0, 1.3389793477436902e-17], "k2_x2h_ray_immi_syn_avg": [0.13256480687208905, 0.0, 0.0], "k2_x2h_ray_immi_syn_sem": [0.05326271662486782, 0.0, 0.0], "k2_x2h_pos_imin_syn_avg": [0.035818363527920595, 0.0, -4.4408920985006264e-17], "k2_x2h_pos_imin_syn_sem": [0.024419296201013165, 0.0, 1.3389793477436902e-17], "k2_x2h_pos_immi_syn_avg": [0.05616808350351521, 0.0, 0.0], "k2_x2h_pos_immi_syn_sem": [0.035937656829119216, 0.0, 0.0], "k2_x2h_ray_mi_avg": [0.7434929616821347, 0.15137972073868397, 0.11431233721536663], "k2_x2h_ray_mi_sem": [0.11067585630984293, 0.04564270314172696, 0.03446646649563192], "k2_x2h_ray_nimin_syn_avg": [0.1861452710634627, 0.0, -7.769751203903566e-17], "k2_x2h_ray_nimin_syn_sem": [0.12576120366147608, 0.0, 2.342668132523662e-17], "k2_x2h_ray_nimmi_syn_avg": [0.20972261112637666, 0.0, 0.0], "k2_x2h_ray_nimmi_syn_sem": [0.11517651941304491, 0.0, 0.0], "k2_x2h_pos_mi_avg": [0.8237894688894225, 0.15137972073868397, 0.11431233721536663], "k2_x2h_pos_mi_sem": [0.035937656829119216, 0.04564270314172696, 0.03446646649563192], "k2_x2h_pos_nimin_syn_avg": [0.04110615605219243, 0.0, -7.769751203903566e-17], "k2_x2h_pos_nimin_syn_sem": [0.027231157861093192, 0.0, 2.342668132523662e-17], "k2_x2h_pos_nimmi_syn_avg": [0.06468349611510658, 0.0, 0.0], "k2_x2h_pos_nimmi_syn_sem": [0.04013630243583679, 0.0, 0.0]}