{"avg_reward": 0.3050461539384617, "accuracy": 1.0, "k2_x2h_ray_imin_syn_avg": [0.03241710968800288, 7.566197335201165e-05, 0.0], "k2_x2h_ray_imin_syn_sem": [0.030102617307425673, 7.566197335200347e-05, 0.0], "k2_x2h_ray_immi_syn_avg": [0.03241710968800304, 0.00028223992873224193, 0.0], "k2_x2h_ray_immi_syn_sem": [0.030102617307425677, 0.00028223992873224193, 0.0], "k2_x2h_pos_imin_syn_avg": [0.041816769028273394, 7.566197335201165e-05, 0.0], "k2_x2h_pos_imin_syn_sem": [0.03671266716680554, 7.566197335200347e-05, 0.0], "k2_x2h_pos_immi_syn_avg": [0.041816769028273505, 0.00028223992873224193, 0.0], "k2_x2h_pos_immi_syn_sem": [0.03671266716680554, 0.00028223992873224193, 0.0], "k2_x2h_ray_mi_avg": [0.2729786706395885, 0.08904893142451409, 0.0], "k2_x2h_ray_mi_sem": [0.11656320993436863, 0.025477667542556877, 0.0], "k2_x2h_ray_nimin_syn_avg": [0.07815827285220033, 0.00017275932435841302, 0.0], "k2_x2h_ray_nimin_syn_sem": [0.06838116010605644, 0.0001727593243598578, 0.0], "k2_x2h_ray_nimmi_syn_avg": [0.07815827285220174, 0.0006444396998251995, 0.0], "k2_x2h_ray_nimmi_syn_sem": [0.06838116010605591, 0.0006444396998251993, 0.0], "k2_x2h_pos_mi_avg": [0.2875038027252077, 0.08904893142451409, 0.0], "k2_x2h_pos_mi_sem": [0.039428688676716485, 0.025477667542556877, 0.0], "k2_x2h_pos_nimin_syn_avg": [0.1385293903746592, 0.00017275932435841302, 0.0], "k2_x2h_pos_nimin_syn_sem": [0.11452238074529875, 0.0001727593243598578, 0.0], "k2_x2h_pos_nimmi_syn_avg": [0.13852939037465958, 0.0006444396998251995, 0.0], "k2_x2h_pos_nimmi_syn_sem": [0.11452238074529875, 0.0006444396998251993, 0.0]}