{"avg_reward": 0.30510770778461543, "accuracy": 1.0, "k2_x2h_ray_imin_syn_avg": [0.09554036195742437, 0.0027240094082847544, 0.0], "k2_x2h_ray_imin_syn_sem": [0.01600873868880587, 0.0027240094082846833, 0.0], "k2_x2h_ray_immi_syn_avg": [0.1540731973048793, 0.0027240094082846924, 0.0], "k2_x2h_ray_immi_syn_sem": [0.06506311366135191, 0.002724009408284692, 0.0], "k2_x2h_pos_imin_syn_avg": [0.08047661048789882, 0.0027240094082847544, 0.0], "k2_x2h_pos_imin_syn_sem": [0.0415700590991315, 0.0027240094082846833, 0.0], "k2_x2h_pos_immi_syn_avg": [0.0974409669542653, 0.0027240094082846924, 0.0], "k2_x2h_pos_immi_syn_sem": [0.048905824133309336, 0.002724009408284692, 0.0], "k2_x2h_ray_mi_avg": [1.0899692338271665, 0.22363143636845942, 0.0], "k2_x2h_ray_mi_sem": [0.0721547902354769, 0.046323456440534705, 0.0], "k2_x2h_ray_nimin_syn_avg": [0.08666053578908979, 0.0031411533755371325, 0.0], "k2_x2h_ray_nimin_syn_sem": [0.010131429055677767, 0.0031411533755369364, 0.0], "k2_x2h_ray_nimmi_syn_avg": [0.1350527844057439, 0.0031411533755369486, 0.0], "k2_x2h_ray_nimmi_syn_sem": [0.04795107781556246, 0.0031411533755369477, 0.0], "k2_x2h_pos_mi_avg": [1.2455958712858832, 0.22363143636845942, 0.0], "k2_x2h_pos_mi_sem": [0.048905824133309336, 0.046323456440534705, 0.0], "k2_x2h_pos_nimin_syn_avg": [0.062231947588751974, 0.0031411533755371325, 0.0], "k2_x2h_pos_nimin_syn_sem": [0.03222235300071958, 0.0031411533755369364, 0.0], "k2_x2h_pos_nimmi_syn_avg": [0.07526457018473857, 0.0031411533755369486, 0.0], "k2_x2h_pos_nimmi_syn_sem": [0.03774504745205179, 0.0031411533755369477, 0.0]}