{"avg_reward": 0.04375673751216346, "accuracy": 0.9375, "IQR_binning": true, "layer_max_bin": 5, "k2_x2h_ray_imin_syn_avg": [0.8851543178595934, 0.4057790401185949, 0.12235867142210084], "k2_x2h_ray_imin_syn_sem": [0.04413489984031991, 0.07356025103183006, 0.012015673640761726], "k2_x2h_ray_mi_avg": [2.1437832285539034, 2.050579137991365, 0.5720773528440033], "k2_x2h_ray_mi_sem": [0.0888267748433, 0.13860774054676595, 0.03064672843432377], "k2_x2h_ray_immi_syn_avg": [1.0667233359453911, 0.5056292934691894, 0.14371252971789947], "k2_x2h_ray_immi_syn_sem": [0.07847534138653833, 0.08620762994843244, 0.013430215395031815], "k2_x2h_ray_nimin_syn_avg": [0.4126171709706247, 0.139879730945175, 0.20477663729185064], "k2_x2h_ray_nimin_syn_sem": [0.003443137852679425, 0.023140898536670673, 0.020810105604061], "k2_x2h_ray_nimmi_syn_avg": [0.49635838974254604, 0.1798914690983246, 0.24024539971883435], "k2_x2h_ray_nimmi_syn_sem": [0.016057477566025855, 0.026859886935653943, 0.023593736207237235], "k2_x2h_pos_imin_syn_avg": [0.9259491540135603, 0.4057790401185949, 0.12235867142210084], "k2_x2h_pos_imin_syn_sem": [0.04182046342452701, 0.07356025103183006, 0.012015673640761726], "k2_x2h_pos_mi_avg": [3.060476164695837, 2.050579137991365, 0.5720773528440033], "k2_x2h_pos_mi_sem": [0.05061307070793071, 0.13860774054676595, 0.03064672843432377], "k2_x2h_pos_immi_syn_avg": [0.968420565014732, 0.5056292934691894, 0.14371252971789947], "k2_x2h_pos_immi_syn_sem": [0.05061307070793071, 0.08620762994843244, 0.013430215395031815], "k2_x2h_pos_nimin_syn_avg": [0.3022953804161282, 0.139879730945175, 0.20477663729185064], "k2_x2h_pos_nimin_syn_sem": [0.009245132600400654, 0.023140898536670673, 0.020810105604061], "k2_x2h_pos_nimmi_syn_avg": [0.31605801756223806, 0.1798914690983246, 0.24024539971883435], "k2_x2h_pos_nimmi_syn_sem": [0.011189031456879517, 0.026859886935653943, 0.023593736207237235]}