{"avg_reward": 0.029997569298784457, "accuracy": 1.0, "IQR_binning": true, "layer_max_bin": 5, "k2_x2h_ray_imin_syn_avg": [0.8271757670340616, 0.22211291500950325, 0.2185727520248479], "k2_x2h_ray_imin_syn_sem": [0.025028094891865582, 0.04823884850444061, 0.020353405074661334], "k2_x2h_ray_mi_avg": [2.1169438107331113, 1.6939806038895966, 0.8885027951648531], "k2_x2h_ray_mi_sem": [0.022011770802921268, 0.14137142836512584, 0.04511215350714164], "k2_x2h_ray_immi_syn_avg": [1.0193891867964673, 0.31586637103335735, 0.29454616607252454], "k2_x2h_ray_immi_syn_sem": [0.0331042693545468, 0.06332961116463681, 0.02467380840401539], "k2_x2h_ray_nimin_syn_avg": [0.3906909795653232, 0.09366937147940568, 0.23339084982939212], "k2_x2h_ray_nimin_syn_sem": [0.010303453644823159, 0.015522306514782137, 0.01504638338809729], "k2_x2h_ray_nimmi_syn_avg": [0.48156456852271007, 0.14275680900342147, 0.3235672811536073], "k2_x2h_ray_nimmi_syn_sem": [0.015399932050098764, 0.02245059758602584, 0.01814151721629043], "k2_x2h_pos_imin_syn_avg": [0.836132932161434, 0.22211291500950325, 0.2185727520248479], "k2_x2h_pos_imin_syn_sem": [0.0707191023627455, 0.04823884850444061, 0.020353405074661334], "k2_x2h_pos_mi_avg": [2.8526256472549307, 1.6939806038895966, 0.8885027951648531], "k2_x2h_pos_mi_sem": [0.07339021926120473, 0.14137142836512584, 0.04511215350714164], "k2_x2h_pos_immi_syn_avg": [0.8763793005087246, 0.31586637103335735, 0.29454616607252454], "k2_x2h_pos_immi_syn_sem": [0.07339021926120472, 0.06332961116463681, 0.02467380840401539], "k2_x2h_pos_nimin_syn_avg": [0.29224359364164326, 0.09366937147940568, 0.23339084982939212], "k2_x2h_pos_nimin_syn_sem": [0.016840059987200517, 0.015522306514782137, 0.01504638338809729], "k2_x2h_pos_nimmi_syn_avg": [0.30632322916810445, 0.14275680900342147, 0.3235672811536073], "k2_x2h_pos_nimmi_syn_sem": [0.017398780673919027, 0.02245059758602584, 0.01814151721629043]}