{"avg_reward": 0.017300740168211207, "accuracy": 0.6875, "IQR_binning": true, "layer_max_bin": 5, "k2_x2h_ray_imin_syn_avg": [0.31721458248364437, 0.04219664396183762, 0.04729579090214638], "k2_x2h_ray_imin_syn_sem": [0.05144556682996167, 0.009807052595183349, 0.0072139227450197406], "k2_x2h_ray_mi_avg": [0.8618629753855762, 0.7056065537616704, 0.39466355793310076], "k2_x2h_ray_mi_sem": [0.05678911123964142, 0.06926613942286626, 0.02862625765534588], "k2_x2h_ray_immi_syn_avg": [0.368067469917057, 0.09024068248782503, 0.056340968595480094], "k2_x2h_ray_immi_syn_sem": [0.046307297638094554, 0.02026897458277395, 0.007852240621447971], "k2_x2h_ray_nimin_syn_avg": [0.3799526076862918, 0.06990682636889625, 0.10795465608133466], "k2_x2h_ray_nimin_syn_sem": [0.09026987655537906, 0.012686261085818955, 0.013819432182979707], "k2_x2h_ray_nimmi_syn_avg": [0.438475569118639, 0.08927626511972774, 0.138371802497332], "k2_x2h_ray_nimmi_syn_sem": [0.08781111680493058, 0.02083767470561657, 0.017741830256924475], "k2_x2h_pos_imin_syn_avg": [0.28000227378531056, 0.04219664396183762, 0.04729579090214638], "k2_x2h_pos_imin_syn_sem": [0.030699058025722738, 0.009807052595183349, 0.0072139227450197406], "k2_x2h_pos_mi_avg": [0.9461438477515868, 0.7056065537616704, 0.39466355793310076], "k2_x2h_pos_mi_sem": [0.07733424221231922, 0.06926613942286626, 0.02862625765534588], "k2_x2h_pos_immi_syn_avg": [0.3497938009883305, 0.09024068248782503, 0.056340968595480094], "k2_x2h_pos_immi_syn_sem": [0.07733424221231913, 0.02026897458277395, 0.007852240621447971], "k2_x2h_pos_nimin_syn_avg": [0.29465812590936263, 0.06990682636889625, 0.10795465608133466], "k2_x2h_pos_nimin_syn_sem": [0.007847941067290035, 0.012686261085818955, 0.013819432182979707], "k2_x2h_pos_nimmi_syn_avg": [0.36166540592179114, 0.08927626511972774, 0.138371802497332], "k2_x2h_pos_nimmi_syn_sem": [0.04925149158104006, 0.02083767470561657, 0.017741830256924475]}