{"avg_reward": 0.029041314325992055, "accuracy": 0.75, "IQR_binning": true, "layer_max_bin": 5, "k2_x2h_ray_imin_syn_avg": [0.5087143105036234, 0.1996079132248005, 0.12813568468152586], "k2_x2h_ray_imin_syn_sem": [0.019262080700594153, 0.044645823755088646, 0.014014770756028385], "k2_x2h_ray_mi_avg": [2.04187275989483, 1.5031518123511618, 0.7300404615439886], "k2_x2h_ray_mi_sem": [0.11976148930335652, 0.1145703280340479, 0.033966836964094554], "k2_x2h_ray_immi_syn_avg": [0.6073211275031897, 0.31327567341650586, 0.14009236481514487], "k2_x2h_ray_immi_syn_sem": [0.032748046920851245, 0.06845758838577741, 0.015088347365471417], "k2_x2h_ray_nimin_syn_avg": [0.24979668080579134, 0.08357626524169373, 0.1710059367617027], "k2_x2h_ray_nimin_syn_sem": [0.005702159577650056, 0.01835787241090486, 0.0196725038465523], "k2_x2h_ray_nimmi_syn_avg": [0.3009237670271628, 0.13190804496218692, 0.188203616845812], "k2_x2h_ray_nimmi_syn_sem": [0.03231429303899867, 0.028421198547988805, 0.02182044704061236], "k2_x2h_pos_imin_syn_avg": [0.5198487999762768, 0.1996079132248005, 0.12813568468152586], "k2_x2h_pos_imin_syn_sem": [0.02681638580169925, 0.044645823755088646, 0.014014770756028385], "k2_x2h_pos_mi_avg": [2.3083648746531025, 1.5031518123511618, 0.7300404615439886], "k2_x2h_pos_mi_sem": [0.04493012602972174, 0.1145703280340479, 0.033966836964094554], "k2_x2h_pos_immi_syn_avg": [0.7262008752163277, 0.31327567341650586, 0.14009236481514487], "k2_x2h_pos_immi_syn_sem": [0.04493012602972174, 0.06845758838577741, 0.015088347365471417], "k2_x2h_pos_nimin_syn_avg": [0.22556028320354418, 0.08357626524169373, 0.1710059367617027], "k2_x2h_pos_nimin_syn_sem": [0.013847775371259138, 0.01835787241090486, 0.0196725038465523], "k2_x2h_pos_nimmi_syn_avg": [0.3140785431637217, 0.13190804496218692, 0.188203616845812], "k2_x2h_pos_nimmi_syn_sem": [0.01327845680788014, 0.028421198547988805, 0.02182044704061236]}