{"avg_reward": 0.06258780660243929, "accuracy": 1.0, "IQR_binning": true, "layer_max_bin": 5, "k2_x2h_ray_imin_syn_avg": [0.7153419305846666, 0.1593050463458032, 0.04461202150133832], "k2_x2h_ray_imin_syn_sem": [0.03681507331150899, 0.03884345310816748, 0.008914494170222194], "k2_x2h_ray_mi_avg": [1.661079536710923, 1.357142894353339, 0.4742543674066127], "k2_x2h_ray_mi_sem": [0.0284734249551095, 0.12354014819855703, 0.04225489310638656], "k2_x2h_ray_immi_syn_avg": [0.8842024000178373, 0.1983422592047895, 0.053233272800044446], "k2_x2h_ray_immi_syn_sem": [0.030321874337653727, 0.047360526583315125, 0.010225238556444244], "k2_x2h_ray_nimin_syn_avg": [0.43016970414743333, 0.07154037376761703, 0.07637466191229], "k2_x2h_ray_nimin_syn_sem": [0.01504149942533987, 0.016345988312388916, 0.012812672471906672], "k2_x2h_ray_nimmi_syn_avg": [0.5319973188699465, 0.0902919773308772, 0.09871659585747998], "k2_x2h_ray_nimmi_syn_sem": [0.009001178430775848, 0.02055559839000739, 0.01726763169316299], "k2_x2h_pos_imin_syn_avg": [0.5636357314707741, 0.1593050463458032, 0.04461202150133832], "k2_x2h_pos_imin_syn_sem": [0.016878145373788456, 0.03884345310816748, 0.008914494170222194], "k2_x2h_pos_mi_avg": [2.3934713928055733, 1.357142894353339, 0.4742543674066127], "k2_x2h_pos_mi_sem": [0.018601660506181405, 0.12354014819855703, 0.04225489310638656], "k2_x2h_pos_immi_syn_avg": [0.5912438000482464, 0.1983422592047895, 0.053233272800044446], "k2_x2h_pos_immi_syn_sem": [0.018601660506181405, 0.047360526583315125, 0.010225238556444244], "k2_x2h_pos_nimin_syn_avg": [0.2354082483853744, 0.07154037376761703, 0.07637466191229], "k2_x2h_pos_nimin_syn_sem": [0.005193097084094613, 0.016345988312388916, 0.012812672471906672], "k2_x2h_pos_nimmi_syn_avg": [0.246933171239229, 0.0902919773308772, 0.09871659585747998], "k2_x2h_pos_nimmi_syn_sem": [0.0058145512037842614, 0.02055559839000739, 0.01726763169316299]}