{"avg_reward": 0.03620605412343871, "accuracy": 0.9375, "IQR_binning": true, "layer_max_bin": 5, "k2_x2h_ray_imin_syn_avg": [0.7450658170055698, 0.26983479804355204, 0.21295373099309692], "k2_x2h_ray_imin_syn_sem": [0.02379481311366341, 0.06309357866848223, 0.0244716424841855], "k2_x2h_ray_mi_avg": [1.7193634740655985, 1.8293046271857896, 0.9554223573446939], "k2_x2h_ray_mi_sem": [0.023481240639069305, 0.14691325614624598, 0.05014138514521165], "k2_x2h_ray_immi_syn_avg": [0.9390130383489419, 0.36606242557192264, 0.29796068216098176], "k2_x2h_ray_immi_syn_sem": [0.01968102970784119, 0.07986808859064466, 0.0361418567058819], "k2_x2h_ray_nimin_syn_avg": [0.43313760397573314, 0.09289460014185277, 0.18720112559431853], "k2_x2h_ray_nimin_syn_sem": [0.008187782389769034, 0.01949274006660901, 0.019066957687619804], "k2_x2h_ray_nimmi_syn_avg": [0.5460728465185252, 0.12888641227940398, 0.25949610765622105], "k2_x2h_ray_nimmi_syn_sem": [0.006218571393718906, 0.02495218434589032, 0.027980756675969085], "k2_x2h_pos_imin_syn_avg": [0.7877252647763839, 0.26983479804355204, 0.21295373099309692], "k2_x2h_pos_imin_syn_sem": [0.07026773878133502, 0.06309357866848223, 0.0244716424841855], "k2_x2h_pos_mi_avg": [2.612060533446706, 1.8293046271857896, 0.9554223573446939], "k2_x2h_pos_mi_sem": [0.07506288406389558, 0.14691325614624598, 0.05014138514521165], "k2_x2h_pos_immi_syn_avg": [0.8108223909904657, 0.36606242557192264, 0.29796068216098176], "k2_x2h_pos_immi_syn_sem": [0.07506288406389558, 0.07986808859064466, 0.0361418567058819], "k2_x2h_pos_nimin_syn_avg": [0.30049473077341826, 0.09289460014185277, 0.18720112559431853], "k2_x2h_pos_nimin_syn_sem": [0.018804277860965224, 0.01949274006660901, 0.019066957687619804], "k2_x2h_pos_nimmi_syn_avg": [0.3092405210275162, 0.12888641227940398, 0.25949610765622105], "k2_x2h_pos_nimmi_syn_sem": [0.02043255342795343, 0.02495218434589032, 0.027980756675969085]}