{"avg_reward": -0.0014817930385178162, "accuracy": 0.125, "IQR_binning": true, "layer_max_bin": 5, "k2_x2h_ray_imin_syn_avg": [0.07210767249782467, 0.0032395623937227958, -1.256523448710975e-17], "k2_x2h_ray_imin_syn_sem": [0.016827905274530167, 0.0018539326943818435, 1.0093271619956517e-17], "k2_x2h_ray_mi_avg": [0.17535399474187705, 0.2621190491042396, 0.0], "k2_x2h_ray_mi_sem": [0.010728285285446188, 0.03850967829247552, 0.0], "k2_x2h_ray_immi_syn_avg": [0.08595924455777453, 0.004512311360960997, 0.0], "k2_x2h_ray_immi_syn_sem": [0.016767915028662192, 0.002560644400575522, 0.0], "k2_x2h_ray_nimin_syn_avg": [0.40650481231427005, 0.005319944884885907, 0.0], "k2_x2h_ray_nimin_syn_sem": [0.08787784173872577, 0.0030249704169441134, 0.0], "k2_x2h_ray_nimmi_syn_avg": [0.4867242148247622, 0.007408890845495975, 0.0], "k2_x2h_ray_nimmi_syn_sem": [0.08684416648345876, 0.00418422991248899, 0.0], "k2_x2h_pos_imin_syn_avg": [0.06916646741978098, 0.0032395623937227958, -1.256523448710975e-17], "k2_x2h_pos_imin_syn_sem": [0.010300266089193136, 0.0018539326943818435, 1.0093271619956517e-17], "k2_x2h_pos_mi_avg": [0.16598109318239654, 0.2621190491042396, 0.0], "k2_x2h_pos_mi_sem": [0.009665906951912405, 0.03850967829247552, 0.0], "k2_x2h_pos_immi_syn_avg": [0.08704598423363692, 0.004512311360960997, 0.0], "k2_x2h_pos_immi_syn_sem": [0.008397369685615988, 0.002560644400575522, 0.0], "k2_x2h_pos_nimin_syn_avg": [0.4177877415139475, 0.005319944884885907, 0.0], "k2_x2h_pos_nimin_syn_sem": [0.058854972181072565, 0.0030249704169441134, 0.0], "k2_x2h_pos_nimmi_syn_avg": [0.5273101852754881, 0.007408890845495975, 0.0], "k2_x2h_pos_nimmi_syn_sem": [0.053526154251205, 0.00418422991248899, 0.0]}