{"avg_reward_avg": 0.006322600672808806, "avg_reward_sem": 0.0027464235301478527, "accuracy_avg": 0.425, "accuracy_sem": 0.09895285072531597, "k2_x2h_ray_imin_syn_avg_avg": [0.22807708666014626, 0.03987150794760228, 0.004157314832899136], "k2_x2h_ray_imin_syn_avg_sem": [0.02713852258824109, 0.012799667161398687, 0.0019360769115239636], "k2_x2h_ray_imin_syn_sem_avg": [0.024341797432501134, 0.009291211961347521, 0.0010937347665179345], "k2_x2h_ray_imin_syn_sem_sem": [0.0041229059867425935, 0.0021506962971202413, 0.0005009248112403234], "k2_x2h_ray_immi_syn_avg_avg": [0.2830322231467403, 0.07884677660729456, 0.0047766859859468365], "k2_x2h_ray_immi_syn_avg_sem": [0.03779676932886959, 0.02715204697271848, 0.0022191492250981824], "k2_x2h_ray_immi_syn_sem_avg": [0.022942335641841154, 0.01681559994467719, 0.0013352347726112476], "k2_x2h_ray_immi_syn_sem_sem": [0.00664280055402519, 0.0037745667300047784, 0.0006229799271214876], "k2_x2h_pos_imin_syn_avg_avg": [0.27801661034948666, 0.03987150794760228, 0.004157314832899136], "k2_x2h_pos_imin_syn_avg_sem": [0.04213724408986772, 0.012799667161398687, 0.0019360769115239636], "k2_x2h_pos_imin_syn_sem_avg": [0.030454850298271025, 0.009291211961347521, 0.0010937347665179345], "k2_x2h_pos_imin_syn_sem_sem": [0.004976481829937423, 0.0021506962971202413, 0.0005009248112403234], "k2_x2h_pos_immi_syn_avg_avg": [0.31393346395237, 0.07884677660729456, 0.0047766859859468365], "k2_x2h_pos_immi_syn_avg_sem": [0.048936667904444446, 0.02715204697271848, 0.0022191492250981824], "k2_x2h_pos_immi_syn_sem_avg": [0.03266128977936946, 0.01681559994467719, 0.0013352347726112476], "k2_x2h_pos_immi_syn_sem_sem": [0.0062112122532915785, 0.0037745667300047784, 0.0006229799271214876], "k2_x2h_ray_mi_avg_avg": [0.6394198223910237, 0.549231633664669, 0.1458844624642067], "k2_x2h_ray_mi_avg_sem": [0.09680684483633986, 0.14828489434280243, 0.07801747771629369], "k2_x2h_ray_mi_sem_avg": [0.05147944328548295, 0.04703013120902193, 0.011208826134875944], "k2_x2h_ray_mi_sem_sem": [0.009390874342087945, 0.008717564915511063, 0.006021393913407028], "k2_x2h_ray_nimin_syn_avg_avg": [0.3919725112568621, 0.04443490171155294, 0.027877265498178518], "k2_x2h_ray_nimin_syn_avg_sem": [0.027510347883283368, 0.012301257851790263, 0.009177792610478146], "k2_x2h_ray_nimin_syn_sem_avg": [0.020896298940816696, 0.00932553345572444, 0.01612761925098507], "k2_x2h_ray_nimin_syn_sem_sem": [0.005153514713464981, 0.0017409051985324514, 0.00694923972273619], "k2_x2h_ray_nimmi_syn_avg_avg": [0.4676972459780259, 0.06937469339735501, 0.024787931062451397], "k2_x2h_ray_nimmi_syn_avg_sem": [0.018864898989480475, 0.023278428850907175, 0.009490924900061318], "k2_x2h_ray_nimmi_syn_sem_avg": [0.03652622799988976, 0.01479594354807481, 0.009830869838700185], "k2_x2h_ray_nimmi_syn_sem_sem": [0.004170606635066899, 0.0021792161735807135, 0.0029652488633901005], "k2_x2h_pos_mi_avg_avg": [0.9224220886433727, 0.549231633664669, 0.1458844624642067], "k2_x2h_pos_mi_avg_sem": [0.1439741834754807, 0.14828489434280243, 0.07801747771629369], "k2_x2h_pos_mi_sem_avg": [0.04128076352115702, 0.04703013120902193, 0.011208826134875944], "k2_x2h_pos_mi_sem_sem": [0.009932210746619123, 0.008717564915511063, 0.006021393913407028], "k2_x2h_pos_nimin_syn_avg_avg": [0.2963396377138138, 0.04443490171155294, 0.027877265498178518], "k2_x2h_pos_nimin_syn_avg_sem": [0.019318781777048988, 0.012301257851790263, 0.009177792610478146], "k2_x2h_pos_nimin_syn_sem_avg": [0.02470154543452856, 0.00932553345572444, 0.01612761925098507], "k2_x2h_pos_nimin_syn_sem_sem": [0.0043987982189455975, 0.0017409051985324514, 0.00694923972273619], "k2_x2h_pos_nimmi_syn_avg_avg": [0.3345597300696076, 0.06937469339735501, 0.024787931062451397], "k2_x2h_pos_nimmi_syn_avg_sem": [0.02985166683129995, 0.023278428850907175, 0.009490924900061318], "k2_x2h_pos_nimmi_syn_sem_avg": [0.027057552197071334, 0.01479594354807481, 0.009830869838700185], "k2_x2h_pos_nimmi_syn_sem_sem": [0.004668136783166909, 0.0021792161735807135, 0.0029652488633901005]}