{"avg_reward": 0.017230000813571428, "accuracy": 0.75, "k2_x2h_ray_imin_syn_avg": [0.1557016676366524, 0.0047745570615957255, 0.0], "k2_x2h_ray_imin_syn_sem": [0.01254336195990387, 0.003124853985994972, 0.0], "k2_x2h_ray_immi_syn_avg": [0.17884821916896007, 0.0051747035791994515, 0.0], "k2_x2h_ray_immi_syn_sem": [0.007298737764992936, 0.0034896992021660835, 0.0], "k2_x2h_pos_imin_syn_avg": [0.1474427855765565, 0.0047745570615957255, 0.0], "k2_x2h_pos_imin_syn_sem": [0.014624016877117296, 0.003124853985994972, 0.0], "k2_x2h_pos_immi_syn_avg": [0.15519684312481377, 0.0051747035791994515, 0.0], "k2_x2h_pos_immi_syn_sem": [0.022187352269557106, 0.0034896992021660835, 0.0], "k2_x2h_ray_mi_avg": [0.3553486306095275, 0.1305732347403354, 0.0], "k2_x2h_ray_mi_sem": [0.022623883916075255, 0.0252745438903205, 0.0], "k2_x2h_ray_nimin_syn_avg": [0.4455019306507399, 0.011145443587540256, 0.0], "k2_x2h_ray_nimin_syn_sem": [0.061751088721651734, 0.00658143716179157, 0.0], "k2_x2h_ray_nimmi_syn_avg": [0.5104736830657087, 0.011862198566661137, 0.0], "k2_x2h_ray_nimmi_syn_sem": [0.056438795435091185, 0.007139600160826716, 0.0], "k2_x2h_pos_mi_avg": [0.5511482741193454, 0.1305732347403354, 0.0], "k2_x2h_pos_mi_sem": [0.022187352269557398, 0.0252745438903205, 0.0], "k2_x2h_pos_nimin_syn_avg": [0.2662931610614068, 0.011145443587540256, 0.0], "k2_x2h_pos_nimin_syn_sem": [0.015508177962495576, 0.00658143716179157, 0.0], "k2_x2h_pos_nimmi_syn_avg": [0.27932939123417405, 0.011862198566661137, 0.0], "k2_x2h_pos_nimmi_syn_sem": [0.02806140321840003, 0.007139600160826716, 0.0]}