{"avg_reward": 0.008386261532384798, "accuracy": 0.75, "k2_x2h_ray_imin_syn_avg": [0.13195961866120184, 0.005134762050571311, 0.0], "k2_x2h_ray_imin_syn_sem": [0.012505448943604943, 0.002960667729265839, 0.0], "k2_x2h_ray_immi_syn_avg": [0.138740852405672, 0.009456038411117243, 0.0], "k2_x2h_ray_immi_syn_sem": [0.010316621048266361, 0.005520284469984727, 0.0], "k2_x2h_pos_imin_syn_avg": [0.12799577834791045, 0.005134762050571311, 0.0], "k2_x2h_pos_imin_syn_sem": [0.025424871439852833, 0.002960667729265839, 0.0], "k2_x2h_pos_immi_syn_avg": [0.1295799175715994, 0.009456038411117243, 0.0], "k2_x2h_pos_immi_syn_sem": [0.02688899297669413, 0.005520284469984727, 0.0], "k2_x2h_ray_mi_avg": [0.25890366127569386, 0.14311524776828538, 0.0], "k2_x2h_ray_mi_sem": [0.026018452862552794, 0.02261362911551474, 0.0], "k2_x2h_ray_nimin_syn_avg": [0.5107009631601861, 0.011911689010264627, 0.0], "k2_x2h_ray_nimin_syn_sem": [0.011096700511897867, 0.006949779435573187, 0.0], "k2_x2h_ray_nimmi_syn_avg": [0.5393109394574144, 0.021236025923128017, 0.0], "k2_x2h_ray_nimmi_syn_sem": [0.0188691834561589, 0.012145410550799634, 0.0], "k2_x2h_pos_mi_avg": [0.5294916029270077, 0.14311524776828538, 0.0], "k2_x2h_pos_mi_sem": [0.02688899297669413, 0.02261362911551474, 0.0], "k2_x2h_pos_nimin_syn_avg": [0.23822146990222462, 0.011911689010264627, 0.0], "k2_x2h_pos_nimin_syn_sem": [0.03462624082517123, 0.006949779435573187, 0.0], "k2_x2h_pos_nimmi_syn_avg": [0.2409583393205782, 0.021236025923128017, 0.0], "k2_x2h_pos_nimmi_syn_sem": [0.037106860060655965, 0.012145410550799634, 0.0]}