{"avg_reward": 0.009685484171774237, "accuracy": 0.5, "k2_x2h_ray_imin_syn_avg": [0.28614954336826043, 0.012840533820873029, 0.004065598019252282], "k2_x2h_ray_imin_syn_sem": [0.027986249261227714, 0.007798453647908206, 0.000978759478464615], "k2_x2h_ray_immi_syn_avg": [0.36265457510389076, 0.027163848795173046, 0.0041603036359798215], "k2_x2h_ray_immi_syn_sem": [0.0024845594968220257, 0.014989122162782175, 0.0009938015496407861], "k2_x2h_pos_imin_syn_avg": [0.38171342254199053, 0.012840533820873029, 0.004065598019252282], "k2_x2h_pos_imin_syn_sem": [0.04714536736661435, 0.007798453647908206, 0.000978759478464615], "k2_x2h_pos_immi_syn_avg": [0.4029695924951174, 0.027163848795173046, 0.0041603036359798215], "k2_x2h_pos_immi_syn_sem": [0.0463535932262518, 0.014989122162782175, 0.0009938015496407861], "k2_x2h_ray_mi_avg": [0.7793656723321902, 0.26350660944575593, 0.04010463014095235], "k2_x2h_ray_mi_sem": [0.06756385175763095, 0.04019124935761957, 0.004207675903540438], "k2_x2h_ray_nimin_syn_avg": [0.3669187888056816, 0.11558074224736148, 0.07958892118363306], "k2_x2h_ray_nimin_syn_sem": [0.013194184422409732, 0.021537253142070334, 0.01907449307703991], "k2_x2h_ray_nimmi_syn_avg": [0.4734569155333088, 0.03203994595856282, 0.08088788745848319], "k2_x2h_ray_nimmi_syn_sem": [0.04700994965233379, 0.01716344474900853, 0.019182690970235085], "k2_x2h_pos_mi_avg": [1.0786640734107527, 0.26350660944575593, 0.04010463014095235], "k2_x2h_pos_mi_sem": [0.04635359322625207, 0.04019124935761957, 0.004207675903540438], "k2_x2h_pos_nimin_syn_avg": [0.35156049021688895, 0.11558074224736148, 0.07958892118363306], "k2_x2h_pos_nimin_syn_sem": [0.0281596502930161, 0.021537253142070334, 0.01907449307703991], "k2_x2h_pos_nimmi_syn_avg": [0.371285407040809, 0.03203994595856282, 0.08088788745848319], "k2_x2h_pos_nimmi_syn_sem": [0.026745521676446515, 0.01716344474900853, 0.019182690970235085]}