{"avg_reward": -0.0023961629697842397, "accuracy": 0.0, "k2_x2h_ray_imin_syn_avg": [0.2839245462094056, 0.04494000270687352, 0.009585100628832235], "k2_x2h_ray_imin_syn_sem": [0.029603282065624213, 0.009135135610609274, 0.0027842628004719557], "k2_x2h_ray_immi_syn_avg": [0.34974359320552867, 0.10199284782362295, 0.01401995146086487], "k2_x2h_ray_immi_syn_sem": [0.024866804178944865, 0.02305851146886272, 0.004505849412357623], "k2_x2h_pos_imin_syn_avg": [0.22868420665514866, 0.04494000270687352, 0.009585100628832235], "k2_x2h_pos_imin_syn_sem": [0.03653705490875349, 0.009135135610609274, 0.0027842628004719557], "k2_x2h_pos_immi_syn_avg": [0.3305722979496239, 0.10199284782362295, 0.01401995146086487], "k2_x2h_pos_immi_syn_sem": [0.024722249047419105, 0.02305851146886272, 0.004505849412357623], "k2_x2h_ray_mi_avg": [0.7983477745590161, 0.9606134588522154, 0.6134084765665995], "k2_x2h_ray_mi_sem": [0.05685757873248076, 0.08305861596740305, 0.04970119718909198], "k2_x2h_ray_nimin_syn_avg": [0.3542188923696365, 0.0345120557192482, 0.014009435460375233], "k2_x2h_ray_nimin_syn_sem": [0.013577160456038304, 0.006819440678105154, 0.004199436311541345], "k2_x2h_ray_nimmi_syn_avg": [0.44111298609322214, 0.07755938743300743, 0.022991606996527247], "k2_x2h_ray_nimmi_syn_sem": [0.036404739234481745, 0.017677405082785428, 0.00851050787139649], "k2_x2h_pos_mi_avg": [0.7208369879758939, 0.9606134588522154, 0.6134084765665995], "k2_x2h_pos_mi_sem": [0.07859276329905288, 0.08305861596740305, 0.04970119718909198], "k2_x2h_pos_nimin_syn_avg": [0.31407557364574185, 0.0345120557192482, 0.014009435460375233], "k2_x2h_pos_nimin_syn_sem": [0.015550732594279009, 0.006819440678105154, 0.004199436311541345], "k2_x2h_pos_nimmi_syn_avg": [0.46203853152958346, 0.07755938743300743, 0.022991606996527247], "k2_x2h_pos_nimmi_syn_sem": [0.01938438811069932, 0.017677405082785428, 0.00851050787139649]}