{"avg_reward": 0.017230000813571428, "accuracy": 0.75, "k2_x2h_ray_imin_syn_avg": [0.06228714477956617, 1.7559256517943013e-17, 0.0], "k2_x2h_ray_imin_syn_sem": [0.00650646602865056, 4.1540279039342e-18, 0.0], "k2_x2h_ray_immi_syn_avg": [0.06454994652646724, 1.8503717077085942e-18, 0.0], "k2_x2h_ray_immi_syn_sem": [0.007904948058516614, 1.8503717077085946e-18, 0.0], "k2_x2h_pos_imin_syn_avg": [0.051363911243282045, 1.7559256517943013e-17, 0.0], "k2_x2h_pos_imin_syn_sem": [0.014353291597991081, 4.1540279039342e-18, 0.0], "k2_x2h_pos_immi_syn_avg": [0.052453329222345545, 1.8503717077085942e-18, 0.0], "k2_x2h_pos_immi_syn_sem": [0.01492823853568122, 1.8503717077085946e-18, 0.0], "k2_x2h_ray_mi_avg": [0.11669032451470862, 0.007873396475887726, 0.0], "k2_x2h_ray_mi_sem": [0.010189542741654897, 0.002334668910592426, 0.0], "k2_x2h_ray_nimin_syn_avg": [0.5321249058830467, 1.9747496937444097e-14, 0.0], "k2_x2h_ray_nimin_syn_sem": [0.013948182590826181, 6.341659713650664e-15, 0.0], "k2_x2h_ray_nimmi_syn_avg": [0.5495035556348769, 4.7636979104555165e-17, 0.0], "k2_x2h_ray_nimmi_syn_sem": [0.021194900253612148, 4.763697910455517e-17, 0.0], "k2_x2h_pos_mi_avg": [0.22203526379443014, 0.007873396475887726, 0.0], "k2_x2h_pos_mi_sem": [0.01492823853568122, 0.002334668910592426, 0.0], "k2_x2h_pos_nimin_syn_avg": [0.22420597009494977, 1.9747496937444097e-14, 0.0], "k2_x2h_pos_nimin_syn_sem": [0.05318403553232776, 6.341659713650664e-15, 0.0], "k2_x2h_pos_nimmi_syn_avg": [0.228772263410521, 4.7636979104555165e-17, 0.0], "k2_x2h_pos_nimmi_syn_sem": [0.055530267982902747, 4.763697910455517e-17, 0.0]}