{"avg_reward": -0.0004923075289891655, "accuracy": 0.25, "k2_x2h_ray_imin_syn_avg": [0.2564254428751775, 0.10682219751993521, 0.01640594051393262], "k2_x2h_ray_imin_syn_sem": [0.053219879795401, 0.015485149609541768, 0.0038111108441903916], "k2_x2h_ray_immi_syn_avg": [0.3003475456585738, 0.1837957350652109, 0.017942320448729804], "k2_x2h_ray_immi_syn_sem": [0.05756963532325356, 0.02361103264957675, 0.004489879375922028], "k2_x2h_pos_imin_syn_avg": [0.39686834873962207, 0.10682219751993521, 0.01640594051393262], "k2_x2h_pos_imin_syn_sem": [0.06275182342400493, 0.015485149609541768, 0.0038111108441903916], "k2_x2h_pos_immi_syn_avg": [0.48432814229613513, 0.1837957350652109, 0.017942320448729804], "k2_x2h_pos_immi_syn_sem": [0.07995855511912581, 0.02361103264957675, 0.004489879375922028], "k2_x2h_ray_mi_avg": [0.7702765518029011, 1.4179768068113825, 0.5736488153529206], "k2_x2h_ray_mi_sem": [0.11140738787507383, 0.06951079171164146, 0.04211256449502418], "k2_x2h_ray_nimin_syn_avg": [0.33025099324071944, 0.06462147749138782, 0.05903149296955779], "k2_x2h_ray_nimin_syn_sem": [0.031822064715248434, 0.008524042798771411, 0.01703787069065496], "k2_x2h_ray_nimmi_syn_avg": [0.3932664437702697, 0.11562382902509548, 0.06130850347159518], "k2_x2h_ray_nimmi_syn_sem": [0.055374427702804985, 0.013160966938014445, 0.017310929982845946], "k2_x2h_pos_mi_avg": [0.9493358889525059, 1.4179768068113825, 0.5736488153529206], "k2_x2h_pos_mi_sem": [0.1122827782853668, 0.06951079171164146, 0.04211256449502418], "k2_x2h_pos_nimin_syn_avg": [0.4150619899162847, 0.06462147749138782, 0.05903149296955779], "k2_x2h_pos_nimin_syn_sem": [0.035534368333769176, 0.008524042798771411, 0.01703787069065496], "k2_x2h_pos_nimmi_syn_avg": [0.504389460302402, 0.11562382902509548, 0.06130850347159518], "k2_x2h_pos_nimmi_syn_sem": [0.03665344173509716, 0.013160966938014445, 0.017310929982845946]}