{"avg_reward": 0.017230000813571428, "accuracy": 0.75, "k2_x2h_ray_imin_syn_avg": [0.23118437439611306, 0.01512542977937332, 0.0], "k2_x2h_ray_imin_syn_sem": [0.021815552127701712, 0.0047750745908202545, 0.0], "k2_x2h_ray_immi_syn_avg": [0.26651481022688345, 0.02561679273720767, 0.0], "k2_x2h_ray_immi_syn_sem": [0.009090468312957274, 0.007692718324709754, 0.0], "k2_x2h_pos_imin_syn_avg": [0.2662726577369429, 0.01512542977937332, 0.0], "k2_x2h_pos_imin_syn_sem": [0.03937906046588935, 0.0047750745908202545, 0.0], "k2_x2h_pos_immi_syn_avg": [0.2762357783863914, 0.02561679273720767, 0.0], "k2_x2h_pos_immi_syn_sem": [0.045731806343966716, 0.007692718324709754, 0.0], "k2_x2h_ray_mi_avg": [0.5154032614508276, 0.24220177479308627, 0.0], "k2_x2h_ray_mi_sem": [0.04293507521818117, 0.03234919695765495, 0.0], "k2_x2h_ray_nimin_syn_avg": [0.4479488160148552, 0.033068446727988594, 0.0], "k2_x2h_ray_nimin_syn_sem": [0.011149540415397405, 0.009822654836593109, 0.0], "k2_x2h_ray_nimmi_syn_avg": [0.5218421334509565, 0.05923319601476633, 0.0], "k2_x2h_ray_nimmi_syn_sem": [0.028624614878507416, 0.018030285064365034, 0.0], "k2_x2h_pos_mi_avg": [0.803767990415922, 0.24220177479308627, 0.0], "k2_x2h_pos_mi_sem": [0.045731806343967014, 0.03234919695765495, 0.0], "k2_x2h_pos_nimin_syn_avg": [0.3280137053100307, 0.033068446727988594, 0.0], "k2_x2h_pos_nimin_syn_sem": [0.028728570551731992, 0.009822654836593109, 0.0], "k2_x2h_pos_nimmi_syn_avg": [0.33962895076856103, 0.05923319601476633, 0.0], "k2_x2h_pos_nimmi_syn_sem": [0.035565835056707365, 0.018030285064365034, 0.0]}