{"avg_reward_avg": 0.8958000000000002, "avg_reward_sem": 0.0017876116903722578, "accuracy_avg": 0.4789999999999999, "accuracy_sem": 0.008875684637129566, "k2_xh2h_immi_syn_avg_avg": [0.15690811410290548], "k2_xh2h_immi_syn_avg_sem": [0.006585634879600591], "k2_xh2h_immi_syn_sem_avg": [0.02017251304081203], "k2_xh2h_immi_syn_sem_sem": [0.0017908955435490973], "k2_xh2h_mi_avg_avg": [0.6096459727602236], "k2_xh2h_mi_avg_sem": [0.01957378722694142], "k2_xh2h_mi_sem_avg": [0.05586339672897438], "k2_xh2h_mi_sem_sem": [0.0020009606450164708], "k2_xh2h_nimmi_syn_avg_avg": [0.27972084451073626], "k2_xh2h_nimmi_syn_avg_sem": [0.008807109587069087], "k2_xh2h_nimmi_syn_sem_avg": [0.019381056183737023], "k2_xh2h_nimmi_syn_sem_sem": [0.00035546104882347603]}