{"avg_reward": 0.885, "accuracy": 0.42, "k2_xh2h_immi_syn_avg": [0.118325454062296], "k2_xh2h_immi_syn_sem": [0.014461367432177422], "k2_xh2h_mi_avg": [0.5152366004019158], "k2_xh2h_mi_sem": [0.04971918592187283], "k2_xh2h_nimmi_syn_avg": [0.27761201096946825], "k2_xh2h_nimmi_syn_sem": [0.020326445345670203]}