{"avg_reward": 0.899, "accuracy": 0.49, "k2_xh2h_immi_syn_avg": [0.16411425025390455], "k2_xh2h_immi_syn_sem": [0.026195846071899807], "k2_xh2h_mi_avg": [0.7129049189014641], "k2_xh2h_mi_sem": [0.06279574015335032], "k2_xh2h_nimmi_syn_avg": [0.2306007073815025], "k2_xh2h_nimmi_syn_sem": [0.01968674122202591]}