{"avg_reward": 0.901, "accuracy": 0.51, "k2_xh2h_immi_syn_avg": [0.16782386424346377], "k2_xh2h_immi_syn_sem": [0.019896368361553812], "k2_xh2h_mi_avg": [0.5748257144586397], "k2_xh2h_mi_sem": [0.056855090421691616], "k2_xh2h_nimmi_syn_avg": [0.319255892614196], "k2_xh2h_nimmi_syn_sem": [0.018438036996802777]}