{"avg_reward": 0.889, "accuracy": 0.45, "k2_xh2h_immi_syn_avg": [0.1856266870981108], "k2_xh2h_immi_syn_sem": [0.024181492588829376], "k2_xh2h_mi_avg": [0.6682422263810031], "k2_xh2h_mi_sem": [0.05959211331468674], "k2_xh2h_nimmi_syn_avg": [0.2822664396658509], "k2_xh2h_nimmi_syn_sem": [0.01736403174890819]}