{"avg_reward": 0.893, "accuracy": 0.47, "k2_xh2h_immi_syn_avg": [0.15096453601417845], "k2_xh2h_immi_syn_sem": [0.016502652204925167], "k2_xh2h_mi_avg": [0.6219839640116641], "k2_xh2h_mi_sem": [0.05239824815452767], "k2_xh2h_nimmi_syn_avg": [0.2720611499405994], "k2_xh2h_nimmi_syn_sem": [0.019781580235008162]}