{"avg_reward": 0.893, "accuracy": 0.47, "k2_xh2h_immi_syn_avg": [0.13592618484810742], "k2_xh2h_immi_syn_sem": [0.014045393484140932], "k2_xh2h_mi_avg": [0.5875147859292107], "k2_xh2h_mi_sem": [0.04794653775998024], "k2_xh2h_nimmi_syn_avg": [0.25854396030904775], "k2_xh2h_nimmi_syn_sem": [0.020170043507523328]}