{"avg_reward": 0.898, "accuracy": 0.48, "k2_xh2h_immi_syn_avg": [0.14351262717791077], "k2_xh2h_immi_syn_sem": [0.011297330342414003], "k2_xh2h_mi_avg": [0.5304476316629037], "k2_xh2h_mi_sem": [0.04600824833578505], "k2_xh2h_nimmi_syn_avg": [0.3123786140785681], "k2_xh2h_nimmi_syn_sem": [0.018443813535452745]}