{"avg_reward": 0.902, "accuracy": 0.51, "k2_xh2h_immi_syn_avg": [0.1751418851020701], "k2_xh2h_immi_syn_sem": [0.025665870097116537], "k2_xh2h_mi_avg": [0.5920690299257321], "k2_xh2h_mi_sem": [0.06024051017022954], "k2_xh2h_nimmi_syn_avg": [0.29909303458436637], "k2_xh2h_nimmi_syn_sem": [0.01851327865436422]}