{"avg_reward": 0.901, "accuracy": 0.5, "k2_xh2h_immi_syn_avg": [0.1767802426018791], "k2_xh2h_immi_syn_sem": [0.025725154225026782], "k2_xh2h_mi_avg": [0.6589331433742998], "k2_xh2h_mi_sem": [0.0629977701302052], "k2_xh2h_nimmi_syn_avg": [0.29445327389805115], "k2_xh2h_nimmi_syn_sem": [0.020937548856833244]}