{"avg_reward": 0.897, "accuracy": 0.49, "k2_xh2h_immi_syn_avg": [0.15086540962713396], "k2_xh2h_immi_syn_sem": [0.023753655600036453], "k2_xh2h_mi_avg": [0.634301712555401], "k2_xh2h_mi_sem": [0.06008052292741457], "k2_xh2h_nimmi_syn_avg": [0.2509433616657119], "k2_xh2h_nimmi_syn_sem": [0.02014904173478143]}