{"avg_reward": 0.008776415179092095, "accuracy": 0.5625, "k2_x2h_ray_imin_syn_avg": [0.35486773985910075, 0.13831013859214114, 0.10476282023035617], "k2_x2h_ray_imin_syn_sem": [0.04137480831979702, 0.03572081912915754, 0.011884802075234504], "k2_x2h_ray_immi_syn_avg": [0.4855961992029056, 0.2043594929978569, 0.1585852995321863], "k2_x2h_ray_immi_syn_sem": [0.04087660917649816, 0.04867145975313326, 0.017441881335901525], "k2_x2h_pos_imin_syn_avg": [0.4852419932933934, 0.13831013859214114, 0.10476282023035617], "k2_x2h_pos_imin_syn_sem": [0.058951860811742904, 0.03572081912915754, 0.011884802075234504], "k2_x2h_pos_immi_syn_avg": [0.543810313145212, 0.2043594929978569, 0.1585852995321863], "k2_x2h_pos_immi_syn_sem": [0.05528596876735723, 0.04867145975313326, 0.017441881335901525], "k2_x2h_ray_mi_avg": [1.0406961614292387, 1.1827809255382464, 0.6185258580606543], "k2_x2h_ray_mi_sem": [0.051510129971990844, 0.1054785216450847, 0.03648101933234651], "k2_x2h_ray_nimin_syn_avg": [0.339155443486574, 0.07172974542462801, 0.15095212675230524], "k2_x2h_ray_nimin_syn_sem": [0.024165931087474647, 0.015132941586559123, 0.013693257323995027], "k2_x2h_ray_nimmi_syn_avg": [0.4652213083820366, 0.10975753538284577, 0.23270458057740043], "k2_x2h_ray_nimmi_syn_sem": [0.01735409198163745, 0.021654555835237923, 0.021431856401260656], "k2_x2h_pos_mi_avg": [1.5444823697453585, 1.1827809255382464, 0.6185258580606543], "k2_x2h_pos_mi_sem": [0.05528596876735723, 0.1054785216450847, 0.03648101933234651], "k2_x2h_pos_nimin_syn_avg": [0.31230471735497756, 0.07172974542462801, 0.15095212675230524], "k2_x2h_pos_nimin_syn_sem": [0.026381595123250164, 0.015132941586559123, 0.013693257323995027], "k2_x2h_pos_nimmi_syn_avg": [0.35048247577290864, 0.10975753538284577, 0.23270458057740043], "k2_x2h_pos_nimmi_syn_sem": [0.022580747017429823, 0.021654555835237923, 0.021431856401260656]}