{"avg_reward": 0.03885346468950342, "accuracy": 0.9375, "k2_x2h_ray_imin_syn_avg": [0.5204588603781363, 0.11507831210345718, 0.05175183459196143], "k2_x2h_ray_imin_syn_sem": [0.027503474168239214, 0.024361010208394106, 0.007462896882467846], "k2_x2h_ray_immi_syn_avg": [0.6627464743960791, 0.20987892638449787, 0.09019678771487172], "k2_x2h_ray_immi_syn_sem": [0.053777522020181136, 0.03936262957665975, 0.011749727181063657], "k2_x2h_pos_imin_syn_avg": [0.7013977554132135, 0.11507831210345718, 0.05175183459196143], "k2_x2h_pos_imin_syn_sem": [0.04322149300609182, 0.024361010208394106, 0.007462896882467846], "k2_x2h_pos_immi_syn_avg": [0.7444797967266469, 0.20987892638449787, 0.09019678771487172], "k2_x2h_pos_immi_syn_sem": [0.04724947855054818, 0.03936262957665975, 0.011749727181063657], "k2_x2h_ray_mi_avg": [1.3761376478830696, 1.0495923511761196, 0.3416623521150385], "k2_x2h_ray_mi_sem": [0.07065129234918809, 0.09136478139092226, 0.017878078172874762], "k2_x2h_ray_nimin_syn_avg": [0.3783815627143021, 0.07470277765543804, 0.12450560326678117], "k2_x2h_ray_nimin_syn_sem": [0.00886443690194393, 0.013413325083058127, 0.01763184791342883], "k2_x2h_ray_nimmi_syn_avg": [0.48029678254906333, 0.14344948326571097, 0.2169552133312558], "k2_x2h_ray_nimmi_syn_sem": [0.015454254575782742, 0.024765529799027772, 0.02734186437077659], "k2_x2h_pos_mi_avg": [2.156633821755546, 1.0495923511761196, 0.3416623521150385], "k2_x2h_pos_mi_sem": [0.047249478550548396, 0.09136478139092226, 0.017878078172874762], "k2_x2h_pos_nimin_syn_avg": [0.32465353814824766, 0.07470277765543804, 0.12450560326678117], "k2_x2h_pos_nimin_syn_sem": [0.01311376663267411, 0.013413325083058127, 0.01763184791342883], "k2_x2h_pos_nimmi_syn_avg": [0.3445657541610918, 0.14344948326571097, 0.2169552133312558], "k2_x2h_pos_nimmi_syn_sem": [0.014580197595925801, 0.024765529799027772, 0.02734186437077659]}