{"avg_reward": 0.02065144248662079, "accuracy": 0.6875, "k2_x2h_ray_imin_syn_avg": [0.4848916525320006, 0.09135616109672762, 0.04979324676153482], "k2_x2h_ray_imin_syn_sem": [0.0355568899132428, 0.024852740447709833, 0.007563982016380996], "k2_x2h_ray_immi_syn_avg": [0.6221836534916884, 0.18408202492910047, 0.07855850289887638], "k2_x2h_ray_immi_syn_sem": [0.0740136139592874, 0.045311685336849206, 0.010659708588389499], "k2_x2h_pos_imin_syn_avg": [0.5244954294873029, 0.09135616109672762, 0.04979324676153482], "k2_x2h_pos_imin_syn_sem": [0.06255945436035033, 0.024852740447709833, 0.007563982016380996], "k2_x2h_pos_immi_syn_avg": [0.5381594146702481, 0.18408202492910047, 0.07855850289887638], "k2_x2h_pos_immi_syn_sem": [0.07089305767885022, 0.045311685336849206, 0.010659708588389499], "k2_x2h_ray_mi_avg": [1.2968063703712727, 0.9597376643030515, 0.29849010319602737], "k2_x2h_ray_mi_sem": [0.07204961565990205, 0.08641081556996633, 0.020420163192972605], "k2_x2h_ray_nimin_syn_avg": [0.37328743949964677, 0.05515476490154659, 0.13549972548517317], "k2_x2h_ray_nimin_syn_sem": [0.010378927974097217, 0.013164610131274965, 0.01926085374486681], "k2_x2h_ray_nimmi_syn_avg": [0.4772145049623558, 0.11333357230941919, 0.21666063512439557], "k2_x2h_ray_nimmi_syn_sem": [0.03890050420308635, 0.02581068637735329, 0.02752726297992921], "k2_x2h_pos_mi_avg": [2.0493561942067466, 0.9597376643030515, 0.29849010319602737], "k2_x2h_pos_mi_sem": [0.07089305767885051, 0.08641081556996633, 0.020420163192972605], "k2_x2h_pos_nimin_syn_avg": [0.2544674099317428, 0.05515476490154659, 0.13549972548517317], "k2_x2h_pos_nimin_syn_sem": [0.021166202899797242, 0.013164610131274965, 0.01926085374486681], "k2_x2h_pos_nimmi_syn_avg": [0.26087434955262495, 0.11333357230941919, 0.21666063512439557], "k2_x2h_pos_nimmi_syn_sem": [0.02493836010461842, 0.02581068637735329, 0.02752726297992921]}