{"avg_reward": 0.004998460934340113, "accuracy": 0.4375, "k2_x2h_ray_imin_syn_avg": [0.4832333738318941, 0.10508034177627618, 0.12242689981401159], "k2_x2h_ray_imin_syn_sem": [0.013025084465684178, 0.029412823823584126, 0.020714311096264437], "k2_x2h_ray_immi_syn_avg": [0.6223484789513002, 0.17261300260601814, 0.16092078499793003], "k2_x2h_ray_immi_syn_sem": [0.01808996814408141, 0.04114752015496259, 0.02701645039658691], "k2_x2h_pos_imin_syn_avg": [0.40423240229990776, 0.10508034177627618, 0.12242689981401159], "k2_x2h_pos_imin_syn_sem": [0.028904442189825727, 0.029412823823584126, 0.020714311096264437], "k2_x2h_pos_immi_syn_avg": [0.6963396975849635, 0.17261300260601814, 0.16092078499793003], "k2_x2h_pos_immi_syn_sem": [0.038569467140741366, 0.04114752015496259, 0.02701645039658691], "k2_x2h_ray_mi_avg": [1.615523533926927, 1.0983305061520552, 0.7905127933279926], "k2_x2h_ray_mi_sem": [0.06559526069569355, 0.10130875731236574, 0.04754225082783782], "k2_x2h_ray_nimin_syn_avg": [0.29953005292420437, 0.05774197920770398, 0.12230510196502153], "k2_x2h_ray_nimin_syn_sem": [0.0060566987606271265, 0.013548155079411916, 0.018508265303619955], "k2_x2h_ray_nimmi_syn_avg": [0.38574583169753923, 0.1080885959535872, 0.16369665992165722], "k2_x2h_ray_nimmi_syn_sem": [0.008476575693620701, 0.021944330043730326, 0.024963601594670246], "k2_x2h_pos_mi_avg": [1.6884926854803461, 1.0983305061520552, 0.7905127933279926], "k2_x2h_pos_mi_sem": [0.05101143971991064, 0.10130875731236574, 0.04754225082783782], "k2_x2h_pos_nimin_syn_avg": [0.2401318633355974, 0.05774197920770398, 0.12230510196502153], "k2_x2h_pos_nimin_syn_sem": [0.019892448960259157, 0.013548155079411916, 0.018508265303619955], "k2_x2h_pos_nimmi_syn_avg": [0.41193271431860584, 0.1080885959535872, 0.16369665992165722], "k2_x2h_pos_nimmi_syn_sem": [0.013638922164187169, 0.021944330043730326, 0.024963601594670246]}