{"avg_reward_avg": 0.9802, "avg_reward_sem": 0.0013605554421305711, "accuracy_avg": 0.9, "accuracy_sem": 0.007226494462892939, "k2_xh2h_immi_syn_avg_avg": [0.20012133967313023], "k2_xh2h_immi_syn_avg_sem": [0.009065632884869225], "k2_xh2h_immi_syn_sem_avg": [0.0332937444928739], "k2_xh2h_immi_syn_sem_sem": [0.0011985242287537643], "k2_xh2h_mi_avg_avg": [0.7435478449410272], "k2_xh2h_mi_avg_sem": [0.016850970224295412], "k2_xh2h_mi_sem_avg": [0.07454896153500377], "k2_xh2h_mi_sem_sem": [0.0017723547025191109], "k2_xh2h_nimmi_syn_avg_avg": [0.2614904451465087], "k2_xh2h_nimmi_syn_avg_sem": [0.007488573457996198], "k2_xh2h_nimmi_syn_sem_avg": [0.02370553817575137], "k2_xh2h_nimmi_syn_sem_sem": [0.0005242244667156]}