{"avg_reward": 0.9785, "accuracy": 0.885, "k2_xh2h_immi_syn_avg": [0.24234610674682489], "k2_xh2h_immi_syn_sem": [0.03748016378656747], "k2_xh2h_mi_avg": [0.8155128835638367], "k2_xh2h_mi_sem": [0.07369891589702512], "k2_xh2h_nimmi_syn_avg": [0.2750750608507029], "k2_xh2h_nimmi_syn_sem": [0.02418174026780524]}