{"avg_reward": 0.984, "accuracy": 0.92, "k2_xh2h_immi_syn_avg": [0.19326372860118196], "k2_xh2h_immi_syn_sem": [0.03172784980819976], "k2_xh2h_mi_avg": [0.6656639753065138], "k2_xh2h_mi_sem": [0.07191291967008455], "k2_xh2h_nimmi_syn_avg": [0.277848979296737], "k2_xh2h_nimmi_syn_sem": [0.022467337445831348]}