{"avg_reward": 0.9785, "accuracy": 0.895, "k2_xh2h_immi_syn_avg": [0.20413170665676306], "k2_xh2h_immi_syn_sem": [0.03391429688820206], "k2_xh2h_mi_avg": [0.7570190336543018], "k2_xh2h_mi_sem": [0.06720667919572207], "k2_xh2h_nimmi_syn_avg": [0.24569267203187758], "k2_xh2h_nimmi_syn_sem": [0.026208168744733414]}