{"avg_reward": 0.9815, "accuracy": 0.905, "k2_xh2h_immi_syn_avg": [0.1772056291342104], "k2_xh2h_immi_syn_sem": [0.028089630265416814], "k2_xh2h_mi_avg": [0.7581614587579742], "k2_xh2h_mi_sem": [0.06981002570953625], "k2_xh2h_nimmi_syn_avg": [0.2406680318027103], "k2_xh2h_nimmi_syn_sem": [0.022968300826335854]}