{"avg_reward": 0.9785, "accuracy": 0.89, "k2_xh2h_immi_syn_avg": [0.19885497195898638], "k2_xh2h_immi_syn_sem": [0.03619288913591441], "k2_xh2h_mi_avg": [0.7131238041241534], "k2_xh2h_mi_sem": [0.07501142138804297], "k2_xh2h_nimmi_syn_avg": [0.27245411645055967], "k2_xh2h_nimmi_syn_sem": [0.025681308234889327]}