{"avg_reward": 0.977, "accuracy": 0.89, "k2_xh2h_immi_syn_avg": [0.18989311908152173], "k2_xh2h_immi_syn_sem": [0.03478771748330623], "k2_xh2h_mi_avg": [0.7882994701228782], "k2_xh2h_mi_sem": [0.08579672586225055], "k2_xh2h_nimmi_syn_avg": [0.2450401757385317], "k2_xh2h_nimmi_syn_sem": [0.02302556987742212]}