{"avg_reward": 0.9735, "accuracy": 0.86, "k2_xh2h_immi_syn_avg": [0.18391091979476804], "k2_xh2h_immi_syn_sem": [0.030353217010026124], "k2_xh2h_mi_avg": [0.7209648081498158], "k2_xh2h_mi_sem": [0.08067618512154974], "k2_xh2h_nimmi_syn_avg": [0.2443193693430964], "k2_xh2h_nimmi_syn_sem": [0.020899679264411497]}