{"avg_reward": 0.9865, "accuracy": 0.935, "k2_xh2h_immi_syn_avg": [0.25183668525480357], "k2_xh2h_immi_syn_sem": [0.037798707129648446], "k2_xh2h_mi_avg": [0.813972359078981], "k2_xh2h_mi_sem": [0.0784460082349892], "k2_xh2h_nimmi_syn_avg": [0.31281087395517204], "k2_xh2h_nimmi_syn_sem": [0.02494962359044049]}