{"avg_reward_avg": 0.9375, "avg_reward_sem": 0.0034872784676751897, "accuracy_avg": 0.686, "accuracy_sem": 0.016546231527987808, "k2_xh2h_immi_syn_avg_avg": [0.2464262047099393], "k2_xh2h_immi_syn_avg_sem": [0.008215617459410246], "k2_xh2h_immi_syn_sem_avg": [0.020200648010147072], "k2_xh2h_immi_syn_sem_sem": [0.0010719907837970465], "k2_xh2h_mi_avg_avg": [0.7829758772330018], "k2_xh2h_mi_avg_sem": [0.025251637369253014], "k2_xh2h_mi_sem_avg": [0.05150637635078135], "k2_xh2h_mi_sem_sem": [0.0013071756732437395], "k2_xh2h_nimmi_syn_avg_avg": [0.3200737611749756], "k2_xh2h_nimmi_syn_avg_sem": [0.006673033371287502], "k2_xh2h_nimmi_syn_sem_avg": [0.018044667664828838], "k2_xh2h_nimmi_syn_sem_sem": [0.0005940994037586169]}