{"avg_reward": 0.954, "accuracy": 0.77, "k2_xh2h_immi_syn_avg": [0.23321894569112175], "k2_xh2h_immi_syn_sem": [0.013907888557370232], "k2_xh2h_mi_avg": [0.7065076231590085], "k2_xh2h_mi_sem": [0.044643238173837675], "k2_xh2h_nimmi_syn_avg": [0.3435443133449586], "k2_xh2h_nimmi_syn_sem": [0.016330485285457868]}