{"avg_reward": 0.921, "accuracy": 0.62, "k2_xh2h_immi_syn_avg": [0.28613912142283054], "k2_xh2h_immi_syn_sem": [0.019142755994617303], "k2_xh2h_mi_avg": [0.8506590075909902], "k2_xh2h_mi_sem": [0.04839383878955159], "k2_xh2h_nimmi_syn_avg": [0.3463015219011305], "k2_xh2h_nimmi_syn_sem": [0.016331343874168323]}