{"avg_reward": 0.947, "accuracy": 0.72, "k2_xh2h_immi_syn_avg": [0.2421942880886159], "k2_xh2h_immi_syn_sem": [0.020284237468739506], "k2_xh2h_mi_avg": [0.7548066790630661], "k2_xh2h_mi_sem": [0.05030431714496279], "k2_xh2h_nimmi_syn_avg": [0.3246955042721649], "k2_xh2h_nimmi_syn_sem": [0.01714205663115655]}