{"avg_reward": 0.936, "accuracy": 0.68, "k2_xh2h_immi_syn_avg": [0.2567033126337203], "k2_xh2h_immi_syn_sem": [0.02187781189297156], "k2_xh2h_mi_avg": [0.8900367151100183], "k2_xh2h_mi_sem": [0.05356111326207356], "k2_xh2h_nimmi_syn_avg": [0.29770813435294746], "k2_xh2h_nimmi_syn_sem": [0.019989414839573748]}