{"avg_reward": 0.932, "accuracy": 0.66, "k2_xh2h_immi_syn_avg": [0.2335778891607975], "k2_xh2h_immi_syn_sem": [0.02278202906805334], "k2_xh2h_mi_avg": [0.7768068496303826], "k2_xh2h_mi_sem": [0.056613914735795016], "k2_xh2h_nimmi_syn_avg": [0.30898632558482186], "k2_xh2h_nimmi_syn_sem": [0.017506959026139943]}