{"avg_reward": 0.941, "accuracy": 0.7, "k2_xh2h_immi_syn_avg": [0.25312106104755533], "k2_xh2h_immi_syn_sem": [0.02058577148586314], "k2_xh2h_mi_avg": [0.7740510260609612], "k2_xh2h_mi_sem": [0.05118146515800448], "k2_xh2h_nimmi_syn_avg": [0.33127260686776866], "k2_xh2h_nimmi_syn_sem": [0.01716771872428819]}