{"avg_reward": 0.922, "accuracy": 0.6, "k2_xh2h_immi_syn_avg": [0.2660919115174995], "k2_xh2h_immi_syn_sem": [0.016796308971621533], "k2_xh2h_mi_avg": [0.8377949502297763], "k2_xh2h_mi_sem": [0.04696098463504179], "k2_xh2h_nimmi_syn_avg": [0.3333557801670248], "k2_xh2h_nimmi_syn_sem": [0.015728226978833363]}