{"avg_reward": 0.947, "accuracy": 0.73, "k2_xh2h_immi_syn_avg": [0.2439106926581809], "k2_xh2h_immi_syn_sem": [0.025012078774460638], "k2_xh2h_mi_avg": [0.7368246657019616], "k2_xh2h_mi_sem": [0.05669721395983535], "k2_xh2h_nimmi_syn_avg": [0.3323574886511169], "k2_xh2h_nimmi_syn_sem": [0.01891918426120134]}