{"avg_reward": 0.944, "accuracy": 0.72, "k2_xh2h_immi_syn_avg": [0.18826262257536866], "k2_xh2h_immi_syn_sem": [0.01784265455667662], "k2_xh2h_mi_avg": [0.6340378857709128], "k2_xh2h_mi_sem": [0.051040598229776274], "k2_xh2h_nimmi_syn_avg": [0.29359810396357816], "k2_xh2h_nimmi_syn_sem": [0.021094214214669817]}