{"avg_reward_avg": 0.098098061816847, "avg_reward_sem": 0.0209611126361705, "accuracy_avg": 0.4666666666666667, "accuracy_sem": 0.01360827634879543, "k2_x2h_ray_imin_syn_avg_avg": [0.07272139680634347, 0.016400917058110146, 0.002880629642127256], "k2_x2h_ray_imin_syn_avg_sem": [0.02638403424018219, 0.009409200662802977, 0.0019907547692924513], "k2_x2h_ray_imin_syn_sem_avg": [0.013763664957750627, 0.0031752342196378, 0.0007480222354519835], "k2_x2h_ray_imin_syn_sem_sem": [0.00420008805886527, 0.00170486929324157, 0.000499539330620322], "k2_x2h_ray_immi_syn_avg_avg": [0.08662896894652816, 0.03256759454483193, 0.003344429254244101], "k2_x2h_ray_immi_syn_avg_sem": [0.032256721495842994, 0.017297180858256295, 0.0023593696492131954], "k2_x2h_ray_immi_syn_sem_avg": [0.01699640985725461, 0.006684134381283245, 0.0008211825211173548], "k2_x2h_ray_immi_syn_sem_sem": [0.005434425277282897, 0.003390619860212242, 0.0005503965962932508], "k2_x2h_pos_imin_syn_avg_avg": [0.06199730702607111, 0.016400917058110146, 0.002880629642127256], "k2_x2h_pos_imin_syn_avg_sem": [0.029775317204484928, 0.009409200662802977, 0.0019907547692924513], "k2_x2h_pos_imin_syn_sem_avg": [0.011650133323737415, 0.0031752342196378, 0.0007480222354519835], "k2_x2h_pos_imin_syn_sem_sem": [0.005282051941450173, 0.00170486929324157, 0.000499539330620322], "k2_x2h_pos_immi_syn_avg_avg": [0.08190216582203785, 0.03256759454483193, 0.003344429254244101], "k2_x2h_pos_immi_syn_avg_sem": [0.037493158629156406, 0.017297180858256295, 0.0023593696492131954], "k2_x2h_pos_immi_syn_sem_avg": [0.01568995663809879, 0.006684134381283245, 0.0008211825211173548], "k2_x2h_pos_immi_syn_sem_sem": [0.006705011160674036, 0.003390619860212242, 0.0005503965962932508], "k2_x2h_ray_mi_avg_avg": [0.23961772774052745, 0.28416349825960296, 0.08403168082987425], "k2_x2h_ray_mi_avg_sem": [0.08017771078440335, 0.14239514428070618, 0.056774947955411104], "k2_x2h_ray_mi_sem_avg": [0.027114146284359996, 0.021175613553155778, 0.006729233046910171], "k2_x2h_ray_mi_sem_sem": [0.007990123681486196, 0.009174649177638754, 0.00455232508028858], "k2_x2h_ray_nimin_syn_avg_avg": [0.18789524987311465, -0.014293200776624593, 0.005138101497749771], "k2_x2h_ray_nimin_syn_avg_sem": [0.04453109675583289, 0.029818948389605863, 0.0052124577877461645], "k2_x2h_ray_nimin_syn_sem_avg": [0.03775607888798756, 0.005590910986412524, 0.005650237406192209], "k2_x2h_ray_nimin_syn_sem_sem": [0.012102211040949749, 0.00322259143382082, 0.002880931361349805], "k2_x2h_ray_nimmi_syn_avg_avg": [0.21737207380471343, 0.026753916913587045, 0.00911080537850793], "k2_x2h_ray_nimmi_syn_avg_sem": [0.05302840106822736, 0.014072136157348644, 0.00571978029244518], "k2_x2h_ray_nimmi_syn_sem_avg": [0.04397434379055436, 0.004933209581957936, 0.004689220565106794], "k2_x2h_ray_nimmi_syn_sem_sem": [0.011919764577827507, 0.0024989295062761386, 0.0019851643517566266], "k2_x2h_pos_mi_avg_avg": [0.33686092845945653, 0.28416349825960296, 0.08403168082987425], "k2_x2h_pos_mi_avg_sem": [0.13673694644566567, 0.14239514428070618, 0.056774947955411104], "k2_x2h_pos_mi_sem_avg": [0.02787063205818472, 0.021175613553155778, 0.006729233046910171], "k2_x2h_pos_mi_sem_sem": [0.006865380508844614, 0.009174649177638754, 0.00455232508028858], "k2_x2h_pos_nimin_syn_avg_avg": [0.11809908063819172, -0.014293200776624593, 0.005138101497749771], "k2_x2h_pos_nimin_syn_avg_sem": [0.044144604065162234, 0.029818948389605863, 0.0052124577877461645], "k2_x2h_pos_nimin_syn_sem_avg": [0.048223067159377034, 0.005590910986412524, 0.005650237406192209], "k2_x2h_pos_nimin_syn_sem_sem": [0.03245268911335056, 0.00322259143382082, 0.002880931361349805], "k2_x2h_pos_nimmi_syn_avg_avg": [0.12014078278535315, 0.026753916913587045, 0.00911080537850793], "k2_x2h_pos_nimmi_syn_avg_sem": [0.05660173331536487, 0.014072136157348644, 0.00571978029244518], "k2_x2h_pos_nimmi_syn_sem_avg": [0.018855708968295654, 0.004933209581957936, 0.004689220565106794], "k2_x2h_pos_nimmi_syn_sem_sem": [0.008606770836571957, 0.0024989295062761386, 0.0019851643517566266]}