{"avg_reward_avg": 0.15468550842988282, "avg_reward_sem": 0.01988785319032485, "accuracy_avg": 0.6500000000000001, "accuracy_sem": 0.03685138655950444, "k2_x2h_ray_imin_syn_avg_avg": [0.20577099610048305, 0.023171795854622056, 0.01513668772363711], "k2_x2h_ray_imin_syn_avg_sem": [0.044232168411153565, 0.005462437294695029, 0.006327667834234451], "k2_x2h_ray_imin_syn_sem_avg": [0.043865704511245725, 0.01263853302810879, 0.004466868666431536], "k2_x2h_ray_imin_syn_sem_sem": [0.011994711664052275, 0.002843711316642039, 0.0016909667686043762], "k2_x2h_ray_immi_syn_avg_avg": [0.2823934818105759, 0.034651181980677695, 0.022491671606221585], "k2_x2h_ray_immi_syn_avg_sem": [0.05615375164134908, 0.008041284628545203, 0.010515340487733171], "k2_x2h_ray_immi_syn_sem_avg": [0.039817715135669327, 0.01860416203868117, 0.006388133970776947], "k2_x2h_ray_immi_syn_sem_sem": [0.011470949044879341, 0.003928827191041529, 0.002701240862303988], "k2_x2h_pos_imin_syn_avg_avg": [0.1871636416496231, 0.023171795854622056, 0.01513668772363711], "k2_x2h_pos_imin_syn_avg_sem": [0.044673729729538404, 0.005462437294695029, 0.006327667834234451], "k2_x2h_pos_imin_syn_sem_avg": [0.052405326396670004, 0.01263853302810879, 0.004466868666431536], "k2_x2h_pos_imin_syn_sem_sem": [0.010649872166818838, 0.002843711316642039, 0.0016909667686043762], "k2_x2h_pos_immi_syn_avg_avg": [0.24276023964456545, 0.034651181980677695, 0.022491671606221585], "k2_x2h_pos_immi_syn_avg_sem": [0.057155190246410845, 0.008041284628545203, 0.010515340487733171], "k2_x2h_pos_immi_syn_sem_avg": [0.05867544031055201, 0.01860416203868117, 0.006388133970776947], "k2_x2h_pos_immi_syn_sem_sem": [0.01259128007691481, 0.003928827191041529, 0.002701240862303988], "k2_x2h_ray_mi_avg_avg": [0.7215814963563877, 0.4621718013530356, 0.19580581559180102], "k2_x2h_ray_mi_avg_sem": [0.129176569220037, 0.08459939299110589, 0.07065389824192067], "k2_x2h_ray_mi_sem_avg": [0.05195166896536352, 0.071891476085169, 0.020722581578352092], "k2_x2h_ray_mi_sem_sem": [0.013060529042774117, 0.011962564307407558, 0.0064094968394283304], "k2_x2h_ray_nimin_syn_avg_avg": [0.24089503951272287, 0.0315827052110623, 0.03610075639764467], "k2_x2h_ray_nimin_syn_avg_sem": [0.03864199402785355, 0.016567339747032294, 0.009138588408995235], "k2_x2h_ray_nimin_syn_sem_avg": [0.03996900027804791, 0.009003666870133455, 0.013024647079720189], "k2_x2h_ray_nimin_syn_sem_sem": [0.01153703139171661, 0.001759739747304163, 0.003279427081457569], "k2_x2h_ray_nimmi_syn_avg_avg": [0.33523702754235296, 0.020999697831364007, 0.04714173411622656], "k2_x2h_ray_nimmi_syn_avg_sem": [0.046630706034255724, 0.004700774057270675, 0.012576889718881806], "k2_x2h_ray_nimmi_syn_sem_avg": [0.038808128821665205, 0.010577459380771875, 0.01417764421921475], "k2_x2h_ray_nimmi_syn_sem_sem": [0.008941969383255964, 0.0019731747271603908, 0.0031935616338811526], "k2_x2h_pos_mi_avg_avg": [0.8085762270335646, 0.4621718013530356, 0.19580581559180102], "k2_x2h_pos_mi_avg_sem": [0.16239508491466736, 0.08459939299110589, 0.07065389824192067], "k2_x2h_pos_mi_sem_avg": [0.08301045732784898, 0.071891476085169, 0.020722581578352092], "k2_x2h_pos_mi_sem_sem": [0.019093273974617294, 0.011962564307407558, 0.0064094968394283304], "k2_x2h_pos_nimin_syn_avg_avg": [0.197363270427044, 0.0315827052110623, 0.03610075639764467], "k2_x2h_pos_nimin_syn_avg_sem": [0.03963141035554974, 0.016567339747032294, 0.009138588408995235], "k2_x2h_pos_nimin_syn_sem_avg": [0.04242644978978988, 0.009003666870133455, 0.013024647079720189], "k2_x2h_pos_nimin_syn_sem_sem": [0.01097617523640673, 0.001759739747304163, 0.003279427081457569], "k2_x2h_pos_nimmi_syn_avg_avg": [0.257938094824274, 0.020999697831364007, 0.04714173411622656], "k2_x2h_pos_nimmi_syn_avg_sem": [0.05275103394137523, 0.004700774057270675, 0.012576889718881806], "k2_x2h_pos_nimmi_syn_sem_avg": [0.03971767832263208, 0.010577459380771875, 0.01417764421921475], "k2_x2h_pos_nimmi_syn_sem_sem": [0.010692800400323062, 0.0019731747271603908, 0.0031935616338811526]}