{"avg_reward": 0.17994921040793666, "accuracy": 0.5833333333333334, "k2_x2h_ray_imin_syn_avg": [0.2951202254030394, 0.03521639532708716, 0.0005145869751203277], "k2_x2h_ray_imin_syn_sem": [0.0399711684164021, 0.02038962490992419, 0.0003678931873655019], "k2_x2h_ray_immi_syn_avg": [0.3561136939867084, 0.050352823623423436, 0.0005145869751203186], "k2_x2h_ray_immi_syn_sem": [0.057890488170484596, 0.028922612153707682, 0.00036789318736551], "k2_x2h_pos_imin_syn_avg": [0.18651392686756763, 0.03521639532708716, 0.0005145869751203277], "k2_x2h_pos_imin_syn_sem": [0.05890856928834241, 0.02038962490992419, 0.0003678931873655019], "k2_x2h_pos_immi_syn_avg": [0.26070781857790415, 0.050352823623423436, 0.0005145869751203186], "k2_x2h_pos_immi_syn_sem": [0.07097840572127181, 0.028922612153707682, 0.00036789318736551], "k2_x2h_ray_mi_avg": [0.72100086973056, 0.6786594020594431, 0.010723531801269177], "k2_x2h_ray_mi_sem": [0.08648976793214325, 0.10013282019371765, 0.0018898193989736562], "k2_x2h_ray_nimin_syn_avg": [0.4075794209820683, 0.017765976145607303, 0.012584726841888674], "k2_x2h_ray_nimin_syn_sem": [0.007840491267033046, 0.010180887938379804, 0.008902329010338049], "k2_x2h_ray_nimmi_syn_avg": [0.4890101511197876, 0.025451631062946175, 0.012584726841885037], "k2_x2h_ray_nimmi_syn_sem": [0.02349893644250244, 0.014482404762833542, 0.008902329010338357], "k2_x2h_pos_mi_avg": [1.0406756034732352, 0.6786594020594431, 0.010723531801269177], "k2_x2h_pos_mi_sem": [0.07097840572127181, 0.10013282019371765, 0.0018898193989736562], "k2_x2h_pos_nimin_syn_avg": [0.1736196356604535, 0.017765976145607303, 0.012584726841888674], "k2_x2h_pos_nimin_syn_sem": [0.043736740379526316, 0.010180887938379804, 0.008902329010338049], "k2_x2h_pos_nimmi_syn_avg": [0.24389388936686485, 0.025451631062946175, 0.012584726841885037], "k2_x2h_pos_nimmi_syn_sem": [0.04857958658887734, 0.014482404762833542, 0.008902329010338357]}