{"avg_reward": 0.08871921996579821, "accuracy": 0.6666666666666666, "k2_x2h_ray_imin_syn_avg": [0.0541436756397875, 0.00012542304884060942, 0.04638245634074689], "k2_x2h_ray_imin_syn_sem": [0.0058800739322160235, 0.0001254230488406886, 0.010754277538410104], "k2_x2h_ray_immi_syn_avg": [0.05553345054797206, 0.00046000208041498467, 0.09298528045412956], "k2_x2h_ray_immi_syn_sem": [0.006541776778739352, 0.00046000208041498467, 0.022611539369252823], "k2_x2h_pos_imin_syn_avg": [0.053904275154535386, 0.00012542304884060942, 0.04638245634074689], "k2_x2h_pos_imin_syn_sem": [0.018675139364339188, 0.0001254230488406886, 0.010754277538410104], "k2_x2h_pos_immi_syn_avg": [0.06276016443089394, 0.00046000208041498467, 0.09298528045412956], "k2_x2h_pos_immi_syn_sem": [0.0183992428610372, 0.00046000208041498467, 0.022611539369252823], "k2_x2h_ray_mi_avg": [0.2749930402020548, 0.08930302714031914, 0.5382329977759913], "k2_x2h_ray_mi_sem": [0.009734556862533017, 0.025547563089485022, 0.04093234802436463], "k2_x2h_ray_nimin_syn_avg": [0.1981383368390728, 0.17878189566698982, 0.056453060281054165], "k2_x2h_ray_nimin_syn_sem": [0.026177991334805358, 0.02091554698624939, 0.011808827038012061], "k2_x2h_ray_nimmi_syn_avg": [0.2034174735022015, 0.001030889393530297, 0.10943203690862831], "k2_x2h_ray_nimmi_syn_sem": [0.029246576956476856, 0.0010308893935302974, 0.024409748200707], "k2_x2h_pos_mi_avg": [0.263205877064635, 0.08930302714031914, 0.5382329977759913], "k2_x2h_pos_mi_sem": [0.013921724340032913, 0.025547563089485022, 0.04093234802436463], "k2_x2h_pos_nimin_syn_avg": [0.20195868317075158, 0.17878189566698982, 0.056453060281054165], "k2_x2h_pos_nimin_syn_sem": [0.06250967550079635, 0.02091554698624939, 0.011808827038012061], "k2_x2h_pos_nimmi_syn_avg": [0.2366392425772148, 0.001030889393530297, 0.10943203690862831], "k2_x2h_pos_nimmi_syn_sem": [0.06264288224181254, 0.0010308893935302974, 0.024409748200707]}