{"avg_reward": 0.1950467078772457, "accuracy": 0.75, "k2_x2h_ray_imin_syn_avg": [0.0402076834887817, 0.0045568239863358435, 0.0015820421218523141], "k2_x2h_ray_imin_syn_sem": [0.020358674321572016, 0.003726748549757497, 0.0011732811689968538], "k2_x2h_ray_immi_syn_avg": [0.08311493503344991, 0.00891150361607384, 0.0015820421218523094], "k2_x2h_ray_immi_syn_sem": [0.01628670754174128, 0.00801931270149026, 0.001173281168996857], "k2_x2h_pos_imin_syn_avg": [0.15228369499610456, 0.0045568239863358435, 0.0015820421218523141], "k2_x2h_pos_imin_syn_sem": [0.08623947915206502, 0.003726748549757497, 0.0011732811689968538], "k2_x2h_pos_immi_syn_avg": [0.19346467743582632, 0.00891150361607384, 0.0015820421218523094], "k2_x2h_pos_immi_syn_sem": [0.09155186759749913, 0.00801931270149026, 0.001173281168996857], "k2_x2h_ray_mi_avg": [0.263576304960438, 0.21660500383312895, 0.20939437582130185], "k2_x2h_ray_mi_sem": [0.02236484936318079, 0.04202074033353444, 0.03866984683589044], "k2_x2h_ray_nimin_syn_avg": [0.1426960493130076, 0.005655001058588956, 0.003893615787580334], "k2_x2h_ray_nimin_syn_sem": [0.06058826045928467, 0.004137859453805311, 0.0032197883843025233], "k2_x2h_ray_nimmi_syn_avg": [0.3113224336766737, 0.010081414709596859, 0.0038936157875802888], "k2_x2h_ray_nimmi_syn_sem": [0.03942002442043652, 0.008307320870471176, 0.0032197883843025224], "k2_x2h_pos_mi_avg": [0.35757541680312527, 0.21660500383312895, 0.20939437582130185], "k2_x2h_pos_mi_sem": [0.09101074497052732, 0.04202074033353444, 0.03866984683589044], "k2_x2h_pos_nimin_syn_avg": [0.36721449420071467, 0.005655001058588956, 0.003893615787580334], "k2_x2h_pos_nimin_syn_sem": [0.12121537357073985, 0.004137859453805311, 0.0032197883843025233], "k2_x2h_pos_nimmi_syn_avg": [0.48689945724691364, 0.010081414709596859, 0.0038936157875802888], "k2_x2h_pos_nimmi_syn_sem": [0.10913723290811866, 0.008307320870471176, 0.0032197883843025224]}