{"avg_reward_avg": 0.02455994085763319, "avg_reward_sem": 0.006743846482649172, "accuracy_avg": 0.75, "accuracy_sem": 0.0, "k2_x2h_ray_imin_syn_avg_avg": [0.455730095960814, 0.10349289876865236, 0.07139394209736749], "k2_x2h_ray_imin_syn_avg_sem": [0.07448377702705268, 0.025113747936972592, 0.023801262175598047], "k2_x2h_ray_imin_syn_sem_avg": [0.05395373607644109, 0.025428301455344006, 0.011329984158138323], "k2_x2h_ray_imin_syn_sem_sem": [0.011938230567635568, 0.005358672507394635, 0.002613028668451255], "k2_x2h_ray_immi_syn_avg_avg": [0.5760811050185913, 0.16845521216080264, 0.09654476192548851], "k2_x2h_ray_immi_syn_avg_sem": [0.08978738512974885, 0.03743821108412873, 0.0299132944604452], "k2_x2h_ray_immi_syn_sem_avg": [0.0565254471767412, 0.038432436869663335, 0.014989365039154616], "k2_x2h_ray_immi_syn_sem_sem": [0.014426766752663068, 0.006270336863384258, 0.003092798611104313], "k2_x2h_pos_imin_syn_avg_avg": [0.4263385466255738, 0.10349289876865236, 0.07139394209736749], "k2_x2h_pos_imin_syn_avg_sem": [0.07123724562935585, 0.025113747936972592, 0.023801262175598047], "k2_x2h_pos_imin_syn_sem_avg": [0.06061432187997445, 0.025428301455344006, 0.011329984158138323], "k2_x2h_pos_imin_syn_sem_sem": [0.012481405977145818, 0.005358672507394635, 0.002613028668451255], "k2_x2h_pos_immi_syn_avg_avg": [0.5184948069425804, 0.16845521216080264, 0.09654476192548851], "k2_x2h_pos_immi_syn_avg_sem": [0.0830317807410392, 0.03743821108412873, 0.0299132944604452], "k2_x2h_pos_immi_syn_sem_avg": [0.07082786524130458, 0.038432436869663335, 0.014989365039154616], "k2_x2h_pos_immi_syn_sem_sem": [0.01532328047190885, 0.006270336863384258, 0.003092798611104313], "k2_x2h_ray_mi_avg_avg": [1.4868733131360543, 0.9861419809059117, 0.4776819218964864], "k2_x2h_ray_mi_avg_sem": [0.19595785358733508, 0.11665505518422695, 0.07160361694188024], "k2_x2h_ray_mi_sem_avg": [0.11389516028298514, 0.09036894296601457, 0.03703376148881197], "k2_x2h_ray_mi_sem_sem": [0.031259145400997446, 0.006248274472549859, 0.004674780895166666], "k2_x2h_ray_nimin_syn_avg_avg": [0.30203965260478316, 0.05667243092852663, 0.10651495051156169], "k2_x2h_ray_nimin_syn_avg_sem": [0.020024923900749836, 0.011847269091127152, 0.02542429451145266], "k2_x2h_ray_nimin_syn_sem_avg": [0.0354877311354962, 0.012964221780908572, 0.01572015639770352], "k2_x2h_ray_nimin_syn_sem_sem": [0.007747047843936477, 0.001914148816378896, 0.0012157306760064103], "k2_x2h_ray_nimmi_syn_avg_avg": [0.3823826363664582, 0.09851016524879898, 0.1471156669182602], "k2_x2h_ray_nimmi_syn_avg_sem": [0.020463802852827687, 0.020435732825879082, 0.03437359938783416], "k2_x2h_ray_nimmi_syn_sem_avg": [0.038786047582527905, 0.021453575082643256, 0.021067038330949184], "k2_x2h_ray_nimmi_syn_sem_sem": [0.008140109910561265, 0.0020204250342113366, 0.001324290711101423], "k2_x2h_pos_mi_avg_avg": [1.9024265281734265, 0.9861419809059117, 0.4776819218964864], "k2_x2h_pos_mi_avg_sem": [0.2084081811555292, 0.11665505518422695, 0.07160361694188024], "k2_x2h_pos_mi_sem_avg": [0.07083751654540596, 0.09036894296601457, 0.03703376148881197], "k2_x2h_pos_mi_sem_sem": [0.015318175358638289, 0.006248274472549859, 0.004674780895166666], "k2_x2h_pos_nimin_syn_avg_avg": [0.21959386206155243, 0.05667243092852663, 0.10651495051156169], "k2_x2h_pos_nimin_syn_avg_sem": [0.02926764382513928, 0.011847269091127152, 0.02542429451145266], "k2_x2h_pos_nimin_syn_sem_avg": [0.024211620355933654, 0.012964221780908572, 0.01572015639770352], "k2_x2h_pos_nimin_syn_sem_sem": [0.0038610840842192907, 0.001914148816378896, 0.0012157306760064103], "k2_x2h_pos_nimmi_syn_avg_avg": [0.2723473108799019, 0.09851016524879898, 0.1471156669182602], "k2_x2h_pos_nimmi_syn_avg_sem": [0.04185312652207908, 0.020435732825879082, 0.03437359938783416], "k2_x2h_pos_nimmi_syn_sem_avg": [0.02456110591302641, 0.021453575082643256, 0.021067038330949184], "k2_x2h_pos_nimmi_syn_sem_sem": [0.003590783450783708, 0.0020204250342113366, 0.001324290711101423]}