{"avg_reward": 0.01984777418825901, "accuracy": 0.75, "k2_x2h_ray_imin_syn_avg": [0.7617491728575289, 0.1667457163901009, 0.05693220549647446], "k2_x2h_ray_imin_syn_sem": [0.039386194814676104, 0.048115520008113304, 0.013098865721356916], "k2_x2h_ray_immi_syn_avg": [0.8858543681241292, 0.22520369457322187, 0.07402615224424984], "k2_x2h_ray_immi_syn_sem": [0.04353360252628786, 0.06386452595387923, 0.016963769479149696], "k2_x2h_pos_imin_syn_avg": [0.6407299625235553, 0.1667457163901009, 0.05693220549647446], "k2_x2h_pos_imin_syn_sem": [0.09612857545026271, 0.048115520008113304, 0.013098865721356916], "k2_x2h_pos_immi_syn_avg": [0.7585602436059483, 0.22520369457322187, 0.07402615224424984], "k2_x2h_pos_immi_syn_sem": [0.12927059434402435, 0.06386452595387923, 0.016963769479149696], "k2_x2h_ray_mi_avg": [2.0418686802074943, 1.2452772850829972, 0.3464826946795952], "k2_x2h_ray_mi_sem": [0.14919393177541243, 0.12046103125422133, 0.030033058718932665], "k2_x2h_ray_nimin_syn_avg": [0.37432965176138283, 0.07029759530837448, 0.10638431369173805], "k2_x2h_ray_nimin_syn_sem": [0.008753103988268295, 0.019553838613425693, 0.020494381495705698], "k2_x2h_ray_nimmi_syn_avg": [0.4358037431976742, 0.09530285893019223, 0.1374616987614292], "k2_x2h_ray_nimmi_syn_sem": [0.015776506635096648, 0.026335664404357074, 0.02630310720328654], "k2_x2h_pos_mi_avg": [2.4966959702806704, 1.2452772850829972, 0.3464826946795952], "k2_x2h_pos_mi_sem": [0.12927059434402435, 0.12046103125422133, 0.030033058718932665], "k2_x2h_pos_nimin_syn_avg": [0.2542147673114196, 0.07029759530837448, 0.10638431369173805], "k2_x2h_pos_nimin_syn_sem": [0.02483136439978909, 0.019553838613425693, 0.020494381495705698], "k2_x2h_pos_nimmi_syn_avg": [0.3002580346573111, 0.09530285893019223, 0.1374616987614292], "k2_x2h_pos_nimmi_syn_sem": [0.034452111531640406, 0.026335664404357074, 0.02630310720328654]}