{"avg_reward": 0.008955372413636442, "accuracy": 0.75, "k2_x2h_ray_imin_syn_avg": [0.5765499026330164, 0.1481267347126632, 0.06151880558389429], "k2_x2h_ray_imin_syn_sem": [0.06955927738976435, 0.02472277756687214, 0.006261271803893749], "k2_x2h_ray_immi_syn_avg": [0.7492934678112183, 0.2806125905051137, 0.09876734775654075], "k2_x2h_ray_immi_syn_sem": [0.08654085219788824, 0.0398001381155335, 0.009632355616341704], "k2_x2h_pos_imin_syn_avg": [0.3917912360515283, 0.1481267347126632, 0.06151880558389429], "k2_x2h_pos_imin_syn_sem": [0.043301024519384265, 0.02472277756687214, 0.006261271803893749], "k2_x2h_pos_immi_syn_avg": [0.45099618668774105, 0.2806125905051137, 0.09876734775654075], "k2_x2h_pos_immi_syn_sem": [0.04474302095396571, 0.0398001381155335, 0.009632355616341704], "k2_x2h_ray_mi_avg": [1.9385774694292468, 1.1882790414218496, 0.43927998075844465], "k2_x2h_ray_mi_sem": [0.06405821722055732, 0.07255233295449579, 0.023573372824411496], "k2_x2h_ray_nimin_syn_avg": [0.29567663013384743, 0.0976708329267261, 0.127303752030314], "k2_x2h_ray_nimin_syn_sem": [0.027299099775647453, 0.01433758088672905, 0.011257386165605164], "k2_x2h_ray_nimmi_syn_avg": [0.3846013626611855, 0.19961571513134413, 0.2142002870020208], "k2_x2h_ray_nimmi_syn_sem": [0.03436053262438704, 0.02494451941825921, 0.0208512947482222], "k2_x2h_pos_mi_avg": [2.0528079772565087, 1.1882790414218496, 0.43927998075844465], "k2_x2h_pos_mi_sem": [0.0447430209539657, 0.07255233295449579, 0.023573372824411496], "k2_x2h_pos_nimin_syn_avg": [0.19016697318842105, 0.0976708329267261, 0.127303752030314], "k2_x2h_pos_nimin_syn_sem": [0.01692953293177526, 0.01433758088672905, 0.011257386165605164], "k2_x2h_pos_nimmi_syn_avg": [0.21895544337429193, 0.19961571513134413, 0.2142002870020208], "k2_x2h_pos_nimmi_syn_sem": [0.01702016879498726, 0.02494451941825921, 0.0208512947482222]}