{"avg_reward_avg": 0.9779, "avg_reward_sem": 0.002121058435991073, "accuracy_avg": 0.8859999999999999, "accuracy_sem": 0.01077032961426901, "k2_xh2h_immi_syn_avg_avg": [0.20292479861488927], "k2_xh2h_immi_syn_avg_sem": [0.010802140202111912], "k2_xh2h_immi_syn_sem_avg": [0.028154841416155114], "k2_xh2h_immi_syn_sem_sem": [0.0017097948152607623], "k2_xh2h_mi_avg_avg": [0.7524265128334298], "k2_xh2h_mi_avg_sem": [0.019536302915928564], "k2_xh2h_mi_sem_avg": [0.0674091964233226], "k2_xh2h_mi_sem_sem": [0.0021432764923794362], "k2_xh2h_nimmi_syn_avg_avg": [0.2662635994295107], "k2_xh2h_nimmi_syn_avg_sem": [0.006248167076081905], "k2_xh2h_nimmi_syn_sem_avg": [0.021656797440191], "k2_xh2h_nimmi_syn_sem_sem": [0.00043038425702878516]}