{"avg_reward": 0.983, "accuracy": 0.92, "k2_xh2h_immi_syn_avg": [0.19944924041808684], "k2_xh2h_immi_syn_sem": [0.030839708445008916], "k2_xh2h_mi_avg": [0.740559716450517], "k2_xh2h_mi_sem": [0.07040067358408611], "k2_xh2h_nimmi_syn_avg": [0.2617602221533295], "k2_xh2h_nimmi_syn_sem": [0.023215886085035865]}