{"avg_reward": 0.972, "accuracy": 0.86, "k2_xh2h_immi_syn_avg": [0.18361564626391078], "k2_xh2h_immi_syn_sem": [0.022716316085132405], "k2_xh2h_mi_avg": [0.7532869300177288], "k2_xh2h_mi_sem": [0.07228897419546232], "k2_xh2h_nimmi_syn_avg": [0.26566499750103584], "k2_xh2h_nimmi_syn_sem": [0.02166748707994003]}