{"avg_reward": 0.965, "accuracy": 0.83, "k2_xh2h_immi_syn_avg": [0.17237404248055713], "k2_xh2h_immi_syn_sem": [0.02239044813713536], "k2_xh2h_mi_avg": [0.7149350218188131], "k2_xh2h_mi_sem": [0.056103130170054326], "k2_xh2h_nimmi_syn_avg": [0.2602903631444556], "k2_xh2h_nimmi_syn_sem": [0.020972988122689475]}