{"avg_reward": 0.989, "accuracy": 0.95, "k2_xh2h_immi_syn_avg": [0.2752362233863979], "k2_xh2h_immi_syn_sem": [0.037401808614287435], "k2_xh2h_mi_avg": [0.8632455451744909], "k2_xh2h_mi_sem": [0.07290822255610582], "k2_xh2h_nimmi_syn_avg": [0.2955765684155134], "k2_xh2h_nimmi_syn_sem": [0.023398612842744155]}