{"avg_reward": 0.978, "accuracy": 0.88, "k2_xh2h_immi_syn_avg": [0.22748902340237717], "k2_xh2h_immi_syn_sem": [0.026724173122561392], "k2_xh2h_mi_avg": [0.835312989804916], "k2_xh2h_mi_sem": [0.06738384688145622], "k2_xh2h_nimmi_syn_avg": [0.27223791444643275], "k2_xh2h_nimmi_syn_sem": [0.019747525599175714]}