{"avg_reward": 0.975, "accuracy": 0.87, "k2_xh2h_immi_syn_avg": [0.24173320047157576], "k2_xh2h_immi_syn_sem": [0.03506467239617774], "k2_xh2h_mi_avg": [0.776323980720999], "k2_xh2h_mi_sem": [0.0763512508907207], "k2_xh2h_nimmi_syn_avg": [0.29895914210119834], "k2_xh2h_nimmi_syn_sem": [0.021866249868573277]}