{"avg_reward": 0.974, "accuracy": 0.86, "k2_xh2h_immi_syn_avg": [0.1876124537894892], "k2_xh2h_immi_syn_sem": [0.028326300154132147], "k2_xh2h_mi_avg": [0.7439274063674769], "k2_xh2h_mi_sem": [0.06340227106456672], "k2_xh2h_nimmi_syn_avg": [0.23591576722502686], "k2_xh2h_nimmi_syn_sem": [0.020058196482554025]}