{"avg_reward": 0.981, "accuracy": 0.9, "k2_xh2h_immi_syn_avg": [0.17202598286255055], "k2_xh2h_immi_syn_sem": [0.020862717718924503], "k2_xh2h_mi_avg": [0.6497588036769951], "k2_xh2h_mi_sem": [0.057050033671068104], "k2_xh2h_nimmi_syn_avg": [0.26219639238284453], "k2_xh2h_nimmi_syn_sem": [0.020290449224343483]}