{"avg_reward": 0.982, "accuracy": 0.89, "k2_xh2h_immi_syn_avg": [0.18605871234147459], "k2_xh2h_immi_syn_sem": [0.030055381553582446], "k2_xh2h_mi_avg": [0.7433248995970975], "k2_xh2h_mi_sem": [0.07170381009633975], "k2_xh2h_nimmi_syn_avg": [0.24271258083615785], "k2_xh2h_nimmi_syn_sem": [0.022149888305447087]}