{"avg_reward": 0.98, "accuracy": 0.9, "k2_xh2h_immi_syn_avg": [0.18365346073247263], "k2_xh2h_immi_syn_sem": [0.02716688793460882], "k2_xh2h_mi_avg": [0.7035898347052629], "k2_xh2h_mi_sem": [0.06649975112336605], "k2_xh2h_nimmi_syn_avg": [0.2673220460891127], "k2_xh2h_nimmi_syn_sem": [0.02320069079140688]}