{"avg_reward_avg": 1.0, "avg_reward_sem": 0.0, "accuracy_avg": 1.0, "accuracy_sem": 0.0, "k2_x2h_imin_syn_avg_avg": [0.75, 0.0066666666666666706, 0.0], "k2_x2h_imin_syn_avg_sem": [0.08333333333333333, 0.0034940670859468902, 0.0], "k2_x2h_imin_syn_sem_avg": [NaN, 0.003438955229468054, 0.0], "k2_x2h_imin_syn_sem_sem": [NaN, 0.0017906612976983196, 0.0], "k2_x2h_mi_avg_avg": [1.75, 0.9546733472005876, 0.9955555555555555], "k2_x2h_mi_avg_sem": [0.08333333333333333, 0.04348110741666887, 0.002962962962962967], "k2_x2h_mi_sem_avg": [NaN, 0.04344911702662148, 0.0044444444444444444], "k2_x2h_mi_sem_sem": [NaN, 0.007254840507054777, 0.0029629629629629624], "k2_x2h_immi_syn_avg_avg": [0.75, 0.012222222222222223, 0.0], "k2_x2h_immi_syn_avg_sem": [0.08333333333333333, 0.0062962962962962955, 0.0], "k2_x2h_immi_syn_sem_avg": [NaN, 0.006170508245674432, 0.0], "k2_x2h_immi_syn_sem_sem": [NaN, 0.0031501285460254166, 0.0], "k2_x2h_nimin_syn_avg_avg": [0.4166666666666667, 0.004444444444444457, 0.0], "k2_x2h_nimin_syn_avg_sem": [0.02777777777777778, 0.002329378057297928, 0.0], "k2_x2h_nimin_syn_sem_avg": [NaN, 0.002292636819645372, 0.0], "k2_x2h_nimin_syn_sem_sem": [NaN, 0.0011937741984655455, 0.0], "k2_x2h_nimmi_syn_avg_avg": [0.4166666666666667, 0.008148148148148147, 0.0], "k2_x2h_nimmi_syn_avg_sem": [0.02777777777777778, 0.00419753086419753, 0.0], "k2_x2h_nimmi_syn_sem_avg": [NaN, 0.004113672163782956, 0.0], "k2_x2h_nimmi_syn_sem_sem": [NaN, 0.002100085697350278, 0.0], "k2_x2h_imin_red_avg_avg": [0.75, 0.45312113191199244, 0.8244444444444443], "k2_x2h_imin_red_avg_sem": [0.08333333333333333, 0.06824495217509542, 0.04437649126148195], "k2_x2h_imin_red_sem_avg": [NaN, 0.06441119692220851, 0.04476935871242327], "k2_x2h_imin_red_sem_sem": [NaN, 0.004304018641463524, 0.0099014518601843], "k2_x2h_immi_red_avg_avg": [0.75, 0.45867668746754797, 0.8244444444444443], "k2_x2h_immi_red_avg_sem": [0.08333333333333333, 0.06713609609533064, 0.04437649126148195], "k2_x2h_immi_red_sem_avg": [NaN, 0.0652219213722651, 0.04476935871242327], "k2_x2h_immi_red_sem_sem": [NaN, 0.004279201710479033, 0.0099014518601843], "k2_x2h_nimin_red_avg_avg": [0.4166666666666667, 0.4286421573801638, 0.8244444444444443], "k2_x2h_nimin_red_avg_sem": [0.02777777777777778, 0.07078139377688178, 0.04437649126148195], "k2_x2h_nimin_red_sem_avg": [NaN, 0.06044362355262554, 0.04476935871242327], "k2_x2h_nimin_red_sem_sem": [NaN, 0.004293591535035484, 0.0099014518601843], "k2_x2h_nimmi_red_avg_avg": [0.4166666666666667, 0.4323458610838674, 0.8244444444444443], "k2_x2h_nimmi_red_avg_sem": [0.02777777777777778, 0.06975983523878897, 0.04437649126148195], "k2_x2h_nimmi_red_sem_avg": [NaN, 0.06082187981697751, 0.04476935871242327], "k2_x2h_nimmi_red_sem_sem": [NaN, 0.004220526875942085, 0.0099014518601843], "x2h_imin_syn_avg": [0.75, 0.0, 0.0], "x2h_imin_syn_sem": [0.08333333333333333, 0.0, 0.0], "x2h_mi_avg": [1.75, 1.15, 1.0], "x2h_mi_sem": [0.08333333333333333, 0.07637626158259733, 0.0], "x2h_immi_syn_avg": [0.75, 0.0, 0.0], "x2h_immi_syn_sem": [0.08333333333333333, 0.0, 0.0], "x2h_nimin_syn_avg": [0.4166666666666667, 0.0, 0.0], "x2h_nimin_syn_sem": [0.02777777777777778, 0.0, 0.0], "x2h_nimmi_syn_avg": [0.4166666666666667, 0.0, 0.0], "x2h_nimmi_syn_sem": [0.02777777777777778, 0.0, 0.0], "x2h_imin_red_avg": [0.75, 0.05, 0.3], "x2h_imin_red_sem": [0.08333333333333333, 0.049999999999999996, 0.15275252316519466], "x2h_immi_red_avg": [0.75, 0.05, 0.3], "x2h_immi_red_sem": [0.08333333333333333, 0.049999999999999996, 0.15275252316519466], "x2h_nimin_red_avg": [0.4166666666666667, 0.05, 0.3], "x2h_nimin_red_sem": [0.02777777777777778, 0.049999999999999996, 0.15275252316519466], "x2h_nimmi_red_avg": [0.4166666666666667, 0.05, 0.3], "x2h_nimmi_red_sem": [0.02777777777777778, 0.049999999999999996, 0.15275252316519466]}