{"avg_reward_avg": 0.08471033899910137, "avg_reward_sem": 0.026406885941555342, "accuracy_avg": 0.45, "accuracy_sem": 0.06236095644623236, "k2_x2h_ray_imin_syn_avg_avg": [0.08459210164011974, 0.01379965013490079, 0.002670259734570491], "k2_x2h_ray_imin_syn_avg_sem": [0.03367961085015092, 0.009529737871087655, 0.0018439439338428705], "k2_x2h_ray_imin_syn_sem_avg": [0.02051895097330613, 0.002595003785023296, 0.0007944491994820877], "k2_x2h_ray_imin_syn_sem_sem": [0.006199770118507785, 0.0017035377550233084, 0.0005337665948893915], "k2_x2h_ray_immi_syn_avg_avg": [0.09492559369183222, 0.025262103649516178, 0.003158025695263566], "k2_x2h_ray_immi_syn_avg_sem": [0.03938781339244664, 0.016858902283531593, 0.002230906152471143], "k2_x2h_ray_immi_syn_sem_avg": [0.020466856176679517, 0.004964719907843798, 0.0008553109962831389], "k2_x2h_ray_immi_syn_sem_sem": [0.006216591142173345, 0.0032737745332917264, 0.0005764108993400903], "k2_x2h_pos_imin_syn_avg_avg": [0.04803358194653701, 0.01379965013490079, 0.002670259734570491], "k2_x2h_pos_imin_syn_avg_sem": [0.023501466568138087, 0.009529737871087655, 0.0018439439338428705], "k2_x2h_pos_imin_syn_sem_avg": [0.015075774131561059, 0.002595003785023296, 0.0007944491994820877], "k2_x2h_pos_imin_syn_sem_sem": [0.008890244876183109, 0.0017035377550233084, 0.0005337665948893915], "k2_x2h_pos_immi_syn_avg_avg": [0.07869255285639375, 0.025262103649516178, 0.003158025695263566], "k2_x2h_pos_immi_syn_avg_sem": [0.03702729449699413, 0.016858902283531593, 0.002230906152471143], "k2_x2h_pos_immi_syn_sem_avg": [0.013815464583279763, 0.004964719907843798, 0.0008553109962831389], "k2_x2h_pos_immi_syn_sem_sem": [0.009472749449841803, 0.0032737745332917264, 0.0005764108993400903], "k2_x2h_ray_mi_avg_avg": [0.30123144339793084, 0.24076904091590617, 0.11222507425878867], "k2_x2h_ray_mi_avg_sem": [0.11781082753097925, 0.147769589699155, 0.07546480800779394], "k2_x2h_ray_mi_sem_avg": [0.043425655666576295, 0.01854659188350647, 0.008692042862621874], "k2_x2h_ray_mi_sem_sem": [0.014464837683083327, 0.009437784317624005, 0.005810756124514365], "k2_x2h_ray_nimin_syn_avg_avg": [0.1633787574020518, 0.009707398247623483, 0.004322116982692546], "k2_x2h_ray_nimin_syn_avg_sem": [0.044909870057402775, 0.006611644918678255, 0.002887490469168277], "k2_x2h_ray_nimin_syn_sem_avg": [0.04226341638604787, 0.0018457560863782579, 0.001455627815463683], "k2_x2h_ray_nimin_syn_sem_sem": [0.014898936293023024, 0.0011472108295965994, 0.0010158151787452775], "k2_x2h_ray_nimmi_syn_avg_avg": [0.17695609308590038, 0.017419205590546046, 0.004957277390939853], "k2_x2h_ray_nimmi_syn_avg_sem": [0.04935688570224062, 0.011561113069154439, 0.0033068423868251786], "k2_x2h_ray_nimmi_syn_sem_avg": [0.04583057086712805, 0.0033032312009623533, 0.0015289857193560375], "k2_x2h_ray_nimmi_syn_sem_sem": [0.015002710504373356, 0.002112136693213875, 0.0010563308069388567], "k2_x2h_pos_mi_avg_avg": [0.2670170622943997, 0.24076904091590617, 0.11222507425878867], "k2_x2h_pos_mi_avg_sem": [0.10332868103597016, 0.147769589699155, 0.07546480800779394], "k2_x2h_pos_mi_sem_avg": [0.047118666022888764, 0.01854659188350647, 0.008692042862621874], "k2_x2h_pos_mi_sem_sem": [0.01604931702757586, 0.009437784317624005, 0.005810756124514365], "k2_x2h_pos_nimin_syn_avg_avg": [0.07205498262964714, 0.009707398247623483, 0.004322116982692546], "k2_x2h_pos_nimin_syn_avg_sem": [0.030728025936086686, 0.006611644918678255, 0.002887490469168277], "k2_x2h_pos_nimin_syn_sem_avg": [0.018085225574668483, 0.0018457560863782579, 0.001455627815463683], "k2_x2h_pos_nimin_syn_sem_sem": [0.010775340774326191, 0.0011472108295965994, 0.0010158151787452775], "k2_x2h_pos_nimmi_syn_avg_avg": [0.12292163631902878, 0.017419205590546046, 0.004957277390939853], "k2_x2h_pos_nimmi_syn_avg_sem": [0.0534203200687469, 0.011561113069154439, 0.0033068423868251786], "k2_x2h_pos_nimmi_syn_sem_avg": [0.02522676739581841, 0.0033032312009623533, 0.0015289857193560375], "k2_x2h_pos_nimmi_syn_sem_sem": [0.011111300279106255, 0.002112136693213875, 0.0010563308069388567]}