{"avg_reward": 1.0, "accuracy": 1.0, "k2_x2h_imin_syn_avg": [1.0, 0.08155388892094032, 0.007552222286325014], "k2_x2h_imin_syn_sem": [NaN, 0.018366147923903287, 0.0036451076489470964], "k2_x2h_mi_avg": [2.0, 1.000818680303151, 0.8637259721501067], "k2_x2h_mi_sem": [NaN, 0.0605025448658194, 0.03899203137382571], "k2_x2h_immi_syn_avg": [1.0, 0.1723308333814104, 0.016775277825854848], "k2_x2h_immi_syn_sem": [NaN, 0.03931833985782405, 0.008096649065396], "k2_x2h_nimin_syn_avg": [0.5, 0.0543692592806269, 0.015104444572650045], "k2_x2h_nimin_syn_sem": [NaN, 0.01224409861593552, 0.007290215297894193], "k2_x2h_nimmi_syn_avg": [0.5, 0.11488722225427359, 0.033550555651709696], "k2_x2h_nimmi_syn_sem": [NaN, 0.0262122265718827, 0.016193298130792], "k2_x2h_imin_red_avg": [1.0, 0.29201333307692223, 0.45510437459535125], "k2_x2h_imin_red_sem": [NaN, 0.050005851189396044, 0.04412775695834555], "k2_x2h_immi_red_avg": [1.0, 0.38279027753739236, 0.46432743013488115], "k2_x2h_immi_red_sem": [NaN, 0.06183092806947546, 0.04316572579958026], "k2_x2h_nimin_red_avg": [0.5, 0.2633026850623215, 0.5653800690798599], "k2_x2h_nimin_red_sem": [NaN, 0.05311796806490787, 0.04886033620643085], "k2_x2h_nimmi_red_avg": [0.5, 0.3238206480359684, 0.5838261801589197], "k2_x2h_nimmi_red_sem": [NaN, 0.05674950324587465, 0.04837913980242974], "k2_x2h_tuples_syn": [{"imin_syn_0_1": 1.0, "mi_0_1": 2.0, "immi_syn_0_1": 1.0, "nimin_syn_0_1": 0.5, "nimmi_syn_0_1": 0.5}, {"imin_syn_0_1": 1.1102230246251565e-16, "mi_0_1": 0.8112781244591329, "immi_syn_0_1": 0.0, "nimin_syn_0_1": 1.3684863318178654e-16, "nimmi_syn_0_1": 0.0, "imin_syn_0_2": 0.25, "mi_0_2": 1.5, "immi_syn_0_2": 0.5, "nimin_syn_0_2": 0.16666666666666666, "nimmi_syn_0_2": 0.3333333333333333, "imin_syn_0_3": 0.29248125036057804, "mi_0_3": 1.5, "immi_syn_0_3": 0.6887218755408671, "nimin_syn_0_3": 0.19498750024038536, "nimmi_syn_0_3": 0.4591479170272447, "imin_syn_0_4": 0.29248125036057804, "mi_0_4": 1.5, "immi_syn_0_4": 0.6887218755408671, "nimin_syn_0_4": 0.19498750024038536, "nimmi_syn_0_4": 0.4591479170272447, "imin_syn_0_5": 0.29248125036057804, "mi_0_5": 1.5, "immi_syn_0_5": 0.6887218755408671, "nimin_syn_0_5": 0.19498750024038536, "nimmi_syn_0_5": 0.4591479170272447, "imin_syn_0_6": 1.1102230246251565e-16, "mi_0_6": 0.8112781244591329, "immi_syn_0_6": 0.0, "nimin_syn_0_6": 1.3684863318178654e-16, "nimmi_syn_0_6": 0.0, "imin_syn_0_7": 0.29248125036057804, "mi_0_7": 1.5, "immi_syn_0_7": 0.6887218755408671, "nimin_syn_0_7": 0.19498750024038536, "nimmi_syn_0_7": 0.4591479170272447, "imin_syn_0_8": 0.25, "mi_0_8": 1.5, "immi_syn_0_8": 0.5, "nimin_syn_0_8": 0.16666666666666666, "nimmi_syn_0_8": 0.3333333333333333, "imin_syn_0_9": 1.1102230246251565e-16, "mi_0_9": 0.8112781244591329, "immi_syn_0_9": 0.0, "nimin_syn_0_9": 1.3684863318178654e-16, "nimmi_syn_0_9": 0.0, "imin_syn_1_2": 0.0, "mi_1_2": 1.0, "immi_syn_1_2": 0.0, "nimin_syn_1_2": 0.0, "nimmi_syn_1_2": 0.0, "imin_syn_1_3": 1.1102230246251565e-16, "mi_1_3": 0.8112781244591329, "immi_syn_1_3": 0.0, "nimin_syn_1_3": 1.3684863318178654e-16, "nimmi_syn_1_3": 0.0, "imin_syn_1_4": 1.1102230246251565e-16, "mi_1_4": 0.8112781244591329, "immi_syn_1_4": 0.0, "nimin_syn_1_4": 1.3684863318178654e-16, "nimmi_syn_1_4": 0.0, "imin_syn_1_5": 1.1102230246251565e-16, "mi_1_5": 0.8112781244591329, "immi_syn_1_5": 0.0, "nimin_syn_1_5": 1.3684863318178654e-16, "nimmi_syn_1_5": 0.0, "imin_syn_1_6": 0.0, "mi_1_6": 0.0, "immi_syn_1_6": 0.0, "nimin_syn_1_6": 0, "nimmi_syn_1_6": 0, "imin_syn_1_7": 1.1102230246251565e-16, "mi_1_7": 0.8112781244591329, "immi_syn_1_7": 0.0, "nimin_syn_1_7": 1.3684863318178654e-16, "nimmi_syn_1_7": 0.0, "imin_syn_1_8": 0.0, "mi_1_8": 1.0, "immi_syn_1_8": 0.0, "nimin_syn_1_8": 0.0, "nimmi_syn_1_8": 0.0, "imin_syn_1_9": 0.0, "mi_1_9": 0.0, "immi_syn_1_9": 0.0, "nimin_syn_1_9": 0, "nimmi_syn_1_9": 0, "imin_syn_2_3": 0.25, "mi_2_3": 1.5, "immi_syn_2_3": 0.5, "nimin_syn_2_3": 0.16666666666666666, "nimmi_syn_2_3": 0.3333333333333333, "imin_syn_2_4": 0.25, "mi_2_4": 1.5, "immi_syn_2_4": 0.5, "nimin_syn_2_4": 0.16666666666666666, "nimmi_syn_2_4": 0.3333333333333333, "imin_syn_2_5": 0.25, "mi_2_5": 1.5, "immi_syn_2_5": 0.5, "nimin_syn_2_5": 0.16666666666666666, "nimmi_syn_2_5": 0.3333333333333333, "imin_syn_2_6": 0.0, "mi_2_6": 1.0, "immi_syn_2_6": 0.0, "nimin_syn_2_6": 0.0, "nimmi_syn_2_6": 0.0, "imin_syn_2_7": 0.25, "mi_2_7": 1.5, "immi_syn_2_7": 0.5, "nimin_syn_2_7": 0.16666666666666666, "nimmi_syn_2_7": 0.3333333333333333, "imin_syn_2_8": 0.0, "mi_2_8": 1.0, "immi_syn_2_8": 0.0, "nimin_syn_2_8": 0.0, "nimmi_syn_2_8": 0.0, "imin_syn_2_9": 0.0, "mi_2_9": 1.0, "immi_syn_2_9": 0.0, "nimin_syn_2_9": 0.0, "nimmi_syn_2_9": 0.0, "imin_syn_3_4": 1.1102230246251565e-16, "mi_3_4": 0.8112781244591329, "immi_syn_3_4": 0.0, "nimin_syn_3_4": 1.3684863318178654e-16, "nimmi_syn_3_4": 0.0, "imin_syn_3_5": 1.1102230246251565e-16, "mi_3_5": 0.8112781244591329, "immi_syn_3_5": 0.0, "nimin_syn_3_5": 1.3684863318178654e-16, "nimmi_syn_3_5": 0.0, "imin_syn_3_6": 1.1102230246251565e-16, "mi_3_6": 0.8112781244591329, "immi_syn_3_6": 0.0, "nimin_syn_3_6": 1.3684863318178654e-16, "nimmi_syn_3_6": 0.0, "imin_syn_3_7": 1.1102230246251565e-16, "mi_3_7": 0.8112781244591329, "immi_syn_3_7": 0.0, "nimin_syn_3_7": 1.3684863318178654e-16, "nimmi_syn_3_7": 0.0, "imin_syn_3_8": 0.25, "mi_3_8": 1.5, "immi_syn_3_8": 0.5, "nimin_syn_3_8": 0.16666666666666666, "nimmi_syn_3_8": 0.3333333333333333, "imin_syn_3_9": 1.1102230246251565e-16, "mi_3_9": 0.8112781244591329, "immi_syn_3_9": 0.0, "nimin_syn_3_9": 1.3684863318178654e-16, "nimmi_syn_3_9": 0.0, "imin_syn_4_5": 1.1102230246251565e-16, "mi_4_5": 0.8112781244591329, "immi_syn_4_5": 0.0, "nimin_syn_4_5": 1.3684863318178654e-16, "nimmi_syn_4_5": 0.0, "imin_syn_4_6": 1.1102230246251565e-16, "mi_4_6": 0.8112781244591329, "immi_syn_4_6": 0.0, "nimin_syn_4_6": 1.3684863318178654e-16, "nimmi_syn_4_6": 0.0, "imin_syn_4_7": 1.1102230246251565e-16, "mi_4_7": 0.8112781244591329, "immi_syn_4_7": 0.0, "nimin_syn_4_7": 1.3684863318178654e-16, "nimmi_syn_4_7": 0.0, "imin_syn_4_8": 0.25, "mi_4_8": 1.5, "immi_syn_4_8": 0.5, "nimin_syn_4_8": 0.16666666666666666, "nimmi_syn_4_8": 0.3333333333333333, "imin_syn_4_9": 1.1102230246251565e-16, "mi_4_9": 0.8112781244591329, "immi_syn_4_9": 0.0, "nimin_syn_4_9": 1.3684863318178654e-16, "nimmi_syn_4_9": 0.0, "imin_syn_5_6": 1.1102230246251565e-16, "mi_5_6": 0.8112781244591329, "immi_syn_5_6": 0.0, "nimin_syn_5_6": 1.3684863318178654e-16, "nimmi_syn_5_6": 0.0, "imin_syn_5_7": 1.1102230246251565e-16, "mi_5_7": 0.8112781244591329, "immi_syn_5_7": 0.0, "nimin_syn_5_7": 1.3684863318178654e-16, "nimmi_syn_5_7": 0.0, "imin_syn_5_8": 0.25, "mi_5_8": 1.5, "immi_syn_5_8": 0.5, "nimin_syn_5_8": 0.16666666666666666, "nimmi_syn_5_8": 0.3333333333333333, "imin_syn_5_9": 1.1102230246251565e-16, "mi_5_9": 0.8112781244591329, "immi_syn_5_9": 0.0, "nimin_syn_5_9": 1.3684863318178654e-16, "nimmi_syn_5_9": 0.0, "imin_syn_6_7": 1.1102230246251565e-16, "mi_6_7": 0.8112781244591329, "immi_syn_6_7": 0.0, "nimin_syn_6_7": 1.3684863318178654e-16, "nimmi_syn_6_7": 0.0, "imin_syn_6_8": 0.0, "mi_6_8": 1.0, "immi_syn_6_8": 0.0, "nimin_syn_6_8": 0.0, "nimmi_syn_6_8": 0.0, "imin_syn_6_9": 0.0, "mi_6_9": 0.0, "immi_syn_6_9": 0.0, "nimin_syn_6_9": 0, "nimmi_syn_6_9": 0, "imin_syn_7_8": 0.25, "mi_7_8": 1.5, "immi_syn_7_8": 0.5, "nimin_syn_7_8": 0.16666666666666666, "nimmi_syn_7_8": 0.3333333333333333, "imin_syn_7_9": 1.1102230246251565e-16, "mi_7_9": 0.8112781244591329, "immi_syn_7_9": 0.0, "nimin_syn_7_9": 1.3684863318178654e-16, "nimmi_syn_7_9": 0.0, "imin_syn_8_9": 0.0, "mi_8_9": 1.0, "immi_syn_8_9": 0.0, "nimin_syn_8_9": 0.0, "nimmi_syn_8_9": 0.0}, {"imin_syn_0_1": 0.0, "mi_0_1": 1.0, "immi_syn_0_1": 0.0, "nimin_syn_0_1": 0.0, "nimmi_syn_0_1": 0.0, "imin_syn_0_2": 0.0, "mi_0_2": 1.0, "immi_syn_0_2": 0.0, "nimin_syn_0_2": 0.0, "nimmi_syn_0_2": 0.0, "imin_syn_0_3": 0.0, "mi_0_3": 1.0, "immi_syn_0_3": 0.0, "nimin_syn_0_3": 0.0, "nimmi_syn_0_3": 0.0, "imin_syn_0_4": 0.0,