{"avg_reward_avg": 0.0708, "avg_reward_sem": 0.03304199348304114, "accuracy_avg": 0.069, "accuracy_sem": 0.008359957469322967, "k2_xh2h_immi_syn_avg_avg": [0.20733818971497525], "k2_xh2h_immi_syn_avg_sem": [0.007078090445189706], "k2_xh2h_immi_syn_sem_avg": [0.013548296454852329], "k2_xh2h_immi_syn_sem_sem": [0.0007563870118754238], "k2_xh2h_mi_avg_avg": [0.5766632337115951], "k2_xh2h_mi_avg_sem": [0.02215944025393135], "k2_xh2h_mi_sem_avg": [0.03289495488263354], "k2_xh2h_mi_sem_sem": [0.0019259160063147829], "k2_xh2h_nimmi_syn_avg_avg": [0.36551120510969726], "k2_xh2h_nimmi_syn_avg_sem": [0.003902560481703838], "k2_xh2h_nimmi_syn_sem_avg": [0.013822398560664518], "k2_xh2h_nimmi_syn_sem_sem": [0.0004213912552836465]}