{"avg_reward": 0.018, "accuracy": 0.09, "k2_xh2h_immi_syn_avg": [0.22469154731209912], "k2_xh2h_immi_syn_sem": [0.01615090941626009], "k2_xh2h_mi_avg": [0.5942946900557712], "k2_xh2h_mi_sem": [0.03125804931430211], "k2_xh2h_nimmi_syn_avg": [0.37679539114581007], "k2_xh2h_nimmi_syn_sem": [0.013161286918508559]}