{"avg_reward": 0.034, "accuracy": 0.09, "k2_xh2h_immi_syn_avg": [0.19046173505725336], "k2_xh2h_immi_syn_sem": [0.01028295034548746], "k2_xh2h_mi_avg": [0.5408650991116305], "k2_xh2h_mi_sem": [0.03154513642465583], "k2_xh2h_nimmi_syn_avg": [0.36892489276897733], "k2_xh2h_nimmi_syn_sem": [0.014666761931209624]}