{"avg_reward": 0.02, "accuracy": 0.11, "k2_xh2h_immi_syn_avg": [0.20247168876699792], "k2_xh2h_immi_syn_sem": [0.016999475569650604], "k2_xh2h_mi_avg": [0.5359304512846805], "k2_xh2h_mi_sem": [0.03555261676926974], "k2_xh2h_nimmi_syn_avg": [0.37331399461325493], "k2_xh2h_nimmi_syn_sem": [0.012191188991565911]}