{"avg_reward": 0.018, "accuracy": 0.07, "k2_xh2h_immi_syn_avg": [0.17427999703649336], "k2_xh2h_immi_syn_sem": [0.01310418533673968], "k2_xh2h_mi_avg": [0.5045569034824162], "k2_xh2h_mi_sem": [0.02635673183737177], "k2_xh2h_nimmi_syn_avg": [0.341969662030499], "k2_xh2h_nimmi_syn_sem": [0.015495434486040799]}