{"avg_reward": 0.009, "accuracy": 0.08, "k2_xh2h_immi_syn_avg": [0.21498193645676303], "k2_xh2h_immi_syn_sem": [0.014652077837450015], "k2_xh2h_mi_avg": [0.6196989789117328], "k2_xh2h_mi_sem": [0.0357070481853287], "k2_xh2h_nimmi_syn_avg": [0.35436624739449163], "k2_xh2h_nimmi_syn_sem": [0.01526974845838194]}