{"avg_reward": 0.013, "accuracy": 0.05, "k2_xh2h_immi_syn_avg": [0.20917526669624198], "k2_xh2h_immi_syn_sem": [0.01166435339503578], "k2_xh2h_mi_avg": [0.567423877534665], "k2_xh2h_mi_sem": [0.029344543459807092], "k2_xh2h_nimmi_syn_avg": [0.37481994098603116], "k2_xh2h_nimmi_syn_sem": [0.01313380488754628]}