{"avg_reward_avg": 1.0, "avg_reward_sem": 0.0, "accuracy_avg": 1.0, "accuracy_sem": 0.0, "k2_x2h_imin_syn_avg_avg": [1.0, 0.10432748039258646, 0.08567156593142759], "k2_x2h_imin_syn_avg_sem": [0.0, 0.00855733952187742, 0.02844239097099581], "k2_x2h_imin_syn_sem_avg": [NaN, 0.010942550821269027, 0.011265077101874245], "k2_x2h_imin_syn_sem_sem": [NaN, 0.0008314540952026315, 0.002607209313100248], "k2_x2h_mi_avg_avg": [2.0, 0.9108468171538135, 0.8437981709865889], "k2_x2h_mi_avg_sem": [0.0, 0.061398960404090784, 0.04930915694969522], "k2_x2h_mi_sem_avg": [NaN, 0.03003770599814302, 0.014613047512950028], "k2_x2h_mi_sem_sem": [NaN, 0.0013597687795043284, 0.0023553025334662517], "k2_x2h_immi_syn_avg_avg": [1.0, 0.21294264161418322, 0.09446380769246623], "k2_x2h_immi_syn_avg_sem": [0.0, 0.019136561599934678, 0.030128315078598346], "k2_x2h_immi_syn_sem_avg": [NaN, 0.02142258977075406, 0.011354459058942576], "k2_x2h_immi_syn_sem_sem": [NaN, 0.0009519079340134303, 0.0025561643701522644], "k2_x2h_nimin_syn_avg_avg": [0.5, 0.08005119694476472, 0.10250576832278042], "k2_x2h_nimin_syn_avg_sem": [0.0, 0.012680371255723943, 0.034626568806949705], "k2_x2h_nimin_syn_sem_avg": [NaN, 0.008121183845735331, 0.01145675806371076], "k2_x2h_nimin_syn_sem_sem": [NaN, 0.001164580110836458, 0.002583273682141148], "k2_x2h_nimmi_syn_avg_avg": [0.5, 0.15610198424406466, 0.12009025184485767], "k2_x2h_nimmi_syn_avg_sem": [0.0, 0.01474062834066172, 0.03836966638356625], "k2_x2h_nimmi_syn_sem_avg": [NaN, 0.015172354071553484, 0.01215201728580299], "k2_x2h_nimmi_syn_sem_sem": [NaN, 0.0005915027094166807, 0.0026002389200259737], "k2_x2h_imin_red_avg_avg": [1.0, 0.23814222503564553, 0.4944748319364236], "k2_x2h_imin_red_avg_sem": [0.0, 0.021505281079317345, 0.08423571016324283], "k2_x2h_imin_red_sem_avg": [NaN, 0.01961640679055147, 0.016750347260651152], "k2_x2h_imin_red_sem_sem": [NaN, 0.001213581806907076, 0.0026757269588791556], "k2_x2h_immi_red_avg_avg": [1.0, 0.3467573862572424, 0.5032670736974624], "k2_x2h_immi_red_avg_sem": [0.0, 0.03610565181542967, 0.08216479647049121], "k2_x2h_immi_red_sem_avg": [NaN, 0.02635941364964034, 0.016603485162833755], "k2_x2h_immi_red_sem_sem": [NaN, 0.0018814235350066227, 0.0026554597062538278], "k2_x2h_nimin_red_avg_avg": [0.5, 0.23045479862144638, 0.5809315030125876], "k2_x2h_nimin_red_avg_sem": [0.0, 0.017591127402979773, 0.06508214878566534], "k2_x2h_nimin_red_sem_avg": [NaN, 0.022893150287435462, 0.021621053105453515], "k2_x2h_nimin_red_sem_sem": [NaN, 0.0006935489420972124, 0.0025286852695888093], "k2_x2h_nimmi_red_avg_avg": [0.5, 0.3065055859207464, 0.598515986534665], "k2_x2h_nimmi_red_avg_sem": [0.0, 0.023679417049231103, 0.06133278421367555], "k2_x2h_nimmi_red_sem_avg": [NaN, 0.02524922064377667, 0.021806562729044403], "k2_x2h_nimmi_red_sem_sem": [NaN, 0.0005545869362666246, 0.0025574348569343784]}