{"avg_reward": 0.14210314600440263, "accuracy": 0.5833333333333334, "k2_x2h_ray_imin_syn_avg": [0.25777853407261236, 0.037753072800147044, 0.04308627281818803], "k2_x2h_ray_imin_syn_sem": [0.038005912572110744, 0.015473300531311357, 0.01258187592941308], "k2_x2h_ray_immi_syn_avg": [0.361610746463934, 0.05823417435403672, 0.050217459675100114], "k2_x2h_ray_immi_syn_sem": [0.002795868781329048, 0.02529162127607737, 0.014253830455068379], "k2_x2h_pos_imin_syn_avg": [0.33798257119327735, 0.037753072800147044, 0.04308627281818803], "k2_x2h_pos_imin_syn_sem": [0.08795868089885173, 0.015473300531311357, 0.01258187592941308], "k2_x2h_pos_immi_syn_avg": [0.41546198106024157, 0.05823417435403672, 0.050217459675100114], "k2_x2h_pos_immi_syn_sem": [0.1064289283059972, 0.02529162127607737, 0.014253830455068379], "k2_x2h_ray_mi_avg": [0.8529765995036497, 0.7084672362167392, 0.3686276435198786], "k2_x2h_ray_mi_sem": [0.0846119782633167, 0.1001813253543325, 0.03787423613089368], "k2_x2h_ray_nimin_syn_avg": [0.3001243996155303, 0.022733705517618188, 0.06448097018294545], "k2_x2h_ray_nimin_syn_sem": [0.022222570634436646, 0.009037851948647377, 0.01746997601530681], "k2_x2h_ray_nimmi_syn_avg": [0.43309025486633307, 0.03434191242335485, 0.07484029161034228], "k2_x2h_ray_nimmi_syn_sem": [0.04622463181536386, 0.014324156535323176, 0.01984339505583279], "k2_x2h_pos_mi_avg": [1.0963210112401507, 0.7084672362167392, 0.3686276435198786], "k2_x2h_pos_mi_sem": [0.1064289283059972, 0.1001813253543325, 0.03787423613089368], "k2_x2h_pos_nimin_syn_avg": [0.2978873653523703, 0.022733705517618188, 0.06448097018294545], "k2_x2h_pos_nimin_syn_sem": [0.057186343512846474, 0.009037851948647377, 0.01746997601530681], "k2_x2h_pos_nimmi_syn_avg": [0.36643264208755116, 0.03434191242335485, 0.07484029161034228], "k2_x2h_pos_nimmi_syn_sem": [0.06475804704372219, 0.014324156535323176, 0.01984339505583279]}