{"avg_reward": 0.25418920144324336, "accuracy": 0.8333333333333334, "k2_x2h_ray_imin_syn_avg": [0.4237703880240431, 0.02207144149092679, 0.005690717820355689], "k2_x2h_ray_imin_syn_sem": [0.10936420376189705, 0.013983372947707505, 0.0024075777465429916], "k2_x2h_ray_immi_syn_avg": [0.48796723856330776, 0.033778681647048656, 0.005690717820355731], "k2_x2h_ray_immi_syn_sem": [0.08281906358642668, 0.021199599381273655, 0.0024075777465429903], "k2_x2h_pos_imin_syn_avg": [0.4225952260813564, 0.02207144149092679, 0.005690717820355689], "k2_x2h_pos_imin_syn_sem": [0.06876830768607185, 0.013983372947707505, 0.0024075777465429916], "k2_x2h_pos_immi_syn_avg": [0.48679319556880635, 0.033778681647048656, 0.005690717820355731], "k2_x2h_pos_immi_syn_sem": [0.06140596919191335, 0.021199599381273655, 0.0024075777465429903], "k2_x2h_ray_mi_avg": [1.1129752415549612, 0.49203417064291904, 0.09845444065438902], "k2_x2h_ray_mi_sem": [0.05918965115646162, 0.07840308985734191, 0.018154977802393356], "k2_x2h_ray_nimin_syn_avg": [0.3941464593063662, 0.013757458600337238, 0.054144983442643194], "k2_x2h_ray_nimin_syn_sem": [0.1259155054838664, 0.008226313495522636, 0.024338407925057544], "k2_x2h_ray_nimmi_syn_avg": [0.44947511418219804, 0.021125413342180117, 0.054144983442646746], "k2_x2h_ray_nimmi_syn_sem": [0.10382844854589826, 0.012521476640662976, 0.024338407925057367], "k2_x2h_pos_mi_avg": [1.3653482146684708, 0.49203417064291904, 0.09845444065438902], "k2_x2h_pos_mi_sem": [0.06140596919191335, 0.07840308985734191, 0.018154977802393356], "k2_x2h_pos_nimin_syn_avg": [0.3083223180995677, 0.013757458600337238, 0.054144983442643194], "k2_x2h_pos_nimin_syn_sem": [0.04256706266048468, 0.008226313495522636, 0.024338407925057544], "k2_x2h_pos_nimmi_syn_avg": [0.35380533949601506, 0.021125413342180117, 0.054144983442646746], "k2_x2h_pos_nimmi_syn_sem": [0.030340607109848025, 0.012521476640662976, 0.024338407925057367]}