{"avg_reward": 0.21170389749480537, "accuracy": 0.75, "k2_x2h_ray_imin_syn_avg": [0.2952250551456873, 0.03287611300136451, 0.01127246605749115], "k2_x2h_ray_imin_syn_sem": [0.018423569062882776, 0.020854709414443378, 0.004485107154952981], "k2_x2h_ray_immi_syn_avg": [0.4488432108625542, 0.05101219743777167, 0.011983078951571026], "k2_x2h_ray_immi_syn_sem": [0.020780334412475104, 0.030387718070038677, 0.004715525955444668], "k2_x2h_pos_imin_syn_avg": [0.18885827601552338, 0.03287611300136451, 0.01127246605749115], "k2_x2h_pos_imin_syn_sem": [0.05919189450329621, 0.020854709414443378, 0.004485107154952981], "k2_x2h_pos_immi_syn_avg": [0.21161473719445567, 0.05101219743777167, 0.011983078951571026], "k2_x2h_pos_immi_syn_sem": [0.07699582355175258, 0.030387718070038677, 0.004715525955444668], "k2_x2h_ray_mi_avg": [1.0269763602481632, 0.6658477762302517, 0.14157583780857944], "k2_x2h_ray_mi_sem": [0.013555110332198108, 0.10414903945287898, 0.01562587830340415], "k2_x2h_ray_nimin_syn_avg": [0.2871889789001714, 0.015001446765780847, 0.05139427481587375], "k2_x2h_ray_nimin_syn_sem": [0.015038593857911358, 0.008999876638640714, 0.029555635083066904], "k2_x2h_ray_nimmi_syn_avg": [0.43667609638845256, 0.023828689119827072, 0.0743182996397221], "k2_x2h_ray_nimmi_syn_sem": [0.014282904821101521, 0.013698484193812288, 0.020179222728458495], "k2_x2h_pos_mi_avg": [1.500203090190059, 0.6658477762302517, 0.14157583780857944], "k2_x2h_pos_mi_sem": [0.07699582355175258, 0.10414903945287898, 0.01562587830340415], "k2_x2h_pos_nimin_syn_avg": [0.1226334294166699, 0.015001446765780847, 0.05139427481587375], "k2_x2h_pos_nimin_syn_sem": [0.032068294662369046, 0.008999876638640714, 0.029555635083066904], "k2_x2h_pos_nimmi_syn_avg": [0.13669852409610914, 0.023828689119827072, 0.0743182996397221], "k2_x2h_pos_nimmi_syn_sem": [0.042480534927697856, 0.013698484193812288, 0.020179222728458495]}