{"avg_reward": 0.1474400000900002, "accuracy": 0.5, "k2_x2h_ray_imin_syn_avg": [0.2125080425391683, 0.04290293623084719, -1.2220478884923578e-17], "k2_x2h_ray_imin_syn_sem": [0.05833334028572822, 0.019057163113392485, 8.663332110065359e-18], "k2_x2h_ray_immi_syn_avg": [0.3147628546997881, 0.06877597403790466, 0.0], "k2_x2h_ray_immi_syn_sem": [0.07362227226138286, 0.028644166983907426, 0.0], "k2_x2h_pos_imin_syn_avg": [1.6653345369377348e-16, 0.04290293623084719, -1.2220478884923578e-17], "k2_x2h_pos_imin_syn_sem": [3.2049378106392736e-17, 0.019057163113392485, 8.663332110065359e-18], "k2_x2h_pos_immi_syn_avg": [0.0, 0.06877597403790466, 0.0], "k2_x2h_pos_immi_syn_sem": [0.0, 0.028644166983907426, 0.0], "k2_x2h_ray_mi_avg": [0.7814083784041967, 0.5848978170226615, 0.0], "k2_x2h_ray_mi_sem": [0.09548124185382349, 0.07036309362356542, 0.0], "k2_x2h_ray_nimin_syn_avg": [0.265307771019498, 0.030318188065031403, 0.0], "k2_x2h_ray_nimin_syn_sem": [0.04448524665987592, 0.012757449589352347, 0.0], "k2_x2h_ray_nimmi_syn_avg": [0.3927881460193625, 0.049588039888110176, 0.0], "k2_x2h_ray_nimmi_syn_sem": [0.04400906344378535, 0.019697953289010018, 0.0], "k2_x2h_pos_mi_avg": [0.3899148472306089, 0.5848978170226615, 0.0], "k2_x2h_pos_mi_sem": [0.06718033592062492, 0.07036309362356542, 0.0], "k2_x2h_pos_nimin_syn_avg": [4.649341409063933e-16, 0.030318188065031403, 0.0], "k2_x2h_pos_nimin_syn_sem": [1.2291981543904908e-16, 0.012757449589352347, 0.0], "k2_x2h_pos_nimmi_syn_avg": [0.0, 0.049588039888110176, 0.0], "k2_x2h_pos_nimmi_syn_sem": [0.0, 0.019697953289010018, 0.0]}