{"avg_reward": 0.030011848053173595, "accuracy": 0.5833333333333334, "k2_x2h_ray_imin_syn_avg": [0.15343081064540587, 0.014328597298432019, 0.0013294149873717073], "k2_x2h_ray_imin_syn_sem": [0.042559232895724566, 0.008471231648045289, 0.00043677515679126544], "k2_x2h_ray_immi_syn_avg": [0.26126387034663007, 0.02112967538350506, 0.001433967260795741], "k2_x2h_ray_immi_syn_sem": [0.0381119519846977, 0.01189365324374109, 0.0004467132955456527], "k2_x2h_pos_imin_syn_avg": [0.2512409793291233, 0.014328597298432019, 0.0013294149873717073], "k2_x2h_pos_imin_syn_sem": [0.06813167575997543, 0.008471231648045289, 0.00043677515679126544], "k2_x2h_pos_immi_syn_avg": [0.365296101472292, 0.02112967538350506, 0.001433967260795741], "k2_x2h_pos_immi_syn_sem": [0.10232327061166992, 0.01189365324374109, 0.0004467132955456527], "k2_x2h_ray_mi_avg": [0.9649951381297152, 0.46640982978244205, 0.013808470940256508], "k2_x2h_ray_mi_sem": [0.033191165604904344, 0.08306501744908738, 0.0010900356834756817], "k2_x2h_ray_nimin_syn_avg": [0.15660331631804977, 0.013600813069622594, 0.07466376658671305], "k2_x2h_ray_nimin_syn_sem": [0.03780934807578349, 0.0052918038370095176, 0.022641387160813927], "k2_x2h_ray_nimmi_syn_avg": [0.2687067369135357, 0.020969030333517713, 0.07957809719373696], "k2_x2h_ray_nimmi_syn_sem": [0.029584554244202737, 0.008019616076680443, 0.023034559417153155], "k2_x2h_pos_mi_avg": [0.9499388350186942, 0.46640982978244205, 0.013808470940256508], "k2_x2h_pos_mi_sem": [0.21647078658714797, 0.08306501744908738, 0.0010900356834756817], "k2_x2h_pos_nimin_syn_avg": [0.26249924931838403, 0.013600813069622594, 0.07466376658671305], "k2_x2h_pos_nimin_syn_sem": [0.02515866277463594, 0.0052918038370095176, 0.022641387160813927], "k2_x2h_pos_nimmi_syn_avg": [0.3725778022656514, 0.020969030333517713, 0.07957809719373696], "k2_x2h_pos_nimmi_syn_sem": [0.029147229607255763, 0.008019616076680443, 0.023034559417153155]}