{"avg_reward": 0.15025185287222234, "accuracy": 0.75, "k2_x2h_ray_imin_syn_avg": [0.32552554604630446, 0.041887155362239414, 0.041508920115245], "k2_x2h_ray_imin_syn_sem": [0.10576086986392362, 0.0243037561176655, 0.012461898781842578], "k2_x2h_ray_immi_syn_avg": [0.4547248176014144, 0.053856787626597936, 0.060509582803291086], "k2_x2h_ray_immi_syn_sem": [0.09932868783941669, 0.03122293449616055, 0.017904978529552595], "k2_x2h_pos_imin_syn_avg": [0.2782574668587429, 0.041887155362239414, 0.041508920115245], "k2_x2h_pos_imin_syn_sem": [0.07617951731375815, 0.0243037561176655, 0.012461898781842578], "k2_x2h_pos_immi_syn_avg": [0.43150372070523496, 0.053856787626597936, 0.060509582803291086], "k2_x2h_pos_immi_syn_sem": [0.05867089526437888, 0.03122293449616055, 0.017904978529552595], "k2_x2h_ray_mi_avg": [1.2169130308301386, 0.71949375060245, 0.5772408575963442], "k2_x2h_ray_mi_sem": [0.11489836828507394, 0.11505207149774674, 0.052988673604125326], "k2_x2h_ray_nimin_syn_avg": [0.2571656628334646, 0.018212567221046663, 0.043392166037748106], "k2_x2h_ray_nimin_syn_sem": [0.05961199500748215, 0.010489078813727466, 0.012310120180304042], "k2_x2h_ray_nimmi_syn_avg": [0.36788386875498524, 0.02357995804057678, 0.06262528973772387], "k2_x2h_ray_nimmi_syn_sem": [0.057986147526884475, 0.013692292045394842, 0.017848991470297792], "k2_x2h_pos_mi_avg": [1.1225793746466666, 0.71949375060245, 0.5772408575963442], "k2_x2h_pos_mi_sem": [0.1257118546892218, 0.11505207149774674, 0.052988673604125326], "k2_x2h_pos_nimin_syn_avg": [0.23949752905152755, 0.018212567221046663, 0.043392166037748106], "k2_x2h_pos_nimin_syn_sem": [0.0398223448365, 0.010489078813727466, 0.012310120180304042], "k2_x2h_pos_nimmi_syn_avg": [0.3824340511064202, 0.02357995804057678, 0.06262528973772387], "k2_x2h_pos_nimmi_syn_sem": [0.010090662798988436, 0.013692292045394842, 0.017848991470297792]}