{"avg_reward_avg": 0.9364999999999999, "avg_reward_sem": 0.003730504880933219, "accuracy_avg": 0.679, "accuracy_sem": 0.020572365498945967, "k2_xh2h_immi_syn_avg_avg": [0.25524180852791634], "k2_xh2h_immi_syn_avg_sem": [0.007472646744284428], "k2_xh2h_immi_syn_sem_avg": [0.021005851133496487], "k2_xh2h_immi_syn_sem_sem": [0.0009316254818971787], "k2_xh2h_mi_avg_avg": [0.8134516515422536], "k2_xh2h_mi_avg_sem": [0.01624090391632802], "k2_xh2h_mi_sem_avg": [0.05500818907992122], "k2_xh2h_mi_sem_sem": [0.0017066076742539827], "k2_xh2h_nimmi_syn_avg_avg": [0.3266611630691039], "k2_xh2h_nimmi_syn_avg_sem": [0.004378762589634504], "k2_xh2h_nimmi_syn_sem_avg": [0.017554710556305884], "k2_xh2h_nimmi_syn_sem_sem": [0.0003324071611508733]}