{"avg_reward": 0.926, "accuracy": 0.63, "k2_xh2h_immi_syn_avg": [0.30369290043954206], "k2_xh2h_immi_syn_sem": [0.023950885943257654], "k2_xh2h_mi_avg": [0.9098622607494712], "k2_xh2h_mi_sem": [0.0577450369211846], "k2_xh2h_nimmi_syn_avg": [0.3399366346031765], "k2_xh2h_nimmi_syn_sem": [0.017906828223182316]}