{"avg_reward": 0.933, "accuracy": 0.66, "k2_xh2h_immi_syn_avg": [0.25624795900858677], "k2_xh2h_immi_syn_sem": [0.01955162666009131], "k2_xh2h_mi_avg": [0.8321267384073895], "k2_xh2h_mi_sem": [0.047520345492235716], "k2_xh2h_nimmi_syn_avg": [0.326718425839472], "k2_xh2h_nimmi_syn_sem": [0.017252398343725113]}