{"avg_reward": 0.926, "accuracy": 0.61, "k2_xh2h_immi_syn_avg": [0.21152058377096775], "k2_xh2h_immi_syn_sem": [0.020518297480789347], "k2_xh2h_mi_avg": [0.7703268988650593], "k2_xh2h_mi_sem": [0.060569293166248594], "k2_xh2h_nimmi_syn_avg": [0.3000046775198263], "k2_xh2h_nimmi_syn_sem": [0.01890000542517774]}