{"avg_reward": 0.949, "accuracy": 0.75, "k2_xh2h_immi_syn_avg": [0.2638540575234331], "k2_xh2h_immi_syn_sem": [0.01910927275171058], "k2_xh2h_mi_avg": [0.8307215331868024], "k2_xh2h_mi_sem": [0.054864299175982296], "k2_xh2h_nimmi_syn_avg": [0.3272125600926813], "k2_xh2h_nimmi_syn_sem": [0.01774336408571]}