{"avg_reward": 0.951, "accuracy": 0.76, "k2_xh2h_immi_syn_avg": [0.2515408429030915], "k2_xh2h_immi_syn_sem": [0.021307408233556705], "k2_xh2h_mi_avg": [0.7746520880380612], "k2_xh2h_mi_sem": [0.05100576401975449], "k2_xh2h_nimmi_syn_avg": [0.3264112147115209], "k2_xh2h_nimmi_syn_sem": [0.016558073841837006]}