{"avg_reward": 0.933, "accuracy": 0.66, "k2_xh2h_immi_syn_avg": [0.2574525492277591], "k2_xh2h_immi_syn_sem": [0.01892832790894999], "k2_xh2h_mi_avg": [0.7736453352110323], "k2_xh2h_mi_sem": [0.05105020357512966], "k2_xh2h_nimmi_syn_avg": [0.3472230647078318], "k2_xh2h_nimmi_syn_sem": [0.01701730132395575]}