{"avg_reward": 0.947, "accuracy": 0.75, "k2_xh2h_immi_syn_avg": [0.26031976396843737], "k2_xh2h_immi_syn_sem": [0.02436604229605584], "k2_xh2h_mi_avg": [0.8759013699999392], "k2_xh2h_mi_sem": [0.0617496055399272], "k2_xh2h_nimmi_syn_avg": [0.30744129817996985], "k2_xh2h_nimmi_syn_sem": [0.019275954162091123]}