{"avg_reward": 0.916, "accuracy": 0.57, "k2_xh2h_immi_syn_avg": [0.23164141525154577], "k2_xh2h_immi_syn_sem": [0.01912217973925737], "k2_xh2h_mi_avg": [0.7438771062979618], "k2_xh2h_mi_sem": [0.054160164720403185], "k2_xh2h_nimmi_syn_avg": [0.3298781590226459], "k2_xh2h_nimmi_syn_sem": [0.01717302268463075]}