{"avg_reward_avg": 0.9763, "avg_reward_sem": 0.0017323715280248393, "accuracy_avg": 0.876, "accuracy_sem": 0.008969082698049148, "k2_xh2h_immi_syn_avg_avg": [0.16970070669858386], "k2_xh2h_immi_syn_avg_sem": [0.012269814905884245], "k2_xh2h_immi_syn_sem_avg": [0.02395417789657266], "k2_xh2h_immi_syn_sem_sem": [0.0017402175528647074], "k2_xh2h_mi_avg_avg": [0.6297834644419483], "k2_xh2h_mi_avg_sem": [0.023130180618976245], "k2_xh2h_mi_sem_avg": [0.054874179325031955], "k2_xh2h_mi_sem_sem": [0.0020521104538135703], "k2_xh2h_nimmi_syn_avg_avg": [0.2640822489975924], "k2_xh2h_nimmi_syn_avg_sem": [0.008312180222981679], "k2_xh2h_nimmi_syn_sem_avg": [0.021568466164025794], "k2_xh2h_nimmi_syn_sem_sem": [0.00041948159161726286]}