{"avg_reward": 0.969, "accuracy": 0.84, "k2_xh2h_immi_syn_avg": [0.20455355725617633], "k2_xh2h_immi_syn_sem": [0.030128838836727092], "k2_xh2h_mi_avg": [0.7245386840938258], "k2_xh2h_mi_sem": [0.05478755822996954], "k2_xh2h_nimmi_syn_avg": [0.2620664795271372], "k2_xh2h_nimmi_syn_sem": [0.023582286613838547]}