{"avg_reward": 0.981, "accuracy": 0.89, "k2_xh2h_immi_syn_avg": [0.18687867334303823], "k2_xh2h_immi_syn_sem": [0.03005326413839206], "k2_xh2h_mi_avg": [0.7208809777621952], "k2_xh2h_mi_sem": [0.06303996652326607], "k2_xh2h_nimmi_syn_avg": [0.2460082845277428], "k2_xh2h_nimmi_syn_sem": [0.021703136079053307]}