{"avg_reward": 0.973, "accuracy": 0.85, "k2_xh2h_immi_syn_avg": [0.16399477662154266], "k2_xh2h_immi_syn_sem": [0.022021877393117416], "k2_xh2h_mi_avg": [0.6123270272356773], "k2_xh2h_mi_sem": [0.053675306311241705], "k2_xh2h_nimmi_syn_avg": [0.26792175483963426], "k2_xh2h_nimmi_syn_sem": [0.021744405694876987]}