{"avg_reward": 0.98, "accuracy": 0.89, "k2_xh2h_immi_syn_avg": [0.2154010466879724], "k2_xh2h_immi_syn_sem": [0.02809440912747958], "k2_xh2h_mi_avg": [0.6764130030368427], "k2_xh2h_mi_sem": [0.06317313088468098], "k2_xh2h_nimmi_syn_avg": [0.31270817899218345], "k2_xh2h_nimmi_syn_sem": [0.020102364407101243]}