{"avg_reward": 0.972, "accuracy": 0.85, "k2_xh2h_immi_syn_avg": [0.1624589866664475], "k2_xh2h_immi_syn_sem": [0.024625896606628866], "k2_xh2h_mi_avg": [0.6095094587436284], "k2_xh2h_mi_sem": [0.05939606551416355], "k2_xh2h_nimmi_syn_avg": [0.26952561389347696], "k2_xh2h_nimmi_syn_sem": [0.02217414476920287]}