{"avg_reward": 0.987, "accuracy": 0.93, "k2_xh2h_immi_syn_avg": [0.15167994549774258], "k2_xh2h_immi_syn_sem": [0.021050886157097964], "k2_xh2h_mi_avg": [0.5876452120882218], "k2_xh2h_mi_sem": [0.04943067116352651], "k2_xh2h_nimmi_syn_avg": [0.2639408846225712], "k2_xh2h_nimmi_syn_sem": [0.02252230021657153]}