{"avg_reward": 0.976, "accuracy": 0.88, "k2_xh2h_immi_syn_avg": [0.23250154468657658], "k2_xh2h_immi_syn_sem": [0.03068612006302978], "k2_xh2h_mi_avg": [0.7096901648689443], "k2_xh2h_mi_sem": [0.059909102721763224], "k2_xh2h_nimmi_syn_avg": [0.3007783905992136], "k2_xh2h_nimmi_syn_sem": [0.022332592032796986]}