{"avg_reward": 0.979, "accuracy": 0.9, "k2_xh2h_immi_syn_avg": [0.12759301909794826], "k2_xh2h_immi_syn_sem": [0.01658888246492417], "k2_xh2h_mi_avg": [0.5343850408902222], "k2_xh2h_mi_sem": [0.045444242097343386], "k2_xh2h_nimmi_syn_avg": [0.2444390774884561], "k2_xh2h_nimmi_syn_sem": [0.018913993091634707]}