{"avg_reward_avg": 1.0, "avg_reward_sem": 0.0, "accuracy_avg": 1.0, "accuracy_sem": 0.0, "k2_x2h_imin_syn_avg_avg": [0.6, 0.006111111111111114, 0.0], "k2_x2h_imin_syn_avg_sem": [0.09999999999999999, 0.003148148148148148, 0.0], "k2_x2h_imin_syn_sem_avg": [NaN, 0.003085254122837217, 0.0], "k2_x2h_imin_syn_sem_sem": [NaN, 0.0015750642730127079, 0.0], "k2_x2h_mi_avg_avg": [1.6, 0.9957844583116987, 1.0], "k2_x2h_mi_avg_sem": [0.09999999999999999, 0.05554007057152886, 0.0], "k2_x2h_mi_sem_avg": [NaN, 0.04229473801673599, 0.0], "k2_x2h_mi_sem_sem": [NaN, 0.006203682651928317, 0.0], "k2_x2h_immi_syn_avg_avg": [0.6, 0.012222222222222223, 0.0], "k2_x2h_immi_syn_avg_sem": [0.09999999999999999, 0.0062962962962962955, 0.0], "k2_x2h_immi_syn_sem_avg": [NaN, 0.006170508245674432, 0.0], "k2_x2h_immi_syn_sem_sem": [NaN, 0.0031501285460254166, 0.0], "k2_x2h_nimin_syn_avg_avg": [0.35000000000000003, 0.004074074074074083, 0.0], "k2_x2h_nimin_syn_avg_sem": [0.04614791034954485, 0.0020987654320987646, 0.0], "k2_x2h_nimin_syn_sem_avg": [NaN, 0.0020568360818914817, 0.0], "k2_x2h_nimin_syn_sem_sem": [NaN, 0.001050042848675138, 0.0], "k2_x2h_nimmi_syn_avg_avg": [0.35000000000000003, 0.008148148148148147, 0.0], "k2_x2h_nimmi_syn_avg_sem": [0.04614791034954485, 0.00419753086419753, 0.0], "k2_x2h_nimmi_syn_sem_avg": [NaN, 0.004113672163782956, 0.0], "k2_x2h_nimmi_syn_sem_sem": [NaN, 0.002100085697350278, 0.0], "k2_x2h_imin_red_avg_avg": [0.6, 0.4876800277345083, 0.9400000000000001], "k2_x2h_imin_red_avg_sem": [0.09999999999999999, 0.06573213873395137, 0.030550504633038923], "k2_x2h_imin_red_sem_avg": [NaN, 0.067374210897284, 0.018090680674665818], "k2_x2h_imin_red_sem_sem": [NaN, 0.0038506926995291782, 0.009211323729436767], "k2_x2h_immi_red_avg_avg": [0.6, 0.4937911388456195, 0.9400000000000001], "k2_x2h_immi_red_avg_sem": [0.09999999999999999, 0.06496410926488555, 0.030550504633038923], "k2_x2h_immi_red_sem_avg": [NaN, 0.06807258067038102, 0.018090680674665818], "k2_x2h_immi_red_sem_sem": [NaN, 0.003771310232846799, 0.009211323729436767], "k2_x2h_nimin_red_avg_avg": [0.35000000000000003, 0.4459298194051815, 0.9400000000000001], "k2_x2h_nimin_red_avg_sem": [0.04614791034954485, 0.06236984032798307, 0.030550504633038923], "k2_x2h_nimin_red_sem_avg": [NaN, 0.06231333981847583, 0.018090680674665818], "k2_x2h_nimin_red_sem_sem": [NaN, 0.0032250337522974847, 0.009211323729436767], "k2_x2h_nimmi_red_avg_avg": [0.35000000000000003, 0.4500038934792556, 0.9400000000000001], "k2_x2h_nimmi_red_avg_sem": [0.04614791034954485, 0.061406513958702925, 0.030550504633038923], "k2_x2h_nimmi_red_sem_avg": [NaN, 0.06260826871914484, 0.018090680674665818], "k2_x2h_nimmi_red_sem_sem": [NaN, 0.0031495524258201586, 0.009211323729436767], "x2h_imin_syn_avg": [0.6, 0.0, 0.0], "x2h_imin_syn_sem": [0.09999999999999999, 0.0, 0.0], "x2h_mi_avg": [1.6, 1.2, 1.0], "x2h_mi_sem": [0.09999999999999999, 0.08164965809277261, 0.0], "x2h_immi_syn_avg": [0.6, 0.0, 0.0], "x2h_immi_syn_sem": [0.09999999999999999, 0.0, 0.0], "x2h_nimin_syn_avg": [0.35000000000000003, 0.0, 0.0], "x2h_nimin_syn_sem": [0.04614791034954485, 0.0, 0.0], "x2h_nimmi_syn_avg": [0.35000000000000003, 0.0, 0.0], "x2h_nimmi_syn_sem": [0.04614791034954485, 0.0, 0.0], "x2h_imin_red_avg": [0.6, 0.031127812445913283, 0.7], "x2h_imin_red_sem": [0.09999999999999999, 0.03112781244591328, 0.15275252316519466], "x2h_immi_red_avg": [0.6, 0.031127812445913294, 0.7], "x2h_immi_red_sem": [0.09999999999999999, 0.031127812445913294, 0.15275252316519466], "x2h_nimin_red_avg": [0.35000000000000003, 0.031127812445913283, 0.7], "x2h_nimin_red_sem": [0.04614791034954485, 0.03112781244591328, 0.15275252316519466], "x2h_nimmi_red_avg": [0.35000000000000003, 0.031127812445913294, 0.7], "x2h_nimmi_red_sem": [0.04614791034954485, 0.031127812445913294, 0.15275252316519466]}