{"avg_reward": 0.9715, "accuracy": 0.855, "k2_xh2h_immi_syn_avg": [0.3034480190601219], "k2_xh2h_immi_syn_sem": [0.029124421396004897], "k2_xh2h_mi_avg": [0.9678612692256853], "k2_xh2h_mi_sem": [0.07486582991080891], "k2_xh2h_nimmi_syn_avg": [0.34344949566732913], "k2_xh2h_nimmi_syn_sem": [0.018885891955645603]}