{"avg_reward": 0.965, "accuracy": 0.82, "k2_xh2h_immi_syn_avg": [0.25992682718600785], "k2_xh2h_immi_syn_sem": [0.02995486263545935], "k2_xh2h_mi_avg": [0.8576830698652685], "k2_xh2h_mi_sem": [0.07010667719443296], "k2_xh2h_nimmi_syn_avg": [0.3213411615611267], "k2_xh2h_nimmi_syn_sem": [0.017612906211571445]}