{"avg_reward": 0.9645, "accuracy": 0.825, "k2_xh2h_immi_syn_avg": [0.20023789760741054], "k2_xh2h_immi_syn_sem": [0.020260358291914637], "k2_xh2h_mi_avg": [0.7212177998917653], "k2_xh2h_mi_sem": [0.06382079804271142], "k2_xh2h_nimmi_syn_avg": [0.3283464679327778], "k2_xh2h_nimmi_syn_sem": [0.021395816151601115]}