{"avg_reward": 0.959, "accuracy": 0.795, "k2_xh2h_immi_syn_avg": [0.2718874771518074], "k2_xh2h_immi_syn_sem": [0.022124341279520402], "k2_xh2h_mi_avg": [0.800459382328569], "k2_xh2h_mi_sem": [0.061127592065744266], "k2_xh2h_nimmi_syn_avg": [0.3699193421863364], "k2_xh2h_nimmi_syn_sem": [0.016915624550994594]}