{"avg_reward": 0.9575, "accuracy": 0.79, "k2_xh2h_immi_syn_avg": [0.2952734930362803], "k2_xh2h_immi_syn_sem": [0.03107568488170236], "k2_xh2h_mi_avg": [0.9655055864627289], "k2_xh2h_mi_sem": [0.07417142328227556], "k2_xh2h_nimmi_syn_avg": [0.32325307788973007], "k2_xh2h_nimmi_syn_sem": [0.017726618916489897]}