{"avg_reward": 0.9645, "accuracy": 0.815, "k2_xh2h_immi_syn_avg": [0.247122750093808], "k2_xh2h_immi_syn_sem": [0.019395558887425026], "k2_xh2h_mi_avg": [0.8201976612072248], "k2_xh2h_mi_sem": [0.06267823010834743], "k2_xh2h_nimmi_syn_avg": [0.3368355270980437], "k2_xh2h_nimmi_syn_sem": [0.01782651774175708]}