{"avg_reward": 0.9645, "accuracy": 0.84, "k2_xh2h_immi_syn_avg": [0.2561049710083972], "k2_xh2h_immi_syn_sem": [0.016347536538318393], "k2_xh2h_mi_avg": [0.7932757376031315], "k2_xh2h_mi_sem": [0.059998250403484735], "k2_xh2h_nimmi_syn_avg": [0.3606111143646084], "k2_xh2h_nimmi_syn_sem": [0.016846670404135667]}