{"avg_reward": 0.9645, "accuracy": 0.83, "k2_xh2h_immi_syn_avg": [0.23927954352247324], "k2_xh2h_immi_syn_sem": [0.040102533642201475], "k2_xh2h_mi_avg": [0.8157367865453444], "k2_xh2h_mi_sem": [0.09295214630607075], "k2_xh2h_nimmi_syn_avg": [0.32565898806433835], "k2_xh2h_nimmi_syn_sem": [0.021670245115297426]}