{"avg_reward": 0.9635, "accuracy": 0.815, "k2_xh2h_immi_syn_avg": [0.2663439221081654], "k2_xh2h_immi_syn_sem": [0.02270522947286874], "k2_xh2h_mi_avg": [0.8734933348284802], "k2_xh2h_mi_sem": [0.07073036937442347], "k2_xh2h_nimmi_syn_avg": [0.33915021305920595], "k2_xh2h_nimmi_syn_sem": [0.017262761754211046]}