{"avg_reward_avg": 0.056600000000000004, "avg_reward_sem": 0.023844030233535977, "accuracy_avg": 0.07100000000000002, "accuracy_sem": 0.008749603165604457, "k2_xh2h_immi_syn_avg_avg": [0.19954116315789738], "k2_xh2h_immi_syn_avg_sem": [0.0055496649909775], "k2_xh2h_immi_syn_sem_avg": [0.012480135605696205], "k2_xh2h_immi_syn_sem_sem": [0.0005943091752414117], "k2_xh2h_mi_avg_avg": [0.5608873703648879], "k2_xh2h_mi_avg_sem": [0.016209302580264814], "k2_xh2h_mi_sem_avg": [0.030090214995550167], "k2_xh2h_mi_sem_sem": [0.0014246794105931056], "k2_xh2h_nimmi_syn_avg_avg": [0.36026381870482715], "k2_xh2h_nimmi_syn_avg_sem": [0.006408357569867182], "k2_xh2h_nimmi_syn_sem_avg": [0.013957354402482572], "k2_xh2h_nimmi_syn_sem_sem": [0.0005908917291521139]}