{"avg_reward": 0.021, "accuracy": 0.11, "k2_xh2h_immi_syn_avg": [0.1898760346872939], "k2_xh2h_immi_syn_sem": [0.01205894945910749], "k2_xh2h_mi_avg": [0.539254294111604], "k2_xh2h_mi_sem": [0.029157086872198156], "k2_xh2h_nimmi_syn_avg": [0.3549108512859242], "k2_xh2h_nimmi_syn_sem": [0.01575900266121564]}