{"avg_reward": 0.016, "accuracy": 0.09, "k2_xh2h_immi_syn_avg": [0.2027524157915955], "k2_xh2h_immi_syn_sem": [0.013340800301648421], "k2_xh2h_mi_avg": [0.5832899893798876], "k2_xh2h_mi_sem": [0.030282373983311253], "k2_xh2h_nimmi_syn_avg": [0.3544007747691455], "k2_xh2h_nimmi_syn_sem": [0.015777907926889878]}