{"avg_reward": 0.014, "accuracy": 0.07, "k2_xh2h_immi_syn_avg": [0.21593860497675652], "k2_xh2h_immi_syn_sem": [0.012752226402929168], "k2_xh2h_mi_avg": [0.657674978138291], "k2_xh2h_mi_sem": [0.03747181796613943], "k2_xh2h_nimmi_syn_avg": [0.3378410752781205], "k2_xh2h_nimmi_syn_sem": [0.014893818816363516]}