{"avg_reward": 0.251, "accuracy": 0.04, "k2_xh2h_immi_syn_avg": [0.22715209924865745], "k2_xh2h_immi_syn_sem": [0.011852277959745834], "k2_xh2h_mi_avg": [0.627256659879323], "k2_xh2h_mi_sem": [0.029321943382967185], "k2_xh2h_nimmi_syn_avg": [0.36803343463300436], "k2_xh2h_nimmi_syn_sem": [0.011246940329702729]}