{"avg_reward": 0.095, "accuracy": 0.02, "k2_xh2h_immi_syn_avg": [0.16180531493598152], "k2_xh2h_immi_syn_sem": [0.012920558951968059], "k2_xh2h_mi_avg": [0.49995015922472097], "k2_xh2h_mi_sem": [0.031626220997601574], "k2_xh2h_nimmi_syn_avg": [0.3234422297959984], "k2_xh2h_nimmi_syn_sem": [0.014501643092192677]}