{"avg_reward": 0.035, "accuracy": 0.09, "k2_xh2h_immi_syn_avg": [0.1980377394736462], "k2_xh2h_immi_syn_sem": [0.00890678795636709], "k2_xh2h_mi_avg": [0.5086216250743936], "k2_xh2h_mi_sem": [0.022475643017786876], "k2_xh2h_nimmi_syn_avg": [0.39806613387209205], "k2_xh2h_nimmi_syn_sem": [0.013122303187101426]}