{"avg_reward": 0.016, "accuracy": 0.07, "k2_xh2h_immi_syn_avg": [0.19179994403376321], "k2_xh2h_immi_syn_sem": [0.011492298897130257], "k2_xh2h_mi_avg": [0.545653419067722], "k2_xh2h_mi_sem": [0.030599089245663916], "k2_xh2h_nimmi_syn_avg": [0.35830376061459124], "k2_xh2h_nimmi_syn_sem": [0.016197130788869023]}