{"avg_reward": 0.014, "accuracy": 0.06, "k2_xh2h_immi_syn_avg": [0.19447684062529105], "k2_xh2h_immi_syn_sem": [0.016471969958906603], "k2_xh2h_mi_avg": [0.5167292276799483], "k2_xh2h_mi_sem": [0.03145913721870873], "k2_xh2h_nimmi_syn_avg": [0.374424611142539], "k2_xh2h_nimmi_syn_sem": [0.014250091642563183]}