{"avg_reward": 0.012, "accuracy": 0.06, "k2_xh2h_immi_syn_avg": [0.20995733377684173], "k2_xh2h_immi_syn_sem": [0.013016335479395845], "k2_xh2h_mi_avg": [0.5761648036133884], "k2_xh2h_mi_sem": [0.03485874902378583], "k2_xh2h_nimmi_syn_avg": [0.3668864108144835], "k2_xh2h_nimmi_syn_sem": [0.010868275608619254]}