{"avg_reward_avg": 1.0, "avg_reward_sem": 0.0, "accuracy_avg": 1.0, "accuracy_sem": 0.0, "k2_x2h_imin_syn_avg_avg": [0.75, 0.03605560033511516, 0.0], "k2_x2h_imin_syn_avg_sem": [0.08333333333333333, 0.010125267360799202, 0.0], "k2_x2h_imin_syn_sem_avg": [NaN, 0.006421652304565666, 0.0], "k2_x2h_imin_syn_sem_sem": [NaN, 0.0015498767941822744, 0.0], "k2_x2h_mi_avg_avg": [1.75, 0.9277661183641192, 0.9994736842105263], "k2_x2h_mi_avg_sem": [0.08333333333333333, 0.03430255825960646, 0.0005263157894736858], "k2_x2h_mi_sem_avg": [NaN, 0.026428856200794253, 0.0005263157894736841], "k2_x2h_mi_sem_sem": [NaN, 0.0012016693529621977, 0.0005263157894736841], "k2_x2h_immi_syn_avg_avg": [0.75, 0.06580490790156884, 0.0], "k2_x2h_immi_syn_avg_sem": [0.08333333333333333, 0.016992995086762965, 0.0], "k2_x2h_immi_syn_sem_avg": [NaN, 0.010941157087353909, 0.0], "k2_x2h_immi_syn_sem_sem": [NaN, 0.002079181416960194, 0.0], "k2_x2h_nimin_syn_avg_avg": [0.41666666666666663, 0.023676560863202224, 0.0], "k2_x2h_nimin_syn_avg_sem": [0.02777777777777778, 0.005845585480880032, 0.0], "k2_x2h_nimin_syn_sem_avg": [NaN, 0.004369647059043936, 0.0], "k2_x2h_nimin_syn_sem_sem": [NaN, 0.000745463111100287, 0.0], "k2_x2h_nimmi_syn_avg_avg": [0.41666666666666663, 0.04401912774872429, 0.0], "k2_x2h_nimmi_syn_avg_sem": [0.02777777777777778, 0.010439745094941843, 0.0], "k2_x2h_nimmi_syn_sem_avg": [NaN, 0.007694919402151751, 0.0], "k2_x2h_nimmi_syn_sem_sem": [NaN, 0.0010343966019768609, 0.0], "k2_x2h_imin_red_avg_avg": [0.75, 0.36667291930873575, 0.9405263157894737], "k2_x2h_imin_red_avg_sem": [0.08333333333333333, 0.03446906724290023, 0.021743772170285683], "k2_x2h_imin_red_sem_avg": [NaN, 0.030694651303311043, 0.011609177106415932], "k2_x2h_imin_red_sem_sem": [NaN, 0.0008467160175664355, 0.003925327753388308], "k2_x2h_immi_red_avg_avg": [0.75, 0.39642222687518947, 0.9405263157894737], "k2_x2h_immi_red_avg_sem": [0.08333333333333333, 0.03900904495803716, 0.021743772170285683], "k2_x2h_immi_red_sem_avg": [NaN, 0.03192423401480201, 0.011609177106415932], "k2_x2h_immi_red_sem_sem": [NaN, 0.0007829848121354324, 0.003925327753388308], "k2_x2h_nimin_red_avg_avg": [0.41666666666666663, 0.34551364246706284, 0.9405263157894737], "k2_x2h_nimin_red_avg_sem": [0.02777777777777778, 0.030252404931745837, 0.021743772170285683], "k2_x2h_nimin_red_sem_avg": [NaN, 0.030434246218256866, 0.011609177106415932], "k2_x2h_nimin_red_sem_sem": [NaN, 0.0008583346743250479, 0.003925327753388308], "k2_x2h_nimmi_red_avg_avg": [0.41666666666666663, 0.36585620935258495, 0.9405263157894737], "k2_x2h_nimmi_red_avg_sem": [0.02777777777777778, 0.03238115080443019, 0.021743772170285683], "k2_x2h_nimmi_red_sem_avg": [NaN, 0.03070838093481365, 0.011609177106415932], "k2_x2h_nimmi_red_sem_sem": [NaN, 0.0007403626775414911, 0.003925327753388308]}