{"avg_reward_avg": 0.9799000000000001, "avg_reward_sem": 0.0012310790208412898, "accuracy_avg": 0.8989999999999998, "accuracy_sem": 0.005567764362830027, "k2_xh2h_immi_syn_avg_avg": [0.1966698855612346], "k2_xh2h_immi_syn_avg_sem": [0.013321434215735487], "k2_xh2h_immi_syn_sem_avg": [0.030069715515428454], "k2_xh2h_immi_syn_sem_sem": [0.002372065217457738], "k2_xh2h_mi_avg_avg": [0.7236028469193642], "k2_xh2h_mi_avg_sem": [0.02960900417895179], "k2_xh2h_mi_sem_avg": [0.0666680712659587], "k2_xh2h_mi_sem_sem": [0.0031942712210777094], "k2_xh2h_nimmi_syn_avg_avg": [0.26064806551662717], "k2_xh2h_nimmi_syn_avg_sem": [0.004297134652334263], "k2_xh2h_nimmi_syn_sem_avg": [0.024256511560620097], "k2_xh2h_nimmi_syn_sem_sem": [0.0003770700351792976]}