{"avg_reward": 0.9785, "accuracy": 0.895, "k2_xh2h_immi_syn_avg": [0.23563032427927663], "k2_xh2h_immi_syn_sem": [0.030900297867421204], "k2_xh2h_mi_avg": [0.8465058923858554], "k2_xh2h_mi_sem": [0.06187237075985647], "k2_xh2h_nimmi_syn_avg": [0.2711810420040864], "k2_xh2h_nimmi_syn_sem": [0.024698312163398503]}