{"avg_reward": 0.9725, "accuracy": 0.86, "k2_xh2h_immi_syn_avg": [0.15666897562531099], "k2_xh2h_immi_syn_sem": [0.02588417000233164], "k2_xh2h_mi_avg": [0.6663310234136783], "k2_xh2h_mi_sem": [0.06346776341679161], "k2_xh2h_nimmi_syn_avg": [0.24779697650173876], "k2_xh2h_nimmi_syn_sem": [0.024334890503539555]}