{"avg_reward": 0.9775, "accuracy": 0.89, "k2_xh2h_immi_syn_avg": [0.16643417907717875], "k2_xh2h_immi_syn_sem": [0.024935005396766494], "k2_xh2h_mi_avg": [0.6963427049534116], "k2_xh2h_mi_sem": [0.06451349444191089], "k2_xh2h_nimmi_syn_avg": [0.25350066786546877], "k2_xh2h_nimmi_syn_sem": [0.024127995389061928]}