{"avg_reward": 0.9835, "accuracy": 0.91, "k2_xh2h_immi_syn_avg": [0.2522337984079218], "k2_xh2h_immi_syn_sem": [0.039281564393429856], "k2_xh2h_mi_avg": [0.8294903901448261], "k2_xh2h_mi_sem": [0.07673707198631491], "k2_xh2h_nimmi_syn_avg": [0.2820942685910855], "k2_xh2h_nimmi_syn_sem": [0.025490946878775518]}