{"avg_reward": 0.986, "accuracy": 0.92, "k2_xh2h_immi_syn_avg": [0.16583150804770247], "k2_xh2h_immi_syn_sem": [0.025373118602792986], "k2_xh2h_mi_avg": [0.6285357900443983], "k2_xh2h_mi_sem": [0.05835815725146833], "k2_xh2h_nimmi_syn_avg": [0.25049534514845395], "k2_xh2h_nimmi_syn_sem": [0.025480627893280525]}