{"avg_reward": 0.9785, "accuracy": 0.9, "k2_xh2h_immi_syn_avg": [0.2348747616572155], "k2_xh2h_immi_syn_sem": [0.04497566047429769], "k2_xh2h_mi_avg": [0.7865197643028492], "k2_xh2h_mi_sem": [0.08732724506044806], "k2_xh2h_nimmi_syn_avg": [0.2443783734319744], "k2_xh2h_nimmi_syn_sem": [0.02548630543378871]}