{"avg_reward": 0.981, "accuracy": 0.905, "k2_xh2h_immi_syn_avg": [0.15173186187373344], "k2_xh2h_immi_syn_sem": [0.02371837824656075], "k2_xh2h_mi_avg": [0.6226870566705236], "k2_xh2h_mi_sem": [0.06164630235166796], "k2_xh2h_nimmi_syn_avg": [0.2660039445612785], "k2_xh2h_nimmi_syn_sem": [0.02410261546373265]}