{"avg_reward": 0.977, "accuracy": 0.885, "k2_xh2h_immi_syn_avg": [0.18656757691352013], "k2_xh2h_immi_syn_sem": [0.025531428672886967], "k2_xh2h_mi_avg": [0.7532259302213417], "k2_xh2h_mi_sem": [0.06487111031562715], "k2_xh2h_nimmi_syn_avg": [0.25184626114847253], "k2_xh2h_nimmi_syn_sem": [0.02380123620631711]}