{"avg_reward_avg": 0.9763, "avg_reward_sem": 0.0015989579940281955, "accuracy_avg": 0.874, "accuracy_sem": 0.009333333333333341, "k2_xh2h_immi_syn_avg_avg": [0.18717641287543332], "k2_xh2h_immi_syn_avg_sem": [0.00856733930244064], "k2_xh2h_immi_syn_sem_avg": [0.024400675346251798], "k2_xh2h_immi_syn_sem_sem": [0.0011301588556672025], "k2_xh2h_mi_avg_avg": [0.6843126941609776], "k2_xh2h_mi_avg_sem": [0.027438405859534686], "k2_xh2h_mi_sem_avg": [0.05693964962709169], "k2_xh2h_mi_sem_sem": [0.0019965325921754338], "k2_xh2h_nimmi_syn_avg_avg": [0.27512433832701955], "k2_xh2h_nimmi_syn_avg_sem": [0.008425927159307948], "k2_xh2h_nimmi_syn_sem_avg": [0.021405872353097176], "k2_xh2h_nimmi_syn_sem_sem": [0.00047753082089449484]}