{"avg_reward": 0.97, "accuracy": 0.84, "k2_xh2h_immi_syn_avg": [0.18866876167898694], "k2_xh2h_immi_syn_sem": [0.01976015235913954], "k2_xh2h_mi_avg": [0.70825156027864], "k2_xh2h_mi_sem": [0.05086905843848751], "k2_xh2h_nimmi_syn_avg": [0.28774634923640463], "k2_xh2h_nimmi_syn_sem": [0.023854035596301927]}