{"avg_reward": 0.983, "accuracy": 0.91, "k2_xh2h_immi_syn_avg": [0.1677307961912961], "k2_xh2h_immi_syn_sem": [0.02614393706031683], "k2_xh2h_mi_avg": [0.6061007528667718], "k2_xh2h_mi_sem": [0.061619263446577366], "k2_xh2h_nimmi_syn_avg": [0.26790459774634245], "k2_xh2h_nimmi_syn_sem": [0.022927571603024704]}