{"avg_reward": 0.967, "accuracy": 0.82, "k2_xh2h_immi_syn_avg": [0.1584844869642526], "k2_xh2h_immi_syn_sem": [0.019021025402519993], "k2_xh2h_mi_avg": [0.6425672642131046], "k2_xh2h_mi_sem": [0.04894709129168127], "k2_xh2h_nimmi_syn_avg": [0.2570307721220145], "k2_xh2h_nimmi_syn_sem": [0.02081913004078904]}