{"avg_reward": 0.978, "accuracy": 0.88, "k2_xh2h_immi_syn_avg": [0.19813786247082574], "k2_xh2h_immi_syn_sem": [0.027444494684906603], "k2_xh2h_mi_avg": [0.6502870057639308], "k2_xh2h_mi_sem": [0.05741964539941601], "k2_xh2h_nimmi_syn_avg": [0.3006965048513771], "k2_xh2h_nimmi_syn_sem": [0.022762783181501572]}