{"avg_reward": 0.981, "accuracy": 0.9, "k2_xh2h_immi_syn_avg": [0.2236759402571968], "k2_xh2h_immi_syn_sem": [0.02946955837328029], "k2_xh2h_mi_avg": [0.768326209958733], "k2_xh2h_mi_sem": [0.06454474939459977], "k2_xh2h_nimmi_syn_avg": [0.27940646696560983], "k2_xh2h_nimmi_syn_sem": [0.021058236210188885]}