{"avg_reward": 0.981, "accuracy": 0.91, "k2_xh2h_immi_syn_avg": [0.23898867380704358], "k2_xh2h_immi_syn_sem": [0.028282863984724654], "k2_xh2h_mi_avg": [0.760820397309945], "k2_xh2h_mi_sem": [0.06888477794808999], "k2_xh2h_nimmi_syn_avg": [0.3118955947662922], "k2_xh2h_nimmi_syn_sem": [0.01855175797901686]}