{"avg_reward": 0.976, "accuracy": 0.86, "k2_xh2h_immi_syn_avg": [0.16927799529045334], "k2_xh2h_immi_syn_sem": [0.024192669674258996], "k2_xh2h_mi_avg": [0.6082514942202846], "k2_xh2h_mi_sem": [0.05316296905371974], "k2_xh2h_nimmi_syn_avg": [0.2738746174303318], "k2_xh2h_nimmi_syn_sem": [0.020555702680377555]}