{"avg_reward": 0.977, "accuracy": 0.88, "k2_xh2h_immi_syn_avg": [0.1809735546385673], "k2_xh2h_immi_syn_sem": [0.02455321616132294], "k2_xh2h_mi_avg": [0.6102057615555713], "k2_xh2h_mi_sem": [0.056489885557776565], "k2_xh2h_nimmi_syn_avg": [0.29058962220729934], "k2_xh2h_nimmi_syn_sem": [0.02075454356095702]}