{"avg_reward_avg": 0.9802, "avg_reward_sem": 0.0013605554421305711, "accuracy_avg": 0.9, "accuracy_sem": 0.007226494462892939, "k2_xh2h_immi_syn_avg_avg": [0.19117377844161193], "k2_xh2h_immi_syn_avg_sem": [0.010073874478788587], "k2_xh2h_immi_syn_sem_avg": [0.03058949226110034], "k2_xh2h_immi_syn_sem_sem": [0.0014458723747980966], "k2_xh2h_mi_avg_avg": [0.7373480020640555], "k2_xh2h_mi_avg_sem": [0.026299252831078656], "k2_xh2h_mi_sem_avg": [0.0692648369898337], "k2_xh2h_mi_sem_sem": [0.0021366919800665943], "k2_xh2h_nimmi_syn_avg_avg": [0.25491510500049247], "k2_xh2h_nimmi_syn_avg_sem": [0.0033906877523728666], "k2_xh2h_nimmi_syn_sem_avg": [0.02405229084592762], "k2_xh2h_nimmi_syn_sem_sem": [0.00046107061426884646]}