{"avg_reward": 0.984, "accuracy": 0.92, "k2_xh2h_immi_syn_avg": [0.16294496722084356], "k2_xh2h_immi_syn_sem": [0.02602899704942547], "k2_xh2h_mi_avg": [0.6714263584374597], "k2_xh2h_mi_sem": [0.0587518739841663], "k2_xh2h_nimmi_syn_avg": [0.24066167469138655], "k2_xh2h_nimmi_syn_sem": [0.024933403488411447]}