{"avg_reward": 0.977, "accuracy": 0.89, "k2_xh2h_immi_syn_avg": [0.23177545364114543], "k2_xh2h_immi_syn_sem": [0.03458679451020081], "k2_xh2h_mi_avg": [0.8576037423692449], "k2_xh2h_mi_sem": [0.07817630301267411], "k2_xh2h_nimmi_syn_avg": [0.2560881721377894], "k2_xh2h_nimmi_syn_sem": [0.023726915545076145]}