{"avg_reward": 0.9785, "accuracy": 0.89, "k2_xh2h_immi_syn_avg": [0.23274695759457756], "k2_xh2h_immi_syn_sem": [0.03859739984849422], "k2_xh2h_mi_avg": [0.833326791317778], "k2_xh2h_mi_sem": [0.0747810065813219], "k2_xh2h_nimmi_syn_avg": [0.25673099027798757], "k2_xh2h_nimmi_syn_sem": [0.02569815849189727]}