{"avg_reward": 0.9735, "accuracy": 0.86, "k2_xh2h_immi_syn_avg": [0.18695245507180003], "k2_xh2h_immi_syn_sem": [0.02657771948231455], "k2_xh2h_mi_avg": [0.8000318276797244], "k2_xh2h_mi_sem": [0.07116250154353604], "k2_xh2h_nimmi_syn_avg": [0.2436415345564673], "k2_xh2h_nimmi_syn_sem": [0.02231817124597912]}