{"avg_reward": 0.9785, "accuracy": 0.895, "k2_xh2h_immi_syn_avg": [0.2100146649759279], "k2_xh2h_immi_syn_sem": [0.034682277066524825], "k2_xh2h_mi_avg": [0.7103117260722522], "k2_xh2h_mi_sem": [0.07016472470296857], "k2_xh2h_nimmi_syn_avg": [0.2711842847112789], "k2_xh2h_nimmi_syn_sem": [0.025569022303396916]}