{"avg_reward": 0.9865, "accuracy": 0.935, "k2_xh2h_immi_syn_avg": [0.20347331999342527], "k2_xh2h_immi_syn_sem": [0.029680994093144397], "k2_xh2h_mi_avg": [0.7537403306005224], "k2_xh2h_mi_sem": [0.06557468486935751], "k2_xh2h_nimmi_syn_avg": [0.2601177789905486], "k2_xh2h_nimmi_syn_sem": [0.02367742207570473]}