{"avg_reward": 0.9865, "accuracy": 0.93, "k2_xh2h_immi_syn_avg": [0.12775169100974587], "k2_xh2h_immi_syn_sem": [0.02585251406846084], "k2_xh2h_mi_avg": [0.5981384008736039], "k2_xh2h_mi_sem": [0.06493371303097879], "k2_xh2h_nimmi_syn_avg": [0.23883018536618575], "k2_xh2h_nimmi_syn_sem": [0.02421178033491714]}