{"avg_reward": 0.9785, "accuracy": 0.885, "k2_xh2h_immi_syn_avg": [0.18068054537234038], "k2_xh2h_immi_syn_sem": [0.02605819579100993], "k2_xh2h_mi_avg": [0.6979002021449215], "k2_xh2h_mi_sem": [0.059600657247950904], "k2_xh2h_nimmi_syn_avg": [0.25478696629255615], "k2_xh2h_nimmi_syn_sem": [0.02332752073985285]}