{"avg_reward": 0.9815, "accuracy": 0.905, "k2_xh2h_immi_syn_avg": [0.19951152177559223], "k2_xh2h_immi_syn_sem": [0.03379781740760678], "k2_xh2h_mi_avg": [0.7890787015187866], "k2_xh2h_mi_sem": [0.07501311631497017], "k2_xh2h_nimmi_syn_avg": [0.2635631290344926], "k2_xh2h_nimmi_syn_sem": [0.02565130666968538]}