{"avg_reward": 1.0, "accuracy": 1.0, "k2_x2h_imin_syn_avg": [1.0, 0.06960736118322673, 0.03627402784989343], "k2_x2h_imin_syn_sem": [NaN, 0.018489339317430156, 0.021451381415136438], "k2_x2h_mi_avg": [2.0, 1.277343333141025, 0.806700069336271], "k2_x2h_mi_sem": [NaN, 0.08662727992312927, 0.046805106088970955], "k2_x2h_immi_syn_avg": [1.0, 0.15996659733039564, 0.04319131950454078], "k2_x2h_immi_syn_sem": [NaN, 0.042743782966157794, 0.022151640258892623], "k2_x2h_nimin_syn_avg": [0.5, 0.044553055603632645, 0.041938194564637224], "k2_x2h_nimin_syn_sem": [NaN, 0.011978669233667475, 0.02197510775754377], "k2_x2h_nimmi_syn_avg": [0.5, 0.10294069451656007, 0.05577277787393192], "k2_x2h_nimmi_syn_sem": [NaN, 0.027938387216873216, 0.02498575225881658], "k2_x2h_imin_red_avg": [1.0, 0.30354215250133454, 0.27859645808092864], "k2_x2h_imin_red_sem": [NaN, 0.05599295784438707, 0.04755358513096175], "k2_x2h_immi_red_avg": [1.0, 0.3939013886485035, 0.2855137497355761], "k2_x2h_immi_red_sem": [NaN, 0.0652552108119185, 0.047478623573323685], "k2_x2h_nimin_red_avg": [0.5, 0.18782788178218432, 0.3077359719577983], "k2_x2h_nimin_red_sem": [NaN, 0.03568768955522084, 0.050248359798190964], "k2_x2h_nimmi_red_avg": [0.5, 0.24621552069511177, 0.3215705552670931], "k2_x2h_nimmi_red_sem": [NaN, 0.04202307766119074, 0.05150992418029589], "k2_x2h_tuples_syn": [{"imin_syn_0_1": 1.0, "mi_0_1": 2.0, "immi_syn_0_1": 1.0, "nimin_syn_0_1": 0.5, "nimmi_syn_0_1": 0.5}, {"imin_syn_0_1": 1.1102230246251565e-16, "mi_0_1": 0.8112781244591329, "immi_syn_0_1": 0.0, "nimin_syn_0_1": 1.3684863318178654e-16, "nimmi_syn_0_1": 0.0, "imin_syn_0_2": 0.0, "mi_0_2": 1.5, "immi_syn_0_2": 0.0, "nimin_syn_0_2": 0.0, "nimmi_syn_0_2": 0.0, "imin_syn_0_3": 1.1102230246251565e-16, "mi_0_3": 0.8112781244591329, "immi_syn_0_3": 0.0, "nimin_syn_0_3": 1.3684863318178654e-16, "nimmi_syn_0_3": 0.0, "imin_syn_0_4": 0.0, "mi_0_4": 0.8112781244591329, "immi_syn_0_4": 0.0, "nimin_syn_0_4": 0.0, "nimmi_syn_0_4": 0.0, "imin_syn_0_5": 0.0, "mi_0_5": 2.0, "immi_syn_0_5": 0.0, "nimin_syn_0_5": 0.0, "nimmi_syn_0_5": 0.0, "imin_syn_0_6": 0.0, "mi_0_6": 0.8112781244591329, "immi_syn_0_6": 0.0, "nimin_syn_0_6": 0.0, "nimmi_syn_0_6": 0.0, "imin_syn_0_7": 0.0, "mi_0_7": 0.0, "immi_syn_0_7": 0.0, "nimin_syn_0_7": 0, "nimmi_syn_0_7": 0, "imin_syn_0_8": 0.0, "mi_0_8": 0.0, "immi_syn_0_8": 0.0, "nimin_syn_0_8": 0, "nimmi_syn_0_8": 0, "imin_syn_0_9": 0.0, "mi_0_9": 0.8112781244591329, "immi_syn_0_9": 0.0, "nimin_syn_0_9": 0.0, "nimmi_syn_0_9": 0.0, "imin_syn_1_2": 0.25, "mi_1_2": 2.0, "immi_syn_1_2": 0.5, "nimin_syn_1_2": 0.125, "nimmi_syn_1_2": 0.25, "imin_syn_1_3": 0.29248125036057804, "mi_1_3": 1.5, "immi_syn_1_3": 0.6887218755408671, "nimin_syn_1_3": 0.19498750024038536, "nimmi_syn_1_3": 0.4591479170272447, "imin_syn_1_4": 0.29248125036057804, "mi_1_4": 1.5, "immi_syn_1_4": 0.6887218755408671, "nimin_syn_1_4": 0.19498750024038536, "nimmi_syn_1_4": 0.4591479170272447, "imin_syn_1_5": 0.0, "mi_1_5": 2.0, "immi_syn_1_5": 0.0, "nimin_syn_1_5": 0.0, "nimmi_syn_1_5": 0.0, "imin_syn_1_6": 0.29248125036057804, "mi_1_6": 1.5, "immi_syn_1_6": 0.6887218755408671, "nimin_syn_1_6": 0.19498750024038536, "nimmi_syn_1_6": 0.4591479170272447, "imin_syn_1_7": 1.1102230246251565e-16, "mi_1_7": 0.8112781244591329, "immi_syn_1_7": 0.0, "nimin_syn_1_7": 1.3684863318178654e-16, "nimmi_syn_1_7": 0.0, "imin_syn_1_8": 1.1102230246251565e-16, "mi_1_8": 0.8112781244591329, "immi_syn_1_8": 0.0, "nimin_syn_1_8": 1.3684863318178654e-16, "nimmi_syn_1_8": 0.0, "imin_syn_1_9": 0.29248125036057804, "mi_1_9": 1.5, "immi_syn_1_9": 0.6887218755408671, "nimin_syn_1_9": 0.19498750024038536, "nimmi_syn_1_9": 0.4591479170272447, "imin_syn_2_3": 0.0, "mi_2_3": 1.5, "immi_syn_2_3": 0.0, "nimin_syn_2_3": 0.0, "nimmi_syn_2_3": 0.0, "imin_syn_2_4": 0.25, "mi_2_4": 2.0, "immi_syn_2_4": 0.5, "nimin_syn_2_4": 0.125, "nimmi_syn_2_4": 0.25, "imin_syn_2_5": 0.0, "mi_2_5": 2.0, "immi_syn_2_5": 0.0, "nimin_syn_2_5": 0.0, "nimmi_syn_2_5": 0.0, "imin_syn_2_6": 0.0, "mi_2_6": 1.5, "immi_syn_2_6": 0.0, "nimin_syn_2_6": 0.0, "nimmi_syn_2_6": 0.0, "imin_syn_2_7": 0.0, "mi_2_7": 1.5, "immi_syn_2_7": 0.0, "nimin_syn_2_7": 0.0, "nimmi_syn_2_7": 0.0, "imin_syn_2_8": 0.0, "mi_2_8": 1.5, "immi_syn_2_8": 0.0, "nimin_syn_2_8": 0.0, "nimmi_syn_2_8": 0.0, "imin_syn_2_9": 0.0, "mi_2_9": 1.5, "immi_syn_2_9": 0.0, "nimin_syn_2_9": 0.0, "nimmi_syn_2_9": 0.0, "imin_syn_3_4": 0.29248125036057804, "mi_3_4": 1.5, "immi_syn_3_4": 0.6887218755408671, "nimin_syn_3_4": 0.19498750024038536, "nimmi_syn_3_4": 0.4591479170272447, "imin_syn_3_5": 0.0, "mi_3_5": 2.0, "immi_syn_3_5": 0.0, "nimin_syn_3_5": 0.0, "nimmi_syn_3_5": 0.0, "imin_syn_3_6": 0.29248125036057804, "mi_3_6": 1.5, "immi_syn_3_6": 0.6887218755408671, "nimin_syn_3_6": 0.19498750024038536, "nimmi_syn_3_6": 0.4591479170272447, "imin_syn_3_7": 1.1102230246251565e-16, "mi_3_7": 0.8112781244591329, "immi_syn_3_7": 0.0, "nimin_syn_3_7": 1.3684863318178654e-16, "nimmi_syn_3_7": 0.0, "imin_syn_3_8": 1.1102230246251565e-16, "mi_3_8": 0.8112781244591329, "immi_syn_3_8": 0.0, "nimin_syn_3_8": 1.3684863318178654e-16, "nimmi_syn_3_8": 0.0, "imin_syn_3_9": 0.29248125036057804, "mi_3_9": 1.5, "immi_syn_3_9": 0.6887218755408671, "nimin_syn_3_9": 0.19498750024038536, "nimmi_syn_3_9": 0.4591479170272447, "imin_syn_4_5": 0.0, "mi_4_5": 2.0, "immi_syn_4_5": 0.0, "nimin_syn_4_5": 0.0, "nimmi_syn_4_5": 0.0, "imin_syn_4_6": 0.29248125036057804, "mi_4_6": 1.5, "immi_syn_4_6": 0.6887218755408671, "nimin_syn_4_6": 0.19498750024038536, "nimmi_syn_4_6": 0.4591479170272447, "imin_syn_4_7": 0.0, "mi_4_7": 0.8112781244591329, "immi_syn_4_7": 0.0, "nimin_syn_4_7": 0.0, "nimmi_syn_4_7": 0.0, "imin_syn_4_8": 0.0, "mi_4_8": 0.8112781244591329, "immi_syn_4_8": 0.0, "nimin_syn_4_8": 0.0, "nimmi_syn_4_8": 0.0, "imin_syn_4_9": 0.29248125036057804, "mi_4_9": 1.5, "immi_syn_4_9": 0.6887218755408671, "nimin_syn_4_9": 0.19498750024038536, "nimmi_syn_4_9": 0.4591479170272447, "imin_syn_5_6": 0.0, "mi_5_6": 2.0, "immi_syn_5_6": 0.0, "nimin_syn_5_6": 0.0, "nimmi_syn_5_6": 0.0, "imin_syn_5_7": 0.0, "mi_5_7": 2.0, "immi_syn_5_7": 0.0, "nimin_syn_5_7": 0.0, "nimmi_syn_5_7": 0.0, "imin_syn_5_8": 0.0, "mi_5_8": 2.0, "immi_syn_5_8": 0.0, "nimin_syn_5_8": 0.0, "nimmi_syn_5_8": 0.0, "imin_syn_5_9": 0.0, "mi_5_9": 2.0, "immi_syn_5_9": 0.0, "nimin_syn_5_9": 0.0, "nimmi_syn_5_9": 0.0, "imin_syn_6_7": 0.0, "mi_6_7": 0.8112781244591329, "immi_syn_6_7": 0.0, "nimin_syn_6_7": 0.0, "nimmi_syn_6_7": 0.0, "imin_syn_6_8": 0.0, "mi_6_8": 0.8112781244591329, "immi_syn_6_8": 0.0, "nimin_syn_6_8": 0.0, "nimmi_syn_6_8": 0.0, "imin_syn_6_9": 0.0, "mi_6_9": 0.8112781244591329, "immi_syn_6_9": 0.0, "nimin_syn_6_9": 0.0, "nimmi_syn_6_9": 0.0, "imin_syn_7_8": 0.0, "mi_7_8": 0.0, "immi_syn_7_8": 0.0, "nimin_syn_7_8": 0, "nimmi_syn_7_8": 0, "imin_syn_7_9": 0.0, "mi_7_9": 0.8112781244591329, "immi_syn_7_9": 0.0, "nimin_syn_7_9": 0.0, "nimmi_syn_7_9": 0.0, "imin_syn_8_9": 0.0, "mi_8_9": 0.8112781244591329, "immi_syn_8_9": 0.0, "nimin_syn_8_9": 0.0, "nimmi_syn_8_9": 0.0}, {"imin_syn_0_1": 0.0, "mi_0_1": 1.0, "immi_syn_0_1": 0.0, "nimin_syn_0_1": 0.0, "nimmi_syn_0_1": 0.0, "imin_syn_0_2": 1.1102230246251565e-16, "mi_0_2": 0.31127812445913294, "immi_syn_0_2": 0.0, "nimin_syn_0_2": 3.566659322926226e-16, "nimmi_syn_0_2": 0.0, "imin_syn_0_3": 1.1102230246251565e-16, "mi_0_3": 0.31127812445913294, "immi_syn_0_3": 0.0, "nimin_syn_0_3": 3.566659322926226e-16, "nimmi_syn_0_3": 0.0, "imin_syn_0_4": 0.0, "mi_0_4": 1.0, "immi_syn_0_4": 0.0, "nimin_syn_0_4": 0.0, "nimmi_syn_0_4": 0.0, "imin_syn_0_5": 1.1102230246251565e-16, "mi_0_5": 0.31127812445913294, "immi_syn_0_5": 0.0, "nimin_syn_0_5": 3.566659322926226e-16, "nimmi_syn_0_5": 0.0, "imin_syn_0_6": 0.0, "mi_0_6": 1.0, "immi_syn_0_6": 0.0, "nimin_syn_0_6": 0.0, "nimmi_syn_0_6": 0.0, "imin_syn_0_7": 0.0, "mi_0_7": 0.0, "immi_syn_0_7": 0.0, "nimin_syn_0_7": 0, "nimmi_syn_0_7": 0, "imin_syn_0_8": 0.0, "mi_0_8": 1.0, "immi_syn_0_8": 0.0, "nimin_syn_0_8": 0.0, "nimmi_syn_0_8": 0.0,