{"avg_reward": 1.0, "accuracy": 1.0, "k2_x2h_imin_syn_avg": [1.0, 0.09749375012019268, 0.0018880555715812598], "k2_x2h_imin_syn_sem": [NaN, 0.02078573736581996, 0.0018880555715812498], "k2_x2h_mi_avg": [2.0, 0.9867668746754801, 0.9054469443963673], "k2_x2h_mi_sem": [NaN, 0.062376141304687494, 0.03723416667643187], "k2_x2h_immi_syn_avg": [1.0, 0.2295739585136224, 0.004193819456463712], "k2_x2h_immi_syn_sem": [NaN, 0.04894533241169747, 0.004193819456463711], "k2_x2h_nimin_syn_avg": [0.5, 0.06499583341346178, 0.0037761111431625317], "k2_x2h_nimin_syn_sem": [NaN, 0.013857158243879973, 0.0037761111431624983], "k2_x2h_nimmi_syn_avg": [0.5, 0.15304930567574826, 0.008387638912927424], "k2_x2h_nimmi_syn_sem": [NaN, 0.03263022160779831, 0.008387638912927422], "k2_x2h_imin_red_avg": [1.0, 0.24651624968749897, 0.420952360958867], "k2_x2h_imin_red_sem": [NaN, 0.04379828243294544, 0.06447829805522722], "k2_x2h_immi_red_avg": [1.0, 0.3785964580809287, 0.42325812484374953], "k2_x2h_immi_red_sem": [NaN, 0.06101634400405692, 0.0643459247722148], "k2_x2h_nimin_red_avg": [0.5, 0.2255638887286319, 0.425563888728632], "k2_x2h_nimin_red_sem": [NaN, 0.04953733474510238, 0.06429602043416056], "k2_x2h_nimmi_red_avg": [0.5, 0.31361736099091847, 0.43017541649839686], "k2_x2h_nimmi_red_sem": [NaN, 0.054872678270153054, 0.06444406833824115], "k2_x2h_tuples_syn": [{"imin_syn_0_1": 1.0, "mi_0_1": 2.0, "immi_syn_0_1": 1.0, "nimin_syn_0_1": 0.5, "nimmi_syn_0_1": 0.5}, {"imin_syn_0_1": 0.0, "mi_0_1": 0.8112781244591329, "immi_syn_0_1": 0.0, "nimin_syn_0_1": 0.0, "nimmi_syn_0_1": 0.0, "imin_syn_0_2": 0.0, "mi_0_2": 0.8112781244591329, "immi_syn_0_2": 0.0, "nimin_syn_0_2": 0.0, "nimmi_syn_0_2": 0.0, "imin_syn_0_3": 0.29248125036057804, "mi_0_3": 1.5, "immi_syn_0_3": 0.6887218755408671, "nimin_syn_0_3": 0.19498750024038536, "nimmi_syn_0_3": 0.4591479170272447, "imin_syn_0_4": 0.29248125036057804, "mi_0_4": 1.5, "immi_syn_0_4": 0.6887218755408671, "nimin_syn_0_4": 0.19498750024038536, "nimmi_syn_0_4": 0.4591479170272447, "imin_syn_0_5": 0.0, "mi_0_5": 0.8112781244591329, "immi_syn_0_5": 0.0, "nimin_syn_0_5": 0.0, "nimmi_syn_0_5": 0.0, "imin_syn_0_6": 0.0, "mi_0_6": 0.8112781244591329, "immi_syn_0_6": 0.0, "nimin_syn_0_6": 0.0, "nimmi_syn_0_6": 0.0, "imin_syn_0_7": 0.0, "mi_0_7": 0.8112781244591329, "immi_syn_0_7": 0.0, "nimin_syn_0_7": 0.0, "nimmi_syn_0_7": 0.0, "imin_syn_0_8": 0.29248125036057804, "mi_0_8": 1.5, "immi_syn_0_8": 0.6887218755408671, "nimin_syn_0_8": 0.19498750024038536, "nimmi_syn_0_8": 0.4591479170272447, "imin_syn_0_9": 0.29248125036057804, "mi_0_9": 1.5, "immi_syn_0_9": 0.6887218755408671, "nimin_syn_0_9": 0.19498750024038536, "nimmi_syn_0_9": 0.4591479170272447, "imin_syn_1_2": 0.0, "mi_1_2": 0.8112781244591329, "immi_syn_1_2": 0.0, "nimin_syn_1_2": 0.0, "nimmi_syn_1_2": 0.0, "imin_syn_1_3": 0.0, "mi_1_3": 0.8112781244591329, "immi_syn_1_3": 0.0, "nimin_syn_1_3": 0.0, "nimmi_syn_1_3": 0.0, "imin_syn_1_4": 0.0, "mi_1_4": 0.8112781244591329, "immi_syn_1_4": 0.0, "nimin_syn_1_4": 0.0, "nimmi_syn_1_4": 0.0, "imin_syn_1_5": 0.0, "mi_1_5": 0.0, "immi_syn_1_5": 0.0, "nimin_syn_1_5": 0, "nimmi_syn_1_5": 0, "imin_syn_1_6": 0.0, "mi_1_6": 0.0, "immi_syn_1_6": 0.0, "nimin_syn_1_6": 0, "nimmi_syn_1_6": 0, "imin_syn_1_7": 0.0, "mi_1_7": 0.8112781244591329, "immi_syn_1_7": 0.0, "nimin_syn_1_7": 0.0, "nimmi_syn_1_7": 0.0, "imin_syn_1_8": 1.1102230246251565e-16, "mi_1_8": 0.8112781244591329, "immi_syn_1_8": 0.0, "nimin_syn_1_8": 1.3684863318178654e-16, "nimmi_syn_1_8": 0.0, "imin_syn_1_9": 0.0, "mi_1_9": 0.8112781244591329, "immi_syn_1_9": 0.0, "nimin_syn_1_9": 0.0, "nimmi_syn_1_9": 0.0, "imin_syn_2_3": 0.29248125036057804, "mi_2_3": 1.5, "immi_syn_2_3": 0.6887218755408671, "nimin_syn_2_3": 0.19498750024038536, "nimmi_syn_2_3": 0.4591479170272447, "imin_syn_2_4": 0.29248125036057804, "mi_2_4": 1.5, "immi_syn_2_4": 0.6887218755408671, "nimin_syn_2_4": 0.19498750024038536, "nimmi_syn_2_4": 0.4591479170272447, "imin_syn_2_5": 0.0, "mi_2_5": 0.8112781244591329, "immi_syn_2_5": 0.0, "nimin_syn_2_5": 0.0, "nimmi_syn_2_5": 0.0, "imin_syn_2_6": 0.0, "mi_2_6": 0.8112781244591329, "immi_syn_2_6": 0.0, "nimin_syn_2_6": 0.0, "nimmi_syn_2_6": 0.0, "imin_syn_2_7": 0.0, "mi_2_7": 0.8112781244591329, "immi_syn_2_7": 0.0, "nimin_syn_2_7": 0.0, "nimmi_syn_2_7": 0.0, "imin_syn_2_8": 0.29248125036057804, "mi_2_8": 1.5, "immi_syn_2_8": 0.6887218755408671, "nimin_syn_2_8": 0.19498750024038536, "nimmi_syn_2_8": 0.4591479170272447, "imin_syn_2_9": 0.29248125036057804, "mi_2_9": 1.5, "immi_syn_2_9": 0.6887218755408671, "nimin_syn_2_9": 0.19498750024038536, "nimmi_syn_2_9": 0.4591479170272447, "imin_syn_3_4": 0.0, "mi_3_4": 0.8112781244591329, "immi_syn_3_4": 0.0, "nimin_syn_3_4": 0.0, "nimmi_syn_3_4": 0.0, "imin_syn_3_5": 0.0, "mi_3_5": 0.8112781244591329, "immi_syn_3_5": 0.0, "nimin_syn_3_5": 0.0, "nimmi_syn_3_5": 0.0, "imin_syn_3_6": 0.0, "mi_3_6": 0.8112781244591329, "immi_syn_3_6": 0.0, "nimin_syn_3_6": 0.0, "nimmi_syn_3_6": 0.0, "imin_syn_3_7": 0.29248125036057804, "mi_3_7": 1.5, "immi_syn_3_7": 0.6887218755408671, "nimin_syn_3_7": 0.19498750024038536, "nimmi_syn_3_7": 0.4591479170272447, "imin_syn_3_8": 0.29248125036057804, "mi_3_8": 1.5, "immi_syn_3_8": 0.6887218755408671, "nimin_syn_3_8": 0.19498750024038536, "nimmi_syn_3_8": 0.4591479170272447, "imin_syn_3_9": 0.0, "mi_3_9": 0.8112781244591329, "immi_syn_3_9": 0.0, "nimin_syn_3_9": 0.0, "nimmi_syn_3_9": 0.0, "imin_syn_4_5": 0.0, "mi_4_5": 0.8112781244591329, "immi_syn_4_5": 0.0, "nimin_syn_4_5": 0.0, "nimmi_syn_4_5": 0.0, "imin_syn_4_6": 0.0, "mi_4_6": 0.8112781244591329, "immi_syn_4_6": 0.0, "nimin_syn_4_6": 0.0, "nimmi_syn_4_6": 0.0, "imin_syn_4_7": 0.29248125036057804, "mi_4_7": 1.5, "immi_syn_4_7": 0.6887218755408671, "nimin_syn_4_7": 0.19498750024038536, "nimmi_syn_4_7": 0.4591479170272447, "imin_syn_4_8": 0.29248125036057804, "mi_4_8": 1.5, "immi_syn_4_8": 0.6887218755408671, "nimin_syn_4_8": 0.19498750024038536, "nimmi_syn_4_8": 0.4591479170272447, "imin_syn_4_9": 0.0, "mi_4_9": 0.8112781244591329, "immi_syn_4_9": 0.0, "nimin_syn_4_9": 0.0, "nimmi_syn_4_9": 0.0, "imin_syn_5_6": 0.0, "mi_5_6": 0.0, "immi_syn_5_6": 0.0, "nimin_syn_5_6": 0, "nimmi_syn_5_6": 0, "imin_syn_5_7": 0.0, "mi_5_7": 0.8112781244591329, "immi_syn_5_7": 0.0, "nimin_syn_5_7": 0.0, "nimmi_syn_5_7": 0.0, "imin_syn_5_8": 1.1102230246251565e-16, "mi_5_8": 0.8112781244591329, "immi_syn_5_8": 0.0, "nimin_syn_5_8": 1.3684863318178654e-16, "nimmi_syn_5_8": 0.0, "imin_syn_5_9": 0.0, "mi_5_9": 0.8112781244591329, "immi_syn_5_9": 0.0, "nimin_syn_5_9": 0.0, "nimmi_syn_5_9": 0.0, "imin_syn_6_7": 0.0, "mi_6_7": 0.8112781244591329, "immi_syn_6_7": 0.0, "nimin_syn_6_7": 0.0, "nimmi_syn_6_7": 0.0, "imin_syn_6_8": 1.1102230246251565e-16, "mi_6_8": 0.8112781244591329, "immi_syn_6_8": 0.0, "nimin_syn_6_8": 1.3684863318178654e-16, "nimmi_syn_6_8": 0.0, "imin_syn_6_9": 0.0, "mi_6_9": 0.8112781244591329, "immi_syn_6_9": 0.0, "nimin_syn_6_9": 0.0, "nimmi_syn_6_9": 0.0, "imin_syn_7_8": 0.29248125036057804, "mi_7_8": 1.5, "immi_syn_7_8": 0.6887218755408671, "nimin_syn_7_8": 0.19498750024038536, "nimmi_syn_7_8": 0.4591479170272447, "imin_syn_7_9": 0.29248125036057804, "mi_7_9": 1.5, "immi_syn_7_9": 0.6887218755408671, "nimin_syn_7_9": 0.19498750024038536, "nimmi_syn_7_9": 0.4591479170272447, "imin_syn_8_9": 0.29248125036057804, "mi_8_9": 1.5, "immi_syn_8_9": 0.6887218755408671, "nimin_syn_8_9": 0.19498750024038536, "nimmi_syn_8_9": 0.4591479170272447}, {"imin_syn_0_1": 0.0, "mi_0_1": 1.0, "immi_syn_0_1": 0.0, "nimin_syn_0_1": 0.0, "nimmi_syn_0_1": 0.0, "imin_syn_0_2": 0.0, "mi_0_2": 1.0, "immi_syn_0_2": 0.0, "nimin_syn_0_2": 0.0, "nimmi_syn_0_2": 0.0, "imin_syn_0_3": 0.0, "mi_0_3": 1.0, "immi_syn_0_3": 0.0, "nimin_syn_0_3": 0.0, "nimmi_syn_0_3": 0.0, "imin_syn_0_4": 0.0, "mi_0_4": 1.0, "immi_syn_0_4": 0.0, "nimin_syn_0_4": 0.0, "nimmi_syn_0_4": 0.0, "imin_syn_0_5": 0.0, "mi_0_5": 1.0, "immi_syn_0_5": 0.0, "nimin_syn_0_5": 0.0, "nimmi_syn_0_5": 0.0, "imin_syn_0_6": 0.0, "mi_0_6": 1.0,