{"avg_reward": 1.0, "accuracy": 1.0, "k2_x2h_imin_syn_avg": [0.5, 0.011111111111111112, 2.4671622769447922e-17], "k2_x2h_imin_syn_sem": [NaN, 0.007766947726883686, 6.958336065587406e-18], "k2_x2h_mi_avg": [1.5, 0.4926482637085999, 0.7247284721020294], "k2_x2h_mi_sem": [NaN, 0.07265171829952467, 0.04541352969581981], "k2_x2h_immi_syn_avg": [0.5, 0.022222222222222223, 0.0], "k2_x2h_immi_syn_sem": [NaN, 0.015533895453767372, 0.0], "k2_x2h_nimin_syn_avg": [0.3333333333333333, 0.007407407407407407, 7.925909606502725e-17], "k2_x2h_nimin_syn_sem": [NaN, 0.0051779651512557905, 2.235407990098241e-17], "k2_x2h_nimmi_syn_avg": [0.3333333333333333, 0.014814814814814814, 0.0], "k2_x2h_nimmi_syn_sem": [NaN, 0.010355930302511581, 0.0], "k2_x2h_imin_red_avg": [0.5, 0.04297409718616442, 0.3242940274652767], "k2_x2h_imin_red_sem": [NaN, 0.024670901304356237, 0.035793657447739026], "k2_x2h_immi_red_avg": [0.5, 0.054085208297275526, 0.3242940274652768], "k2_x2h_immi_red_sem": [NaN, 0.03050817200202846, 0.035793657447739026], "k2_x2h_nimin_red_avg": [0.3333333333333333, 0.03885268516915949, 0.48257305521901595], "k2_x2h_nimin_red_sem": [NaN, 0.024742109751729257, 0.05165877359398885], "k2_x2h_nimmi_red_avg": [0.3333333333333333, 0.04626009257656691, 0.482573055219016], "k2_x2h_nimmi_red_sem": [NaN, 0.027420611983591515, 0.05165877359398886], "k2_x2h_tuples_syn": [{"imin_syn_0_1": 0.5, "mi_0_1": 1.5, "immi_syn_0_1": 0.5, "nimin_syn_0_1": 0.3333333333333333, "nimmi_syn_0_1": 0.3333333333333333}, {"imin_syn_0_1": 0.0, "mi_0_1": 0.0, "immi_syn_0_1": 0.0, "nimin_syn_0_1": 0, "nimmi_syn_0_1": 0, "imin_syn_0_2": 0.0, "mi_0_2": 1.0, "immi_syn_0_2": 0.0, "nimin_syn_0_2": 0.0, "nimmi_syn_0_2": 0.0, "imin_syn_0_3": 0.0, "mi_0_3": 0.0, "immi_syn_0_3": 0.0, "nimin_syn_0_3": 0, "nimmi_syn_0_3": 0, "imin_syn_0_4": 0.0, "mi_0_4": 0.8112781244591329, "immi_syn_0_4": 0.0, "nimin_syn_0_4": 0.0, "nimmi_syn_0_4": 0.0, "imin_syn_0_5": 0.0, "mi_0_5": 0.0, "immi_syn_0_5": 0.0, "nimin_syn_0_5": 0, "nimmi_syn_0_5": 0, "imin_syn_0_6": 0.0, "mi_0_6": 0.8112781244591329, "immi_syn_0_6": 0.0, "nimin_syn_0_6": 0.0, "nimmi_syn_0_6": 0.0, "imin_syn_0_7": 0.0, "mi_0_7": 0.0, "immi_syn_0_7": 0.0, "nimin_syn_0_7": 0, "nimmi_syn_0_7": 0, "imin_syn_0_8": 0.0, "mi_0_8": 0.0, "immi_syn_0_8": 0.0, "nimin_syn_0_8": 0, "nimmi_syn_0_8": 0, "imin_syn_0_9": 0.0, "mi_0_9": 0.0, "immi_syn_0_9": 0.0, "nimin_syn_0_9": 0, "nimmi_syn_0_9": 0, "imin_syn_1_2": 0.0, "mi_1_2": 1.0, "immi_syn_1_2": 0.0, "nimin_syn_1_2": 0.0, "nimmi_syn_1_2": 0.0, "imin_syn_1_3": 0.0, "mi_1_3": 0.0, "immi_syn_1_3": 0.0, "nimin_syn_1_3": 0, "nimmi_syn_1_3": 0, "imin_syn_1_4": 0.0, "mi_1_4": 0.8112781244591329, "immi_syn_1_4": 0.0, "nimin_syn_1_4": 0.0, "nimmi_syn_1_4": 0.0, "imin_syn_1_5": 0.0, "mi_1_5": 0.0, "immi_syn_1_5": 0.0, "nimin_syn_1_5": 0, "nimmi_syn_1_5": 0, "imin_syn_1_6": 0.0, "mi_1_6": 0.8112781244591329, "immi_syn_1_6": 0.0, "nimin_syn_1_6": 0.0, "nimmi_syn_1_6": 0.0, "imin_syn_1_7": 0.0, "mi_1_7": 0.0, "immi_syn_1_7": 0.0, "nimin_syn_1_7": 0, "nimmi_syn_1_7": 0, "imin_syn_1_8": 0.0, "mi_1_8": 0.0, "immi_syn_1_8": 0.0, "nimin_syn_1_8": 0, "nimmi_syn_1_8": 0, "imin_syn_1_9": 0.0, "mi_1_9": 0.0, "immi_syn_1_9": 0.0, "nimin_syn_1_9": 0, "nimmi_syn_1_9": 0, "imin_syn_2_3": 0.0, "mi_2_3": 1.0, "immi_syn_2_3": 0.0, "nimin_syn_2_3": 0.0, "nimmi_syn_2_3": 0.0, "imin_syn_2_4": 0.25, "mi_2_4": 1.5, "immi_syn_2_4": 0.5, "nimin_syn_2_4": 0.16666666666666666, "nimmi_syn_2_4": 0.3333333333333333, "imin_syn_2_5": 0.0, "mi_2_5": 1.0, "immi_syn_2_5": 0.0, "nimin_syn_2_5": 0.0, "nimmi_syn_2_5": 0.0, "imin_syn_2_6": 0.25, "mi_2_6": 1.5, "immi_syn_2_6": 0.5, "nimin_syn_2_6": 0.16666666666666666, "nimmi_syn_2_6": 0.3333333333333333, "imin_syn_2_7": 0.0, "mi_2_7": 1.0, "immi_syn_2_7": 0.0, "nimin_syn_2_7": 0.0, "nimmi_syn_2_7": 0.0, "imin_syn_2_8": 0.0, "mi_2_8": 1.0, "immi_syn_2_8": 0.0, "nimin_syn_2_8": 0.0, "nimmi_syn_2_8": 0.0, "imin_syn_2_9": 0.0, "mi_2_9": 1.0, "immi_syn_2_9": 0.0, "nimin_syn_2_9": 0.0, "nimmi_syn_2_9": 0.0, "imin_syn_3_4": 0.0, "mi_3_4": 0.8112781244591329, "immi_syn_3_4": 0.0, "nimin_syn_3_4": 0.0, "nimmi_syn_3_4": 0.0, "imin_syn_3_5": 0.0, "mi_3_5": 0.0, "immi_syn_3_5": 0.0, "nimin_syn_3_5": 0, "nimmi_syn_3_5": 0, "imin_syn_3_6": 0.0, "mi_3_6": 0.8112781244591329, "immi_syn_3_6": 0.0, "nimin_syn_3_6": 0.0, "nimmi_syn_3_6": 0.0, "imin_syn_3_7": 0.0, "mi_3_7": 0.0, "immi_syn_3_7": 0.0, "nimin_syn_3_7": 0, "nimmi_syn_3_7": 0, "imin_syn_3_8": 0.0, "mi_3_8": 0.0, "immi_syn_3_8": 0.0, "nimin_syn_3_8": 0, "nimmi_syn_3_8": 0, "imin_syn_3_9": 0.0, "mi_3_9": 0.0, "immi_syn_3_9": 0.0, "nimin_syn_3_9": 0, "nimmi_syn_3_9": 0, "imin_syn_4_5": 0.0, "mi_4_5": 0.8112781244591329, "immi_syn_4_5": 0.0, "nimin_syn_4_5": 0.0, "nimmi_syn_4_5": 0.0, "imin_syn_4_6": 0.0, "mi_4_6": 0.8112781244591329, "immi_syn_4_6": 0.0, "nimin_syn_4_6": 0.0, "nimmi_syn_4_6": 0.0, "imin_syn_4_7": 0.0, "mi_4_7": 0.8112781244591329, "immi_syn_4_7": 0.0, "nimin_syn_4_7": 0.0, "nimmi_syn_4_7": 0.0, "imin_syn_4_8": 0.0, "mi_4_8": 0.8112781244591329, "immi_syn_4_8": 0.0, "nimin_syn_4_8": 0.0, "nimmi_syn_4_8": 0.0, "imin_syn_4_9": 0.0, "mi_4_9": 0.8112781244591329, "immi_syn_4_9": 0.0, "nimin_syn_4_9": 0.0, "nimmi_syn_4_9": 0.0, "imin_syn_5_6": 0.0, "mi_5_6": 0.8112781244591329, "immi_syn_5_6": 0.0, "nimin_syn_5_6": 0.0, "nimmi_syn_5_6": 0.0, "imin_syn_5_7": 0.0, "mi_5_7": 0.0, "immi_syn_5_7": 0.0, "nimin_syn_5_7": 0, "nimmi_syn_5_7": 0, "imin_syn_5_8": 0.0, "mi_5_8": 0.0, "immi_syn_5_8": 0.0, "nimin_syn_5_8": 0, "nimmi_syn_5_8": 0, "imin_syn_5_9": 0.0, "mi_5_9": 0.0, "immi_syn_5_9": 0.0, "nimin_syn_5_9": 0, "nimmi_syn_5_9": 0, "imin_syn_6_7": 0.0, "mi_6_7": 0.8112781244591329, "immi_syn_6_7": 0.0, "nimin_syn_6_7": 0.0, "nimmi_syn_6_7": 0.0, "imin_syn_6_8": 0.0, "mi_6_8": 0.8112781244591329, "immi_syn_6_8": 0.0, "nimin_syn_6_8": 0.0, "nimmi_syn_6_8": 0.0, "imin_syn_6_9": 0.0, "mi_6_9": 0.8112781244591329, "immi_syn_6_9": 0.0, "nimin_syn_6_9": 0.0, "nimmi_syn_6_9": 0.0, "imin_syn_7_8": 0.0, "mi_7_8": 0.0, "immi_syn_7_8": 0.0, "nimin_syn_7_8": 0, "nimmi_syn_7_8": 0, "imin_syn_7_9": 0.0, "mi_7_9": 0.0, "immi_syn_7_9": 0.0, "nimin_syn_7_9": 0, "nimmi_syn_7_9": 0, "imin_syn_8_9": 0.0, "mi_8_9": 0.0, "immi_syn_8_9": 0.0, "nimin_syn_8_9": 0, "nimmi_syn_8_9": 0}, {"imin_syn_0_1": 0.0, "mi_0_1": 1.0, "immi_syn_0_1": 0.0, "nimin_syn_0_1": 0.0, "nimmi_syn_0_1": 0.0, "imin_syn_0_2": 0.0, "mi_0_2": 1.0, "immi_syn_0_2": 0.0, "nimin_syn_0_2": 0.0, "nimmi_syn_0_2": 0.0, "imin_syn_0_3": 0.0, "mi_0_3": 1.0, "immi_syn_0_3": 0.0, "nimin_syn_0_3": 0.0, "nimmi_syn_0_3": 0.0, "imin_syn_0_4": 1.1102230246251565e-16, "mi_0_4": 0.31127812445913294, "immi_syn_0_4": 0.0, "nimin_syn_0_4": 3.566659322926226e-16, "nimmi_syn_0_4": 0.0, "imin_syn_0_5": 0.0, "mi_0_5": 0.5, "immi_syn_0_5": 0.0, "nimin_syn_0_5": 0.0, "nimmi_syn_0_5": 0.0, "imin_syn_0_6": 1.1102230246251565e-16, "mi_0_6": 0.31127812445913294, "immi_syn_0_6": 0.0, "nimin_syn_0_6": 3.566659322926226e-16, "nimmi_syn_0_6": 0.0, "imin_syn_0_7": 1.1102230246251565e-16, "mi_0_7": 0.31127812445913294, "immi_syn_0_7": 0.0, "nimin_syn_0_7": 3.566659322926226e-16, "nimmi_syn_0_7": 0.0, "imin_syn_0_8": 1.1102230246251565e-16, "mi_0_8": 0.31127812445913294, "immi_syn_0_8": 0.0, "nimin_syn_0_8": 3.566659322926226e-16, "nimmi_syn_0_8": 0.0, "imin_syn_0_9": 0.0, "mi_0_9": 0.5, "immi_syn_0_9": 0.0, "nimin_syn_0_9": 0.0, "nimmi_syn_0_9": 0.0, "imin_syn_1_2": 0.0, "mi_1_2": 1.0, "immi_syn_1_2": 0.0, "nimin_syn_1_2": 0.0, "nimmi_syn_1_2": 0.0, "imin_syn_1_3": 0.0, "mi_1_3": 1.0, "immi_syn_1_3": 0.0, "nimin_syn_1_3": 0.0, "nimmi_syn_1_3": 0.0, "imin_syn_1_4": 0.0, "mi_1_4": 1.0, "immi_syn_1_4": 0.0, "nimin_syn_1_4": 0.0, "nimmi_syn_1_4": 0.0, "imin_syn_1_5": 0.0, "mi_1_5": 1.0, "immi_syn_1_5": 0.0, "nimin_syn_1_5": 0.0, "nimmi_syn_1_5": 0.0, "imin_syn_1_6": 0.0, "mi_1_6": 1.0, "immi_syn_1_6": 0.0, "nimin_syn_1_6": 0.0, "nimmi_syn_1_6": 0.0, "imin_syn_1_7": 0.0, "mi_1_7": 1.0, "immi_syn_1_7": 0.0, "nimin_syn_1_7": 0.0, "nimmi_syn_1_7": 0.0, "imin_syn_1_8": 0.0,