{"avg_reward_avg": 1.0, "avg_reward_sem": 0.0, "accuracy_avg": 1.0, "accuracy_sem": 0.0, "k2_x2h_imin_syn_avg_avg": [0.7, 0.014854638906517174, 0.004444444444444454], "k2_x2h_imin_syn_avg_sem": [0.0816496580927726, 0.004334654824383894, 0.003394500514782105], "k2_x2h_imin_syn_sem_avg": [NaN, 0.007714935428532248, 0.0029913646938370003], "k2_x2h_imin_syn_sem_sem": [NaN, 0.0015157058205063322, 0.0020750087452117314], "k2_x2h_mi_avg_avg": [1.5122556248918264, 0.48763238169564554, 0.8191996596753471], "k2_x2h_mi_avg_sem": [0.13732255784110664, 0.03839341420547951, 0.030320139560014853], "k2_x2h_mi_sem_avg": [NaN, 0.06694352613601527, 0.04834121650859225], "k2_x2h_mi_sem_sem": [NaN, 0.0016487113870351873, 0.003388378046946731], "k2_x2h_immi_syn_avg_avg": [0.7, 0.030190479189503273, 0.0044444444444444444], "k2_x2h_immi_syn_avg_sem": [0.08164965809277261, 0.00805236731381366, 0.0033945005147821027], "k2_x2h_immi_syn_sem_avg": [NaN, 0.01663291715365313, 0.002991364693836998], "k2_x2h_immi_syn_sem_sem": [NaN, 0.0033329761712050927, 0.0020750087452117314], "k2_x2h_nimin_syn_avg_avg": [0.4732622906807311, 0.01074185649563754, 0.004444444444444476], "k2_x2h_nimin_syn_avg_sem": [0.042004833885612804, 0.0035222488522515675, 0.003394500514782108], "k2_x2h_nimin_syn_sem_avg": [NaN, 0.005388465512845485, 0.002991364693837006], "k2_x2h_nimin_syn_sem_sem": [NaN, 0.0011244852290260596, 0.0020750087452117306], "k2_x2h_nimmi_syn_avg_avg": [0.473262290680731, 0.020965750017628258, 0.0044444444444444444], "k2_x2h_nimmi_syn_avg_sem": [0.04200483388561279, 0.005747946614900499, 0.0033945005147821027], "k2_x2h_nimmi_syn_sem_avg": [NaN, 0.011241271298509228, 0.002991364693836998], "k2_x2h_nimmi_syn_sem_sem": [NaN, 0.002245372971414437, 0.0020750087452117314], "k2_x2h_imin_red_avg_avg": [0.6122556248918266, 0.05398913188635131, 0.31995153463928927], "k2_x2h_imin_red_avg_sem": [0.08788999686582848, 0.01323780325313941, 0.03829219384195132], "k2_x2h_imin_red_sem_avg": [NaN, 0.02407494825835792, 0.058494400371559466], "k2_x2h_imin_red_sem_sem": [NaN, 0.003081075714742395, 0.004226729575664141], "k2_x2h_immi_red_avg_avg": [0.6122556248918266, 0.06932497216933745, 0.31995153463928927], "k2_x2h_immi_red_avg_sem": [0.08788999686582845, 0.014781103327397105, 0.03829219384195132], "k2_x2h_immi_red_sem_avg": [NaN, 0.03138769969798432, 0.058494400371559466], "k2_x2h_immi_red_sem_sem": [NaN, 0.0027563117585637023, 0.004226729575664141], "k2_x2h_nimin_red_avg_avg": [0.3934043759859355, 0.054903365711627385, 0.34106264575040035], "k2_x2h_nimin_red_avg_sem": [0.0241106999495504, 0.015220256223967492, 0.04122863787973741], "k2_x2h_nimin_red_sem_avg": [NaN, 0.025530638491871937, 0.060822431851303024], "k2_x2h_nimin_red_sem_sem": [NaN, 0.004463298087580356, 0.003310039291883191], "k2_x2h_nimmi_red_avg_avg": [0.3934043759859356, 0.06512725923361815, 0.34106264575040035], "k2_x2h_nimmi_red_avg_sem": [0.024110699949550393, 0.015696000615937993, 0.04122863787973741], "k2_x2h_nimmi_red_sem_avg": [NaN, 0.029489689600598584, 0.060822431851303024], "k2_x2h_nimmi_red_sem_sem": [NaN, 0.0037456946231643573, 0.0033100392918831907], "x2h_imin_syn_avg": [0.7, 0.0, 0.0], "x2h_imin_syn_sem": [0.0816496580927726, 0.0, 0.0], "x2h_mi_avg": [1.5122556248918264, 1.4622556248918266, 1.0], "x2h_mi_sem": [0.13732255784110664, 0.12624619973043824, 0.0], "x2h_immi_syn_avg": [0.7, 0.0, 0.0], "x2h_immi_syn_sem": [0.08164965809277261, 0.0, 0.0], "x2h_nimin_syn_avg": [0.4732622906807311, 0.0, 0.0], "x2h_nimin_syn_sem": [0.042004833885612804, 0.0, 0.0], "x2h_nimmi_syn_avg": [0.473262290680731, 0.0, 0.0], "x2h_nimmi_syn_sem": [0.04200483388561279, 0.0, 0.0], "x2h_imin_red_avg": [0.6122556248918266, 0.0, 0.0], "x2h_imin_red_sem": [0.08788999686582848, 0.0, 0.0], "x2h_immi_red_avg": [0.6122556248918266, 0.0, 0.0], "x2h_immi_red_sem": [0.08788999686582845, 0.0, 0.0], "x2h_nimin_red_avg": [0.3934043759859355, 0.0, 0.0], "x2h_nimin_red_sem": [0.0241106999495504, 0.0, 0.0], "x2h_nimmi_red_avg": [0.3934043759859356, 0.0, 0.0], "x2h_nimmi_red_sem": [0.024110699949550393, 0.0, 0.0]}