{"avg_reward": 1.0, "accuracy": 1.0, "k2_x2h_imin_syn_avg": [1.0, 0.06677527782585485, 0.061436944588675726], "k2_x2h_imin_syn_sem": [NaN, 0.017768424682515934, 0.015385074122230587], "k2_x2h_mi_avg": [2.0, 1.8888888888888888, 0.9328988886965806], "k2_x2h_mi_sem": [NaN, 0.031337559712098124, 0.05729408114119271], "k2_x2h_immi_syn_avg": [1.0, 0.14738513896100452, 0.11699250014423125], "k2_x2h_immi_syn_sem": [NaN, 0.03968639608467882, 0.03230499249033751], "k2_x2h_nimin_syn_avg": [0.5, 0.0398872222542736, 0.056619352049502164], "k2_x2h_nimin_syn_sem": [NaN, 0.010886261823219147, 0.01273940577983491], "k2_x2h_nimmi_syn_avg": [0.5, 0.08899750004807708, 0.10595379647257891], "k2_x2h_nimmi_syn_sem": [NaN, 0.0248325287910797, 0.025352356023885324], "k2_x2h_imin_red_avg": [1.0, 1.0269088885042725, 0.37690888850427223], "k2_x2h_imin_red_sem": [NaN, 0.07642659795794175, 0.04446163290285741], "k2_x2h_immi_red_avg": [1.0, 1.1075187496394223, 0.43246444405982787], "k2_x2h_immi_red_sem": [NaN, 0.06666009710300612, 0.04890707583822432], "k2_x2h_nimin_red_avg": [0.5, 0.5346964349688385, 0.4025703013201278], "k2_x2h_nimin_red_sem": [NaN, 0.03625295525931407, 0.04718851611633479], "k2_x2h_nimmi_red_avg": [0.5, 0.583806712762642, 0.4519047457432047], "k2_x2h_nimmi_red_sem": [NaN, 0.031311470682586696, 0.04789584436604124], "k2_x2h_tuples_syn": [{"imin_syn_0_1": 1.0, "mi_0_1": 2.0, "immi_syn_0_1": 1.0, "nimin_syn_0_1": 0.5, "nimmi_syn_0_1": 0.5}, {"imin_syn_0_1": 0.0, "mi_0_1": 2.0, "immi_syn_0_1": 0.0, "nimin_syn_0_1": 0.0, "nimmi_syn_0_1": 0.0, "imin_syn_0_2": 0.0, "mi_0_2": 2.0, "immi_syn_0_2": 0.0, "nimin_syn_0_2": 0.0, "nimmi_syn_0_2": 0.0, "imin_syn_0_3": 0.0, "mi_0_3": 2.0, "immi_syn_0_3": 0.0, "nimin_syn_0_3": 0.0, "nimmi_syn_0_3": 0.0, "imin_syn_0_4": 0.0, "mi_0_4": 2.0, "immi_syn_0_4": 0.0, "nimin_syn_0_4": 0.0, "nimmi_syn_0_4": 0.0, "imin_syn_0_5": 0.0, "mi_0_5": 2.0, "immi_syn_0_5": 0.0, "nimin_syn_0_5": 0.0, "nimmi_syn_0_5": 0.0, "imin_syn_0_6": 0.0, "mi_0_6": 2.0, "immi_syn_0_6": 0.0, "nimin_syn_0_6": 0.0, "nimmi_syn_0_6": 0.0, "imin_syn_0_7": 0.0, "mi_0_7": 2.0, "immi_syn_0_7": 0.0, "nimin_syn_0_7": 0.0, "nimmi_syn_0_7": 0.0, "imin_syn_0_8": 0.0, "mi_0_8": 2.0, "immi_syn_0_8": 0.0, "nimin_syn_0_8": 0.0, "nimmi_syn_0_8": 0.0, "imin_syn_0_9": 0.0, "mi_0_9": 2.0, "immi_syn_0_9": 0.0, "nimin_syn_0_9": 0.0, "nimmi_syn_0_9": 0.0, "imin_syn_1_2": 0.29248125036057804, "mi_1_2": 1.5, "immi_syn_1_2": 0.6887218755408671, "nimin_syn_1_2": 0.19498750024038536, "nimmi_syn_1_2": 0.4591479170272447, "imin_syn_1_3": 0.25, "mi_1_3": 2.0, "immi_syn_1_3": 0.5, "nimin_syn_1_3": 0.125, "nimmi_syn_1_3": 0.25, "imin_syn_1_4": 0.0, "mi_1_4": 2.0, "immi_syn_1_4": 0.0, "nimin_syn_1_4": 0.0, "nimmi_syn_1_4": 0.0, "imin_syn_1_5": 0.0, "mi_1_5": 2.0, "immi_syn_1_5": 0.0, "nimin_syn_1_5": 0.0, "nimmi_syn_1_5": 0.0, "imin_syn_1_6": 0.0, "mi_1_6": 1.5, "immi_syn_1_6": 0.0, "nimin_syn_1_6": 0.0, "nimmi_syn_1_6": 0.0, "imin_syn_1_7": 0.29248125036057804, "mi_1_7": 1.5, "immi_syn_1_7": 0.6887218755408671, "nimin_syn_1_7": 0.19498750024038536, "nimmi_syn_1_7": 0.4591479170272447, "imin_syn_1_8": 0.0, "mi_1_8": 2.0, "immi_syn_1_8": 0.0, "nimin_syn_1_8": 0.0, "nimmi_syn_1_8": 0.0, "imin_syn_1_9": 0.29248125036057804, "mi_1_9": 1.5, "immi_syn_1_9": 0.6887218755408671, "nimin_syn_1_9": 0.19498750024038536, "nimmi_syn_1_9": 0.4591479170272447, "imin_syn_2_3": 0.25, "mi_2_3": 2.0, "immi_syn_2_3": 0.5, "nimin_syn_2_3": 0.125, "nimmi_syn_2_3": 0.25, "imin_syn_2_4": 0.0, "mi_2_4": 2.0, "immi_syn_2_4": 0.0, "nimin_syn_2_4": 0.0, "nimmi_syn_2_4": 0.0, "imin_syn_2_5": 0.0, "mi_2_5": 2.0, "immi_syn_2_5": 0.0, "nimin_syn_2_5": 0.0, "nimmi_syn_2_5": 0.0, "imin_syn_2_6": 0.25, "mi_2_6": 2.0, "immi_syn_2_6": 0.5, "nimin_syn_2_6": 0.125, "nimmi_syn_2_6": 0.25, "imin_syn_2_7": 0.29248125036057804, "mi_2_7": 1.5, "immi_syn_2_7": 0.6887218755408671, "nimin_syn_2_7": 0.19498750024038536, "nimmi_syn_2_7": 0.4591479170272447, "imin_syn_2_8": 0.0, "mi_2_8": 2.0, "immi_syn_2_8": 0.0, "nimin_syn_2_8": 0.0, "nimmi_syn_2_8": 0.0, "imin_syn_2_9": 0.29248125036057804, "mi_2_9": 1.5, "immi_syn_2_9": 0.6887218755408671, "nimin_syn_2_9": 0.19498750024038536, "nimmi_syn_2_9": 0.4591479170272447, "imin_syn_3_4": 0.0, "mi_3_4": 2.0, "immi_syn_3_4": 0.0, "nimin_syn_3_4": 0.0, "nimmi_syn_3_4": 0.0, "imin_syn_3_5": 0.0, "mi_3_5": 2.0, "immi_syn_3_5": 0.0, "nimin_syn_3_5": 0.0, "nimmi_syn_3_5": 0.0, "imin_syn_3_6": 0.25, "mi_3_6": 2.0, "immi_syn_3_6": 0.5, "nimin_syn_3_6": 0.125, "nimmi_syn_3_6": 0.25, "imin_syn_3_7": 0.0, "mi_3_7": 1.5, "immi_syn_3_7": 0.0, "nimin_syn_3_7": 0.0, "nimmi_syn_3_7": 0.0, "imin_syn_3_8": 0.0, "mi_3_8": 2.0, "immi_syn_3_8": 0.0, "nimin_syn_3_8": 0.0, "nimmi_syn_3_8": 0.0, "imin_syn_3_9": 0.0, "mi_3_9": 1.5, "immi_syn_3_9": 0.0, "nimin_syn_3_9": 0.0, "nimmi_syn_3_9": 0.0, "imin_syn_4_5": 0.0, "mi_4_5": 2.0, "immi_syn_4_5": 0.0, "nimin_syn_4_5": 0.0, "nimmi_syn_4_5": 0.0, "imin_syn_4_6": 0.0, "mi_4_6": 2.0, "immi_syn_4_6": 0.0, "nimin_syn_4_6": 0.0, "nimmi_syn_4_6": 0.0, "imin_syn_4_7": 0.0, "mi_4_7": 2.0, "immi_syn_4_7": 0.0, "nimin_syn_4_7": 0.0, "nimmi_syn_4_7": 0.0, "imin_syn_4_8": 0.0, "mi_4_8": 2.0, "immi_syn_4_8": 0.0, "nimin_syn_4_8": 0.0, "nimmi_syn_4_8": 0.0, "imin_syn_4_9": 0.0, "mi_4_9": 2.0, "immi_syn_4_9": 0.0, "nimin_syn_4_9": 0.0, "nimmi_syn_4_9": 0.0, "imin_syn_5_6": 0.0, "mi_5_6": 2.0, "immi_syn_5_6": 0.0, "nimin_syn_5_6": 0.0, "nimmi_syn_5_6": 0.0, "imin_syn_5_7": 0.0, "mi_5_7": 2.0, "immi_syn_5_7": 0.0, "nimin_syn_5_7": 0.0, "nimmi_syn_5_7": 0.0, "imin_syn_5_8": 0.0, "mi_5_8": 2.0, "immi_syn_5_8": 0.0, "nimin_syn_5_8": 0.0, "nimmi_syn_5_8": 0.0, "imin_syn_5_9": 0.0, "mi_5_9": 2.0, "immi_syn_5_9": 0.0, "nimin_syn_5_9": 0.0, "nimmi_syn_5_9": 0.0, "imin_syn_6_7": 0.0, "mi_6_7": 1.5, "immi_syn_6_7": 0.0, "nimin_syn_6_7": 0.0, "nimmi_syn_6_7": 0.0, "imin_syn_6_8": 0.0, "mi_6_8": 2.0, "immi_syn_6_8": 0.0, "nimin_syn_6_8": 0.0, "nimmi_syn_6_8": 0.0, "imin_syn_6_9": 0.25, "mi_6_9": 2.0, "immi_syn_6_9": 0.5, "nimin_syn_6_9": 0.125, "nimmi_syn_6_9": 0.25, "imin_syn_7_8": 0.0, "mi_7_8": 2.0, "immi_syn_7_8": 0.0, "nimin_syn_7_8": 0.0, "nimmi_syn_7_8": 0.0, "imin_syn_7_9": 0.29248125036057804, "mi_7_9": 1.5, "immi_syn_7_9": 0.6887218755408671, "nimin_syn_7_9": 0.19498750024038536, "nimmi_syn_7_9": 0.4591479170272447, "imin_syn_8_9": 0.0, "mi_8_9": 2.0, "immi_syn_8_9": 0.0, "nimin_syn_8_9": 0.0, "nimmi_syn_8_9": 0.0}, {"imin_syn_0_1": 2.220446049250313e-16, "mi_0_1": 0.8112781244591329, "immi_syn_0_1": 0.0, "nimin_syn_0_1": 2.736972663635731e-16, "nimmi_syn_0_1": 0.0, "imin_syn_0_2": 1.1102230246251565e-16, "mi_0_2": 0.8112781244591329, "immi_syn_0_2": 1.1102230246251565e-16, "nimin_syn_0_2": 1.3684863318178654e-16, "nimmi_syn_0_2": 1.3684863318178654e-16, "imin_syn_0_3": 2.220446049250313e-16, "mi_0_3": 0.8112781244591329, "immi_syn_0_3": 0.0, "nimin_syn_0_3": 2.736972663635731e-16, "nimmi_syn_0_3": 0.0, "imin_syn_0_4": 2.220446049250313e-16, "mi_0_4": 0.8112781244591329, "immi_syn_0_4": 0.0, "nimin_syn_0_4": 2.736972663635731e-16, "nimmi_syn_0_4": 0.0, "imin_syn_0_5": 2.220446049250313e-16, "mi_0_5": 0.8112781244591329, "immi_syn_0_5": 0.0, "nimin_syn_0_5": 2.736972663635731e-16, "nimmi_syn_0_5": 0.0, "imin_syn_0_6": 2.220446049250313e-16, "mi_0_6": 0.8112781244591329, "immi_syn_0_6": 0.0, "nimin_syn_0_6": 2.736972663635731e-16, "nimmi_syn_0_6": 0.0, "imin_syn_0_7": 0.0, "mi_0_7": 1.5, "immi_syn_0_7": 0.0, "nimin_syn_0_7": 0.0, "nimmi_syn_0_7": 0.0, "imin_syn_0_8": 0.0, "mi_0_8": 1.5, "immi_syn_0_8": 0.0, "nimin_syn_0_8": 0.0, "nimmi_syn_0_8": 0.0, "imin_syn_0_9": 2.220446049250313e-16, "mi_0_9": 0.8112781244591329, "immi_syn_0_9": 0.0, "nimin_syn_0_9": 2.736972663635731e-16, "nimmi_syn_0_9": 0.0, "imin_syn_1_2": 0.0, "mi_1_2": 1.0, "immi_syn_1_2": 0.0, "nimin_syn_1_2": 0.0, "nimmi_syn_1_2": 0.0, "imin_syn_1_3": 0.0, "mi_1_3": 1.0, "immi_syn_1_3": 0.0, "nimin_syn_1_3": 0.0, "nimmi_syn_1_3": 0.0, "imin_syn_1_4": 0.0, "mi_1_4": 1.0, "immi_syn_1_4": 0.0, "nimin_syn_1_4": 0.0, "nimmi_syn_1_4": 0.0,