{"avg_reward": 1.0, "accuracy": 1.0, "k2_x2h_imin_syn_avg": [1.0, 0.08994152783386772, 0.12904763904113298], "k2_x2h_imin_syn_sem": [NaN, 0.019264119095731214, 0.03689475799959965], "k2_x2h_mi_avg": [2.0, 1.2121470137326384, 0.9247284721020296], "k2_x2h_mi_sem": [NaN, 0.07432430067212946, 0.0664329885174079], "k2_x2h_immi_syn_avg": [1.0, 0.19602340286191264, 0.14613201402110082], "k2_x2h_immi_syn_sem": [NaN, 0.042588184814127655, 0.0376932811186251], "k2_x2h_nimin_syn_avg": [0.5, 0.05625731485220811, 0.12922865763978003], "k2_x2h_nimin_syn_sem": [NaN, 0.012254295093532248, 0.03545446214081409], "k2_x2h_nimmi_syn_avg": [0.5, 0.12327486116720103, 0.1559900001923083], "k2_x2h_nimmi_syn_sem": [NaN, 0.027398213828890825, 0.03758290219048495], "k2_x2h_imin_red_avg": [1.0, 0.31004173584268074, 0.300075138512285], "k2_x2h_imin_red_sem": [NaN, 0.053166849408768015, 0.03596702610090544], "k2_x2h_immi_red_avg": [1.0, 0.4161236108707257, 0.317159513492253], "k2_x2h_immi_red_sem": [NaN, 0.06598628272639481, 0.03756142120946095], "k2_x2h_nimin_red_avg": [0.5, 0.20603172437210593, 0.3418323144782752], "k2_x2h_nimin_red_sem": [NaN, 0.03706197244763847, 0.041727241214165545], "k2_x2h_nimmi_red_avg": [0.5, 0.27304927068709894, 0.36859365703080366], "k2_x2h_nimmi_red_sem": [NaN, 0.04395758694661663, 0.04417029385372335], "k2_x2h_tuples_syn": [{"imin_syn_0_1": 1.0, "mi_0_1": 2.0, "immi_syn_0_1": 1.0, "nimin_syn_0_1": 0.5, "nimmi_syn_0_1": 0.5}, {"imin_syn_0_1": 0.25, "mi_0_1": 2.0, "immi_syn_0_1": 0.5, "nimin_syn_0_1": 0.125, "nimmi_syn_0_1": 0.25, "imin_syn_0_2": 1.1102230246251565e-16, "mi_0_2": 0.8112781244591329, "immi_syn_0_2": 0.0, "nimin_syn_0_2": 1.3684863318178654e-16, "nimmi_syn_0_2": 0.0, "imin_syn_0_3": 0.29248125036057804, "mi_0_3": 1.5, "immi_syn_0_3": 0.6887218755408671, "nimin_syn_0_3": 0.19498750024038536, "nimmi_syn_0_3": 0.4591479170272447, "imin_syn_0_4": 0.25, "mi_0_4": 1.5, "immi_syn_0_4": 0.5, "nimin_syn_0_4": 0.16666666666666666, "nimmi_syn_0_4": 0.3333333333333333, "imin_syn_0_5": 0.0, "mi_0_5": 1.5, "immi_syn_0_5": 0.0, "nimin_syn_0_5": 0.0, "nimmi_syn_0_5": 0.0, "imin_syn_0_6": 1.1102230246251565e-16, "mi_0_6": 0.8112781244591329, "immi_syn_0_6": 0.0, "nimin_syn_0_6": 1.3684863318178654e-16, "nimmi_syn_0_6": 0.0, "imin_syn_0_7": 0.29248125036057804, "mi_0_7": 1.5, "immi_syn_0_7": 0.6887218755408671, "nimin_syn_0_7": 0.19498750024038536, "nimmi_syn_0_7": 0.4591479170272447, "imin_syn_0_8": 0.29248125036057804, "mi_0_8": 1.5, "immi_syn_0_8": 0.6887218755408671, "nimin_syn_0_8": 0.19498750024038536, "nimmi_syn_0_8": 0.4591479170272447, "imin_syn_0_9": 1.1102230246251565e-16, "mi_0_9": 0.8112781244591329, "immi_syn_0_9": 0.0, "nimin_syn_0_9": 1.3684863318178654e-16, "nimmi_syn_0_9": 0.0, "imin_syn_1_2": 0.0, "mi_1_2": 1.5, "immi_syn_1_2": 0.0, "nimin_syn_1_2": 0.0, "nimmi_syn_1_2": 0.0, "imin_syn_1_3": 0.0, "mi_1_3": 1.5, "immi_syn_1_3": 0.0, "nimin_syn_1_3": 0.0, "nimmi_syn_1_3": 0.0, "imin_syn_1_4": 0.0, "mi_1_4": 1.5, "immi_syn_1_4": 0.0, "nimin_syn_1_4": 0.0, "nimmi_syn_1_4": 0.0, "imin_syn_1_5": 0.25, "mi_1_5": 2.0, "immi_syn_1_5": 0.5, "nimin_syn_1_5": 0.125, "nimmi_syn_1_5": 0.25, "imin_syn_1_6": 0.0, "mi_1_6": 1.5, "immi_syn_1_6": 0.0, "nimin_syn_1_6": 0.0, "nimmi_syn_1_6": 0.0, "imin_syn_1_7": 0.0, "mi_1_7": 1.5, "immi_syn_1_7": 0.0, "nimin_syn_1_7": 0.0, "nimmi_syn_1_7": 0.0, "imin_syn_1_8": 0.0, "mi_1_8": 1.5, "immi_syn_1_8": 0.0, "nimin_syn_1_8": 0.0, "nimmi_syn_1_8": 0.0, "imin_syn_1_9": 0.0, "mi_1_9": 1.5, "immi_syn_1_9": 0.0, "nimin_syn_1_9": 0.0, "nimmi_syn_1_9": 0.0, "imin_syn_2_3": 0.0, "mi_2_3": 0.8112781244591329, "immi_syn_2_3": 0.0, "nimin_syn_2_3": 0.0, "nimmi_syn_2_3": 0.0, "imin_syn_2_4": 0.0, "mi_2_4": 1.0, "immi_syn_2_4": 0.0, "nimin_syn_2_4": 0.0, "nimmi_syn_2_4": 0.0, "imin_syn_2_5": 0.0, "mi_2_5": 1.5, "immi_syn_2_5": 0.0, "nimin_syn_2_5": 0.0, "nimmi_syn_2_5": 0.0, "imin_syn_2_6": 0.0, "mi_2_6": 0.0, "immi_syn_2_6": 0.0, "nimin_syn_2_6": 0, "nimmi_syn_2_6": 0, "imin_syn_2_7": 1.1102230246251565e-16, "mi_2_7": 0.8112781244591329, "immi_syn_2_7": 0.0, "nimin_syn_2_7": 1.3684863318178654e-16, "nimmi_syn_2_7": 0.0, "imin_syn_2_8": 0.0, "mi_2_8": 0.8112781244591329, "immi_syn_2_8": 0.0, "nimin_syn_2_8": 0.0, "nimmi_syn_2_8": 0.0, "imin_syn_2_9": 0.0, "mi_2_9": 0.0, "immi_syn_2_9": 0.0, "nimin_syn_2_9": 0, "nimmi_syn_2_9": 0, "imin_syn_3_4": 0.25, "mi_3_4": 1.5, "immi_syn_3_4": 0.5, "nimin_syn_3_4": 0.16666666666666666, "nimmi_syn_3_4": 0.3333333333333333, "imin_syn_3_5": 0.25, "mi_3_5": 2.0, "immi_syn_3_5": 0.5, "nimin_syn_3_5": 0.125, "nimmi_syn_3_5": 0.25, "imin_syn_3_6": 0.0, "mi_3_6": 0.8112781244591329, "immi_syn_3_6": 0.0, "nimin_syn_3_6": 0.0, "nimmi_syn_3_6": 0.0, "imin_syn_3_7": 0.29248125036057804, "mi_3_7": 1.5, "immi_syn_3_7": 0.6887218755408671, "nimin_syn_3_7": 0.19498750024038536, "nimmi_syn_3_7": 0.4591479170272447, "imin_syn_3_8": 0.0, "mi_3_8": 0.8112781244591329, "immi_syn_3_8": 0.0, "nimin_syn_3_8": 0.0, "nimmi_syn_3_8": 0.0, "imin_syn_3_9": 0.0, "mi_3_9": 0.8112781244591329, "immi_syn_3_9": 0.0, "nimin_syn_3_9": 0.0, "nimmi_syn_3_9": 0.0, "imin_syn_4_5": 0.0, "mi_4_5": 1.5, "immi_syn_4_5": 0.0, "nimin_syn_4_5": 0.0, "nimmi_syn_4_5": 0.0, "imin_syn_4_6": 0.0, "mi_4_6": 1.0, "immi_syn_4_6": 0.0, "nimin_syn_4_6": 0.0, "nimmi_syn_4_6": 0.0, "imin_syn_4_7": 0.25, "mi_4_7": 1.5, "immi_syn_4_7": 0.5, "nimin_syn_4_7": 0.16666666666666666, "nimmi_syn_4_7": 0.3333333333333333, "imin_syn_4_8": 0.25, "mi_4_8": 1.5, "immi_syn_4_8": 0.5, "nimin_syn_4_8": 0.16666666666666666, "nimmi_syn_4_8": 0.3333333333333333, "imin_syn_4_9": 0.0, "mi_4_9": 1.0, "immi_syn_4_9": 0.0, "nimin_syn_4_9": 0.0, "nimmi_syn_4_9": 0.0, "imin_syn_5_6": 0.29248125036057804, "mi_5_6": 1.5, "immi_syn_5_6": 0.6887218755408671, "nimin_syn_5_6": 0.19498750024038536, "nimmi_syn_5_6": 0.4591479170272447, "imin_syn_5_7": 0.0, "mi_5_7": 1.5, "immi_syn_5_7": 0.0, "nimin_syn_5_7": 0.0, "nimmi_syn_5_7": 0.0, "imin_syn_5_8": 0.25, "mi_5_8": 2.0, "immi_syn_5_8": 0.5, "nimin_syn_5_8": 0.125, "nimmi_syn_5_8": 0.25, "imin_syn_5_9": 0.29248125036057804, "mi_5_9": 1.5, "immi_syn_5_9": 0.6887218755408671, "nimin_syn_5_9": 0.19498750024038536, "nimmi_syn_5_9": 0.4591479170272447, "imin_syn_6_7": 1.1102230246251565e-16, "mi_6_7": 0.8112781244591329, "immi_syn_6_7": 0.0, "nimin_syn_6_7": 1.3684863318178654e-16, "nimmi_syn_6_7": 0.0, "imin_syn_6_8": 0.0, "mi_6_8": 0.8112781244591329, "immi_syn_6_8": 0.0, "nimin_syn_6_8": 0.0, "nimmi_syn_6_8": 0.0, "imin_syn_6_9": 0.0, "mi_6_9": 0.0, "immi_syn_6_9": 0.0, "nimin_syn_6_9": 0, "nimmi_syn_6_9": 0, "imin_syn_7_8": 0.29248125036057804, "mi_7_8": 1.5, "immi_syn_7_8": 0.6887218755408671, "nimin_syn_7_8": 0.19498750024038536, "nimmi_syn_7_8": 0.4591479170272447, "imin_syn_7_9": 1.1102230246251565e-16, "mi_7_9": 0.8112781244591329, "immi_syn_7_9": 0.0, "nimin_syn_7_9": 1.3684863318178654e-16, "nimmi_syn_7_9": 0.0, "imin_syn_8_9": 0.0, "mi_8_9": 0.8112781244591329, "immi_syn_8_9": 0.0, "nimin_syn_8_9": 0.0, "nimmi_syn_8_9": 0.0}, {"imin_syn_0_1": 0.0, "mi_0_1": 1.5, "immi_syn_0_1": 0.0, "nimin_syn_0_1": 0.0, "nimmi_syn_0_1": 0.0, "imin_syn_0_2": 0.6887218755408672, "mi_0_2": 1.0, "immi_syn_0_2": 0.6887218755408671, "nimin_syn_0_2": 0.6887218755408672, "nimmi_syn_0_2": 0.6887218755408671, "imin_syn_0_3": 1.1102230246251565e-16, "mi_0_3": 0.31127812445913294, "immi_syn_0_3": 0.0, "nimin_syn_0_3": 3.566659322926226e-16, "nimmi_syn_0_3": 0.0, "imin_syn_0_4": 1.1102230246251565e-16, "mi_0_4": 0.31127812445913294, "immi_syn_0_4": 0.0, "nimin_syn_0_4": 3.566659322926226e-16, "nimmi_syn_0_4": 0.0, "imin_syn_0_5": 0.5, "mi_0_5": 1.5, "immi_syn_0_5": 0.5, "nimin_syn_0_5": 0.3333333333333333, "nimmi_syn_0_5": 0.3333333333333333, "imin_syn_0_6": 0.6887218755408672, "mi_0_6": 1.0, "immi_syn_0_6": 0.6887218755408671, "nimin_syn_0_6": 0.6887218755408672, "nimmi_syn_0_6": 0.6887218755408671, "imin_syn_0_7": 0.08496250072115624, "mi_0_7": 0.5, "immi_syn_0_7": 0.18872187554086706, "nimin_syn_0_7": 0.16992500144231248,