{"avg_reward_avg": 1.0, "avg_reward_sem": 0.0, "accuracy_avg": 1.0, "accuracy_sem": 0.0, "k2_x2h_imin_syn_avg_avg": [1.0, 0.06624144450213694, 0.04864161116559849], "k2_x2h_imin_syn_avg_sem": [0.0, 0.00847121121826242, 0.011796434779346325], "k2_x2h_imin_syn_sem_avg": [NaN, 0.017316631149929873, 0.017845742664559898], "k2_x2h_imin_syn_sem_sem": [NaN, 0.0008996113400413564, 0.003520721156594016], "k2_x2h_mi_avg_avg": [2.0, 1.2819565345431352, 0.9519014096416931], "k2_x2h_mi_avg_sem": [0.0, 0.10632015461865063, 0.018561907818669596], "k2_x2h_mi_sem_avg": [NaN, 0.06777464600018293, 0.0429504121000633], "k2_x2h_mi_sem_sem": [NaN, 0.004913125486879773, 0.005046934737399741], "k2_x2h_immi_syn_avg_avg": [1.0, 0.15130661119764985, 0.06845280560844033], "k2_x2h_immi_syn_avg_sem": [0.0, 0.01818845869231681, 0.015046100674158841], "k2_x2h_immi_syn_sem_avg": [NaN, 0.03961296835731848, 0.023663910109710303], "k2_x2h_immi_syn_sem_sem": [NaN, 0.0019683715397699397, 0.004003297172822912], "k2_x2h_nimin_syn_avg_avg": [0.5, 0.041846148186609824, 0.04472961118269259], "k2_x2h_nimin_syn_avg_sem": [0.0, 0.005549061180602136, 0.011548156254723758], "k2_x2h_nimin_syn_sem_avg": [NaN, 0.011060569985575877, 0.01668168357995542], "k2_x2h_nimin_syn_sem_sem": [NaN, 0.0006307313743821102, 0.0033755923537376786], "k2_x2h_nimmi_syn_avg_avg": [0.5, 0.09587107413176656, 0.06162629636039907], "k2_x2h_nimmi_syn_avg_sem": [0.0, 0.012199569660635463, 0.01439196557722113], "k2_x2h_nimmi_syn_sem_avg": [NaN, 0.025489052747076957, 0.021037543297887012], "k2_x2h_nimmi_syn_sem_sem": [NaN, 0.0014500586580937825, 0.0032784984487459596], "k2_x2h_imin_red_avg_avg": [1.0, 0.4412054789010408, 0.4451578608530974], "k2_x2h_imin_red_avg_sem": [0.0, 0.0906753302348229, 0.045839057264696476], "k2_x2h_imin_red_sem_avg": [NaN, 0.06127552154774726, 0.04904555769064774], "k2_x2h_imin_red_sem_sem": [NaN, 0.005562385904308576, 0.002896635176083367], "k2_x2h_immi_red_avg_avg": [1.0, 0.5262706455965538, 0.46496905529593935], "k2_x2h_immi_red_avg_sem": [0.0, 0.08901774193954906, 0.04619488043373903], "k2_x2h_immi_red_sem_avg": [NaN, 0.06891973708386608, 0.050485667982944106], "k2_x2h_immi_red_sem_sem": [NaN, 0.003253339189985287, 0.0028992881016421082], "k2_x2h_nimin_red_avg_avg": [0.5, 0.2720371560963536, 0.45421871753562704], "k2_x2h_nimin_red_avg_sem": [0.0, 0.041229928248205136, 0.046452816950053225], "k2_x2h_nimin_red_sem_avg": [NaN, 0.04131187748618788, 0.049875383716251616], "k2_x2h_nimin_red_sem_sem": [NaN, 0.0017244132959313616, 0.00257923119966084], "k2_x2h_nimmi_red_avg_avg": [0.5, 0.3260620820415105, 0.47111540271333363], "k2_x2h_nimmi_red_avg_sem": [0.0, 0.0401766343363236, 0.045536559786217436], "k2_x2h_nimmi_red_sem_avg": [NaN, 0.0449045788812925, 0.050185930808849546], "k2_x2h_nimmi_red_sem_sem": [NaN, 0.0019101900515421893, 0.002484728279882673], "x2h_imin_syn_avg": [1.0, 0.0, 2.2204460492503132e-17], "x2h_imin_syn_sem": [0.0, 0.0, 2.220446049250313e-17], "x2h_mi_avg": [2.0, 2.0, 1.2811278124459133], "x2h_mi_sem": [0.0, 0.0, 0.09099984597065208], "x2h_immi_syn_avg": [1.0, 0.0, 0.0], "x2h_immi_syn_sem": [0.0, 0.0, 0.0], "x2h_nimin_syn_avg": [0.5, 0.0, 2.7369726636357307e-17], "x2h_nimin_syn_sem": [0.0, 0.0, 2.736972663635731e-17], "x2h_nimmi_syn_avg": [0.5, 0.0, 0.0], "x2h_nimmi_syn_sem": [0.0, 0.0, 0.0], "x2h_imin_red_avg": [1.0, 0.04150374992788437, 0.10375937481971094], "x2h_imin_red_sem": [0.0, 0.04150374992788437, 0.05358111075861782], "x2h_immi_red_avg": [1.0, 0.0811278124459133, 0.1433834373377399], "x2h_immi_red_sem": [0.0, 0.0811278124459133, 0.08474617236401781], "x2h_nimin_red_avg": [0.5, 0.020751874963942187, 0.0971658337241373], "x2h_nimin_red_sem": [0.0, 0.020751874963942187, 0.050139500646770016], "x2h_nimmi_red_avg": [0.5, 0.04056390622295665, 0.12358187540282328], "x2h_nimmi_red_sem": [0.0, 0.04056390622295665, 0.06531182876794384]}