{"avg_reward_avg": 0.9776, "avg_reward_sem": 0.001613829124921362, "accuracy_avg": 0.877, "accuracy_sem": 0.006839428176227735, "k2_xh2h_immi_syn_avg_avg": [0.16876523136832716], "k2_xh2h_immi_syn_avg_sem": [0.008630802131463972], "k2_xh2h_immi_syn_sem_avg": [0.0239043579111912], "k2_xh2h_immi_syn_sem_sem": [0.0010097860541109225], "k2_xh2h_mi_avg_avg": [0.6595423488733757], "k2_xh2h_mi_avg_sem": [0.027344227649100265], "k2_xh2h_mi_sem_avg": [0.05715124345472141], "k2_xh2h_mi_sem_sem": [0.0010506877898090324], "k2_xh2h_nimmi_syn_avg_avg": [0.255358299776846], "k2_xh2h_nimmi_syn_avg_sem": [0.007156900480147364], "k2_xh2h_nimmi_syn_sem_avg": [0.02110679209325834], "k2_xh2h_nimmi_syn_sem_sem": [0.000399402444268916]}