{"avg_reward": 0.975, "accuracy": 0.87, "k2_xh2h_immi_syn_avg": [0.2282290391623418], "k2_xh2h_immi_syn_sem": [0.03134682186722947], "k2_xh2h_mi_avg": [0.8797278291241175], "k2_xh2h_mi_sem": [0.06380224085492318], "k2_xh2h_nimmi_syn_avg": [0.24631017093125918], "k2_xh2h_nimmi_syn_sem": [0.02111621984474596]}