{"avg_reward": 0.98, "accuracy": 0.89, "k2_xh2h_immi_syn_avg": [0.1457324541688238], "k2_xh2h_immi_syn_sem": [0.023891276894543935], "k2_xh2h_mi_avg": [0.5537630549029247], "k2_xh2h_mi_sem": [0.053011244033685144], "k2_xh2h_nimmi_syn_avg": [0.2481651611755774], "k2_xh2h_nimmi_syn_sem": [0.02301579325062358]}