{"avg_reward": 0.97, "accuracy": 0.85, "k2_xh2h_immi_syn_avg": [0.14697898820750038], "k2_xh2h_immi_syn_sem": [0.023541994147691456], "k2_xh2h_mi_avg": [0.6691585363060402], "k2_xh2h_mi_sem": [0.05710528643584077], "k2_xh2h_nimmi_syn_avg": [0.20723360818447997], "k2_xh2h_nimmi_syn_sem": [0.01855485717610218]}