{"avg_reward": 0.972, "accuracy": 0.85, "k2_xh2h_immi_syn_avg": [0.19896208172046093], "k2_xh2h_immi_syn_sem": [0.024895085192923126], "k2_xh2h_mi_avg": [0.6834193568703305], "k2_xh2h_mi_sem": [0.052330907226449314], "k2_xh2h_nimmi_syn_avg": [0.28412378039817204], "k2_xh2h_nimmi_syn_sem": [0.02107636599263734]}