{"avg_reward": 0.985, "accuracy": 0.91, "k2_xh2h_immi_syn_avg": [0.1752796126063443], "k2_xh2h_immi_syn_sem": [0.025903004001201144], "k2_xh2h_mi_avg": [0.6330179102580179], "k2_xh2h_mi_sem": [0.058604355653109654], "k2_xh2h_nimmi_syn_avg": [0.2730503368876388], "k2_xh2h_nimmi_syn_sem": [0.021535607587847325]}