{"avg_reward": 0.98, "accuracy": 0.88, "k2_xh2h_immi_syn_avg": [0.15418206148566926], "k2_xh2h_immi_syn_sem": [0.022864364689356802], "k2_xh2h_mi_avg": [0.6353805460798415], "k2_xh2h_mi_sem": [0.05918333608403524], "k2_xh2h_nimmi_syn_avg": [0.25743935099853416], "k2_xh2h_nimmi_syn_sem": [0.022407044872396364]}