{"avg_reward": 0.983, "accuracy": 0.89, "k2_xh2h_immi_syn_avg": [0.14826693248609107], "k2_xh2h_immi_syn_sem": [0.020990076356655472], "k2_xh2h_mi_avg": [0.6243892137944891], "k2_xh2h_mi_sem": [0.05815946490449392], "k2_xh2h_nimmi_syn_avg": [0.24777842769026281], "k2_xh2h_nimmi_syn_sem": [0.021084422794850302]}