{"avg_reward": 0.978, "accuracy": 0.88, "k2_xh2h_immi_syn_avg": [0.17743909890053233], "k2_xh2h_immi_syn_sem": [0.01942805848934725], "k2_xh2h_mi_avg": [0.6807030135282618], "k2_xh2h_mi_sem": [0.0583852808533416], "k2_xh2h_nimmi_syn_avg": [0.2848567689095475], "k2_xh2h_nimmi_syn_sem": [0.02012170159851329]}