{"avg_reward_avg": 0.25172865075868606, "avg_reward_sem": 0.0134540087239847, "accuracy_avg": 0.9722222222222222, "accuracy_sem": 0.02777777777777778, "k2_x2h_ray_imin_syn_avg_avg": [0.2623973937155031, 0.014016122524095799, 0.003589457156348482], "k2_x2h_ray_imin_syn_avg_sem": [0.03973278273625318, 0.005189312060704392, 0.0024485250382564505], "k2_x2h_ray_imin_syn_sem_avg": [0.03784581254207813, 0.008275180109458437, 0.0017382448844590495], "k2_x2h_ray_imin_syn_sem_sem": [0.010443089272822309, 0.002459526672197073, 0.0011497746200992177], "k2_x2h_ray_immi_syn_avg_avg": [0.337991618791365, 0.020615360855854022, 0.003966238153424207], "k2_x2h_ray_immi_syn_avg_sem": [0.05529070588110335, 0.008302206888959244, 0.0027230529022010865], "k2_x2h_ray_immi_syn_sem_avg": [0.04418583511495049, 0.012192815326198182, 0.0018779368774874206], "k2_x2h_ray_immi_syn_sem_sem": [0.011688805586074666, 0.004000759226888259, 0.0012596549402517849], "k2_x2h_pos_imin_syn_avg_avg": [0.20263774865614437, 0.014016122524095799, 0.003589457156348482], "k2_x2h_pos_imin_syn_avg_sem": [0.03835574107748756, 0.005189312060704392, 0.0024485250382564505], "k2_x2h_pos_imin_syn_sem_avg": [0.03966568062688844, 0.008275180109458437, 0.0017382448844590495], "k2_x2h_pos_imin_syn_sem_sem": [0.00815970430840437, 0.002459526672197073, 0.0011497746200992177], "k2_x2h_pos_immi_syn_avg_avg": [0.2746018919324467, 0.020615360855854022, 0.003966238153424207], "k2_x2h_pos_immi_syn_avg_sem": [0.05231127345427177, 0.008302206888959244, 0.0027230529022010865], "k2_x2h_pos_immi_syn_sem_avg": [0.05784870023168656, 0.012192815326198182, 0.0018779368774874206], "k2_x2h_pos_immi_syn_sem_sem": [0.010640520584700776, 0.004000759226888259, 0.0012596549402517849], "k2_x2h_ray_mi_avg_avg": [0.8482331853004386, 0.3924889743420191, 0.07816573532103993], "k2_x2h_ray_mi_avg_sem": [0.11829635775078756, 0.07097057285324214, 0.04287799586832963], "k2_x2h_ray_mi_sem_avg": [0.0789122107076064, 0.06929507310074653, 0.012525215798603688], "k2_x2h_ray_mi_sem_sem": [0.017842754050126253, 0.008863575648614432, 0.006466511396577237], "k2_x2h_ray_nimin_syn_avg_avg": [0.3191734138923169, 0.007076340970642834, 0.010088563267112877], "k2_x2h_ray_nimin_syn_avg_sem": [0.034366096087651614, 0.023257493094947037, 0.004526887172935097], "k2_x2h_ray_nimin_syn_sem_avg": [0.04031812537940252, 0.009688216362806848, 0.007989870371007648], "k2_x2h_ray_nimin_syn_sem_sem": [0.007302725891167843, 0.003620124836189389, 0.00332946504431075], "k2_x2h_ray_nimmi_syn_avg_avg": [0.396250077963438, 0.013014179992191767, 0.008995538299222347], "k2_x2h_ray_nimmi_syn_avg_sem": [0.03338101238495855, 0.004158970775872066, 0.005002846317324556], "k2_x2h_ray_nimmi_syn_sem_avg": [0.043759143828565564, 0.007687149586857226, 0.00460544986299137], "k2_x2h_ray_nimmi_syn_sem_sem": [0.007723924332677399, 0.0018146239228503701, 0.0023308682276614876], "k2_x2h_pos_mi_avg_avg": [0.9645492091779349, 0.3924889743420191, 0.07816573532103993], "k2_x2h_pos_mi_avg_sem": [0.14636349292551382, 0.07097057285324214, 0.04287799586832963], "k2_x2h_pos_mi_sem_avg": [0.06298741505707348, 0.06929507310074653, 0.012525215798603688], "k2_x2h_pos_mi_sem_sem": [0.01092808979196101, 0.008863575648614432, 0.006466511396577237], "k2_x2h_pos_nimin_syn_avg_avg": [0.23160919918347428, 0.007076340970642834, 0.010088563267112877], "k2_x2h_pos_nimin_syn_avg_sem": [0.035472464967486586, 0.023257493094947037, 0.004526887172935097], "k2_x2h_pos_nimin_syn_sem_avg": [0.04226661816438269, 0.009688216362806848, 0.007989870371007648], "k2_x2h_pos_nimin_syn_sem_sem": [0.015121283334086582, 0.003620124836189389, 0.00332946504431075], "k2_x2h_pos_nimmi_syn_avg_avg": [0.30143973169295335, 0.013014179992191767, 0.008995538299222347], "k2_x2h_pos_nimmi_syn_avg_sem": [0.042540835497875094, 0.004158970775872066, 0.005002846317324556], "k2_x2h_pos_nimmi_syn_sem_avg": [0.05285896498105638, 0.007687149586857226, 0.00460544986299137], "k2_x2h_pos_nimmi_syn_sem_sem": [0.01413119635478101, 0.0018146239228503701, 0.0023308682276614876]}