{"avg_reward": 0.23652173922173922, "accuracy": 0.75, "k2_x2h_ray_imin_syn_avg": [0.2059244528082591, 0.014280742332302827, 4.934324553889585e-18], "k2_x2h_ray_imin_syn_sem": [0.013925344357320157, 0.0066966084242786475, 4.934324553889585e-18], "k2_x2h_ray_immi_syn_avg": [0.2914470450045871, 0.017856422348203883, 0.0], "k2_x2h_ray_immi_syn_sem": [0.024716874823887826, 0.00815265183340823, 0.0], "k2_x2h_pos_imin_syn_avg": [0.1420734508487047, 0.014280742332302827, 4.934324553889585e-18], "k2_x2h_pos_imin_syn_sem": [0.013511535732122168, 0.0066966084242786475, 4.934324553889585e-18], "k2_x2h_pos_immi_syn_avg": [0.2972070379431336, 0.017856422348203883, 0.0], "k2_x2h_pos_immi_syn_sem": [0.09139201322339607, 0.00815265183340823, 0.0], "k2_x2h_ray_mi_avg": [0.9483955079591445, 0.46232547185953243, 4.934324553889585e-18], "k2_x2h_ray_mi_sem": [0.20295270475654228, 0.0647145837999413, 4.934324553889585e-18], "k2_x2h_ray_nimin_syn_avg": [0.23714787637759394, -0.13307332480251294, 0.022222222222222223], "k2_x2h_ray_nimin_syn_sem": [0.046844209061851085, 0.03356349031497129, 0.022222222222222223], "k2_x2h_ray_nimmi_syn_avg": [0.3376487645703979, 0.01884434254864436, 0.0], "k2_x2h_ray_nimmi_syn_sem": [0.07366892902631181, 0.008478456944278902, 0.0], "k2_x2h_pos_mi_avg": [1.1114663202981774, 0.46232547185953243, 4.934324553889585e-18], "k2_x2h_pos_mi_sem": [0.10624931535377542, 0.0647145837999413, 4.934324553889585e-18], "k2_x2h_pos_nimin_syn_avg": [0.12929814880622909, -0.13307332480251294, 0.022222222222222223], "k2_x2h_pos_nimin_syn_sem": [0.014798493734178686, 0.03356349031497129, 0.022222222222222223], "k2_x2h_pos_nimmi_syn_avg": [0.2571596966029887, 0.01884434254864436, 0.0], "k2_x2h_pos_nimmi_syn_sem": [0.0538726917138908, 0.008478456944278902, 0.0]}