{"avg_reward": 0.293688896388889, "accuracy": 1.0, "k2_x2h_ray_imin_syn_avg": [0.29110239127257825, 0.020893056710780438, -2.287220158073614e-17], "k2_x2h_ray_imin_syn_sem": [0.0659572641385822, 0.01279804739933392, 1.1904406945437506e-17], "k2_x2h_ray_immi_syn_avg": [0.31965472186057503, 0.030822084373244053, -4.934324553889585e-18], "k2_x2h_ray_immi_syn_sem": [0.04895871143288734, 0.018848323309446753, 4.934324553889585e-18], "k2_x2h_pos_imin_syn_avg": [0.19827768704628745, 0.020893056710780438, -2.287220158073614e-17], "k2_x2h_pos_imin_syn_sem": [0.019281508917401262, 0.01279804739933392, 1.1904406945437506e-17], "k2_x2h_pos_immi_syn_avg": [0.21297411781135475, 0.030822084373244053, -4.934324553889585e-18], "k2_x2h_pos_immi_syn_sem": [0.028515590895130744, 0.018848323309446753, 4.934324553889585e-18], "k2_x2h_ray_mi_avg": [0.7548540053375099, 0.4495636954047405, 0.0], "k2_x2h_ray_mi_sem": [0.09365628815880014, 0.07521117160323408, 0.0], "k2_x2h_ray_nimin_syn_avg": [0.3869644545314799, 0.14440334324659834, 0.0], "k2_x2h_ray_nimin_syn_sem": [0.07196284974614386, 0.02063733207682852, 0.0], "k2_x2h_ray_nimmi_syn_avg": [0.42799957015911855, 0.020653729754123728, 0.0], "k2_x2h_ray_nimmi_syn_sem": [0.05580289832464323, 0.011906729507023458, 0.0], "k2_x2h_pos_mi_avg": [1.0732334936337014, 0.4495636954047405, 0.0], "k2_x2h_pos_mi_sem": [0.028515590895130748, 0.07521117160323408, 0.0], "k2_x2h_pos_nimin_syn_avg": [0.1841489147832717, 0.14440334324659834, 0.0], "k2_x2h_pos_nimin_syn_sem": [0.014221020286781912, 0.02063733207682852, 0.0], "k2_x2h_pos_nimmi_syn_avg": [0.19729465009251437, 0.020653729754123728, 0.0], "k2_x2h_pos_nimmi_syn_sem": [0.021588890460840858, 0.011906729507023458, 0.0]}