{"avg_reward": 0.29364444638888904, "accuracy": 1.0, "k2_x2h_ray_imin_syn_avg": [0.34544681263444604, 0.003267471629600893, 0.0], "k2_x2h_ray_imin_syn_sem": [0.01945760123586763, 0.003267471629600843, 0.0], "k2_x2h_ray_immi_syn_avg": [0.44160640346789837, 0.005512601190897125, 0.0], "k2_x2h_ray_immi_syn_sem": [0.07266255372135148, 0.005512601190897123, 0.0], "k2_x2h_pos_imin_syn_avg": [0.1371381685854801, 0.003267471629600893, 0.0], "k2_x2h_pos_imin_syn_sem": [0.0806365701981197, 0.003267471629600843, 0.0], "k2_x2h_pos_immi_syn_avg": [0.18702364661160567, 0.005512601190897125, 0.0], "k2_x2h_pos_immi_syn_sem": [0.10810049530825283, 0.005512601190897123, 0.0], "k2_x2h_ray_mi_avg": [0.9235183401748549, 0.1507539432468974, 0.0], "k2_x2h_ray_mi_sem": [0.07894883609383994, 0.029730707463880984, 0.0], "k2_x2h_ray_nimin_syn_avg": [0.3758379983065459, 0.005077344031863178, 0.0], "k2_x2h_ray_nimin_syn_sem": [0.011041787152668065, 0.005077344031863041, 0.0], "k2_x2h_ray_nimmi_syn_avg": [0.47254473411850245, 0.00856606450782308, 0.0], "k2_x2h_ray_nimmi_syn_sem": [0.04166705105667273, 0.008566064507823079, 0.0], "k2_x2h_pos_mi_avg": [1.0985732055621604, 0.1507539432468974, 0.0], "k2_x2h_pos_mi_sem": [0.10810049530825283, 0.029730707463880984, 0.0], "k2_x2h_pos_nimin_syn_avg": [0.1133533423520633, 0.005077344031863178, 0.0], "k2_x2h_pos_nimin_syn_sem": [0.058337811642435185, 0.005077344031863041, 0.0], "k2_x2h_pos_nimmi_syn_avg": [0.15482075529463124, 0.00856606450782308, 0.0], "k2_x2h_pos_nimmi_syn_sem": [0.0785948925597373, 0.008566064507823079, 0.0]}