{"avg_reward": 0.28314287152142864, "accuracy": 1.0, "k2_x2h_ray_imin_syn_avg": [0.20935083187997805, 0.0006794182462084446, -1.4237451128066304e-17], "k2_x2h_ray_imin_syn_sem": [0.0130844780226081, 0.0006794182462084243, 9.952338480817696e-18], "k2_x2h_ray_immi_syn_avg": [0.2093508318799778, 0.0006794182462084149, 0.0], "k2_x2h_ray_immi_syn_sem": [0.013084478022608016, 0.0006794182462084148, 0.0], "k2_x2h_pos_imin_syn_avg": [0.11966232537547028, 0.0006794182462084446, -1.4237451128066304e-17], "k2_x2h_pos_imin_syn_sem": [0.06013220618850273, 0.0006794182462084243, 9.952338480817696e-18], "k2_x2h_pos_immi_syn_avg": [0.11966232537547035, 0.0006794182462084149, 0.0], "k2_x2h_pos_immi_syn_sem": [0.060132206188502874, 0.0006794182462084148, 0.0], "k2_x2h_ray_mi_avg": [0.4426071069552135, 0.11087651798187467, 0.0], "k2_x2h_ray_mi_sem": [0.04294108480338019, 0.031180389771458955, 0.0], "k2_x2h_ray_nimin_syn_avg": [0.47794858007600166, 0.001233471330607937, 0.0], "k2_x2h_ray_nimin_syn_sem": [0.031102429746701056, 0.001233471330609533, 0.0], "k2_x2h_ray_nimmi_syn_avg": [0.47794858007600105, 0.0012334713306094796, 0.0], "k2_x2h_ray_nimmi_syn_sem": [0.031102429746701313, 0.0012334713306094793, 0.0], "k2_x2h_pos_mi_avg": [0.3519639531176983, 0.11087651798187467, 0.0], "k2_x2h_pos_mi_sem": [0.04312520911464692, 0.031180389771458955, 0.0], "k2_x2h_pos_nimin_syn_avg": [0.3029441400286164, 0.001233471330607937, 0.0], "k2_x2h_pos_nimin_syn_sem": [0.1516997093717366, 0.001233471330609533, 0.0], "k2_x2h_pos_nimmi_syn_avg": [0.3029441400286165, 0.0012334713306094796, 0.0], "k2_x2h_pos_nimmi_syn_sem": [0.15169970937173707, 0.0012334713306094793, 0.0]}