{"avg_reward_avg": 0.9763, "avg_reward_sem": 0.0015989579940281955, "accuracy_avg": 0.874, "accuracy_sem": 0.009333333333333341, "k2_xh2h_immi_syn_avg_avg": [0.17915727790853678], "k2_xh2h_immi_syn_avg_sem": [0.011335747342417157], "k2_xh2h_immi_syn_sem_avg": [0.024700727033097843], "k2_xh2h_immi_syn_sem_sem": [0.0020504599206638443], "k2_xh2h_mi_avg_avg": [0.6873753568673953], "k2_xh2h_mi_avg_sem": [0.027923727455461705], "k2_xh2h_mi_sem_avg": [0.05678754550208709], "k2_xh2h_mi_sem_sem": [0.0028830449089541125], "k2_xh2h_nimmi_syn_avg_avg": [0.25347583054823175], "k2_xh2h_nimmi_syn_avg_sem": [0.006029047817490034], "k2_xh2h_nimmi_syn_sem_avg": [0.020895205395774028], "k2_xh2h_nimmi_syn_sem_sem": [0.0003703801640263625]}