{"avg_reward": 0.981, "accuracy": 0.9, "k2_xh2h_immi_syn_avg": [0.2255222183711683], "k2_xh2h_immi_syn_sem": [0.03139939014217433], "k2_xh2h_mi_avg": [0.8077296600691946], "k2_xh2h_mi_sem": [0.06421286916356221], "k2_xh2h_nimmi_syn_avg": [0.25350003200836857], "k2_xh2h_nimmi_syn_sem": [0.020028393026351433]}