{"avg_reward": 0.967, "accuracy": 0.82, "k2_xh2h_immi_syn_avg": [0.13056982406778686], "k2_xh2h_immi_syn_sem": [0.01645422540177919], "k2_xh2h_mi_avg": [0.6366025840379353], "k2_xh2h_mi_sem": [0.04574437072394667], "k2_xh2h_nimmi_syn_avg": [0.21908458212516], "k2_xh2h_nimmi_syn_sem": [0.021083597789864836]}