{"avg_reward": 0.97, "accuracy": 0.84, "k2_xh2h_immi_syn_avg": [0.2323721774518858], "k2_xh2h_immi_syn_sem": [0.02823625308920598], "k2_xh2h_mi_avg": [0.8288653233097975], "k2_xh2h_mi_sem": [0.06544763232322238], "k2_xh2h_nimmi_syn_avg": [0.27928370004947134], "k2_xh2h_nimmi_syn_sem": [0.02230315540760983]}