{"avg_reward": 0.973, "accuracy": 0.86, "k2_xh2h_immi_syn_avg": [0.1288309374198474], "k2_xh2h_immi_syn_sem": [0.018021116653306385], "k2_xh2h_mi_avg": [0.5896387973643881], "k2_xh2h_mi_sem": [0.04778422266742085], "k2_xh2h_nimmi_syn_avg": [0.23656328044554187], "k2_xh2h_nimmi_syn_sem": [0.021874468393082623]}