{"avg_reward": 0.978, "accuracy": 0.88, "k2_xh2h_immi_syn_avg": [0.17700534514232757], "k2_xh2h_immi_syn_sem": [0.024048638079465032], "k2_xh2h_mi_avg": [0.6408080990780797], "k2_xh2h_mi_sem": [0.052111053887520735], "k2_xh2h_nimmi_syn_avg": [0.2695145974624706], "k2_xh2h_nimmi_syn_sem": [0.021343945203895678]}