{"avg_reward": 0.977, "accuracy": 0.88, "k2_xh2h_immi_syn_avg": [0.20288466772539734], "k2_xh2h_immi_syn_sem": [0.03542077748378713], "k2_xh2h_mi_avg": [0.7275479983751277], "k2_xh2h_mi_sem": [0.07338459182921415], "k2_xh2h_nimmi_syn_avg": [0.2474604203919861], "k2_xh2h_nimmi_syn_sem": [0.020366033042665845]}