{"avg_reward": 0.981, "accuracy": 0.91, "k2_xh2h_immi_syn_avg": [0.16480795616212346], "k2_xh2h_immi_syn_sem": [0.0190306029469443], "k2_xh2h_mi_avg": [0.6440141694720694], "k2_xh2h_mi_sem": [0.05344862568428462], "k2_xh2h_nimmi_syn_avg": [0.25770713236441684], "k2_xh2h_nimmi_syn_sem": [0.01828663967526099]}