{"avg_reward_avg": 0.05505, "avg_reward_sem": 0.02118758153048882, "accuracy_avg": 0.05500000000000001, "accuracy_sem": 0.005916079783099616, "k2_xh2h_immi_syn_avg_avg": [0.17187124165891493], "k2_xh2h_immi_syn_avg_sem": [0.0034438530835474344], "k2_xh2h_immi_syn_sem_avg": [0.009035845503940312], "k2_xh2h_immi_syn_sem_sem": [0.0007501669520692325], "k2_xh2h_mi_avg_avg": [0.48281555392849534], "k2_xh2h_mi_avg_sem": [0.012110237560601938], "k2_xh2h_mi_sem_avg": [0.029832705438750818], "k2_xh2h_mi_sem_sem": [0.002341316499760992], "k2_xh2h_nimmi_syn_avg_avg": [0.3742630614560225], "k2_xh2h_nimmi_syn_avg_sem": [0.0066657941953234155], "k2_xh2h_nimmi_syn_sem_avg": [0.013560073672991993], "k2_xh2h_nimmi_syn_sem_sem": [0.0007198895780201814]}