{"avg_reward": 0.123, "accuracy": 0.055, "k2_xh2h_immi_syn_avg": [0.18138101053990274], "k2_xh2h_immi_syn_sem": [0.006293585547527484], "k2_xh2h_mi_avg": [0.5043745553283121], "k2_xh2h_mi_sem": [0.03277401310095283], "k2_xh2h_nimmi_syn_avg": [0.38871315957189534], "k2_xh2h_nimmi_syn_sem": [0.014520261785493016]}