{"avg_reward": 0.016, "accuracy": 0.04, "k2_xh2h_immi_syn_avg": [0.1734588036638669], "k2_xh2h_immi_syn_sem": [0.010001539335259048], "k2_xh2h_mi_avg": [0.5011331989499234], "k2_xh2h_mi_sem": [0.03368131648004749], "k2_xh2h_nimmi_syn_avg": [0.36669849856481024], "k2_xh2h_nimmi_syn_sem": [0.012571814862019637]}