{"avg_reward": 0.2045, "accuracy": 0.035, "k2_xh2h_immi_syn_avg": [0.17163400420430006], "k2_xh2h_immi_syn_sem": [0.008971504998914883], "k2_xh2h_mi_avg": [0.4834667551170708], "k2_xh2h_mi_sem": [0.02438230095433623], "k2_xh2h_nimmi_syn_avg": [0.36384226319722995], "k2_xh2h_nimmi_syn_sem": [0.012132652271992306]}