{"avg_reward": 0.1065, "accuracy": 0.05, "k2_xh2h_immi_syn_avg": [0.1476491022308947], "k2_xh2h_immi_syn_sem": [0.007981546547443336], "k2_xh2h_mi_avg": [0.4233902196274445], "k2_xh2h_mi_sem": [0.018263425643279648], "k2_xh2h_nimmi_syn_avg": [0.35835060669132185], "k2_xh2h_nimmi_syn_sem": [0.01504752883945914]}