{"avg_reward": 0.0085, "accuracy": 0.045, "k2_xh2h_immi_syn_avg": [0.16772509085905643], "k2_xh2h_immi_syn_sem": [0.011015391410899125], "k2_xh2h_mi_avg": [0.5480553119700047], "k2_xh2h_mi_sem": [0.04357967294630593], "k2_xh2h_nimmi_syn_avg": [0.3383676827004452], "k2_xh2h_nimmi_syn_sem": [0.01763866028668381]}