{"avg_reward": 0.017, "accuracy": 0.085, "k2_xh2h_immi_syn_avg": [0.17622759246434266], "k2_xh2h_immi_syn_sem": [0.009144009420715945], "k2_xh2h_mi_avg": [0.5054569791979107], "k2_xh2h_mi_sem": [0.03000647892023723], "k2_xh2h_nimmi_syn_avg": [0.36203085235566945], "k2_xh2h_nimmi_syn_sem": [0.014447491518138683]}