{"avg_reward_avg": 1.0, "avg_reward_sem": 0.0, "accuracy_avg": 1.0, "accuracy_sem": 0.0, "k2_x2h_imin_syn_avg_avg": [1.0, 0.06741907567060987, 0.041192332308388424], "k2_x2h_imin_syn_avg_sem": [0.0, 0.00658248466036458, 0.010586633206202298], "k2_x2h_imin_syn_sem_avg": [NaN, 0.01350586037865644, 0.0088133288811284], "k2_x2h_imin_syn_sem_sem": [NaN, 0.0009597016576548942, 0.0011651982406527678], "k2_x2h_mi_avg_avg": [2.0, 0.7808986775051868, 0.36584723011399245], "k2_x2h_mi_avg_sem": [0.0, 0.03887813857952918, 0.03048280987252808], "k2_x2h_mi_sem_avg": [NaN, 0.0389612818062089, 0.025413730384884238], "k2_x2h_mi_sem_sem": [NaN, 0.0007665932987507421, 0.0014346189007298483], "k2_x2h_immi_syn_avg_avg": [1.0, 0.10691808719012533, 0.044523554342073834], "k2_x2h_immi_syn_avg_sem": [0.0, 0.01453724600156353, 0.011830972915488151], "k2_x2h_immi_syn_sem_avg": [NaN, 0.017765058571855966, 0.008928905063384554], "k2_x2h_immi_syn_sem_sem": [NaN, 0.0007071320384490102, 0.001162053020489555], "k2_x2h_nimin_syn_avg_avg": [0.5, 0.03968289255233641, 0.0566339705258735], "k2_x2h_nimin_syn_avg_sem": [0.0, 0.004337446462653524, 0.015314659308423958], "k2_x2h_nimin_syn_sem_avg": [NaN, 0.007291348180585501, 0.01023864849166826], "k2_x2h_nimin_syn_sem_sem": [NaN, 0.00040550342300106927, 0.00120204178434025], "k2_x2h_nimmi_syn_avg_avg": [0.5, 0.06601556689868003, 0.0632964145932443], "k2_x2h_nimmi_syn_avg_sem": [0.0, 0.009955687652111845, 0.017901380444514583], "k2_x2h_nimmi_syn_sem_avg": [NaN, 0.010530400564214022, 0.01070563292531056], "k2_x2h_nimmi_syn_sem_sem": [NaN, 0.0005232127805044288, 0.0012560816208894363], "k2_x2h_imin_red_avg_avg": [1.0, 0.14725721043825882, 0.0534352894023277], "k2_x2h_imin_red_avg_sem": [0.0, 0.014664508093528811, 0.01049037022272839], "k2_x2h_imin_red_sem_avg": [NaN, 0.021346860063739478, 0.009452132149721959], "k2_x2h_imin_red_sem_sem": [NaN, 0.0010034328989307344, 0.0010157816996598196], "k2_x2h_immi_red_avg_avg": [1.0, 0.18675622195777425, 0.05676651143601317], "k2_x2h_immi_red_avg_sem": [0.0, 0.022355487169776884, 0.01139888334497537], "k2_x2h_immi_red_sem_avg": [NaN, 0.025470301909848826, 0.009766509704259147], "k2_x2h_immi_red_sem_sem": [NaN, 0.000982568510993605, 0.0010273545306537454], "k2_x2h_nimin_red_avg_avg": [0.5, 0.11006858547254536, 0.08463711012895346], "k2_x2h_nimin_red_avg_sem": [0.0, 0.01114660071150466, 0.017897369502679762], "k2_x2h_nimin_red_sem_avg": [NaN, 0.017378094603296777, 0.014958270937679688], "k2_x2h_nimin_red_sem_sem": [NaN, 0.0007255661280628922, 0.0018539894210639965], "k2_x2h_nimmi_red_avg_avg": [0.5, 0.13640125981888904, 0.09129955419632438], "k2_x2h_nimmi_red_avg_sem": [0.0, 0.01628713416875162, 0.02006266222482402], "k2_x2h_nimmi_red_sem_avg": [NaN, 0.01958179292515757, 0.015708362503319535], "k2_x2h_nimmi_red_sem_sem": [NaN, 0.0007392261451020928, 0.001954850866615037]}