{"avg_reward_avg": 0.1895332332526711, "avg_reward_sem": 0.033598504236863114, "accuracy_avg": 0.75, "accuracy_sem": 0.0, "k2_x2h_ray_imin_syn_avg_avg": [0.1922188059801392, 0.013329086850427321, 0.0004950838845745237], "k2_x2h_ray_imin_syn_avg_sem": [0.0362448920635989, 0.0024854632476093664, 0.0004950838845745318], "k2_x2h_ray_imin_syn_sem_avg": [0.04406916834668818, 0.009233685041198312, 0.00023097869852673714], "k2_x2h_ray_imin_syn_sem_sem": [0.011263705199106052, 0.0016411386930615306, 0.00023097869852673064], "k2_x2h_ray_immi_syn_avg_avg": [0.26090370311362715, 0.020062543232694043, 0.0007865414829962403], "k2_x2h_ray_immi_syn_avg_sem": [0.05081365064047394, 0.004923192589650151, 0.000786541482996241], "k2_x2h_ray_immi_syn_sem_avg": [0.056007388765506975, 0.013680545878943325, 0.00039206184429856533], "k2_x2h_ray_immi_syn_sem_sem": [0.015501804096109913, 0.0021949610570442474, 0.00039206184429856387], "k2_x2h_pos_imin_syn_avg_avg": [0.15667043058502167, 0.013329086850427321, 0.0004950838845745237], "k2_x2h_pos_imin_syn_avg_sem": [0.02914451174329819, 0.0024854632476093664, 0.0004950838845745318], "k2_x2h_pos_imin_syn_sem_avg": [0.050367454249520695, 0.009233685041198312, 0.00023097869852673714], "k2_x2h_pos_imin_syn_sem_sem": [0.011768219820505904, 0.0016411386930615306, 0.00023097869852673064], "k2_x2h_pos_immi_syn_avg_avg": [0.2441084609790567, 0.020062543232694043, 0.0007865414829962403], "k2_x2h_pos_immi_syn_avg_sem": [0.05335481477601638, 0.004923192589650151, 0.000786541482996241], "k2_x2h_pos_immi_syn_sem_avg": [0.06998565974704041, 0.013680545878943325, 0.00039206184429856533], "k2_x2h_pos_immi_syn_sem_sem": [0.014558316152628306, 0.0021949610570442474, 0.00039206184429856387], "k2_x2h_ray_mi_avg_avg": [0.7522103062890388, 0.4565985600998539, 0.06664610499229755], "k2_x2h_ray_mi_avg_sem": [0.12763657865496014, 0.04779829050200979, 0.06664610499229752], "k2_x2h_ray_mi_sem_avg": [0.10362273585296759, 0.07816310996343377, 0.005173161143896918], "k2_x2h_ray_mi_sem_sem": [0.02668480965804698, 0.004481623285080818, 0.005173161143896912], "k2_x2h_ray_nimin_syn_avg_avg": [0.25596461398697484, 0.0137559668146885, -0.01706726830369568], "k2_x2h_ray_nimin_syn_avg_sem": [0.017810870371540884, 0.04067481492628062, 0.015961736855074363], "k2_x2h_ray_nimin_syn_sem_avg": [0.04860011983425273, 0.012639570086035399, 0.013037126460411113], "k2_x2h_ray_nimin_syn_sem_sem": [0.006153909897806138, 0.004931035025514074, 0.0053329230703787756], "k2_x2h_ray_nimmi_syn_avg_avg": [0.3481834381499467, 0.013928036602424974, 0.0028129898770153307], "k2_x2h_ray_nimmi_syn_avg_sem": [0.0196046645331124, 0.003508098502049832, 0.001928584092365532], "k2_x2h_ray_nimmi_syn_sem_avg": [0.07841564828485759, 0.008771296070110261, 0.0017985335642258838], "k2_x2h_ray_nimmi_syn_sem_sem": [0.0037748380300269566, 0.0012635467444321727, 0.001138242020194319], "k2_x2h_pos_mi_avg_avg": [0.9163983110915455, 0.4565985600998539, 0.06664610499229755], "k2_x2h_pos_mi_avg_sem": [0.11100311551497827, 0.04779829050200979, 0.06664610499229752], "k2_x2h_pos_mi_sem_avg": [0.07217216367581479, 0.07816310996343377, 0.005173161143896918], "k2_x2h_pos_mi_sem_sem": [0.015341390688790884, 0.004481623285080818, 0.005173161143896912], "k2_x2h_pos_nimin_syn_avg_avg": [0.16103232760967784, 0.0137559668146885, -0.01706726830369568], "k2_x2h_pos_nimin_syn_avg_sem": [0.015914288701398594, 0.04067481492628062, 0.015961736855074363], "k2_x2h_pos_nimin_syn_sem_avg": [0.04811177479817489, 0.012639570086035399, 0.013037126460411113], "k2_x2h_pos_nimin_syn_sem_sem": [0.010042438970410548, 0.004931035025514074, 0.0053329230703787756], "k2_x2h_pos_nimmi_syn_avg_avg": [0.24275072525557492, 0.013928036602424974, 0.0028129898770153307], "k2_x2h_pos_nimmi_syn_avg_sem": [0.031022652636994354, 0.003508098502049832, 0.001928584092365532], "k2_x2h_pos_nimmi_syn_sem_avg": [0.054987886359454674, 0.008771296070110261, 0.0017985335642258838], "k2_x2h_pos_nimmi_syn_sem_sem": [0.009242694977752, 0.0012635467444321727, 0.001138242020194319]}