{"avg_reward": 0.023728105763616586, "accuracy": 0.75, "k2_x2h_ray_imin_syn_avg": [0.054487973085368485, 0.017164631449546896, 0.002970503307447182], "k2_x2h_ray_imin_syn_sem": [0.01607296257940667, 0.007888829185112911, 0.0013858721911603903], "k2_x2h_ray_immi_syn_avg": [0.06975286876701385, 0.04195560578689819, 0.004719248897977445], "k2_x2h_ray_immi_syn_sem": [0.02413304322153653, 0.021473705307548267, 0.0023523710657913847], "k2_x2h_pos_imin_syn_avg": [0.061940267634470136, 0.017164631449546896, 0.002970503307447182], "k2_x2h_pos_imin_syn_sem": [0.03642259682316925, 0.007888829185112911, 0.0013858721911603903], "k2_x2h_pos_immi_syn_avg": [0.07401061742937554, 0.04195560578689819, 0.004719248897977445], "k2_x2h_pos_immi_syn_sem": [0.03394159630379782, 0.021473705307548267, 0.0023523710657913847], "k2_x2h_ray_mi_avg": [0.17326284918670462, 0.6827336068649468, 0.39987662995378515], "k2_x2h_ray_mi_sem": [0.02674382135337181, 0.08746038607575525, 0.031038966863381475], "k2_x2h_ray_nimin_syn_avg": [0.2981020889235932, 0.010996808438875218, 0.008248330990273434], "k2_x2h_ray_nimin_syn_sem": [0.05384414051878626, 0.004878012894157421, 0.004082450734728448], "k2_x2h_ray_nimmi_syn_avg": [0.3744276341247372, 0.02646070573199793, 0.011322383706536428], "k2_x2h_ray_nimmi_syn_sem": [0.09138292206480925, 0.01317471002096493, 0.005235645829799748], "k2_x2h_pos_mi_avg": [0.44161566640001126, 0.6827336068649468, 0.39987662995378515], "k2_x2h_pos_mi_sem": [0.03394159630379782, 0.08746038607575525, 0.031038966863381475], "k2_x2h_pos_nimin_syn_avg": [0.12984976896751346, 0.010996808438875218, 0.008248330990273434], "k2_x2h_pos_nimin_syn_sem": [0.06782526600241691, 0.004878012894157421, 0.004082450734728448], "k2_x2h_pos_nimmi_syn_avg": [0.1582313805082742, 0.02646070573199793, 0.011322383706536428], "k2_x2h_pos_nimmi_syn_sem": [0.060947314265249575, 0.01317471002096493, 0.005235645829799748]}