{"avg_reward": 0.217408006092, "accuracy": 0.75, "k2_x2h_ray_imin_syn_avg": [0.28896242454562765, 0.02119577285071354, 0.0], "k2_x2h_ray_imin_syn_sem": [0.04560592439789541, 0.013483298167797314, 0.0], "k2_x2h_ray_immi_syn_avg": [0.41087340595429306, 0.02398515523636832, 0.0], "k2_x2h_ray_immi_syn_sem": [0.053330220652033876, 0.01587884210800959, 0.0], "k2_x2h_pos_imin_syn_avg": [0.28382771261264744, 0.02119577285071354, 0.0], "k2_x2h_pos_imin_syn_sem": [0.07395385827151633, 0.013483298167797314, 0.0], "k2_x2h_pos_immi_syn_avg": [0.46529900352156606, 0.02398515523636832, 0.0], "k2_x2h_pos_immi_syn_sem": [0.10126921098615613, 0.01587884210800959, 0.0], "k2_x2h_ray_mi_avg": [1.050701151492363, 0.36850262082483926, 0.0], "k2_x2h_ray_mi_sem": [0.05591164537061133, 0.06604080019043876, 0.0], "k2_x2h_ray_nimin_syn_avg": [0.2735630505519875, 0.01650184679840758, 0.0], "k2_x2h_ray_nimin_syn_sem": [0.03358156645267455, 0.009675239174345245, 0.0], "k2_x2h_ray_nimmi_syn_avg": [0.39653921936284436, 0.018311960295360412, 0.0], "k2_x2h_ray_nimmi_syn_sem": [0.06840605006200073, 0.011023398416870604, 0.0], "k2_x2h_pos_mi_avg": [1.1972971807436363, 0.36850262082483926, 0.0], "k2_x2h_pos_mi_sem": [0.1016708611408306, 0.06604080019043876, 0.0], "k2_x2h_pos_nimin_syn_avg": [0.23378167684210416, 0.01650184679840758, 0.0], "k2_x2h_pos_nimin_syn_sem": [0.04682376253857197, 0.009675239174345245, 0.0], "k2_x2h_pos_nimmi_syn_avg": [0.37922807293954136, 0.018311960295360412, 0.0], "k2_x2h_pos_nimmi_syn_sem": [0.05536480859075883, 0.011023398416870604, 0.0]}