{"avg_reward_avg": 0.938, "avg_reward_sem": 0.003091206165165221, "accuracy_avg": 0.689, "accuracy_sem": 0.015380362660079102, "k2_xh2h_immi_syn_avg_avg": [0.2651243150598629], "k2_xh2h_immi_syn_avg_sem": [0.005699770036842154], "k2_xh2h_immi_syn_sem_avg": [0.022008663468826017], "k2_xh2h_immi_syn_sem_sem": [0.0009947152578933878], "k2_xh2h_mi_avg_avg": [0.7968764474488113], "k2_xh2h_mi_avg_sem": [0.01191057915919268], "k2_xh2h_mi_sem_avg": [0.05112360538924086], "k2_xh2h_mi_sem_sem": [0.001517901348368509], "k2_xh2h_nimmi_syn_avg_avg": [0.33931923731342184], "k2_xh2h_nimmi_syn_avg_sem": [0.0055609034500136096], "k2_xh2h_nimmi_syn_sem_avg": [0.015683827917683194], "k2_xh2h_nimmi_syn_sem_sem": [0.0005029236642183518]}