{"avg_reward": 0.951, "accuracy": 0.75, "k2_xh2h_immi_syn_avg": [0.2521111287120057], "k2_xh2h_immi_syn_sem": [0.024461362299944264], "k2_xh2h_mi_avg": [0.762342639734583], "k2_xh2h_mi_sem": [0.05260245299351804], "k2_xh2h_nimmi_syn_avg": [0.3343407506157893], "k2_xh2h_nimmi_syn_sem": [0.01892921511986295]}