{"avg_reward": 0.928, "accuracy": 0.63, "k2_xh2h_immi_syn_avg": [0.2612241329694824], "k2_xh2h_immi_syn_sem": [0.02047479939460722], "k2_xh2h_mi_avg": [0.833094026565401], "k2_xh2h_mi_sem": [0.050697008217420333], "k2_xh2h_nimmi_syn_avg": [0.3212609116058073], "k2_xh2h_nimmi_syn_sem": [0.01445807031712179]}