{"avg_reward": 0.933, "accuracy": 0.67, "k2_xh2h_immi_syn_avg": [0.28701827297053384], "k2_xh2h_immi_syn_sem": [0.02120788477439567], "k2_xh2h_mi_avg": [0.824789686720832], "k2_xh2h_mi_sem": [0.05181742613976099], "k2_xh2h_nimmi_syn_avg": [0.3552613659354614], "k2_xh2h_nimmi_syn_sem": [0.014775248049256118]}