{"avg_reward": 0.946, "accuracy": 0.74, "k2_xh2h_immi_syn_avg": [0.2549362114129682], "k2_xh2h_immi_syn_sem": [0.024704701175890822], "k2_xh2h_mi_avg": [0.8173627268474236], "k2_xh2h_mi_sem": [0.05696311416134303], "k2_xh2h_nimmi_syn_avg": [0.3192428986426259], "k2_xh2h_nimmi_syn_sem": [0.016348450836830456]}