{"avg_reward": 0.927, "accuracy": 0.64, "k2_xh2h_immi_syn_avg": [0.2484085654678708], "k2_xh2h_immi_syn_sem": [0.026220076756035625], "k2_xh2h_mi_avg": [0.743820891114852], "k2_xh2h_mi_sem": [0.05876034735631575], "k2_xh2h_nimmi_syn_avg": [0.3320964494279836], "k2_xh2h_nimmi_syn_sem": [0.014485555053714334]}