{"avg_reward_avg": 0.0558, "avg_reward_sem": 0.023932683370933006, "accuracy_avg": 0.06700000000000002, "accuracy_sem": 0.008306623862918073, "k2_xh2h_immi_syn_avg_avg": [0.2064415657511697], "k2_xh2h_immi_syn_avg_sem": [0.005761613841418466], "k2_xh2h_immi_syn_sem_avg": [0.012681025542475521], "k2_xh2h_immi_syn_sem_sem": [0.0005098530747590231], "k2_xh2h_mi_avg_avg": [0.5732637386110775], "k2_xh2h_mi_avg_sem": [0.014329476674673226], "k2_xh2h_mi_sem_avg": [0.03132423607502735], "k2_xh2h_mi_sem_sem": [0.0014324597230528243], "k2_xh2h_nimmi_syn_avg_avg": [0.3643209745544178], "k2_xh2h_nimmi_syn_avg_sem": [0.004522600958592355], "k2_xh2h_nimmi_syn_sem_avg": [0.013501235806677971], "k2_xh2h_nimmi_syn_sem_sem": [0.0007407732855611593]}