{"avg_reward": 0.017, "accuracy": 0.09, "k2_xh2h_immi_syn_avg": [0.20319937116218315], "k2_xh2h_immi_syn_sem": [0.015154264271022027], "k2_xh2h_mi_avg": [0.5901267961895955], "k2_xh2h_mi_sem": [0.032947773122088346], "k2_xh2h_nimmi_syn_avg": [0.34521220821543847], "k2_xh2h_nimmi_syn_sem": [0.01382789731018774]}