{"avg_reward": 0.012, "accuracy": 0.05, "k2_xh2h_immi_syn_avg": [0.1949426308650221], "k2_xh2h_immi_syn_sem": [0.010508937632468525], "k2_xh2h_mi_avg": [0.5241811828873331], "k2_xh2h_mi_sem": [0.023715301111567215], "k2_xh2h_nimmi_syn_avg": [0.3709317312138631], "k2_xh2h_nimmi_syn_sem": [0.011169412450821963]}