{"avg_reward": 0.251, "accuracy": 0.04, "k2_xh2h_immi_syn_avg": [0.2439504975108224], "k2_xh2h_immi_syn_sem": [0.01357068119561193], "k2_xh2h_mi_avg": [0.6565786132354541], "k2_xh2h_mi_sem": [0.032144300339383515], "k2_xh2h_nimmi_syn_avg": [0.37500987313222034], "k2_xh2h_nimmi_syn_sem": [0.011683879603532581]}