{"avg_reward": 0.031, "accuracy": 0.07, "k2_xh2h_immi_syn_avg": [0.20585935560526025], "k2_xh2h_immi_syn_sem": [0.012088722717222972], "k2_xh2h_mi_avg": [0.5463104586149091], "k2_xh2h_mi_sem": [0.029537048682552726], "k2_xh2h_nimmi_syn_avg": [0.3826152899746499], "k2_xh2h_nimmi_syn_sem": [0.01473189345557143]}