{"avg_reward": 0.012, "accuracy": 0.06, "k2_xh2h_immi_syn_avg": [0.18779641990368312], "k2_xh2h_immi_syn_sem": [0.010906892878487902], "k2_xh2h_mi_avg": [0.5338940842341342], "k2_xh2h_mi_sem": [0.03183858373477942], "k2_xh2h_nimmi_syn_avg": [0.3617069345360796], "k2_xh2h_nimmi_syn_sem": [0.013210525496776388]}