{"avg_reward": 0.012, "accuracy": 0.07, "k2_xh2h_immi_syn_avg": [0.1896836237403069], "k2_xh2h_immi_syn_sem": [0.013773104283383223], "k2_xh2h_mi_avg": [0.5628533829069138], "k2_xh2h_mi_sem": [0.03663860457554921], "k2_xh2h_nimmi_syn_avg": [0.34240662388541754], "k2_xh2h_nimmi_syn_sem": [0.016535025089884078]}