{"avg_reward": 0.021, "accuracy": 0.11, "k2_xh2h_immi_syn_avg": [0.1996144982024954], "k2_xh2h_immi_syn_sem": [0.010513440070173736], "k2_xh2h_mi_avg": [0.5354416975547865], "k2_xh2h_mi_sem": [0.02701084765579938], "k2_xh2h_nimmi_syn_avg": [0.37236365158050133], "k2_xh2h_nimmi_syn_sem": [0.01066024045495018]}