{"avg_reward_avg": 0.07133333333333333, "avg_reward_sem": 0.03430044946255564, "accuracy_avg": 0.060000000000000005, "accuracy_sem": 0.0052704627669473, "k2_xh2h_immi_syn_avg_avg": [0.20422892969415152], "k2_xh2h_immi_syn_avg_sem": [0.007619313480139701], "k2_xh2h_immi_syn_sem_avg": [0.011149712479441968], "k2_xh2h_immi_syn_sem_sem": [0.0006883297954117794], "k2_xh2h_mi_avg_avg": [0.55762724456948], "k2_xh2h_mi_avg_sem": [0.01976037271051587], "k2_xh2h_mi_sem_avg": [0.02810519644560581], "k2_xh2h_mi_sem_sem": [0.001050798875193962], "k2_xh2h_nimmi_syn_avg_avg": [0.3719655177624459], "k2_xh2h_nimmi_syn_avg_sem": [0.0023636704747270992], "k2_xh2h_nimmi_syn_sem_avg": [0.013192302821406283], "k2_xh2h_nimmi_syn_sem_sem": [0.00041294737442447286]}