{"avg_reward": 0.032, "accuracy": 0.045, "k2_xh2h_immi_syn_avg": [0.17964499082625518], "k2_xh2h_immi_syn_sem": [0.010733653898201637], "k2_xh2h_mi_avg": [0.47254596558638606], "k2_xh2h_mi_sem": [0.021774656374579426], "k2_xh2h_nimmi_syn_avg": [0.37843716367316566], "k2_xh2h_nimmi_syn_sem": [0.014341855155318927]}