{"avg_reward": 0.0105, "accuracy": 0.06, "k2_xh2h_immi_syn_avg": [0.24541309665282135], "k2_xh2h_immi_syn_sem": [0.015914593167279754], "k2_xh2h_mi_avg": [0.633551562056759], "k2_xh2h_mi_sem": [0.0288142106664533], "k2_xh2h_nimmi_syn_avg": [0.3781020160376385], "k2_xh2h_nimmi_syn_sem": [0.012282746755566877]}