{"avg_reward": 0.0885, "accuracy": 0.06, "k2_xh2h_immi_syn_avg": [0.2159148039692982], "k2_xh2h_immi_syn_sem": [0.009209750183227384], "k2_xh2h_mi_avg": [0.5835543089167218], "k2_xh2h_mi_sem": [0.027629165068063462], "k2_xh2h_nimmi_syn_avg": [0.3793171592919391], "k2_xh2h_nimmi_syn_sem": [0.0108164986658369]}