{"avg_reward": 0.332, "accuracy": 0.035, "k2_xh2h_immi_syn_avg": [0.22210695793847038], "k2_xh2h_immi_syn_sem": [0.01257289648107726], "k2_xh2h_mi_avg": [0.5997436827349016], "k2_xh2h_mi_sem": [0.02871248967466218], "k2_xh2h_nimmi_syn_avg": [0.3763001915721502], "k2_xh2h_nimmi_syn_sem": [0.013192626932838654]}