{"avg_reward": 0.0155, "accuracy": 0.06, "k2_xh2h_immi_syn_avg": [0.20756022217226142], "k2_xh2h_immi_syn_sem": [0.01021074896406174], "k2_xh2h_mi_avg": [0.5766013164813759], "k2_xh2h_mi_sem": [0.026974806903035633], "k2_xh2h_nimmi_syn_avg": [0.3679933435436334], "k2_xh2h_nimmi_syn_sem": [0.012969467782209221]}