{"avg_reward": 0.0965, "accuracy": 0.05, "k2_xh2h_immi_syn_avg": [0.17942598840493562], "k2_xh2h_immi_syn_sem": [0.011665151692900118], "k2_xh2h_mi_avg": [0.4980557280768224], "k2_xh2h_mi_sem": [0.030445147389422035], "k2_xh2h_nimmi_syn_avg": [0.36767414823638267], "k2_xh2h_nimmi_syn_sem": [0.013192469056579403]}