{"avg_reward": 0.0175, "accuracy": 0.085, "k2_xh2h_immi_syn_avg": [0.19148963447266243], "k2_xh2h_immi_syn_sem": [0.010212350182183534], "k2_xh2h_mi_avg": [0.5394970412006889], "k2_xh2h_mi_sem": [0.032649000888515495], "k2_xh2h_nimmi_syn_avg": [0.36399284441597596], "k2_xh2h_nimmi_syn_sem": [0.013072609859920334]}