{"avg_reward": 0.0355, "accuracy": 0.065, "k2_xh2h_immi_syn_avg": [0.18147166395140973], "k2_xh2h_immi_syn_sem": [0.009485144905256006], "k2_xh2h_mi_avg": [0.49263563890194517], "k2_xh2h_mi_sem": [0.02563986477675669], "k2_xh2h_nimmi_syn_avg": [0.3756713666737897], "k2_xh2h_nimmi_syn_sem": [0.013609401704766834]}