{"avg_reward": 0.014, "accuracy": 0.08, "k2_xh2h_immi_syn_avg": [0.21503300885924917], "k2_xh2h_immi_syn_sem": [0.010343122840790269], "k2_xh2h_mi_avg": [0.6224599571697189], "k2_xh2h_mi_sem": [0.03030742626896407], "k2_xh2h_nimmi_syn_avg": [0.3602014264173385], "k2_xh2h_nimmi_syn_sem": [0.015253049479619397]}