{"avg_reward_avg": 0.5, "avg_reward_sem": 0.08333333333333333, "accuracy_avg": 0.9, "accuracy_sem": 0.09999999999999999}