{"avg_reward": 1.0, "accuracy": 1.0, "k2_x2h_imin_syn_avg": [1.0, 0.09560569454861145, 0.005664166714743776], "k2_x2h_imin_syn_sem": [NaN, 0.020421919129027466, 0.0031950209275660945], "k2_x2h_mi_avg": [2.0, 1.116123610870726, 0.7760902082011215], "k2_x2h_mi_sem": [NaN, 0.07144082718182655, 0.04878117636357458], "k2_x2h_immi_syn_avg": [1.0, 0.2211863196006949, 0.012581458369391138], "k2_x2h_immi_syn_sem": [NaN, 0.04748651709227287, 0.007096899652489286], "k2_x2h_nimin_syn_avg": [0.5, 0.06188527784722247, 0.011328333429487587], "k2_x2h_nimin_syn_sem": [NaN, 0.013355496458816084, 0.00639004185513219], "k2_x2h_nimmi_syn_avg": [0.5, 0.1437538426967596, 0.025162916738782275], "k2_x2h_nimmi_syn_sem": [NaN, 0.031266902484913324, 0.014193799304978572], "k2_x2h_imin_red_avg": [1.0, 0.2530158330288451, 0.27859645808092864], "k2_x2h_imin_red_sem": [NaN, 0.04459505534656963, 0.04755358513096176], "k2_x2h_immi_red_avg": [1.0, 0.3785964580809287, 0.2855137497355761], "k2_x2h_immi_red_sem": [NaN, 0.06101634400405692, 0.047478623573323685], "k2_x2h_nimin_red_avg": [0.5, 0.18492618037259553, 0.33834583309294786], "k2_x2h_nimin_red_sem": [NaN, 0.03749721832427558, 0.05465949641160166], "k2_x2h_nimmi_red_avg": [0.5, 0.26679474522213276, 0.35218041640224274], "k2_x2h_nimmi_red_sem": [NaN, 0.04549874046568362, 0.05564877649872367], "k2_x2h_tuples_syn": [{"imin_syn_0_1": 1.0, "mi_0_1": 2.0, "immi_syn_0_1": 1.0, "nimin_syn_0_1": 0.5, "nimmi_syn_0_1": 0.5}, {"imin_syn_0_1": 1.1102230246251565e-16, "mi_0_1": 0.8112781244591329, "immi_syn_0_1": 0.0, "nimin_syn_0_1": 1.3684863318178654e-16, "nimmi_syn_0_1": 0.0, "imin_syn_0_2": 0.0, "mi_0_2": 1.5, "immi_syn_0_2": 0.0, "nimin_syn_0_2": 0.0, "nimmi_syn_0_2": 0.0, "imin_syn_0_3": 1.1102230246251565e-16, "mi_0_3": 0.8112781244591329, "immi_syn_0_3": 0.0, "nimin_syn_0_3": 1.3684863318178654e-16, "nimmi_syn_0_3": 0.0, "imin_syn_0_4": 0.0, "mi_0_4": 0.8112781244591329, "immi_syn_0_4": 0.0, "nimin_syn_0_4": 0.0, "nimmi_syn_0_4": 0.0, "imin_syn_0_5": 1.1102230246251565e-16, "mi_0_5": 0.8112781244591329, "immi_syn_0_5": 0.0, "nimin_syn_0_5": 1.3684863318178654e-16, "nimmi_syn_0_5": 0.0, "imin_syn_0_6": 0.0, "mi_0_6": 0.8112781244591329, "immi_syn_0_6": 0.0, "nimin_syn_0_6": 0.0, "nimmi_syn_0_6": 0.0, "imin_syn_0_7": 0.0, "mi_0_7": 0.0, "immi_syn_0_7": 0.0, "nimin_syn_0_7": 0, "nimmi_syn_0_7": 0, "imin_syn_0_8": 0.0, "mi_0_8": 0.0, "immi_syn_0_8": 0.0, "nimin_syn_0_8": 0, "nimmi_syn_0_8": 0, "imin_syn_0_9": 0.0, "mi_0_9": 0.8112781244591329, "immi_syn_0_9": 0.0, "nimin_syn_0_9": 0.0, "nimmi_syn_0_9": 0.0, "imin_syn_1_2": 0.25, "mi_1_2": 2.0, "immi_syn_1_2": 0.5, "nimin_syn_1_2": 0.125, "nimmi_syn_1_2": 0.25, "imin_syn_1_3": 0.29248125036057804, "mi_1_3": 1.5, "immi_syn_1_3": 0.6887218755408671, "nimin_syn_1_3": 0.19498750024038536, "nimmi_syn_1_3": 0.4591479170272447, "imin_syn_1_4": 0.29248125036057804, "mi_1_4": 1.5, "immi_syn_1_4": 0.6887218755408671, "nimin_syn_1_4": 0.19498750024038536, "nimmi_syn_1_4": 0.4591479170272447, "imin_syn_1_5": 0.29248125036057804, "mi_1_5": 1.5, "immi_syn_1_5": 0.6887218755408671, "nimin_syn_1_5": 0.19498750024038536, "nimmi_syn_1_5": 0.4591479170272447, "imin_syn_1_6": 0.29248125036057804, "mi_1_6": 1.5, "immi_syn_1_6": 0.6887218755408671, "nimin_syn_1_6": 0.19498750024038536, "nimmi_syn_1_6": 0.4591479170272447, "imin_syn_1_7": 1.1102230246251565e-16, "mi_1_7": 0.8112781244591329, "immi_syn_1_7": 0.0, "nimin_syn_1_7": 1.3684863318178654e-16, "nimmi_syn_1_7": 0.0, "imin_syn_1_8": 1.1102230246251565e-16, "mi_1_8": 0.8112781244591329, "immi_syn_1_8": 0.0, "nimin_syn_1_8": 1.3684863318178654e-16, "nimmi_syn_1_8": 0.0, "imin_syn_1_9": 0.29248125036057804, "mi_1_9": 1.5, "immi_syn_1_9": 0.6887218755408671, "nimin_syn_1_9": 0.19498750024038536, "nimmi_syn_1_9": 0.4591479170272447, "imin_syn_2_3": 0.0, "mi_2_3": 1.5, "immi_syn_2_3": 0.0, "nimin_syn_2_3": 0.0, "nimmi_syn_2_3": 0.0, "imin_syn_2_4": 0.25, "mi_2_4": 2.0, "immi_syn_2_4": 0.5, "nimin_syn_2_4": 0.125, "nimmi_syn_2_4": 0.25, "imin_syn_2_5": 0.0, "mi_2_5": 1.5, "immi_syn_2_5": 0.0, "nimin_syn_2_5": 0.0, "nimmi_syn_2_5": 0.0, "imin_syn_2_6": 0.0, "mi_2_6": 1.5, "immi_syn_2_6": 0.0, "nimin_syn_2_6": 0.0, "nimmi_syn_2_6": 0.0, "imin_syn_2_7": 0.0, "mi_2_7": 1.5, "immi_syn_2_7": 0.0, "nimin_syn_2_7": 0.0, "nimmi_syn_2_7": 0.0, "imin_syn_2_8": 0.0, "mi_2_8": 1.5, "immi_syn_2_8": 0.0, "nimin_syn_2_8": 0.0, "nimmi_syn_2_8": 0.0, "imin_syn_2_9": 0.0, "mi_2_9": 1.5, "immi_syn_2_9": 0.0, "nimin_syn_2_9": 0.0, "nimmi_syn_2_9": 0.0, "imin_syn_3_4": 0.29248125036057804, "mi_3_4": 1.5, "immi_syn_3_4": 0.6887218755408671, "nimin_syn_3_4": 0.19498750024038536, "nimmi_syn_3_4": 0.4591479170272447, "imin_syn_3_5": 1.1102230246251565e-16, "mi_3_5": 0.8112781244591329, "immi_syn_3_5": 0.0, "nimin_syn_3_5": 1.3684863318178654e-16, "nimmi_syn_3_5": 0.0, "imin_syn_3_6": 0.29248125036057804, "mi_3_6": 1.5, "immi_syn_3_6": 0.6887218755408671, "nimin_syn_3_6": 0.19498750024038536, "nimmi_syn_3_6": 0.4591479170272447, "imin_syn_3_7": 1.1102230246251565e-16, "mi_3_7": 0.8112781244591329, "immi_syn_3_7": 0.0, "nimin_syn_3_7": 1.3684863318178654e-16, "nimmi_syn_3_7": 0.0, "imin_syn_3_8": 1.1102230246251565e-16, "mi_3_8": 0.8112781244591329, "immi_syn_3_8": 0.0, "nimin_syn_3_8": 1.3684863318178654e-16, "nimmi_syn_3_8": 0.0, "imin_syn_3_9": 0.29248125036057804, "mi_3_9": 1.5, "immi_syn_3_9": 0.6887218755408671, "nimin_syn_3_9": 0.19498750024038536, "nimmi_syn_3_9": 0.4591479170272447, "imin_syn_4_5": 0.29248125036057804, "mi_4_5": 1.5, "immi_syn_4_5": 0.6887218755408671, "nimin_syn_4_5": 0.19498750024038536, "nimmi_syn_4_5": 0.4591479170272447, "imin_syn_4_6": 0.29248125036057804, "mi_4_6": 1.5, "immi_syn_4_6": 0.6887218755408671, "nimin_syn_4_6": 0.19498750024038536, "nimmi_syn_4_6": 0.4591479170272447, "imin_syn_4_7": 0.0, "mi_4_7": 0.8112781244591329, "immi_syn_4_7": 0.0, "nimin_syn_4_7": 0.0, "nimmi_syn_4_7": 0.0, "imin_syn_4_8": 0.0, "mi_4_8": 0.8112781244591329, "immi_syn_4_8": 0.0, "nimin_syn_4_8": 0.0, "nimmi_syn_4_8": 0.0, "imin_syn_4_9": 0.29248125036057804, "mi_4_9": 1.5, "immi_syn_4_9": 0.6887218755408671, "nimin_syn_4_9": 0.19498750024038536, "nimmi_syn_4_9": 0.4591479170272447, "imin_syn_5_6": 0.29248125036057804, "mi_5_6": 1.5, "immi_syn_5_6": 0.6887218755408671, "nimin_syn_5_6": 0.19498750024038536, "nimmi_syn_5_6": 0.4591479170272447, "imin_syn_5_7": 1.1102230246251565e-16, "mi_5_7": 0.8112781244591329, "immi_syn_5_7": 0.0, "nimin_syn_5_7": 1.3684863318178654e-16, "nimmi_syn_5_7": 0.0, "imin_syn_5_8": 1.1102230246251565e-16, "mi_5_8": 0.8112781244591329, "immi_syn_5_8": 0.0, "nimin_syn_5_8": 1.3684863318178654e-16, "nimmi_syn_5_8": 0.0, "imin_syn_5_9": 0.29248125036057804, "mi_5_9": 1.5, "immi_syn_5_9": 0.6887218755408671, "nimin_syn_5_9": 0.19498750024038536, "nimmi_syn_5_9": 0.4591479170272447, "imin_syn_6_7": 0.0, "mi_6_7": 0.8112781244591329, "immi_syn_6_7": 0.0, "nimin_syn_6_7": 0.0, "nimmi_syn_6_7": 0.0, "imin_syn_6_8": 0.0, "mi_6_8": 0.8112781244591329, "immi_syn_6_8": 0.0, "nimin_syn_6_8": 0.0, "nimmi_syn_6_8": 0.0, "imin_syn_6_9": 0.0, "mi_6_9": 0.8112781244591329, "immi_syn_6_9": 0.0, "nimin_syn_6_9": 0.0, "nimmi_syn_6_9": 0.0, "imin_syn_7_8": 0.0, "mi_7_8": 0.0, "immi_syn_7_8": 0.0, "nimin_syn_7_8": 0, "nimmi_syn_7_8": 0, "imin_syn_7_9": 0.0, "mi_7_9": 0.8112781244591329, "immi_syn_7_9": 0.0, "nimin_syn_7_9": 0.0, "nimmi_syn_7_9": 0.0, "imin_syn_8_9": 0.0, "mi_8_9": 0.8112781244591329, "immi_syn_8_9": 0.0, "nimin_syn_8_9": 0.0, "nimmi_syn_8_9": 0.0}, {"imin_syn_0_1": 0.0, "mi_0_1": 1.0, "immi_syn_0_1": 0.0, "nimin_syn_0_1": 0.0, "nimmi_syn_0_1": 0.0, "imin_syn_0_2": 0.0, "mi_0_2": 1.0, "immi_syn_0_2": 0.0, "nimin_syn_0_2": 0.0, "nimmi_syn_0_2": 0.0, "imin_syn_0_3": 1.1102230246251565e-16, "mi_0_3": 0.31127812445913294, "immi_syn_0_3": 0.0, "nimin_syn_0_3": 3.566659322926226e-16, "nimmi_syn_0_3": 0.0, "imin_syn_0_4": 1.1102230246251565e-16, "mi_0_4": 0.31127812445913294, "immi_syn_0_4": 0.0, "nimin_syn_0_4": 3.566659322926226e-16, "nimmi_syn_0_4": 0.0,