{"avg_reward_avg": 1.0, "avg_reward_sem": 0.0, "accuracy_avg": 1.0, "accuracy_sem": 0.0, "k2_x2h_imin_syn_avg_avg": [1.0, 0.08599081951415623, 0.03218547228792758], "k2_x2h_imin_syn_avg_sem": [0.0, 0.016801181402546474, 0.014067826242473162], "k2_x2h_imin_syn_sem_avg": [NaN, 0.018245733319514876, 0.013252295833263168], "k2_x2h_imin_syn_sem_sem": [NaN, 0.0010397890768295542, 0.004465691562393906], "k2_x2h_mi_avg_avg": [2.0, 1.2647234512049943, 0.8814001596657317], "k2_x2h_mi_avg_sem": [0.0, 0.07635688033487233, 0.03400736982996661], "k2_x2h_mi_sem_avg": [NaN, 0.07493019269316, 0.029283977258820017], "k2_x2h_mi_sem_sem": [NaN, 0.0050989821584664485, 0.006177720814613105], "k2_x2h_immi_syn_avg_avg": [1.0, 0.18759734038234543, 0.03887218755408671], "k2_x2h_immi_syn_avg_sem": [0.0, 0.031851072306160855, 0.01685990776841801], "k2_x2h_immi_syn_sem_avg": [NaN, 0.04058805430293316, 0.014184967263990794], "k2_x2h_immi_syn_sem_sem": [NaN, 0.002313327859987006, 0.004307898943545936], "k2_x2h_nimin_syn_avg_avg": [0.5, 0.05325313893536341, 0.03766083344551322], "k2_x2h_nimin_syn_avg_sem": [0.0, 0.009541620338355603, 0.016337230194716203], "k2_x2h_nimin_syn_sem_avg": [NaN, 0.011562235602650146, 0.013994535769302052], "k2_x2h_nimin_syn_sem_sem": [NaN, 0.0006633179742967187, 0.004322686168559982], "k2_x2h_nimmi_syn_avg_avg": [0.5, 0.11765748618082288, 0.05103426397783147], "k2_x2h_nimmi_syn_avg_sem": [0.0, 0.018858375937418747, 0.02236844572241702], "k2_x2h_nimmi_syn_sem_avg": [NaN, 0.026303841555158903, 0.016575513309225583], "k2_x2h_nimmi_syn_sem_sem": [NaN, 0.0016271168309081425, 0.004483678814015155], "k2_x2h_imin_red_avg_avg": [1.0, 0.362545492768295, 0.5062288747652236], "k2_x2h_imin_red_avg_sem": [0.0, 0.05651742832700021, 0.07747522165456802], "k2_x2h_imin_red_sem_avg": [NaN, 0.054554859965459876, 0.043301326739817445], "k2_x2h_imin_red_sem_sem": [NaN, 0.004090491586367467, 0.004461396255545157], "k2_x2h_immi_red_avg_avg": [1.0, 0.4641520136364843, 0.5129155900313828], "k2_x2h_immi_red_avg_sem": [0.0, 0.06492960540679853, 0.07562181273128084], "k2_x2h_immi_red_sem_avg": [NaN, 0.06257374635636712, 0.04294213431974788], "k2_x2h_immi_red_sem_sem": [NaN, 0.004047198025713353, 0.004620201331736631], "k2_x2h_nimin_red_avg_avg": [0.5, 0.23798494080775856, 0.555620687262419], "k2_x2h_nimin_red_avg_sem": [0.0, 0.03017426171108079, 0.06803439635965197], "k2_x2h_nimin_red_sem_avg": [NaN, 0.03983449331017379, 0.04779403597085306], "k2_x2h_nimin_red_sem_sem": [NaN, 0.001977698683733528, 0.003375646420129846], "k2_x2h_nimmi_red_avg_avg": [0.5, 0.3023892880532181, 0.5689941177947374], "k2_x2h_nimmi_red_avg_sem": [0.0, 0.035727829222724654, 0.06570447535751492], "k2_x2h_nimmi_red_sem_avg": [NaN, 0.04369096237565476, 0.0481808513579219], "k2_x2h_nimmi_red_sem_sem": [NaN, 0.002500352241443598, 0.0033783228167502117], "x2h_imin_syn_avg": [1.0, 0.0, 0.0], "x2h_imin_syn_sem": [0.0, 0.0, 0.0], "x2h_mi_avg": [2.0, 2.0, 1.0], "x2h_mi_sem": [0.0, 0.0, 0.0], "x2h_immi_syn_avg": [1.0, 0.0, 0.0], "x2h_immi_syn_sem": [0.0, 0.0, 0.0], "x2h_nimin_syn_avg": [0.5, 0.0, 0.0], "x2h_nimin_syn_sem": [0.0, 0.0, 0.0], "x2h_nimmi_syn_avg": [0.5, 0.0, 0.0], "x2h_nimmi_syn_sem": [0.0, 0.0, 0.0], "x2h_imin_red_avg": [1.0, 0.04150374992788437, 0.15375937481971094], "x2h_imin_red_sem": [0.0, 0.04150374992788437, 0.057105822916555075], "x2h_immi_red_avg": [1.0, 0.0811278124459133, 0.17451124978365318], "x2h_immi_red_sem": [0.0, 0.0811278124459133, 0.060830778033698255], "x2h_nimin_red_avg": [0.5, 0.020751874963942187, 0.15375937481971094], "x2h_nimin_red_sem": [0.0, 0.020751874963942187, 0.057105822916555075], "x2h_nimmi_red_avg": [0.5, 0.04056390622295665, 0.17451124978365318], "x2h_nimmi_red_sem": [0.0, 0.04056390622295665, 0.060830778033698255]}