{"avg_reward_avg": 0.0673, "avg_reward_sem": 0.03289952718336372, "accuracy_avg": 0.06800000000000002, "accuracy_sem": 0.008137703743822468, "k2_xh2h_immi_syn_avg_avg": [0.20240446852541577], "k2_xh2h_immi_syn_avg_sem": [0.004764679329781693], "k2_xh2h_immi_syn_sem_avg": [0.011963364294681523], "k2_xh2h_immi_syn_sem_sem": [0.00040735760864631], "k2_xh2h_mi_avg_avg": [0.5698382237056705], "k2_xh2h_mi_avg_sem": [0.012516209587046166], "k2_xh2h_mi_sem_avg": [0.03117637145866558], "k2_xh2h_mi_sem_sem": [0.001607704097995586], "k2_xh2h_nimmi_syn_avg_avg": [0.3620435080310514], "k2_xh2h_nimmi_syn_avg_sem": [0.005691288929247301], "k2_xh2h_nimmi_syn_sem_avg": [0.01394690610405969], "k2_xh2h_nimmi_syn_sem_sem": [0.0005722814020101453]}