{"avg_reward": 0.018, "accuracy": 0.11, "k2_xh2h_immi_syn_avg": [0.1966456213373848], "k2_xh2h_immi_syn_sem": [0.010566105931468754], "k2_xh2h_mi_avg": [0.5964687193374274], "k2_xh2h_mi_sem": [0.04039913476579611], "k2_xh2h_nimmi_syn_avg": [0.35712024359624606], "k2_xh2h_nimmi_syn_sem": [0.01578631006826633]}