{"avg_reward": 0.037, "accuracy": 0.06, "k2_xh2h_immi_syn_avg": [0.1978299975460265], "k2_xh2h_immi_syn_sem": [0.011746393764000721], "k2_xh2h_mi_avg": [0.5337732717657584], "k2_xh2h_mi_sem": [0.026084806198473094], "k2_xh2h_nimmi_syn_avg": [0.36834244211921563], "k2_xh2h_nimmi_syn_sem": [0.015146080970740185]}