{"avg_reward": 0.012, "accuracy": 0.06, "k2_xh2h_immi_syn_avg": [0.21198851308311772], "k2_xh2h_immi_syn_sem": [0.011286500035013063], "k2_xh2h_mi_avg": [0.5832956037932379], "k2_xh2h_mi_sem": [0.027425543700190284], "k2_xh2h_nimmi_syn_avg": [0.36784289555049404], "k2_xh2h_nimmi_syn_sem": [0.012695082775890607]}