{"avg_reward": 0.02, "accuracy": 0.09, "k2_xh2h_immi_syn_avg": [0.21590040481696116], "k2_xh2h_immi_syn_sem": [0.012668087022604059], "k2_xh2h_mi_avg": [0.6089982052655857], "k2_xh2h_mi_sem": [0.027457098465589812], "k2_xh2h_nimmi_syn_avg": [0.3604660184699766], "k2_xh2h_nimmi_syn_sem": [0.015009005440776548]}