{"avg_reward": 0.032, "accuracy": 0.07, "k2_xh2h_immi_syn_avg": [0.1889644396946973], "k2_xh2h_immi_syn_sem": [0.011195845172312249], "k2_xh2h_mi_avg": [0.5133050804483517], "k2_xh2h_mi_sem": [0.02936601396421084], "k2_xh2h_nimmi_syn_avg": [0.3772971677481933], "k2_xh2h_nimmi_syn_sem": [0.013221786514677982]}