{"avg_reward": 0.352, "accuracy": 0.04, "k2_xh2h_immi_syn_avg": [0.2295331901555131], "k2_xh2h_immi_syn_sem": [0.012667081317033606], "k2_xh2h_mi_avg": [0.6467759294507961], "k2_xh2h_mi_sem": [0.03215035042401256], "k2_xh2h_nimmi_syn_avg": [0.3641730088861963], "k2_xh2h_nimmi_syn_sem": [0.013574813558636326]}