{"avg_reward": 0.017, "accuracy": 0.07, "k2_xh2h_immi_syn_avg": [0.19519192955008072], "k2_xh2h_immi_syn_sem": [0.013094622855541273], "k2_xh2h_mi_avg": [0.5661375921809998], "k2_xh2h_mi_sem": [0.039952750213292504], "k2_xh2h_nimmi_syn_avg": [0.3553545351645893], "k2_xh2h_nimmi_syn_sem": [0.016232934179926894]}