{"avg_reward_avg": 1.0, "avg_reward_sem": 0.0, "accuracy_avg": 1.0, "accuracy_sem": 0.0, "k2_x2h_imin_syn_avg_avg": [0.45, 0.015283208335737195, 0.0], "k2_x2h_imin_syn_avg_sem": [0.08975274678557507, 0.006375435391616082, 0.0], "k2_x2h_imin_syn_sem_avg": [NaN, 0.005559058611761638, 0.0], "k2_x2h_imin_syn_sem_sem": [NaN, 0.002166155678767267, 0.0], "k2_x2h_mi_avg_avg": [1.45, 0.905615701354033, 0.9977777777777778], "k2_x2h_mi_avg_sem": [0.08975274678557504, 0.03141721620381458, 0.002222222222222225], "k2_x2h_mi_sem_avg": [NaN, 0.0474529682878607, 0.0022222222222222222], "k2_x2h_mi_sem_sem": [NaN, 0.0051388693470086205, 0.002222222222222222], "k2_x2h_immi_syn_avg_avg": [0.45, 0.030838763891292743, 0.0], "k2_x2h_immi_syn_avg_sem": [0.08975274678557507, 0.012885777458850086, 0.0], "k2_x2h_immi_syn_sem_avg": [NaN, 0.011249485100357056, 0.0], "k2_x2h_immi_syn_sem_sem": [NaN, 0.0043704748818884495, 0.0], "k2_x2h_nimin_syn_avg_avg": [0.2833333333333333, 0.010440546300035642, 0.0], "k2_x2h_nimin_syn_avg_sem": [0.049999999999999996, 0.004198662821549559, 0.0], "k2_x2h_nimin_syn_sem_avg": [NaN, 0.003957779817385263, 0.0], "k2_x2h_nimin_syn_sem_sem": [NaN, 0.0014184143835043888, 0.0], "k2_x2h_nimmi_syn_avg_avg": [0.2833333333333333, 0.02111835185505699, 0.0], "k2_x2h_nimmi_syn_avg_sem": [0.049999999999999996, 0.008479527810357662, 0.0], "k2_x2h_nimmi_syn_sem_avg": [NaN, 0.008058832661099864, 0.0], "k2_x2h_nimmi_syn_sem_sem": [NaN, 0.0028666245034343276, 0.0], "k2_x2h_imin_red_avg_avg": [0.45, 0.3819231318735307, 0.862222222222222], "k2_x2h_imin_red_avg_sem": [0.08975274678557507, 0.053721911738884506, 0.04121608220220312], "k2_x2h_imin_red_sem_avg": [NaN, 0.06347849909388585, 0.03746024658509982], "k2_x2h_imin_red_sem_sem": [NaN, 0.0026984137622583036, 0.010269387869148902], "k2_x2h_immi_red_avg_avg": [0.45, 0.3974786874290863, 0.862222222222222], "k2_x2h_immi_red_avg_sem": [0.08975274678557507, 0.05375442475451543, 0.04121608220220312], "k2_x2h_immi_red_sem_avg": [NaN, 0.06505520741296021, 0.03746024658509982], "k2_x2h_immi_red_sem_sem": [NaN, 0.002676200909548707, 0.010269387869148902], "k2_x2h_nimin_red_avg_avg": [0.2833333333333333, 0.37126704855034703, 0.862222222222222], "k2_x2h_nimin_red_avg_sem": [0.049999999999999996, 0.05456874770226686, 0.04121608220220312], "k2_x2h_nimin_red_sem_avg": [NaN, 0.06289194598824718, 0.03746024658509982], "k2_x2h_nimin_red_sem_sem": [NaN, 0.002890176015729289, 0.010269387869148902], "k2_x2h_nimmi_red_avg_avg": [0.2833333333333333, 0.38194485410536844, 0.862222222222222], "k2_x2h_nimmi_red_avg_sem": [0.049999999999999996, 0.05434971977125691, 0.04121608220220312], "k2_x2h_nimmi_red_sem_avg": [NaN, 0.0632880488679504, 0.03746024658509982], "k2_x2h_nimmi_red_sem_sem": [NaN, 0.0027755412071564095, 0.010269387869148902], "x2h_imin_syn_avg": [0.45, 0.0, 0.0], "x2h_imin_syn_sem": [0.08975274678557507, 0.0, 0.0], "x2h_mi_avg": [1.45, 1.2, 1.0], "x2h_mi_sem": [0.08975274678557504, 0.08164965809277261, 0.0], "x2h_immi_syn_avg": [0.45, 0.0, 0.0], "x2h_immi_syn_sem": [0.08975274678557507, 0.0, 0.0], "x2h_nimin_syn_avg": [0.2833333333333333, 0.0, 0.0], "x2h_nimin_syn_sem": [0.049999999999999996, 0.0, 0.0], "x2h_nimmi_syn_avg": [0.2833333333333333, 0.0, 0.0], "x2h_nimmi_syn_sem": [0.049999999999999996, 0.0, 0.0], "x2h_imin_red_avg": [0.45, 0.020751874963942187, 0.4], "x2h_imin_red_sem": [0.08975274678557507, 0.020751874963942187, 0.16329931618554522], "x2h_immi_red_avg": [0.45, 0.031127812445913294, 0.4], "x2h_immi_red_sem": [0.08975274678557507, 0.031127812445913294, 0.16329931618554522], "x2h_nimin_red_avg": [0.2833333333333333, 0.020751874963942187, 0.4], "x2h_nimin_red_sem": [0.049999999999999996, 0.020751874963942187, 0.16329931618554522], "x2h_nimmi_red_avg": [0.2833333333333333, 0.031127812445913294, 0.4], "x2h_nimmi_red_sem": [0.049999999999999996, 0.031127812445913294, 0.16329931618554522]}