{"avg_reward_avg": 0.2138278566493177, "avg_reward_sem": 0.00760767677482865, "accuracy_avg": 0.7583333333333333, "accuracy_sem": 0.026205503144601683, "IQR_binning_avg": 1.0, "IQR_binning_sem": 0.0, "layer_max_bin_avg": 5.0, "layer_max_bin_sem": 0.0, "k2_x2h_ray_imin_syn_avg_avg": [0.400749393925831, 0.1807460666688189, 0.1190549018037567], "k2_x2h_ray_imin_syn_avg_sem": [0.031037335444758576, 0.039643801981325034, 0.019178087619316147], "k2_x2h_ray_imin_syn_sem_avg": [0.031090126318931634, 0.041660913559854885, 0.017034120354928024], "k2_x2h_ray_imin_syn_sem_sem": [0.007041621648451369, 0.00462541979035746, 0.0014859617465504042], "k2_x2h_ray_mi_avg_avg": [1.2405928000032884, 1.3207739368209677, 0.598674377946422], "k2_x2h_ray_mi_avg_sem": [0.08542853183816737, 0.11362189658779182, 0.04259471728721068], "k2_x2h_ray_mi_sem_avg": [0.08989583639900726, 0.1226680898554486, 0.041719171927660545], "k2_x2h_ray_mi_sem_sem": [0.013298727266896723, 0.006551707158898351, 0.0042439557966485195], "k2_x2h_ray_immi_syn_avg_avg": [0.5176475912775149, 0.24153516276602768, 0.14884558807493714], "k2_x2h_ray_immi_syn_avg_sem": [0.04391215251396025, 0.05172913624820388, 0.02324667463621842], "k2_x2h_ray_immi_syn_sem_avg": [0.03227626676000726, 0.055677959111299934, 0.02101834565709604], "k2_x2h_ray_immi_syn_sem_sem": [0.0029978719384059983, 0.005467332909207075, 0.0015457320493844997], "k2_x2h_ray_nimin_syn_avg_avg": [0.3296159811965781, 0.07590269466198718, 0.1534662497107791], "k2_x2h_ray_nimin_syn_avg_sem": [0.01616620075530966, 0.01794289365236147, 0.022594833490298973], "k2_x2h_ray_nimin_syn_sem_avg": [0.037442014911726385, 0.01660785337028066, 0.019810639832508442], "k2_x2h_ray_nimin_syn_sem_sem": [0.007059377366519177, 0.0018338205869333334, 0.0011182002202405033], "k2_x2h_ray_nimmi_syn_avg_avg": [0.42318243853747983, 0.10174747807260989, 0.19404683981755583], "k2_x2h_ray_nimmi_syn_avg_sem": [0.018075958171363645, 0.0236000771160506, 0.027995294713727747], "k2_x2h_ray_nimmi_syn_sem_avg": [0.04157506276968943, 0.02239069638920458, 0.024278939582843474], "k2_x2h_ray_nimmi_syn_sem_sem": [0.008861073949097562, 0.002170718191962981, 0.0015462428526907496], "k2_x2h_pos_imin_syn_avg_avg": [0.0008401743191295755, 0.1807460666688189, 0.1190549018037567], "k2_x2h_pos_imin_syn_avg_sem": [0.0008401743191292303, 0.039643801981325034, 0.019178087619316147], "k2_x2h_pos_imin_syn_sem_avg": [0.0004200875621003787, 0.041660913559854885, 0.017034120354928024], "k2_x2h_pos_imin_syn_sem_sem": [0.00042008756209994995, 0.00462541979035746, 0.0014859617465504042], "k2_x2h_pos_mi_avg_avg": [0.5966944968231211, 1.3207739368209677, 0.598674377946422], "k2_x2h_pos_mi_avg_sem": [0.048906652599429556, 0.11362189658779182, 0.04259471728721068], "k2_x2h_pos_mi_sem_avg": [0.12025216523576787, 0.1226680898554486, 0.041719171927660545], "k2_x2h_pos_mi_sem_sem": [0.01879674275040649, 0.006551707158898351, 0.0042439557966485195], "k2_x2h_pos_immi_syn_avg_avg": [0.004298986452812681, 0.24153516276602768, 0.14884558807493714], "k2_x2h_pos_immi_syn_avg_sem": [0.004298986452812682, 0.05172913624820388, 0.02324667463621842], "k2_x2h_pos_immi_syn_sem_avg": [0.002150588007886083, 0.055677959111299934, 0.02101834565709604], "k2_x2h_pos_immi_syn_sem_sem": [0.0021505880078860834, 0.005467332909207075, 0.0015457320493844997], "k2_x2h_pos_nimin_syn_avg_avg": [0.000817875966553994, 0.07590269466198718, 0.1534662497107791], "k2_x2h_pos_nimin_syn_avg_sem": [0.0008178759665529298, 0.01794289365236147, 0.022594833490298973], "k2_x2h_pos_nimin_syn_sem_avg": [0.0004252367541274655, 0.01660785337028066, 0.019810639832508442], "k2_x2h_pos_nimin_syn_sem_sem": [0.00042523675412687516, 0.0018338205869333334, 0.0011182002202405033], "k2_x2h_pos_nimmi_syn_avg_avg": [0.0041969774219087035, 0.10174747807260989, 0.19404683981755583], "k2_x2h_pos_nimmi_syn_avg_sem": [0.004196977421908703, 0.0236000771160506, 0.027995294713727747], "k2_x2h_pos_nimmi_syn_sem_avg": [0.0021999845775188135, 0.02239069638920458, 0.024278939582843474], "k2_x2h_pos_nimmi_syn_sem_sem": [0.002199984577518814, 0.002170718191962981, 0.0015462428526907496]}