{"avg_reward": 0.2188939598234901, "accuracy": 0.75, "IQR_binning": true, "layer_max_bin": 5, "k2_x2h_ray_imin_syn_avg": [0.28316603492219566, 0.2608392617728063, 0.20349751154765666], "k2_x2h_ray_imin_syn_sem": [0.019649078830112392, 0.05925299424053582, 0.02334371422210077], "k2_x2h_ray_mi_avg": [1.1444078325044444, 1.7146481777453542, 0.8046224329817605], "k2_x2h_ray_mi_sem": [0.1142346793543158, 0.13185713797120388, 0.03890471016568608], "k2_x2h_ray_immi_syn_avg": [0.339324701064666, 0.3627996845547568, 0.24203749402658864], "k2_x2h_ray_immi_syn_sem": [0.034783698863056704, 0.0793010784294913, 0.02767401305124722], "k2_x2h_ray_nimin_syn_avg": [0.25560341663959596, 0.09504777712702782, 0.21587165968961264], "k2_x2h_ray_nimin_syn_sem": [0.043533924234089034, 0.021216669625854515, 0.02147545261628339], "k2_x2h_ray_nimmi_syn_avg": [0.3025646311398417, 0.133248010458265, 0.25658386540191713], "k2_x2h_ray_nimmi_syn_sem": [0.04312701511690774, 0.028835957497174786, 0.02607961871567661], "k2_x2h_pos_imin_syn_avg": [1.850371707708594e-17, 0.2608392617728063, 0.20349751154765666], "k2_x2h_pos_imin_syn_sem": [4.800279348487239e-16, 0.05925299424053582, 0.02334371422210077], "k2_x2h_pos_mi_avg": [0.5785387322420436, 1.7146481777453542, 0.8046224329817605], "k2_x2h_pos_mi_sem": [0.19619917436290643, 0.13185713797120388, 0.03890471016568608], "k2_x2h_pos_immi_syn_avg": [0.0, 0.3627996845547568, 0.24203749402658864], "k2_x2h_pos_immi_syn_sem": [0.0, 0.0793010784294913, 0.02767401305124722], "k2_x2h_pos_nimin_syn_avg": [1.3093017646151953e-15, 0.09504777712702782, 0.21587165968961264], "k2_x2h_pos_nimin_syn_sem": [1.3093017646151955e-15, 0.021216669625854515, 0.02147545261628339], "k2_x2h_pos_nimmi_syn_avg": [0.0, 0.133248010458265, 0.25658386540191713], "k2_x2h_pos_nimmi_syn_sem": [0.0, 0.028835957497174786, 0.02607961871567661]}