{"avg_reward": 0.19745715294857158, "accuracy": 0.6666666666666666, "IQR_binning": true, "layer_max_bin": 5, "k2_x2h_ray_imin_syn_avg": [0.27734055811986785, 0.055913659529279194, 0.04201306115443436], "k2_x2h_ray_imin_syn_sem": [0.012266963916071964, 0.02400888038447895, 0.007876099713572516], "k2_x2h_ray_mi_avg": [0.7874171034783766, 0.8873129857176625, 0.38424174040885045], "k2_x2h_ray_mi_sem": [0.07010709740751955, 0.11551839068992201, 0.02920559983341884], "k2_x2h_ray_immi_syn_avg": [0.3304344967059392, 0.07578148191671379, 0.06811013236318254], "k2_x2h_ray_immi_syn_sem": [0.02213362435182474, 0.032171860894665755, 0.012845006618298514], "k2_x2h_ray_nimin_syn_avg": [0.36089080297951465, 0.02640900860949738, 0.08167172929139378], "k2_x2h_ray_nimin_syn_sem": [0.04936667226906513, 0.010744937103372881, 0.015692342336053888], "k2_x2h_ray_nimmi_syn_avg": [0.4325198789714004, 0.03582847471058726, 0.1261107492116474], "k2_x2h_ray_nimmi_syn_sem": [0.07264402360133829, 0.014440566868000373, 0.022923393793509016], "k2_x2h_pos_imin_syn_avg": [1.6653345369377348e-16, 0.055913659529279194, 0.04201306115443436], "k2_x2h_pos_imin_syn_sem": [3.0573158156722025e-16, 0.02400888038447895, 0.007876099713572516], "k2_x2h_pos_mi_avg": [0.35477367384952946, 0.8873129857176625, 0.38424174040885045], "k2_x2h_pos_mi_sem": [0.0974164302864616, 0.11551839068992201, 0.02920559983341884], "k2_x2h_pos_immi_syn_avg": [0.0, 0.07578148191671379, 0.06811013236318254], "k2_x2h_pos_immi_syn_sem": [0.0, 0.032171860894665755, 0.012845006618298514], "k2_x2h_pos_nimin_syn_avg": [1.0518780760986992e-15, 0.02640900860949738, 0.08167172929139378], "k2_x2h_pos_nimin_syn_sem": [8.575582819250183e-16, 0.010744937103372881, 0.015692342336053888], "k2_x2h_pos_nimmi_syn_avg": [0.0, 0.03582847471058726, 0.1261107492116474], "k2_x2h_pos_nimmi_syn_sem": [0.0, 0.014440566868000373, 0.022923393793509016]}