{"avg_reward": 0.20328823832647072, "accuracy": 0.6666666666666666, "IQR_binning": true, "layer_max_bin": 5, "k2_x2h_ray_imin_syn_avg": [0.42195542194030855, 0.10356499352448699, 0.23717978374976387], "k2_x2h_ray_imin_syn_sem": [0.00485102326738782, 0.042698583306851196, 0.011092074843511148], "k2_x2h_ray_mi_avg": [1.3266131124793752, 1.283732286977204, 0.8134176372534417], "k2_x2h_ray_mi_sem": [0.05521721988466902, 0.15855783368836707, 0.030063908819722776], "k2_x2h_ray_immi_syn_avg": [0.592591168285559, 0.14824955073684082, 0.2940801791782129], "k2_x2h_ray_immi_syn_sem": [0.03209155437503219, 0.05984236316721032, 0.015009538887755093], "k2_x2h_ray_nimin_syn_avg": [0.31942696005823534, 0.033452898211674555, 0.2974968344769688], "k2_x2h_ray_nimin_syn_sem": [0.016346020639345215, 0.013312043122736426, 0.012300535509241402], "k2_x2h_ray_nimmi_syn_avg": [0.4466843337719339, 0.048269307018425314, 0.364888313020592], "k2_x2h_ray_nimmi_syn_sem": [0.014652071411161491, 0.018904106197400208, 0.013619157053994878], "k2_x2h_pos_imin_syn_avg": [0.0, 0.10356499352448699, 0.23717978374976387], "k2_x2h_pos_imin_syn_sem": [2.794000007381818e-16, 0.042698583306851196, 0.011092074843511148], "k2_x2h_pos_mi_avg": [0.6276254793725169, 1.283732286977204, 0.8134176372534417], "k2_x2h_pos_mi_sem": [0.09385829904359853, 0.15855783368836707, 0.030063908819722776], "k2_x2h_pos_immi_syn_avg": [0.0, 0.14824955073684082, 0.2940801791782129], "k2_x2h_pos_immi_syn_sem": [0.0, 0.05984236316721032, 0.015009538887755093], "k2_x2h_pos_nimin_syn_avg": [2.4051000438160083e-16, 0.033452898211674555, 0.2974968344769688], "k2_x2h_pos_nimin_syn_sem": [2.4051000438160083e-16, 0.013312043122736426, 0.012300535509241402], "k2_x2h_pos_nimmi_syn_avg": [0.0, 0.048269307018425314, 0.364888313020592], "k2_x2h_pos_nimmi_syn_sem": [0.0, 0.018904106197400208, 0.013619157053994878]}