{"avg_reward": 0.22818461967202813, "accuracy": 0.75, "IQR_binning": true, "layer_max_bin": 5, "k2_x2h_ray_imin_syn_avg": [0.5131402339498375, 0.1486181546233296, 0.11887322599742595], "k2_x2h_ray_imin_syn_sem": [0.016862867697346205, 0.043448089904050795, 0.018399753256473434], "k2_x2h_ray_mi_avg": [1.4051529176860724, 1.3316365272880648, 0.6038359590686636], "k2_x2h_ray_mi_sem": [0.024442815884801235, 0.13427488295488285, 0.042578789176210545], "k2_x2h_ray_immi_syn_avg": [0.7229537962847763, 0.21015883121862577, 0.14633676928449257], "k2_x2h_ray_immi_syn_sem": [0.029102751954900922, 0.06003481592785138, 0.021984662464351837], "k2_x2h_ray_nimin_syn_avg": [0.36579437655039365, 0.058009765377248564, 0.15717179428413255], "k2_x2h_ray_nimin_syn_sem": [0.01791471519042395, 0.01664162371540021, 0.021797749040645655], "k2_x2h_ray_nimmi_syn_avg": [0.5142520135880021, 0.08328195288615801, 0.1981662141957419], "k2_x2h_ray_nimmi_syn_sem": [0.015211789699929174, 0.023726763184267526, 0.02677336110433367], "k2_x2h_pos_imin_syn_avg": [2.1834386150961413e-15, 0.1486181546233296, 0.11887322599742595], "k2_x2h_pos_imin_syn_sem": [2.2510743381547535e-16, 0.043448089904050795, 0.018399753256473434], "k2_x2h_pos_mi_avg": [0.6465427738296338, 1.3316365272880648, 0.6038359590686636], "k2_x2h_pos_mi_sem": [0.03089111567380728, 0.13427488295488285, 0.042578789176210545], "k2_x2h_pos_immi_syn_avg": [0.0, 0.21015883121862577, 0.14633676928449257], "k2_x2h_pos_immi_syn_sem": [0.0, 0.06003481592785138, 0.021984662464351837], "k2_x2h_pos_nimin_syn_avg": [3.425791437927589e-15, 0.058009765377248564, 0.15717179428413255], "k2_x2h_pos_nimin_syn_sem": [5.095925940959176e-16, 0.01664162371540021, 0.021797749040645655], "k2_x2h_pos_nimmi_syn_avg": [0.0, 0.08328195288615801, 0.1981662141957419], "k2_x2h_pos_nimmi_syn_sem": [0.0, 0.023726763184267526, 0.02677336110433367]}