{"avg_reward": 0.22345205968082207, "accuracy": 0.75, "IQR_binning": true, "layer_max_bin": 5, "k2_x2h_ray_imin_syn_avg": [0.3286484189674059, 0.22003225450689806, 0.10774024896814179], "k2_x2h_ray_imin_syn_sem": [0.08211439074198974, 0.048532666866654334, 0.01995202256173502], "k2_x2h_ray_mi_avg": [1.0853589886629054, 1.4719623844898901, 0.5112377785536004], "k2_x2h_ray_mi_sem": [0.12565413356051797, 0.11548795199047697, 0.04216066160162997], "k2_x2h_ray_immi_syn_avg": [0.4880313268153313, 0.28332682183302055, 0.12481765133521634], "k2_x2h_ray_immi_syn_sem": [0.04629237567522817, 0.06305277241995381, 0.024087774413589065], "k2_x2h_ray_nimin_syn_avg": [0.29920834635114396, 0.09448126197319508, 0.15244901328602717], "k2_x2h_ray_nimin_syn_sem": [0.05097771308728992, 0.02035329603501282, 0.022977419563991446], "k2_x2h_ray_nimmi_syn_avg": [0.45536780649157826, 0.12099013733909239, 0.1767565410706796], "k2_x2h_ray_nimmi_syn_sem": [0.03755238035971217, 0.026198242844848438, 0.027695410153593735], "k2_x2h_pos_imin_syn_avg": [3.700743415417188e-17, 0.22003225450689806, 0.10774024896814179], "k2_x2h_pos_imin_syn_sem": [4.581305114211453e-16, 0.048532666866654334, 0.01995202256173502], "k2_x2h_pos_mi_avg": [0.4930119630332432, 1.4719623844898901, 0.5112377785536004], "k2_x2h_pos_mi_sem": [0.10017579603670569, 0.11548795199047697, 0.04216066160162997], "k2_x2h_pos_immi_syn_avg": [0.0, 0.28332682183302055, 0.12481765133521634], "k2_x2h_pos_immi_syn_sem": [0.0, 0.06305277241995381, 0.024087774413589065], "k2_x2h_pos_nimin_syn_avg": [6.9868699480775575e-16, 0.09448126197319508, 0.15244901328602717], "k2_x2h_pos_nimin_syn_sem": [5.463213072892342e-16, 0.02035329603501282, 0.022977419563991446], "k2_x2h_pos_nimmi_syn_avg": [0.0, 0.12099013733909239, 0.1767565410706796], "k2_x2h_pos_nimmi_syn_sem": [0.0, 0.026198242844848438, 0.027695410153593735]}