{"avg_reward": 0.1648916362180619, "accuracy": 0.8333333333333334, "IQR_binning": true, "layer_max_bin": 5, "k2_x2h_ray_imin_syn_avg": [0.5951862919867293, 0.41816761445829054, 0.07937522688349904], "k2_x2h_ray_imin_syn_sem": [0.04148317643281649, 0.05208189403253919, 0.019272970954339854], "k2_x2h_ray_mi_avg": [1.7530562843359132, 1.784793999968798, 0.671535517841528], "k2_x2h_ray_mi_sem": [0.1217098658189248, 0.0923768459672323, 0.06437550296939047], "k2_x2h_ray_immi_syn_avg": [0.7037464435018812, 0.5641049127398907, 0.08921580606682061], "k2_x2h_ray_immi_syn_sem": [0.03925261614472019, 0.07041764455481943, 0.021159455889447305], "k2_x2h_ray_nimin_syn_avg": [0.34023710246129263, 0.18820069147268279, 0.07848782006597141], "k2_x2h_ray_nimin_syn_sem": [0.014341910041544153, 0.0225659615688728, 0.020104503810562387], "k2_x2h_ray_nimmi_syn_avg": [0.4047077263432575, 0.25381120632334475, 0.08874983739049064], "k2_x2h_ray_nimmi_syn_sem": [0.03213264309954762, 0.03043225401456786, 0.02206539678185815], "k2_x2h_pos_imin_syn_avg": [0.008401743191292646, 0.41816761445829054, 0.07937522688349904], "k2_x2h_pos_imin_syn_sem": [0.004200875620999928, 0.05208189403253919, 0.019272970954339854], "k2_x2h_pos_mi_avg": [0.9047284812604449, 1.784793999968798, 0.671535517841528], "k2_x2h_pos_mi_sem": [0.18104697865687608, 0.0923768459672323, 0.06437550296939047], "k2_x2h_pos_immi_syn_avg": [0.04298986452812681, 0.5641049127398907, 0.08921580606682061], "k2_x2h_pos_immi_syn_sem": [0.02150588007886083, 0.07041764455481943, 0.021159455889447305], "k2_x2h_pos_nimin_syn_avg": [0.008178759665530362, 0.18820069147268279, 0.07848782006597141], "k2_x2h_pos_nimin_syn_sem": [0.004252367541269342, 0.0225659615688728, 0.020104503810562387], "k2_x2h_pos_nimmi_syn_avg": [0.041969774219087035, 0.25381120632334475, 0.08874983739049064], "k2_x2h_pos_nimmi_syn_sem": [0.021999845775188136, 0.03043225401456786, 0.02206539678185815]}