{"avg_reward_avg": 0.97035, "avg_reward_sem": 0.0024900356980930606, "accuracy_avg": 0.849, "accuracy_sem": 0.012991450179936716, "k2_xh2h_immi_syn_avg_avg": [0.1270150528784359], "k2_xh2h_immi_syn_avg_sem": [0.006093155691462032], "k2_xh2h_immi_syn_sem_avg": [0.016773733335616336], "k2_xh2h_immi_syn_sem_sem": [0.0017664380036619617], "k2_xh2h_mi_avg_avg": [0.48171472406228116], "k2_xh2h_mi_avg_sem": [0.017362342878801645], "k2_xh2h_mi_sem_avg": [0.05228671052624238], "k2_xh2h_mi_sem_sem": [0.0012970875846340657], "k2_xh2h_nimmi_syn_avg_avg": [0.3268864544899503], "k2_xh2h_nimmi_syn_avg_sem": [0.00578300039642588], "k2_xh2h_nimmi_syn_sem_avg": [0.025068283426690745], "k2_xh2h_nimmi_syn_sem_sem": [0.00042431715375443926]}