{"avg_reward": 0.9655, "accuracy": 0.825, "k2_xh2h_immi_syn_avg": [0.09510161455874742], "k2_xh2h_immi_syn_sem": [0.01797531179890962], "k2_xh2h_mi_avg": [0.37894677975985874], "k2_xh2h_mi_sem": [0.05465072873915133], "k2_xh2h_nimmi_syn_avg": [0.31105248636651744], "k2_xh2h_nimmi_syn_sem": [0.02331826032905041]}