{"avg_reward": 0.9745, "accuracy": 0.88, "k2_xh2h_immi_syn_avg": [0.13266997533025013], "k2_xh2h_immi_syn_sem": [0.022110668280268406], "k2_xh2h_mi_avg": [0.42930656969846653], "k2_xh2h_mi_sem": [0.053878767724679075], "k2_xh2h_nimmi_syn_avg": [0.35282786764543606], "k2_xh2h_nimmi_syn_sem": [0.026355161395425823]}