{"avg_reward": 0.978, "accuracy": 0.88, "k2_xh2h_immi_syn_avg": [0.16059982784774518], "k2_xh2h_immi_syn_sem": [0.020129403978928744], "k2_xh2h_mi_avg": [0.55970603937999], "k2_xh2h_mi_sem": [0.05101524041558994], "k2_xh2h_nimmi_syn_avg": [0.32376247714828515], "k2_xh2h_nimmi_syn_sem": [0.02276259638941281]}