{"avg_reward": 0.9775, "accuracy": 0.88, "k2_xh2h_immi_syn_avg": [0.13954547314345275], "k2_xh2h_immi_syn_sem": [0.02029797548081805], "k2_xh2h_mi_avg": [0.5278271262324152], "k2_xh2h_mi_sem": [0.057000579159130434], "k2_xh2h_nimmi_syn_avg": [0.31359394388560013], "k2_xh2h_nimmi_syn_sem": [0.024278353603625]}