{"avg_reward": 0.975, "accuracy": 0.875, "k2_xh2h_immi_syn_avg": [0.14164278802007277], "k2_xh2h_immi_syn_sem": [0.019019401532282456], "k2_xh2h_mi_avg": [0.512640372853368], "k2_xh2h_mi_sem": [0.05172160101802792], "k2_xh2h_nimmi_syn_avg": [0.33333737938398555], "k2_xh2h_nimmi_syn_sem": [0.02557612757455414]}