{"avg_reward": 0.9725, "accuracy": 0.87, "k2_xh2h_immi_syn_avg": [0.11463258861064032], "k2_xh2h_immi_syn_sem": [0.01296270046474469], "k2_xh2h_mi_avg": [0.45042553902374916], "k2_xh2h_mi_sem": [0.04902202773950072], "k2_xh2h_nimmi_syn_avg": [0.3349775119712135], "k2_xh2h_nimmi_syn_sem": [0.025399157150367502]}