{"avg_reward": 0.964, "accuracy": 0.805, "k2_xh2h_immi_syn_avg": [0.13030396429247595], "k2_xh2h_immi_syn_sem": [0.019123599942704083], "k2_xh2h_mi_avg": [0.48709428087532236], "k2_xh2h_mi_sem": [0.0573010359417869], "k2_xh2h_nimmi_syn_avg": [0.34189260611727457], "k2_xh2h_nimmi_syn_sem": [0.0264598238456921]}