{"avg_reward": 0.976, "accuracy": 0.875, "k2_xh2h_immi_syn_avg": [0.11370262445384818], "k2_xh2h_immi_syn_sem": [0.010755551973232623], "k2_xh2h_mi_avg": [0.4426562207843435], "k2_xh2h_mi_sem": [0.047204183932207024], "k2_xh2h_nimmi_syn_avg": [0.34382023748447915], "k2_xh2h_nimmi_syn_sem": [0.024752295325974765]}