{"avg_reward_avg": 0.0536, "avg_reward_sem": 0.021963707438509655, "accuracy_avg": 0.054000000000000006, "accuracy_sem": 0.011756794725698932, "k2_xh2h_immi_syn_avg_avg": [0.17876167564203396], "k2_xh2h_immi_syn_avg_sem": [0.003923698955171516], "k2_xh2h_immi_syn_sem_avg": [0.009013901922448686], "k2_xh2h_immi_syn_sem_sem": [0.0007839089344981145], "k2_xh2h_mi_avg_avg": [0.518678510957124], "k2_xh2h_mi_avg_sem": [0.01740542005244115], "k2_xh2h_mi_sem_avg": [0.03188232681075247], "k2_xh2h_mi_sem_sem": [0.002948797973975967], "k2_xh2h_nimmi_syn_avg_avg": [0.3676205042367941], "k2_xh2h_nimmi_syn_avg_sem": [0.007217178675772823], "k2_xh2h_nimmi_syn_sem_avg": [0.014510340626593935], "k2_xh2h_nimmi_syn_sem_sem": [0.0007246321113138741]}