{"avg_reward": 0.004, "accuracy": 0.02, "k2_xh2h_immi_syn_avg": [0.20260827594295994], "k2_xh2h_immi_syn_sem": [0.015589521160711267], "k2_xh2h_mi_avg": [0.5871252357979493], "k2_xh2h_mi_sem": [0.04048455089843272], "k2_xh2h_nimmi_syn_avg": [0.3488448378582424], "k2_xh2h_nimmi_syn_sem": [0.013666147016888496]}