{"avg_reward": 0.03, "accuracy": 0.04, "k2_xh2h_immi_syn_avg": [0.17370102074640037], "k2_xh2h_immi_syn_sem": [0.007510083079386478], "k2_xh2h_mi_avg": [0.4951181480335414], "k2_xh2h_mi_sem": [0.029617546221743323], "k2_xh2h_nimmi_syn_avg": [0.37448437075615815], "k2_xh2h_nimmi_syn_sem": [0.014559190422900641]}