{"avg_reward": 0.013, "accuracy": 0.04, "k2_xh2h_immi_syn_avg": [0.16696902479262776], "k2_xh2h_immi_syn_sem": [0.009047610213344109], "k2_xh2h_mi_avg": [0.6227041947162432], "k2_xh2h_mi_sem": [0.05246338711671202], "k2_xh2h_nimmi_syn_avg": [0.3195237335052702], "k2_xh2h_nimmi_syn_sem": [0.020130867069262443]}