{"avg_reward": 0.115, "accuracy": 0.05, "k2_xh2h_immi_syn_avg": [0.1963246667021904], "k2_xh2h_immi_syn_sem": [0.007146828520042471], "k2_xh2h_mi_avg": [0.5255042803664726], "k2_xh2h_mi_sem": [0.031138708388975197], "k2_xh2h_nimmi_syn_avg": [0.39609327226129426], "k2_xh2h_nimmi_syn_sem": [0.013659558246892904]}