{"avg_reward": 0.085, "accuracy": 0.05, "k2_xh2h_immi_syn_avg": [0.1737870766517228], "k2_xh2h_immi_syn_sem": [0.009499925057736358], "k2_xh2h_mi_avg": [0.5015310069095545], "k2_xh2h_mi_sem": [0.028127481349520735], "k2_xh2h_nimmi_syn_avg": [0.3605982447235723], "k2_xh2h_nimmi_syn_sem": [0.014181933193843038]}