{"avg_reward": 0.015, "accuracy": 0.04, "k2_xh2h_immi_syn_avg": [0.16963945734999678], "k2_xh2h_immi_syn_sem": [0.008408970945970939], "k2_xh2h_mi_avg": [0.4706138850998103], "k2_xh2h_mi_sem": [0.02696404737578885], "k2_xh2h_nimmi_syn_avg": [0.37792795067017304], "k2_xh2h_nimmi_syn_sem": [0.012045903843479486]}