{"avg_reward": 0.027, "accuracy": 0.14, "k2_xh2h_immi_syn_avg": [0.16437597792519584], "k2_xh2h_immi_syn_sem": [0.008692167183046181], "k2_xh2h_mi_avg": [0.437119760192969], "k2_xh2h_mi_sem": [0.021390863292370384], "k2_xh2h_nimmi_syn_avg": [0.38093409740437906], "k2_xh2h_nimmi_syn_sem": [0.012795322654493957]}