{"avg_reward_avg": 0.06795, "avg_reward_sem": 0.03262169097735772, "accuracy_avg": 0.069, "accuracy_sem": 0.005364492313143693, "k2_xh2h_immi_syn_avg_avg": [0.2785230008939362], "k2_xh2h_immi_syn_avg_sem": [0.011006600270060417], "k2_xh2h_immi_syn_sem_avg": [0.013625503920598641], "k2_xh2h_immi_syn_sem_sem": [0.000846180420002217], "k2_xh2h_mi_avg_avg": [0.7124946943553212], "k2_xh2h_mi_avg_sem": [0.024663888299567636], "k2_xh2h_mi_sem_avg": [0.03007404955920181], "k2_xh2h_mi_sem_sem": [0.003159280071746378], "k2_xh2h_nimmi_syn_avg_avg": [0.3911137462281151], "k2_xh2h_nimmi_syn_avg_sem": [0.004839635137695152], "k2_xh2h_nimmi_syn_sem_avg": [0.01183250097580485], "k2_xh2h_nimmi_syn_sem_sem": [0.0007344912932889933]}