{"avg_reward": 0.019, "accuracy": 0.09, "k2_xh2h_immi_syn_avg": [0.26689159780242117], "k2_xh2h_immi_syn_sem": [0.0168391439888592], "k2_xh2h_mi_avg": [0.729470495071902], "k2_xh2h_mi_sem": [0.05100832193181674], "k2_xh2h_nimmi_syn_avg": [0.37564809357556905], "k2_xh2h_nimmi_syn_sem": [0.01712451372940058]}