{"avg_reward": 0.0125, "accuracy": 0.06, "k2_xh2h_immi_syn_avg": [0.263154397945262], "k2_xh2h_immi_syn_sem": [0.014725811139027855], "k2_xh2h_mi_avg": [0.6927352918184091], "k2_xh2h_mi_sem": [0.030408598324354236], "k2_xh2h_nimmi_syn_avg": [0.3810597050556003], "k2_xh2h_nimmi_syn_sem": [0.011611613773877613]}