{"avg_reward": 0.0195, "accuracy": 0.08, "k2_xh2h_immi_syn_avg": [0.2658630409572155], "k2_xh2h_immi_syn_sem": [0.015333577664138221], "k2_xh2h_mi_avg": [0.6966961789513202], "k2_xh2h_mi_sem": [0.029312309657944693], "k2_xh2h_nimmi_syn_avg": [0.3747408223172208], "k2_xh2h_nimmi_syn_sem": [0.011220562976764065]}