{"avg_reward": 0.1005, "accuracy": 0.045, "k2_xh2h_immi_syn_avg": [0.24219497132611328], "k2_xh2h_immi_syn_sem": [0.01411323195833546], "k2_xh2h_mi_avg": [0.6067196179797146], "k2_xh2h_mi_sem": [0.023523656844107434], "k2_xh2h_nimmi_syn_avg": [0.3891488469884336], "k2_xh2h_nimmi_syn_sem": [0.011983091855220375]}