{"avg_reward": 0.0085, "accuracy": 0.065, "k2_xh2h_immi_syn_avg": [0.3021806657071378], "k2_xh2h_immi_syn_sem": [0.015979912476732003], "k2_xh2h_mi_avg": [0.7922924871181805], "k2_xh2h_mi_sem": [0.03938751139555581], "k2_xh2h_nimmi_syn_avg": [0.3836039711547022], "k2_xh2h_nimmi_syn_sem": [0.013586006682070608]}