{"avg_reward": 0.035, "accuracy": 0.095, "k2_xh2h_immi_syn_avg": [0.2623919542424494], "k2_xh2h_immi_syn_sem": [0.009813444036344937], "k2_xh2h_mi_avg": [0.6455571444466834], "k2_xh2h_mi_sem": [0.019535349658066484], "k2_xh2h_nimmi_syn_avg": [0.40674257041362677], "k2_xh2h_nimmi_syn_sem": [0.009690110862811784]}