{"avg_reward": 0.0155, "accuracy": 0.07, "k2_xh2h_immi_syn_avg": [0.278118789220854], "k2_xh2h_immi_syn_sem": [0.013292175320291534], "k2_xh2h_mi_avg": [0.7371970146045695], "k2_xh2h_mi_sem": [0.030537905096902896], "k2_xh2h_nimmi_syn_avg": [0.3812240626588592], "k2_xh2h_nimmi_syn_sem": [0.013151684698679299]}