{"avg_reward": 0.0355, "accuracy": 0.05, "k2_xh2h_immi_syn_avg": [0.2361609597353329], "k2_xh2h_immi_syn_sem": [0.008258977727487418], "k2_xh2h_mi_avg": [0.6062780250628736], "k2_xh2h_mi_sem": [0.01807109058838408], "k2_xh2h_nimmi_syn_avg": [0.39088219761485027], "k2_xh2h_nimmi_syn_sem": [0.010002538400764363]}