{"avg_reward": 0.086, "accuracy": 0.08, "k2_xh2h_immi_syn_avg": [0.34534382480858555], "k2_xh2h_immi_syn_sem": [0.01447512864302121], "k2_xh2h_mi_avg": [0.8341389935076647], "k2_xh2h_mi_sem": [0.035546202740163506], "k2_xh2h_nimmi_syn_avg": [0.41882429466073423], "k2_xh2h_nimmi_syn_sem": [0.010459901598202951]}