{"avg_reward_avg": 1.0, "avg_reward_sem": 0.0, "accuracy_avg": 1.0, "accuracy_sem": 0.0, "k2_x2h_imin_syn_avg_avg": [0.95, 0.09791145843349394, 0.08586134043362767], "k2_x2h_imin_syn_avg_sem": [0.049999999999999975, 0.020240111028074863, 0.021734202054909568], "k2_x2h_imin_syn_sem_avg": [NaN, 0.018764892396230283, 0.027017125383980777], "k2_x2h_imin_syn_sem_sem": [NaN, 0.0027868959342307125, 0.003487675453235872], "k2_x2h_mi_avg_avg": [1.8811278124459132, 0.9304210205893423, 0.7605998193410787], "k2_x2h_mi_avg_sem": [0.11887218755408671, 0.08354332164505245, 0.038705279650376276], "k2_x2h_mi_sem_avg": [NaN, 0.06140129487143832, 0.04323556621983406], "k2_x2h_mi_sem_sem": [NaN, 0.003470235394974084, 0.0019429738155361208], "k2_x2h_immi_syn_avg_avg": [0.95, 0.20420386125053464, 0.09877361818896943], "k2_x2h_immi_syn_avg_sem": [0.049999999999999996, 0.044301820877541497, 0.025154850905287962], "k2_x2h_immi_syn_sem_avg": [NaN, 0.03750147135780539, 0.0269999573688533], "k2_x2h_immi_syn_sem_sem": [NaN, 0.004390162061844506, 0.003394890904095497], "k2_x2h_nimin_syn_avg_avg": [0.5116311453403656, 0.06788681026077308, 0.1023057988735319], "k2_x2h_nimin_syn_avg_sem": [0.01163114534036559, 0.01372030272395059, 0.02438550619495324], "k2_x2h_nimin_syn_sem_avg": [NaN, 0.01269853599982156, 0.028282581317344214], "k2_x2h_nimin_syn_sem_sem": [NaN, 0.0019477359325313917, 0.0029992049831776817], "k2_x2h_nimmi_syn_avg_avg": [0.5116311453403656, 0.13967614825071256, 0.1281303543842154], "k2_x2h_nimmi_syn_avg_sem": [0.011631145340365558, 0.029121754488551397, 0.03242116243534714], "k2_x2h_nimmi_syn_sem_avg": [NaN, 0.02521588335767049, 0.029777059755606804], "k2_x2h_nimmi_syn_sem_sem": [NaN, 0.00292318294249309, 0.0031061255243868824], "k2_x2h_imin_red_avg_avg": [0.9311278124459132, 0.22612193723838053, 0.2952163330192297], "k2_x2h_imin_red_avg_sem": [0.06887218755408672, 0.0429886614461179, 0.030248755438004517], "k2_x2h_imin_red_sem_avg": [NaN, 0.03647447587264537, 0.03617600561145531], "k2_x2h_imin_red_sem_sem": [NaN, 0.002235453946901866, 0.005816654843747252], "k2_x2h_immi_red_avg_avg": [0.9311278124459132, 0.33241434005542125, 0.3081286107745716], "k2_x2h_immi_red_avg_sem": [0.0688721875540867, 0.06661186006972618, 0.029658461272936826], "k2_x2h_immi_red_sem_avg": [NaN, 0.04731390183740547, 0.03513130649956138], "k2_x2h_immi_red_sem_sem": [NaN, 0.0053382174634758, 0.006336996442004861], "k2_x2h_nimin_red_avg_avg": [0.4883688546596344, 0.19238636211233479, 0.3905830830176271], "k2_x2h_nimin_red_avg_sem": [0.011631145340365578, 0.03333625023516211, 0.03802654112729464], "k2_x2h_nimin_red_sem_avg": [NaN, 0.03870689209408394, 0.048429051964821904], "k2_x2h_nimin_red_sem_sem": [NaN, 0.002184199646751258, 0.002978206459864358], "k2_x2h_nimmi_red_avg_avg": [0.4883688546596344, 0.26417570010227437, 0.4164076385283108], "k2_x2h_nimmi_red_avg_sem": [0.011631145340365558, 0.0473359606584049, 0.04416012796405965], "k2_x2h_nimmi_red_sem_avg": [NaN, 0.04326716175487007, 0.04876529181377371], "k2_x2h_nimmi_red_sem_sem": [NaN, 0.0023999737880026667, 0.0029698777076016666], "x2h_imin_syn_avg": [0.95, 1.1102230246251566e-17, 0.0], "x2h_imin_syn_sem": [0.049999999999999975, 1.1102230246251564e-17, 0.0], "x2h_mi_avg": [1.8811278124459132, 1.7811278124459133, 1.0], "x2h_mi_sem": [0.11887218755408671, 0.12622771981807251, 0.0], "x2h_immi_syn_avg": [0.95, 0.0, 0.0], "x2h_immi_syn_sem": [0.049999999999999996, 0.0, 0.0], "x2h_nimin_syn_avg": [0.5116311453403656, 1.3684863318178654e-17, 0.0], "x2h_nimin_syn_sem": [0.01163114534036559, 1.3684863318178654e-17, 0.0], "x2h_nimmi_syn_avg": [0.5116311453403656, 0.0, 0.0], "x2h_nimmi_syn_sem": [0.011631145340365558, 0.0, 0.0], "x2h_imin_red_avg": [0.9311278124459132, 0.04150374992788437, 0.06225562489182655], "x2h_imin_red_sem": [0.06887218755408672, 0.04150374992788437, 0.031699012611508016], "x2h_immi_red_avg": [0.9311278124459132, 0.0811278124459133, 0.09338343733773988], "x2h_immi_red_sem": [0.0688721875540867, 0.0811278124459133, 0.04754851891726205], "x2h_nimin_red_avg": [0.4883688546596344, 0.020751874963942187, 0.06225562489182655], "x2h_nimin_red_sem": [0.011631145340365578, 0.020751874963942187, 0.031699012611508016], "x2h_nimmi_red_avg": [0.4883688546596344, 0.04056390622295665, 0.09338343733773988], "x2h_nimmi_red_sem": [0.011631145340365558, 0.04056390622295665, 0.04754851891726205]}