{"avg_reward": 0.20257436547948734, "accuracy": 1.0, "k2_x2h_ray_imin_syn_avg": [0.33666069112677727, 0.008266699282415331, 0.009410274913335537], "k2_x2h_ray_imin_syn_sem": [0.1022012540054928, 0.008266699282415432, 0.004332703347267839], "k2_x2h_ray_immi_syn_avg": [0.4686915358581027, 0.015239448964568443, 0.010406330342232708], "k2_x2h_ray_immi_syn_sem": [0.10796272433011526, 0.015239448964568449, 0.0045823478394460835], "k2_x2h_pos_imin_syn_avg": [0.22098878315284776, 0.008266699282415331, 0.009410274913335537], "k2_x2h_pos_imin_syn_sem": [0.03915350567302052, 0.008266699282415432, 0.004332703347267839], "k2_x2h_pos_immi_syn_avg": [0.29008502780387085, 0.015239448964568443, 0.010406330342232708], "k2_x2h_pos_immi_syn_sem": [0.012796343316219136, 0.015239448964568449, 0.0045823478394460835], "k2_x2h_ray_mi_avg": [1.113744787189569, 0.4371495016383084, 0.35579093074230905], "k2_x2h_ray_mi_sem": [0.0887243949557669, 0.08971978925891066, 0.04502216738567466], "k2_x2h_ray_nimin_syn_avg": [0.2913252060728598, 0.004066153445423655, 0.012932445583932039], "k2_x2h_ray_nimin_syn_sem": [0.07018828435866578, 0.004066153445423605, 0.005518082853092036], "k2_x2h_ray_nimmi_syn_avg": [0.4103825945369035, 0.007495850011799567, 0.014375363699823332], "k2_x2h_ray_nimmi_syn_sem": [0.06625966541092576, 0.007495850011799566, 0.005873908423003693], "k2_x2h_pos_mi_avg": [0.9064935431025828, 0.4371495016383084, 0.35579093074230905], "k2_x2h_pos_mi_sem": [0.02247996907862246, 0.08971978925891066, 0.04502216738567466], "k2_x2h_pos_nimin_syn_avg": [0.24463645293913436, 0.004066153445423655, 0.012932445583932039], "k2_x2h_pos_nimin_syn_sem": [0.04423494907353267, 0.004066153445423605, 0.005518082853092036], "k2_x2h_pos_nimmi_syn_avg": [0.3204425809080095, 0.007495850011799567, 0.014375363699823332], "k2_x2h_pos_nimmi_syn_sem": [0.01630837278535971, 0.007495850011799566, 0.005873908423003693]}