{"avg_reward": 0.28829091282000013, "accuracy": 1.0, "k2_x2h_ray_imin_syn_avg": [0.1737000233758541, 0.024977485995583557, 0.0015232698447400774], "k2_x2h_ray_imin_syn_sem": [0.04381797313347066, 0.014261188820493785, 0.0012044136028083823], "k2_x2h_ray_immi_syn_avg": [0.2687711163950146, 0.030529293241162343, 0.00152326984474], "k2_x2h_ray_immi_syn_sem": [0.010269222076470555, 0.01733801167328439, 0.0012044136028083773], "k2_x2h_pos_imin_syn_avg": [0.13740092777184776, 0.024977485995583557, 0.0015232698447400774], "k2_x2h_pos_imin_syn_sem": [0.01148073276894276, 0.014261188820493785, 0.0012044136028083823], "k2_x2h_pos_immi_syn_avg": [0.21044632581086864, 0.030529293241162343, 0.00152326984474], "k2_x2h_pos_immi_syn_sem": [0.03487510643356934, 0.01733801167328439, 0.0012044136028083773], "k2_x2h_ray_mi_avg": [1.0067133845275649, 0.6459766738030843, 0.16105402726668708], "k2_x2h_ray_mi_sem": [0.030785119058860656, 0.1024051260991733, 0.04105311201235948], "k2_x2h_ray_nimin_syn_avg": [0.17344575702641915, 0.013494025661397593, 0.0049588526312011804], "k2_x2h_ray_nimin_syn_sem": [0.04476608714769886, 0.00775665429929603, 0.003714897619728474], "k2_x2h_ray_nimmi_syn_avg": [0.26702620701995455, 0.016550278250735642, 0.004958852631201469], "k2_x2h_ray_nimmi_syn_sem": [0.006775124711476618, 0.009506796115320789, 0.0037148976197283906], "k2_x2h_pos_mi_avg": [1.50402023890139, 0.6459766738030843, 0.16105402726668708], "k2_x2h_pos_mi_sem": [0.03487510643356934, 0.1024051260991733, 0.04105311201235948], "k2_x2h_pos_nimin_syn_avg": [0.09136751593236091, 0.013494025661397593, 0.0049588526312011804], "k2_x2h_pos_nimin_syn_sem": [0.007519405114519219, 0.00775665429929603, 0.003714897619728474], "k2_x2h_pos_nimmi_syn_avg": [0.1390060888903813, 0.016550278250735642, 0.004958852631201469], "k2_x2h_pos_nimmi_syn_sem": [0.019765566740948128, 0.009506796115320789, 0.0037148976197283906]}