{"avg_reward": 0.2196222250944445, "accuracy": 1.0, "k2_x2h_ray_imin_syn_avg": [0.2600288283846063, 0.005477696163745666, -1.8479677363230442e-17], "k2_x2h_ray_imin_syn_sem": [0.02400803751240741, 0.0054776961637453435, 1.1621946408476225e-17], "k2_x2h_ray_immi_syn_avg": [0.3268822961226043, 0.005572966167304156, -3.7007434154171884e-18], "k2_x2h_ray_immi_syn_sem": [0.02883305942788767, 0.005572966167304157, 5.1133118458483815e-18], "k2_x2h_pos_imin_syn_avg": [0.21624562115612525, 0.005477696163745666, -1.8479677363230442e-17], "k2_x2h_pos_imin_syn_sem": [0.05872767524400295, 0.0054776961637453435, 1.1621946408476225e-17], "k2_x2h_pos_immi_syn_avg": [0.2729953239930472, 0.005572966167304156, -3.7007434154171884e-18], "k2_x2h_pos_immi_syn_sem": [0.044727919842389746, 0.005572966167304157, 5.1133118458483815e-18], "k2_x2h_ray_mi_avg": [0.6311865628116905, 0.35050430336232224, -4.934324553889585e-18], "k2_x2h_ray_mi_sem": [0.041968423138387875, 0.07003232871080549, 1.1133337704939848e-17], "k2_x2h_ray_nimin_syn_avg": [0.41065878480932777, 0.004149066128492992, 0.010826087781754088], "k2_x2h_ray_nimin_syn_sem": [0.010721320652355275, 0.004149066128492656, 0.02308702302671799], "k2_x2h_ray_nimmi_syn_avg": [0.517569024907794, 0.004221228134746939, 0.016666666666666666], "k2_x2h_ray_nimmi_syn_sem": [0.025849323037311526, 0.004221228134746939, 0.012309149097933273], "k2_x2h_pos_mi_avg": [0.5353036838170359, 0.35050430336232224, -4.934324553889585e-18], "k2_x2h_pos_mi_sem": [0.07166493362298652, 0.07003232871080549, 1.1133337704939848e-17], "k2_x2h_pos_nimin_syn_avg": [0.3904161904907452, 0.004149066128492992, 0.010826087781754088], "k2_x2h_pos_nimin_syn_sem": [0.05455369846063456, 0.004149066128492656, 0.02308702302671799], "k2_x2h_pos_nimmi_syn_avg": [0.5077760283570768, 0.004221228134746939, 0.016666666666666666], "k2_x2h_pos_nimmi_syn_sem": [0.04181662375757851, 0.004221228134746939, 0.012309149097933273]}