{"avg_reward": 0.19257561594878053, "accuracy": 1.0, "k2_x2h_ray_imin_syn_avg": [0.06177782186481264, 2.2204460492503132e-17, 0.0], "k2_x2h_ray_imin_syn_sem": [0.0065408204432607165, 6.694896738718451e-18, 0.0], "k2_x2h_ray_immi_syn_avg": [0.0683277653783964, 0.0, 0.0], "k2_x2h_ray_immi_syn_sem": [0.012428482772219068, 0.0, 0.0], "k2_x2h_pos_imin_syn_avg": [0.15885524848615853, 2.2204460492503132e-17, 0.0], "k2_x2h_pos_imin_syn_sem": [0.02245800328079106, 6.694896738718451e-18, 0.0], "k2_x2h_pos_immi_syn_avg": [0.21508947004570134, 0.0, 0.0], "k2_x2h_pos_immi_syn_sem": [0.05260682648946146, 0.0, 0.0], "k2_x2h_ray_mi_avg": [0.3281379682685433, 0.19906923429908308, 0.0], "k2_x2h_ray_mi_sem": [0.03456441801684632, 0.06002163249758238, 0.0], "k2_x2h_ray_nimin_syn_avg": [0.19711001397585912, 2.2308279399058708e-17, 0.0], "k2_x2h_ray_nimin_syn_sem": [0.04341301223952601, 6.7261993168266156e-18, 0.0], "k2_x2h_ray_nimmi_syn_avg": [0.22211556813489422, 0.0, 0.0], "k2_x2h_ray_nimmi_syn_sem": [0.06736436756644464, 0.0, 0.0], "k2_x2h_pos_mi_avg": [0.49202498067672956, 0.19906923429908308, 0.0], "k2_x2h_pos_mi_sem": [0.06438431531842015, 0.06002163249758238, 0.0], "k2_x2h_pos_nimin_syn_avg": [0.32184315785884915, 2.2308279399058708e-17, 0.0], "k2_x2h_pos_nimin_syn_sem": [0.01041745499538371, 6.7261993168266156e-18, 0.0], "k2_x2h_pos_nimmi_syn_avg": [0.4229696923917143, 0.0, 0.0], "k2_x2h_pos_nimmi_syn_sem": [0.058712017159604585, 0.0, 0.0]}