{"avg_reward": 0.25549678396451625, "accuracy": 1.0, "k2_x2h_ray_imin_syn_avg": [0.47758469009221577, 0.048302532356225024, 0.02137156964906077], "k2_x2h_ray_imin_syn_sem": [0.05161954002969347, 0.023029491019049532, 0.01010708701005519], "k2_x2h_ray_immi_syn_avg": [0.6471928531551289, 0.07932601317109778, 0.02376654319384517], "k2_x2h_ray_immi_syn_sem": [0.07875640942712725, 0.03839191655066613, 0.011114670455132316], "k2_x2h_pos_imin_syn_avg": [0.4930975254823777, 0.048302532356225024, 0.02137156964906077], "k2_x2h_pos_imin_syn_sem": [0.051609387639092785, 0.023029491019049532, 0.01010708701005519], "k2_x2h_pos_immi_syn_avg": [0.665933751996968, 0.07932601317109778, 0.02376654319384517], "k2_x2h_pos_immi_syn_sem": [0.08749180038825687, 0.03839191655066613, 0.011114670455132316], "k2_x2h_ray_mi_avg": [1.4849410044798566, 0.7261814274823293, 0.18664665988036316], "k2_x2h_ray_mi_sem": [0.0956686273860332, 0.10063992870173166, 0.026651662789399035], "k2_x2h_ray_nimin_syn_avg": [0.3221220538547645, 0.024336989693914703, 0.03985746118490636], "k2_x2h_ray_nimin_syn_sem": [0.032823148309012735, 0.01071043563777696, 0.017366607617308107], "k2_x2h_ray_nimmi_syn_avg": [0.4330156581473761, 0.03956265539124307, 0.04495896169530967], "k2_x2h_ray_nimmi_syn_sem": [0.025342505576602448, 0.01777574973011283, 0.019551093626256975], "k2_x2h_pos_mi_avg": [1.6078634634919393, 0.7261814274823293, 0.18664665988036316], "k2_x2h_pos_mi_sem": [0.08749180038825687, 0.10063992870173166, 0.026651662789399035], "k2_x2h_pos_nimin_syn_avg": [0.3064749294599985, 0.024336989693914703, 0.03985746118490636], "k2_x2h_pos_nimin_syn_sem": [0.024617020800241644, 0.01071043563777696, 0.017366607617308107], "k2_x2h_pos_nimmi_syn_avg": [0.41054395267064686, 0.03956265539124307, 0.04495896169530967], "k2_x2h_pos_nimmi_syn_sem": [0.03337192027981056, 0.01777574973011283, 0.019551093626256975]}