{"avg_reward_avg": 1.0, "avg_reward_sem": 0.0, "accuracy_avg": 1.0, "accuracy_sem": 0.0, "k2_x2h_imin_syn_avg_avg": [0.65, 0.0033333333333333375, 0.0], "k2_x2h_imin_syn_avg_sem": [0.10671873729054747, 0.0023715274953455, 0.0], "k2_x2h_imin_syn_sem_avg": [NaN, 0.002183674776848249, 0.0], "k2_x2h_imin_syn_sem_sem": [NaN, 0.0014560666823824177, 0.0], "k2_x2h_mi_avg_avg": [1.65, 0.892178777758547, 0.9955555555555555], "k2_x2h_mi_avg_sem": [0.10671873729054747, 0.023661492496954758, 0.002962962962962967], "k2_x2h_mi_sem_avg": [NaN, 0.04022189001366529, 0.0044444444444444444], "k2_x2h_mi_sem_sem": [NaN, 0.0064285993508051515, 0.0029629629629629624], "k2_x2h_immi_syn_avg_avg": [0.65, 0.005555555555555556, 0.0], "k2_x2h_immi_syn_avg_sem": [0.10671873729054747, 0.004459849843997147, 0.0], "k2_x2h_immi_syn_sem_avg": [NaN, 0.003256238442585384, 0.0], "k2_x2h_immi_syn_sem_sem": [NaN, 0.0023035794103899872, 0.0], "k2_x2h_nimin_syn_avg_avg": [0.3666666666666667, 0.002592592592592604, 0.0], "k2_x2h_nimin_syn_avg_sem": [0.04843221048378526, 0.001750302083797261, 0.0], "k2_x2h_nimin_syn_sem_avg": [NaN, 0.0018261535549358738, 0.0], "k2_x2h_nimin_syn_sem_sem": [NaN, 0.0012527170102909014, 0.0], "k2_x2h_nimmi_syn_avg_avg": [0.3666666666666667, 0.004074074074074074, 0.0], "k2_x2h_nimmi_syn_avg_sem": [0.04843221048378526, 0.003046657451667423, 0.0], "k2_x2h_nimmi_syn_sem_avg": [NaN, 0.0025411959987606263, 0.0], "k2_x2h_nimmi_syn_sem_sem": [NaN, 0.001710731804653069, 0.0], "k2_x2h_imin_red_avg_avg": [0.65, 0.42605680553151704, 0.8244444444444443], "k2_x2h_imin_red_avg_sem": [0.10671873729054747, 0.06272203692973304, 0.04437649126148195], "k2_x2h_imin_red_sem_avg": [NaN, 0.06363606401262374, 0.04476935871242327], "k2_x2h_imin_red_sem_sem": [NaN, 0.003561607442143798, 0.0099014518601843], "k2_x2h_immi_red_avg_avg": [0.65, 0.42827902775373927, 0.8244444444444443], "k2_x2h_immi_red_avg_sem": [0.10671873729054747, 0.061798665924262176, 0.04437649126148195], "k2_x2h_immi_red_sem_avg": [NaN, 0.06407893759287221, 0.04476935871242327], "k2_x2h_immi_red_sem_sem": [NaN, 0.0034527761561057983, 0.0099014518601843], "k2_x2h_nimin_red_avg_avg": [0.3666666666666667, 0.4243937592368233, 0.8244444444444443], "k2_x2h_nimin_red_avg_sem": [0.04843221048378526, 0.06345519744867965, 0.04437649126148195], "k2_x2h_nimin_red_sem_avg": [NaN, 0.06342660457622824, 0.04476935871242327], "k2_x2h_nimin_red_sem_sem": [NaN, 0.0036308031646904364, 0.0099014518601843], "k2_x2h_nimmi_red_avg_avg": [0.3666666666666667, 0.42587524071830474, 0.8244444444444443], "k2_x2h_nimmi_red_avg_sem": [0.04843221048378526, 0.0628003551522859, 0.04437649126148195], "k2_x2h_nimmi_red_sem_avg": [NaN, 0.06360775193451197, 0.04476935871242327], "k2_x2h_nimmi_red_sem_sem": [NaN, 0.0035703206509429, 0.0099014518601843], "x2h_imin_syn_avg": [0.65, 0.0, 0.0], "x2h_imin_syn_sem": [0.10671873729054747, 0.0, 0.0], "x2h_mi_avg": [1.65, 1.05, 1.0], "x2h_mi_sem": [0.10671873729054747, 0.049999999999999996, 0.0], "x2h_immi_syn_avg": [0.65, 0.0, 0.0], "x2h_immi_syn_sem": [0.10671873729054747, 0.0, 0.0], "x2h_nimin_syn_avg": [0.3666666666666667, 0.0, 0.0], "x2h_nimin_syn_sem": [0.04843221048378526, 0.0, 0.0], "x2h_nimmi_syn_avg": [0.3666666666666667, 0.0, 0.0], "x2h_nimmi_syn_sem": [0.04843221048378526, 0.0, 0.0], "x2h_imin_red_avg": [0.65, 0.05, 0.3], "x2h_imin_red_sem": [0.10671873729054747, 0.049999999999999996, 0.15275252316519466], "x2h_immi_red_avg": [0.65, 0.05, 0.3], "x2h_immi_red_sem": [0.10671873729054747, 0.049999999999999996, 0.15275252316519466], "x2h_nimin_red_avg": [0.3666666666666667, 0.05, 0.3], "x2h_nimin_red_sem": [0.04843221048378526, 0.049999999999999996, 0.15275252316519466], "x2h_nimmi_red_avg": [0.3666666666666667, 0.05, 0.3], "x2h_nimmi_red_sem": [0.04843221048378526, 0.049999999999999996, 0.15275252316519466]}