{"avg_reward_avg": 1.0, "avg_reward_sem": 0.0, "accuracy_avg": 1.0, "accuracy_sem": 0.0, "k2_x2h_imin_syn_avg_avg": [1.0, 0.10800920847676329, 0.050006694529380634], "k2_x2h_imin_syn_avg_sem": [0.0, 0.016289048788050767, 0.013822366524388648], "k2_x2h_imin_syn_sem_avg": [NaN, 0.02070322961013827, 0.02130128242730812], "k2_x2h_imin_syn_sem_sem": [NaN, 0.001329074732554726, 0.003694355077474606], "k2_x2h_mi_avg_avg": [2.0, 0.9342556038986372, 0.8424678263131675], "k2_x2h_mi_avg_sem": [0.0, 0.06523564275058498, 0.027125086895372956], "k2_x2h_mi_sem_avg": [NaN, 0.05765623829794723, 0.041133933788921995], "k2_x2h_mi_sem_sem": [NaN, 0.0031669514427514504, 0.002350381729885014], "k2_x2h_immi_syn_avg_avg": [1.0, 0.21695407657759141, 0.056001680630075025], "k2_x2h_immi_syn_avg_sem": [0.0, 0.040168113653833194, 0.01595274775403799], "k2_x2h_immi_syn_sem_avg": [NaN, 0.040556496850231535, 0.021755253182566447], "k2_x2h_immi_syn_sem_sem": [NaN, 0.002148667981483796, 0.003545872896547023], "k2_x2h_nimin_syn_avg_avg": [0.5, 0.08146256029976894, 0.05869007652630927], "k2_x2h_nimin_syn_avg_sem": [0.0, 0.01272435089058928, 0.01541558884223633], "k2_x2h_nimin_syn_sem_avg": [NaN, 0.01596106319392893, 0.022842157720263663], "k2_x2h_nimin_syn_sem_sem": [NaN, 0.0020054221893238276, 0.0033472957072431847], "k2_x2h_nimmi_syn_avg_avg": [0.5, 0.15556003023802573, 0.07068004872769801], "k2_x2h_nimmi_syn_avg_sem": [0.0, 0.025905204742668178, 0.019939357047607915], "k2_x2h_nimmi_syn_sem_avg": [NaN, 0.028874963677799754, 0.024673248102578094], "k2_x2h_nimmi_syn_sem_sem": [NaN, 0.0009730119488423885, 0.0032493478178511853], "k2_x2h_imin_red_avg_avg": [1.0, 0.2508662913533643, 0.35033580529433667], "k2_x2h_imin_red_avg_sem": [0.0, 0.03529472519014129, 0.0344060119367781], "k2_x2h_imin_red_sem_avg": [NaN, 0.03762083659072701, 0.048425848238014726], "k2_x2h_imin_red_sem_sem": [NaN, 0.0024982212164834285, 0.004762085606045093], "k2_x2h_immi_red_avg_avg": [1.0, 0.35981115945419256, 0.3563307913950312], "k2_x2h_immi_red_avg_sem": [0.0, 0.05841062572363341, 0.032692075837139255], "k2_x2h_immi_red_sem_avg": [NaN, 0.04670578288152408, 0.04842053646508672], "k2_x2h_immi_red_sem_sem": [NaN, 0.006295254096056567, 0.004743855348476279], "k2_x2h_nimin_red_avg_avg": [0.5, 0.23768641416795702, 0.3959966247443901], "k2_x2h_nimin_red_avg_sem": [0.0, 0.032118392753445364, 0.03389477481558655], "k2_x2h_nimin_red_sem_avg": [NaN, 0.04469641744096886, 0.05364423057311266], "k2_x2h_nimin_red_sem_sem": [NaN, 0.0020346758500558973, 0.0029286427482412554], "k2_x2h_nimmi_red_avg_avg": [0.5, 0.31178388410621394, 0.40798659694577905], "k2_x2h_nimmi_red_avg_sem": [0.0, 0.04484278879574456, 0.03231425346505367], "k2_x2h_nimmi_red_sem_avg": [NaN, 0.04718678626983146, 0.05458097537602734], "k2_x2h_nimmi_red_sem_sem": [NaN, 0.002756220770253772, 0.0026007791876896604], "x2h_imin_syn_avg": [1.0, 0.0, 0.0], "x2h_imin_syn_sem": [0.0, 0.0, 0.0], "x2h_mi_avg": [2.0, 1.85, 1.0], "x2h_mi_sem": [0.0, 0.07637626158259733, 0.0], "x2h_immi_syn_avg": [1.0, 0.0, 0.0], "x2h_immi_syn_sem": [0.0, 0.0, 0.0], "x2h_nimin_syn_avg": [0.5, 0.0, 0.0], "x2h_nimin_syn_sem": [0.0, 0.0, 0.0], "x2h_nimmi_syn_avg": [0.5, 0.0, 0.0], "x2h_nimmi_syn_sem": [0.0, 0.0, 0.0], "x2h_imin_red_avg": [1.0, 0.04150374992788437, 0.062255624891826566], "x2h_imin_red_sem": [0.0, 0.04150374992788437, 0.04150374992788437], "x2h_immi_red_avg": [1.0, 0.0811278124459133, 0.06225562489182659], "x2h_immi_red_sem": [0.0, 0.0811278124459133, 0.04150374992788438], "x2h_nimin_red_avg": [0.5, 0.020751874963942187, 0.062255624891826566], "x2h_nimin_red_sem": [0.0, 0.020751874963942187, 0.04150374992788437], "x2h_nimmi_red_avg": [0.5, 0.04056390622295665, 0.06225562489182659], "x2h_nimmi_red_sem": [0.0, 0.04056390622295665, 0.04150374992788438]}