{"avg_reward_avg": 0.0733, "avg_reward_sem": 0.03546173211286279, "accuracy_avg": 0.079, "accuracy_sem": 0.009480975102218594, "k2_xh2h_immi_syn_avg_avg": [0.26347613057005326], "k2_xh2h_immi_syn_avg_sem": [0.007502812114355182], "k2_xh2h_immi_syn_sem_avg": [0.013952807040479322], "k2_xh2h_immi_syn_sem_sem": [0.0006090684011013367], "k2_xh2h_mi_avg_avg": [0.6872341022640137], "k2_xh2h_mi_avg_sem": [0.016311077024860007], "k2_xh2h_mi_sem_avg": [0.02894147084575987], "k2_xh2h_mi_sem_sem": [0.0013896383663301154], "k2_xh2h_nimmi_syn_avg_avg": [0.38167344853745006], "k2_xh2h_nimmi_syn_avg_sem": [0.004355682364053647], "k2_xh2h_nimmi_syn_sem_avg": [0.011834671045187928], "k2_xh2h_nimmi_syn_sem_sem": [0.0006384352354106548]}