{"avg_reward": 0.099, "accuracy": 0.03, "k2_xh2h_immi_syn_avg": [0.24263725360410193], "k2_xh2h_immi_syn_sem": [0.012919282353390139], "k2_xh2h_mi_avg": [0.6340962248177955], "k2_xh2h_mi_sem": [0.028881487134289726], "k2_xh2h_nimmi_syn_avg": [0.38178318743822337], "k2_xh2h_nimmi_syn_sem": [0.010612220844381116]}