{"avg_reward": 0.022, "accuracy": 0.1, "k2_xh2h_immi_syn_avg": [0.2423040242482897], "k2_xh2h_immi_syn_sem": [0.014938684730702841], "k2_xh2h_mi_avg": [0.6573234806689718], "k2_xh2h_mi_sem": [0.032382850690035846], "k2_xh2h_nimmi_syn_avg": [0.36360710780455496], "k2_xh2h_nimmi_syn_sem": [0.014471537475077198]}