{"avg_reward": 0.017, "accuracy": 0.08, "k2_xh2h_immi_syn_avg": [0.26920097118155734], "k2_xh2h_immi_syn_sem": [0.015006223106804125], "k2_xh2h_mi_avg": [0.6976750657445056], "k2_xh2h_mi_sem": [0.032040162471959774], "k2_xh2h_nimmi_syn_avg": [0.3848850879516638], "k2_xh2h_nimmi_syn_sem": [0.009849280187728137]}