{"avg_reward": 0.019, "accuracy": 0.09, "k2_xh2h_immi_syn_avg": [0.2617963416954677], "k2_xh2h_immi_syn_sem": [0.01287760474354985], "k2_xh2h_mi_avg": [0.6780393326287371], "k2_xh2h_mi_sem": [0.026081875666935976], "k2_xh2h_nimmi_syn_avg": [0.38657239400273646], "k2_xh2h_nimmi_syn_sem": [0.01399180343935689]}