{"avg_reward": 0.042, "accuracy": 0.08, "k2_xh2h_immi_syn_avg": [0.24920070898899066], "k2_xh2h_immi_syn_sem": [0.013611494036234285], "k2_xh2h_mi_avg": [0.6446197727729602], "k2_xh2h_mi_sem": [0.02387841483374724], "k2_xh2h_nimmi_syn_avg": [0.38166111000588404], "k2_xh2h_nimmi_syn_sem": [0.011534428569099722]}