{"avg_reward": 0.379, "accuracy": 0.03, "k2_xh2h_immi_syn_avg": [0.30357792043541937], "k2_xh2h_immi_syn_sem": [0.010535880983201719], "k2_xh2h_mi_avg": [0.7500388336054132], "k2_xh2h_mi_sem": [0.02322563016882745], "k2_xh2h_nimmi_syn_avg": [0.40619927351643825], "k2_xh2h_nimmi_syn_sem": [0.008234465753534422]}