{"avg_reward": 0.095, "accuracy": 0.11, "k2_xh2h_immi_syn_avg": [0.3062924894130269], "k2_xh2h_immi_syn_sem": [0.014644840789912206], "k2_xh2h_mi_avg": [0.7878390586528544], "k2_xh2h_mi_sem": [0.0344385897958552], "k2_xh2h_nimmi_syn_avg": [0.38758823949809906], "k2_xh2h_nimmi_syn_sem": [0.011246592930871416]}