{"avg_reward": 0.011, "accuracy": 0.07, "k2_xh2h_immi_syn_avg": [0.24999970077409728], "k2_xh2h_immi_syn_sem": [0.014776175635137072], "k2_xh2h_mi_avg": [0.6905852839058924], "k2_xh2h_mi_sem": [0.028154026351710392], "k2_xh2h_nimmi_syn_avg": [0.3590908831763666], "k2_xh2h_nimmi_syn_sem": [0.01428426274060434]}