{"avg_reward": 0.014, "accuracy": 0.08, "k2_xh2h_immi_syn_avg": [0.2641889076892438], "k2_xh2h_immi_syn_sem": [0.012514824232937262], "k2_xh2h_mi_avg": [0.7063314155884481], "k2_xh2h_mi_sem": [0.025065307831638482], "k2_xh2h_nimmi_syn_avg": [0.3727165851423214], "k2_xh2h_nimmi_syn_sem": [0.011795492762120286]}