{"avg_reward": 0.035, "accuracy": 0.12, "k2_xh2h_immi_syn_avg": [0.24556298767033827], "k2_xh2h_immi_syn_sem": [0.017703059792923723], "k2_xh2h_mi_avg": [0.6257925542545592], "k2_xh2h_mi_sem": [0.03526636351259864], "k2_xh2h_nimmi_syn_avg": [0.3926306168382123], "k2_xh2h_nimmi_syn_sem": [0.012326625749105749]}