{"avg_reward": -0.0005675055754233336, "accuracy": 0.1875, "k2_x2h_ray_imin_syn_avg": [0.09820357564462284, 0.024966454978555683, -9.089428743174883e-18], "k2_x2h_ray_imin_syn_sem": [0.0043144954220878055, 0.005169822557782225, 1.1951690061907482e-17], "k2_x2h_ray_immi_syn_avg": [0.12914288880386535, 0.049879680734386866, 0.0], "k2_x2h_ray_immi_syn_sem": [0.005129390179347396, 0.010709115226136635, 0.0], "k2_x2h_pos_imin_syn_avg": [0.09379511183069594, 0.024966454978555683, -9.089428743174883e-18], "k2_x2h_pos_imin_syn_sem": [0.0010497583793126033, 0.005169822557782225, 1.1951690061907482e-17], "k2_x2h_pos_immi_syn_avg": [0.09754461226533954, 0.049879680734386866, 0.0], "k2_x2h_pos_immi_syn_sem": [0.0011559007347392801, 0.010709115226136635, 0.0], "k2_x2h_ray_mi_avg": [0.23486316547240418, 0.3942719038925421, -1.2335811384723962e-18], "k2_x2h_ray_mi_sem": [0.006198151891759189, 0.04545550454570407, 6.2348288704353354e-18], "k2_x2h_ray_nimin_syn_avg": [0.4184047672517497, 0.05310608169740659, 0.03848976620973874], "k2_x2h_ray_nimin_syn_sem": [0.01862741187281437, 0.009073449642875741, 0.027252330002826414], "k2_x2h_ray_nimmi_syn_avg": [0.5499143594245667, 0.1083276317576501, 0.0], "k2_x2h_ray_nimmi_syn_sem": [0.017474299545898873, 0.01909936193454649, 0.0], "k2_x2h_pos_mi_avg": [0.5617592309012537, 0.3942719038925421, -1.2335811384723962e-18], "k2_x2h_pos_mi_sem": [0.0011559007347392801, 0.04545550454570407, 6.2348288704353354e-18], "k2_x2h_pos_nimin_syn_avg": [0.1669624676427223, 0.05310608169740659, 0.03848976620973874], "k2_x2h_pos_nimin_syn_sem": [0.0016269792211352967, 0.009073449642875741, 0.027252330002826414], "k2_x2h_pos_nimmi_syn_avg": [0.1736343156765748, 0.1083276317576501, 0.0], "k2_x2h_pos_nimmi_syn_sem": [0.0017011152563452408, 0.01909936193454649, 0.0]}