{"avg_reward": -0.0016784275130392356, "accuracy": 0.125, "k2_x2h_ray_imin_syn_avg": [0.27731144833477306, 0.09067451610790786, 0.010803994706396473], "k2_x2h_ray_imin_syn_sem": [0.03163678793030045, 0.02277778316616675, 0.0017266283177263177], "k2_x2h_ray_immi_syn_avg": [0.35226415815187195, 0.16331555326630487, 0.011250298163552136], "k2_x2h_ray_immi_syn_sem": [0.02599978099223462, 0.0326445439402025, 0.0017560650954898916], "k2_x2h_pos_imin_syn_avg": [0.29325649573120854, 0.09067451610790786, 0.010803994706396473], "k2_x2h_pos_imin_syn_sem": [0.011497825891252061, 0.02277778316616675, 0.0017266283177263177], "k2_x2h_pos_immi_syn_avg": [0.31668254163860404, 0.16331555326630487, 0.011250298163552136], "k2_x2h_pos_immi_syn_sem": [0.017300682581598312, 0.0326445439402025, 0.0017560650954898916], "k2_x2h_ray_mi_avg": [0.6509753506893773, 1.1017285412086133, 0.07468298602746772], "k2_x2h_ray_mi_sem": [0.040593494621951574, 0.10359703434684278, 0.004893901964187423], "k2_x2h_ray_nimin_syn_avg": [0.42324848251742947, 0.06832352752981935, 0.14269011203166154], "k2_x2h_ray_nimin_syn_sem": [0.02416774124889029, 0.01116179008852425, 0.023181697829767634], "k2_x2h_ray_nimmi_syn_avg": [0.5403237422063283, 0.13920701657402074, 0.14904336236792592], "k2_x2h_ray_nimmi_syn_sem": [0.0069060744728273, 0.01797361808110222, 0.023570442421290718], "k2_x2h_pos_mi_avg": [1.1323909803515775, 1.1017285412086133, 0.07468298602746772], "k2_x2h_pos_mi_sem": [0.017300682581598312, 0.10359703434684278, 0.004893901964187423], "k2_x2h_pos_nimin_syn_avg": [0.258788417927081, 0.06832352752981935, 0.14269011203166154], "k2_x2h_pos_nimin_syn_sem": [0.0064363572208199155, 0.01116179008852425, 0.023181697829767634], "k2_x2h_pos_nimmi_syn_avg": [0.27931685873040923, 0.13920701657402074, 0.14904336236792592], "k2_x2h_pos_nimmi_syn_sem": [0.01117452244401249, 0.01797361808110222, 0.023570442421290718]}