{"avg_reward": -0.0005675055754233336, "accuracy": 0.1875, "k2_x2h_ray_imin_syn_avg": [0.10360478309891373, 0.02180790067310778, 0.001721060683907587], "k2_x2h_ray_imin_syn_sem": [0.00553471730797318, 0.0055980063224005845, 0.0007861061270512629], "k2_x2h_ray_immi_syn_avg": [0.1287469360015502, 0.040760365363155505, 0.001796268983474167], "k2_x2h_ray_immi_syn_sem": [0.003720530981109189, 0.00939893757067636, 0.0008076213429319637], "k2_x2h_pos_imin_syn_avg": [0.0977039993004814, 0.02180790067310778, 0.001721060683907587], "k2_x2h_pos_imin_syn_sem": [0.009452171555379089, 0.0055980063224005845, 0.0007861061270512629], "k2_x2h_pos_immi_syn_avg": [0.09876717626040558, 0.040760365363155505, 0.001796268983474167], "k2_x2h_pos_immi_syn_sem": [0.009026077888291434, 0.00939893757067636, 0.0008076213429319637], "k2_x2h_ray_mi_avg": [0.22704339937090268, 0.36933899786872904, 0.015988277771886508], "k2_x2h_ray_mi_sem": [0.0021529094016310055, 0.06034485616129667, 0.002681036990269141], "k2_x2h_ray_nimin_syn_avg": [0.4559480380471763, 0.04813206780660432, 0.058000468708327084], "k2_x2h_ray_nimin_syn_sem": [0.020191023546062774, 0.01101378915894248, 0.01839033474477929], "k2_x2h_ray_nimmi_syn_avg": [0.5668675819757037, 0.1002660150306, 0.06737879773469996], "k2_x2h_ray_nimmi_syn_sem": [0.011433317290232536, 0.02259612921281888, 0.021010060280460565], "k2_x2h_pos_mi_avg": [0.559700537766911, 0.36933899786872904, 0.015988277771886508], "k2_x2h_pos_mi_sem": [0.009026077888291434, 0.06034485616129667, 0.002681036990269141], "k2_x2h_pos_nimin_syn_avg": [0.17410853204033752, 0.04813206780660432, 0.058000468708327084], "k2_x2h_pos_nimin_syn_sem": [0.014167149630547462, 0.01101378915894248, 0.01839033474477929], "k2_x2h_pos_nimmi_syn_avg": [0.1760337308432073, 0.1002660150306, 0.06737879773469996], "k2_x2h_pos_nimmi_syn_sem": [0.013351931166826732, 0.02259612921281888, 0.021010060280460565]}