{"avg_reward": -0.0011198538783941314, "accuracy": 0.125, "k2_x2h_ray_imin_syn_avg": [0.2691986613956747, 0.05075348423340296, 0.013124231412688937], "k2_x2h_ray_imin_syn_sem": [0.02864860508681673, 0.010013634205340348, 0.003320656706436422], "k2_x2h_ray_immi_syn_avg": [0.3486068994533437, 0.11041365271526768, 0.017352356072487307], "k2_x2h_ray_immi_syn_sem": [0.023525073489030192, 0.024148144676899908, 0.004860443832248515], "k2_x2h_pos_imin_syn_avg": [0.23262325519872876, 0.05075348423340296, 0.013124231412688937], "k2_x2h_pos_imin_syn_sem": [0.03374527778932492, 0.010013634205340348, 0.003320656706436422], "k2_x2h_pos_immi_syn_avg": [0.3148348449366152, 0.11041365271526768, 0.017352356072487307], "k2_x2h_pos_immi_syn_sem": [0.048219590917906084, 0.024148144676899908, 0.004860443832248515], "k2_x2h_ray_mi_avg": [0.7329883528748408, 0.8998834944143748, 0.5850632713769873], "k2_x2h_ray_mi_sem": [0.04072231896389719, 0.07284142933853142, 0.047256611452704184], "k2_x2h_ray_nimin_syn_avg": [0.3656995797002864, 0.04030805706172609, 0.01867123150725488], "k2_x2h_ray_nimin_syn_sem": [0.02127327553564218, 0.0074863393469634205, 0.00455993476690809], "k2_x2h_ray_nimmi_syn_avg": [0.4770492996447501, 0.08683424563181813, 0.023749863515067166], "k2_x2h_ray_nimmi_syn_sem": [0.03234392967429943, 0.018476409707468066, 0.006250467996222235], "k2_x2h_pos_mi_avg": [0.7050979213487208, 0.8998834944143748, 0.5850632713769873], "k2_x2h_pos_mi_sem": [0.06091350552397944, 0.07284142933853142, 0.047256611452704184], "k2_x2h_pos_nimin_syn_avg": [0.32650933255125913, 0.04030805706172609, 0.01867123150725488], "k2_x2h_pos_nimin_syn_sem": [0.01975947719618702, 0.0074863393469634205, 0.00455993476690809], "k2_x2h_pos_nimmi_syn_avg": [0.44123946220095367, 0.08683424563181813, 0.023749863515067166], "k2_x2h_pos_nimmi_syn_sem": [0.03330388807163148, 0.018476409707468066, 0.006250467996222235]}