{"avg_reward": -0.0006219456800088917, "accuracy": 0.1875, "k2_x2h_ray_imin_syn_avg": [0.3204142293174472, 0.1170179331206357, 0.024834944417912553], "k2_x2h_ray_imin_syn_sem": [0.03143842122626575, 0.033267536261206355, 0.0060274708543871], "k2_x2h_ray_immi_syn_avg": [0.39538735295697486, 0.17843069063848765, 0.02521909614169327], "k2_x2h_ray_immi_syn_sem": [0.038930775361239844, 0.04547860741449131, 0.006056750770220439], "k2_x2h_pos_imin_syn_avg": [0.3219692681919432, 0.1170179331206357, 0.024834944417912553], "k2_x2h_pos_imin_syn_sem": [0.02977142205428643, 0.033267536261206355, 0.0060274708543871], "k2_x2h_pos_immi_syn_avg": [0.33270015256646523, 0.17843069063848765, 0.02521909614169327], "k2_x2h_pos_immi_syn_sem": [0.030769387074096557, 0.04547860741449131, 0.006056750770220439], "k2_x2h_ray_mi_avg": [0.7862852382342286, 1.078831485580365, 0.26256725806111963], "k2_x2h_ray_mi_sem": [0.04317699155969713, 0.09624819208368023, 0.02003385798328143], "k2_x2h_ray_nimin_syn_avg": [0.40637095398271045, 0.062261553840681376, 0.08421446274759391], "k2_x2h_ray_nimin_syn_sem": [0.026233687164070298, 0.016033545635453235, 0.019896343664635552], "k2_x2h_ray_nimmi_syn_avg": [0.5012530973701335, 0.09805617651809607, 0.08560983935479573], "k2_x2h_ray_nimmi_syn_sem": [0.030566742447339274, 0.022823726362048165, 0.020054165748842136], "k2_x2h_pos_mi_avg": [1.718365270801061, 1.078831485580365, 0.26256725806111963], "k2_x2h_pos_mi_sem": [0.030769387074096557, 0.09624819208368023, 0.02003385798328143], "k2_x2h_pos_nimin_syn_avg": [0.18687770003086332, 0.062261553840681376, 0.08421446274759391], "k2_x2h_pos_nimin_syn_sem": [0.01376319791387521, 0.016033545635453235, 0.019896343664635552], "k2_x2h_pos_nimmi_syn_avg": [0.19310549378818978, 0.09805617651809607, 0.08560983935479573], "k2_x2h_pos_nimmi_syn_sem": [0.014208831261047012, 0.022823726362048165, 0.020054165748842136]}