{"avg_reward": 0.13663304966173923, "accuracy": 1.0, "k2_x2h_ray_imin_syn_avg": [0.4798827901768941, 0.008981158857024777, -4.368802020287129e-18], "k2_x2h_ray_imin_syn_sem": [0.1352198666945728, 0.006072720765156004, 9.009726410131997e-18], "k2_x2h_ray_immi_syn_avg": [0.4985713626938475, 0.01459646327825216, -9.86864910777917e-18], "k2_x2h_ray_immi_syn_sem": [0.12131609497239768, 0.009035972071535498, 6.898435357957032e-18], "k2_x2h_pos_imin_syn_avg": [0.20259366666206438, 0.008981158857024777, -4.368802020287129e-18], "k2_x2h_pos_imin_syn_sem": [0.053046119118758096, 0.006072720765156004, 9.009726410131997e-18], "k2_x2h_pos_immi_syn_avg": [0.2180477280713049, 0.01459646327825216, -9.86864910777917e-18], "k2_x2h_pos_immi_syn_sem": [0.05007207412880034, 0.009035972071535498, 6.898435357957032e-18], "k2_x2h_ray_mi_avg": [0.8074032437965141, 0.4286116171293902, 9.86864910777917e-18], "k2_x2h_ray_mi_sem": [0.06734147638129136, 0.07724113151016163, 6.898435357957032e-18], "k2_x2h_ray_nimin_syn_avg": [0.5749683322333881, 0.0074557377193316685, 0.01238455464691193], "k2_x2h_ray_nimin_syn_sem": [0.11682892627833544, 0.004014758931958596, 0.024505997261303147], "k2_x2h_ray_nimmi_syn_avg": [0.6019378109755972, 0.012154794383736902, 0.0], "k2_x2h_ray_nimmi_syn_sem": [0.09690842483383089, 0.006240971823053966, 0.0], "k2_x2h_pos_mi_avg": [1.4564397213880875, 0.4286116171293902, 9.86864910777917e-18], "k2_x2h_pos_mi_sem": [0.05007207412880034, 0.07724113151016163, 6.898435357957032e-18], "k2_x2h_pos_nimin_syn_avg": [0.13706184921430734, 0.0074557377193316685, 0.01238455464691193], "k2_x2h_pos_nimin_syn_sem": [0.03119520650526846, 0.004014758931958596, 0.024505997261303147], "k2_x2h_pos_nimmi_syn_avg": [0.147704780972277, 0.012154794383736902, 0.0], "k2_x2h_pos_nimmi_syn_sem": [0.029221194232805524, 0.006240971823053966, 0.0]}