{"avg_reward": 0.05747116189625475, "accuracy": 1.0, "k2_x2h_ray_imin_syn_avg": [0.2526596152211643, 0.002254621259569446, 0.0], "k2_x2h_ray_imin_syn_sem": [0.02219418618039916, 0.0022546212595695872, 0.0], "k2_x2h_ray_immi_syn_avg": [0.2781253438470821, 0.002364082102613215, 0.0], "k2_x2h_ray_immi_syn_sem": [0.03405790632913822, 0.0023640821026132144, 0.0], "k2_x2h_pos_imin_syn_avg": [0.25792015515865613, 0.002254621259569446, 0.0], "k2_x2h_pos_imin_syn_sem": [0.030644541122117484, 0.0022546212595695872, 0.0], "k2_x2h_pos_immi_syn_avg": [0.29254172144210955, 0.002364082102613215, 0.0], "k2_x2h_pos_immi_syn_sem": [0.021380055189620384, 0.0023640821026132144, 0.0], "k2_x2h_ray_mi_avg": [0.4787396612329937, 0.3478603958596749, 0.0], "k2_x2h_ray_mi_sem": [0.04609075319640807, 0.08063347485414774, 0.0], "k2_x2h_ray_nimin_syn_avg": [0.5288952873394949, 0.0015372711450298692, 0.0], "k2_x2h_ray_nimin_syn_sem": [0.011866429540299752, 0.0015372711450299397, 0.0], "k2_x2h_ray_nimmi_syn_avg": [0.5797531400402361, 0.0016119049642611765, 0.0], "k2_x2h_ray_nimmi_syn_sem": [0.031548177548889104, 0.0016119049642611765, 0.0], "k2_x2h_pos_mi_avg": [0.49975367836944545, 0.3478603958596749, 0.0], "k2_x2h_pos_mi_sem": [0.02523783998979938, 0.08063347485414774, 0.0], "k2_x2h_pos_nimin_syn_avg": [0.5126338465027169, 0.0015372711450298692, 0.0], "k2_x2h_pos_nimin_syn_sem": [0.039402593450320836, 0.0015372711450299397, 0.0], "k2_x2h_pos_nimmi_syn_avg": [0.5840854103874746, 0.0016119049642611765, 0.0], "k2_x2h_pos_nimmi_syn_sem": [0.016585905839920964, 0.0016119049642611765, 0.0]}