{"avg_reward": 0.15590495752178227, "accuracy": 1.0, "k2_x2h_ray_imin_syn_avg": [0.60284928570339, 0.18559933965324601, 0.22780064180497694], "k2_x2h_ray_imin_syn_sem": [0.0984194544408822, 0.039295885660731576, 0.019305026580881054], "k2_x2h_ray_immi_syn_avg": [0.7822705264994582, 0.30710238378201127, 0.281880711921159], "k2_x2h_ray_immi_syn_sem": [0.12023434154614683, 0.06157332150358912, 0.024558317257584714], "k2_x2h_pos_imin_syn_avg": [0.7358051314316986, 0.18559933965324601, 0.22780064180497694], "k2_x2h_pos_imin_syn_sem": [0.07153593331635641, 0.039295885660731576, 0.019305026580881054], "k2_x2h_pos_immi_syn_avg": [0.9076707916980652, 0.30710238378201127, 0.281880711921159], "k2_x2h_pos_immi_syn_sem": [0.09706808454291108, 0.06157332150358912, 0.024558317257584714], "k2_x2h_ray_mi_avg": [2.0154160762057494, 1.508133186550848, 0.8957716096842804], "k2_x2h_ray_mi_sem": [0.0629923641357153, 0.11339771156194414, 0.03996633843133214], "k2_x2h_ray_nimin_syn_avg": [0.2979046305865819, 0.08226421184872602, 0.24743058882462637], "k2_x2h_ray_nimin_syn_sem": [0.045535078708049716, 0.01571724017600765, 0.013923088525292053], "k2_x2h_ray_nimmi_syn_avg": [0.38718121121501053, 0.13772048379746105, 0.30218498245335357], "k2_x2h_ray_nimmi_syn_sem": [0.05677468834927908, 0.024831930260528833, 0.0179559638273906], "k2_x2h_pos_mi_avg": [2.4293750131949916, 1.508133186550848, 0.8957716096842804], "k2_x2h_pos_mi_sem": [0.09706808454291108, 0.11339771156194414, 0.03996633843133214], "k2_x2h_pos_nimin_syn_avg": [0.3017093816966201, 0.08226421184872602, 0.24743058882462637], "k2_x2h_pos_nimin_syn_sem": [0.018638655117802976, 0.01571724017600765, 0.013923088525292053], "k2_x2h_pos_nimmi_syn_avg": [0.37169408112043145, 0.13772048379746105, 0.30218498245335357], "k2_x2h_pos_nimmi_syn_sem": [0.024140166298964823, 0.024831930260528833, 0.0179559638273906]}