{"avg_reward": 0.931, "accuracy": 0.66, "k2_xh2h_immi_syn_avg": [0.20583076168857603], "k2_xh2h_immi_syn_sem": [0.02535098942075356], "k2_xh2h_mi_avg": [0.8075722313342494], "k2_xh2h_mi_sem": [0.0629824956139001], "k2_xh2h_nimmi_syn_avg": [0.252191300716033], "k2_xh2h_nimmi_syn_sem": [0.021343881404212017]}