{"avg_reward": 0.925, "accuracy": 0.63, "k2_xh2h_immi_syn_avg": [0.17803508198041], "k2_xh2h_immi_syn_sem": [0.03091988601504837], "k2_xh2h_mi_avg": [0.6493590515868577], "k2_xh2h_mi_sem": [0.06581498139839495], "k2_xh2h_nimmi_syn_avg": [0.258798703723089], "k2_xh2h_nimmi_syn_sem": [0.022086608725391463]}