{"avg_reward": 0.934, "accuracy": 0.67, "k2_xh2h_immi_syn_avg": [0.16707040373937698], "k2_xh2h_immi_syn_sem": [0.026379393343130938], "k2_xh2h_mi_avg": [0.7023736398405851], "k2_xh2h_mi_sem": [0.06600047155448617], "k2_xh2h_nimmi_syn_avg": [0.2411540687976346], "k2_xh2h_nimmi_syn_sem": [0.019730330896604954]}