{"avg_reward": 0.936, "accuracy": 0.68, "k2_xh2h_immi_syn_avg": [0.22640234088182842], "k2_xh2h_immi_syn_sem": [0.03306121838125964], "k2_xh2h_mi_avg": [0.8287233458844718], "k2_xh2h_mi_sem": [0.06326865519165457], "k2_xh2h_nimmi_syn_avg": [0.2587091157775004], "k2_xh2h_nimmi_syn_sem": [0.02310067372314651]}