{"avg_reward": 0.942, "accuracy": 0.69, "k2_xh2h_immi_syn_avg": [0.15447177449782862], "k2_xh2h_immi_syn_sem": [0.024140612719984335], "k2_xh2h_mi_avg": [0.698871671095306], "k2_xh2h_mi_sem": [0.060934759211052174], "k2_xh2h_nimmi_syn_avg": [0.24324163592475329], "k2_xh2h_nimmi_syn_sem": [0.024498472188321338]}