{"avg_reward": 0.934, "accuracy": 0.68, "k2_xh2h_immi_syn_avg": [0.1895004401295881], "k2_xh2h_immi_syn_sem": [0.03022368399448471], "k2_xh2h_mi_avg": [0.7274260121317974], "k2_xh2h_mi_sem": [0.07149309842073145], "k2_xh2h_nimmi_syn_avg": [0.2431031683591071], "k2_xh2h_nimmi_syn_sem": [0.019085858438997544]}