{"avg_reward": 0.945, "accuracy": 0.73, "k2_xh2h_immi_syn_avg": [0.16230842591019834], "k2_xh2h_immi_syn_sem": [0.022725321654861665], "k2_xh2h_mi_avg": [0.6185986429845288], "k2_xh2h_mi_sem": [0.0587807430352121], "k2_xh2h_nimmi_syn_avg": [0.28669372176630825], "k2_xh2h_nimmi_syn_sem": [0.021154182079615867]}