{"avg_reward": 0.935, "accuracy": 0.67, "k2_xh2h_immi_syn_avg": [0.2086027873398945], "k2_xh2h_immi_syn_sem": [0.029998168817272946], "k2_xh2h_mi_avg": [0.8531923898826258], "k2_xh2h_mi_sem": [0.07213916668361782], "k2_xh2h_nimmi_syn_avg": [0.229353106410657], "k2_xh2h_nimmi_syn_sem": [0.01973662984678202]}