{"avg_reward": 0.943, "accuracy": 0.71, "k2_xh2h_immi_syn_avg": [0.2601174153672051], "k2_xh2h_immi_syn_sem": [0.03974821037281298], "k2_xh2h_mi_avg": [0.8519456772936773], "k2_xh2h_mi_sem": [0.0864758227786836], "k2_xh2h_nimmi_syn_avg": [0.27475777718726496], "k2_xh2h_nimmi_syn_sem": [0.020619000556894113]}