{"avg_reward_avg": 0.8966000000000001, "avg_reward_sem": 0.001492201952373294, "accuracy_avg": 0.48200000000000004, "accuracy_sem": 0.007272474743090475, "k2_xh2h_immi_syn_avg_avg": [0.13083752443905386], "k2_xh2h_immi_syn_avg_sem": [0.010249491732083373], "k2_xh2h_immi_syn_sem_avg": [0.027383235387915383], "k2_xh2h_immi_syn_sem_sem": [0.0020962765720932337], "k2_xh2h_mi_avg_avg": [0.6144097766543463], "k2_xh2h_mi_avg_sem": [0.01560985048425527], "k2_xh2h_mi_sem_avg": [0.06995083733334923], "k2_xh2h_mi_sem_sem": [0.002181550182401923], "k2_xh2h_nimmi_syn_avg_avg": [0.20728921542023532], "k2_xh2h_nimmi_syn_avg_sem": [0.005963514563103367], "k2_xh2h_nimmi_syn_sem_avg": [0.02452182645054205], "k2_xh2h_nimmi_syn_sem_sem": [0.0006053959552933643]}