{"avg_reward": 0.892, "accuracy": 0.46, "k2_xh2h_immi_syn_avg": [0.12636724603984603], "k2_xh2h_immi_syn_sem": [0.02598316908802575], "k2_xh2h_mi_avg": [0.6384504461521322], "k2_xh2h_mi_sem": [0.06798072066572165], "k2_xh2h_nimmi_syn_avg": [0.20042501023972317], "k2_xh2h_nimmi_syn_sem": [0.02348098187570821]}