{"avg_reward": 0.888, "accuracy": 0.45, "k2_xh2h_immi_syn_avg": [0.17024318641899966], "k2_xh2h_immi_syn_sem": [0.03245300421853803], "k2_xh2h_mi_avg": [0.6488716215408361], "k2_xh2h_mi_sem": [0.06931488987308423], "k2_xh2h_nimmi_syn_avg": [0.2292637796877153], "k2_xh2h_nimmi_syn_sem": [0.024478784524631727]}