{"avg_reward": 0.9, "accuracy": 0.5, "k2_xh2h_immi_syn_avg": [0.14182059603978747], "k2_xh2h_immi_syn_sem": [0.02778882546160143], "k2_xh2h_mi_avg": [0.6066746988074515], "k2_xh2h_mi_sem": [0.07213712966878681], "k2_xh2h_nimmi_syn_avg": [0.2103595914167686], "k2_xh2h_nimmi_syn_sem": [0.02158664702398691]}