{"avg_reward": 0.899, "accuracy": 0.48, "k2_xh2h_immi_syn_avg": [0.13973015443621967], "k2_xh2h_immi_syn_sem": [0.02663051285370624], "k2_xh2h_mi_avg": [0.6370030387956833], "k2_xh2h_mi_sem": [0.06702623513701648], "k2_xh2h_nimmi_syn_avg": [0.21378164811792652], "k2_xh2h_nimmi_syn_sem": [0.022592565830429928]}