{"avg_reward": 0.896, "accuracy": 0.49, "k2_xh2h_immi_syn_avg": [0.11434622449806996], "k2_xh2h_immi_syn_sem": [0.022331380088133096], "k2_xh2h_mi_avg": [0.6118282273777772], "k2_xh2h_mi_sem": [0.06407416714974754], "k2_xh2h_nimmi_syn_avg": [0.21305198974224884], "k2_xh2h_nimmi_syn_sem": [0.02662196629455016]}