{"avg_reward": 0.897, "accuracy": 0.48, "k2_xh2h_immi_syn_avg": [0.15499217642231425], "k2_xh2h_immi_syn_sem": [0.03359615015931988], "k2_xh2h_mi_avg": [0.684086576271244], "k2_xh2h_mi_sem": [0.08256847713147038], "k2_xh2h_nimmi_syn_avg": [0.20872687965513595], "k2_xh2h_nimmi_syn_sem": [0.02542400596871645]}