{"avg_reward": 0.899, "accuracy": 0.5, "k2_xh2h_immi_syn_avg": [0.16748903257376538], "k2_xh2h_immi_syn_sem": [0.0367191983487062], "k2_xh2h_mi_avg": [0.6328150406948623], "k2_xh2h_mi_sem": [0.0762412530611172], "k2_xh2h_nimmi_syn_avg": [0.23083368381271388], "k2_xh2h_nimmi_syn_sem": [0.027123218510430782]}