{"avg_reward": 0.892, "accuracy": 0.45, "k2_xh2h_immi_syn_avg": [0.06375278584466877], "k2_xh2h_immi_syn_sem": [0.0139117504647758], "k2_xh2h_mi_avg": [0.5058516284226883], "k2_xh2h_mi_sem": [0.05928396032008061], "k2_xh2h_nimmi_syn_avg": [0.16378553889400677], "k2_xh2h_nimmi_syn_sem": [0.022641982206235922]}