{"avg_reward": 0.899, "accuracy": 0.49, "k2_xh2h_immi_syn_avg": [0.1301428158363348], "k2_xh2h_immi_syn_sem": [0.03134903087275189], "k2_xh2h_mi_avg": [0.615179897036434], "k2_xh2h_mi_sem": [0.07605921286070016], "k2_xh2h_nimmi_syn_avg": [0.1955886242635604], "k2_xh2h_nimmi_syn_sem": [0.024749983520741467]}