{"avg_reward": 0.00045986663918010014, "accuracy": 0.25, "k2_x2h_ray_imin_syn_avg": [0.3489182678237617, 0.10600289897741588, -3.4423385995755197e-17], "k2_x2h_ray_imin_syn_sem": [0.02501727505709273, 0.012626437538316798, 1.893951517631838e-17], "k2_x2h_ray_immi_syn_avg": [0.4390839260599388, 0.25824832056273067, -9.714451465470119e-18], "k2_x2h_ray_immi_syn_sem": [0.011664315984520952, 0.02920927673048077, 9.367831254642819e-18], "k2_x2h_pos_imin_syn_avg": [0.386248563956485, 0.10600289897741588, -3.4423385995755197e-17], "k2_x2h_pos_imin_syn_sem": [0.023599060225180282, 0.012626437538316798, 1.893951517631838e-17], "k2_x2h_pos_immi_syn_avg": [0.4024131914094351, 0.25824832056273067, -9.714451465470119e-18], "k2_x2h_pos_immi_syn_sem": [0.02454371414837119, 0.02920927673048077, 9.367831254642819e-18], "k2_x2h_ray_mi_avg": [1.0023919875814098, 0.9203845592665244, -2.4671622769447924e-18], "k2_x2h_ray_mi_sem": [0.0793404836735149, 0.045471323951240226, 1.816036208505799e-17], "k2_x2h_ray_nimin_syn_avg": [0.34925372082778955, 0.10417656128977472, 0.04611523702680534], "k2_x2h_ray_nimin_syn_sem": [0.014522659058641307, 0.00872214480365992, 0.06577668857725762], "k2_x2h_ray_nimmi_syn_avg": [0.44281916072151245, 0.2549553958194072, 0.04027777777777778], "k2_x2h_ray_nimmi_syn_sem": [0.03159460179292698, 0.021660239366171206, 0.024421620428059454], "k2_x2h_pos_mi_avg": [1.7324674929215327, 0.9203845592665244, -2.4671622769447924e-18], "k2_x2h_pos_mi_sem": [0.02454371414837119, 0.045471323951240226, 1.816036208505799e-17], "k2_x2h_pos_nimin_syn_avg": [0.22265919612356047, 0.10417656128977472, 0.04611523702680534], "k2_x2h_pos_nimin_syn_sem": [0.01037410935454641, 0.00872214480365992, 0.06577668857725762], "k2_x2h_pos_nimmi_syn_avg": [0.2319727613950016, 0.2549553958194072, 0.04027777777777778], "k2_x2h_pos_nimmi_syn_sem": [0.010755093892355166, 0.021660239366171206, 0.024421620428059454]}