{"avg_reward": 1.0, "accuracy": 1.0, "k2_x2h_imin_syn_avg": [1.0, 0.10116125010416699, 0.011111111111111112], "k2_x2h_imin_syn_sem": [NaN, 0.02058582342984273, 0.011111111111111112], "k2_x2h_mi_avg": [2.0, 1.127234721981837, 1.0], "k2_x2h_mi_sem": [NaN, 0.07362829308597182, 0.0], "k2_x2h_immi_syn_avg": [1.0, 0.23229743071180606, 0.011111111111111112], "k2_x2h_immi_syn_sem": [NaN, 0.04761003920659576, 0.011111111111111112], "k2_x2h_nimin_syn_avg": [0.5, 0.06466305562500023, 0.011111111111111112], "k2_x2h_nimin_syn_sem": [NaN, 0.013351836478034862, 0.011111111111111112], "k2_x2h_nimmi_syn_avg": [0.5, 0.14930939825231515, 0.011111111111111112], "k2_x2h_nimmi_syn_sem": [NaN, 0.031179831832507835, 0.011111111111111112], "k2_x2h_imin_red_avg": [1.0, 0.24746027747328958, 0.8111111111111111], "k2_x2h_imin_red_sem": [NaN, 0.043342909832817085, 0.03654556063661726], "k2_x2h_immi_red_avg": [1.0, 0.3785964580809287, 0.8111111111111111], "k2_x2h_immi_red_sem": [NaN, 0.06101634400405692, 0.03654556063661726], "k2_x2h_nimin_red_avg": [0.5, 0.17914366880052468, 0.8111111111111111], "k2_x2h_nimin_red_sem": [NaN, 0.036686874316476215, 0.03654556063661726], "k2_x2h_nimmi_red_avg": [0.5, 0.26379001142783964, 0.8111111111111111], "k2_x2h_nimmi_red_sem": [NaN, 0.04518554397588559, 0.03654556063661726], "k2_x2h_tuples_syn": [{"imin_syn_0_1": 1.0, "mi_0_1": 2.0, "immi_syn_0_1": 1.0, "nimin_syn_0_1": 0.5, "nimmi_syn_0_1": 0.5}, {"imin_syn_0_1": 0.0, "mi_0_1": 1.5, "immi_syn_0_1": 0.0, "nimin_syn_0_1": 0.0, "nimmi_syn_0_1": 0.0, "imin_syn_0_2": 0.25, "mi_0_2": 2.0, "immi_syn_0_2": 0.5, "nimin_syn_0_2": 0.125, "nimmi_syn_0_2": 0.25, "imin_syn_0_3": 0.0, "mi_0_3": 1.5, "immi_syn_0_3": 0.0, "nimin_syn_0_3": 0.0, "nimmi_syn_0_3": 0.0, "imin_syn_0_4": 0.25, "mi_0_4": 2.0, "immi_syn_0_4": 0.5, "nimin_syn_0_4": 0.125, "nimmi_syn_0_4": 0.25, "imin_syn_0_5": 0.0, "mi_0_5": 1.5, "immi_syn_0_5": 0.0, "nimin_syn_0_5": 0.0, "nimmi_syn_0_5": 0.0, "imin_syn_0_6": 0.0, "mi_0_6": 1.5, "immi_syn_0_6": 0.0, "nimin_syn_0_6": 0.0, "nimmi_syn_0_6": 0.0, "imin_syn_0_7": 0.0, "mi_0_7": 1.5, "immi_syn_0_7": 0.0, "nimin_syn_0_7": 0.0, "nimmi_syn_0_7": 0.0, "imin_syn_0_8": 0.25, "mi_0_8": 2.0, "immi_syn_0_8": 0.5, "nimin_syn_0_8": 0.125, "nimmi_syn_0_8": 0.25, "imin_syn_0_9": 0.0, "mi_0_9": 1.5, "immi_syn_0_9": 0.0, "nimin_syn_0_9": 0.0, "nimmi_syn_0_9": 0.0, "imin_syn_1_2": 0.29248125036057804, "mi_1_2": 1.5, "immi_syn_1_2": 0.6887218755408671, "nimin_syn_1_2": 0.19498750024038536, "nimmi_syn_1_2": 0.4591479170272447, "imin_syn_1_3": 0.29248125036057804, "mi_1_3": 1.5, "immi_syn_1_3": 0.6887218755408671, "nimin_syn_1_3": 0.19498750024038536, "nimmi_syn_1_3": 0.4591479170272447, "imin_syn_1_4": 0.29248125036057804, "mi_1_4": 1.5, "immi_syn_1_4": 0.6887218755408671, "nimin_syn_1_4": 0.19498750024038536, "nimmi_syn_1_4": 0.4591479170272447, "imin_syn_1_5": 1.1102230246251565e-16, "mi_1_5": 0.8112781244591329, "immi_syn_1_5": 0.0, "nimin_syn_1_5": 1.3684863318178654e-16, "nimmi_syn_1_5": 0.0, "imin_syn_1_6": 1.1102230246251565e-16, "mi_1_6": 0.8112781244591329, "immi_syn_1_6": 0.0, "nimin_syn_1_6": 1.3684863318178654e-16, "nimmi_syn_1_6": 0.0, "imin_syn_1_7": 1.1102230246251565e-16, "mi_1_7": 0.8112781244591329, "immi_syn_1_7": 0.0, "nimin_syn_1_7": 1.3684863318178654e-16, "nimmi_syn_1_7": 0.0, "imin_syn_1_8": 0.29248125036057804, "mi_1_8": 1.5, "immi_syn_1_8": 0.6887218755408671, "nimin_syn_1_8": 0.19498750024038536, "nimmi_syn_1_8": 0.4591479170272447, "imin_syn_1_9": 1.1102230246251565e-16, "mi_1_9": 0.8112781244591329, "immi_syn_1_9": 0.0, "nimin_syn_1_9": 1.3684863318178654e-16, "nimmi_syn_1_9": 0.0, "imin_syn_2_3": 0.29248125036057804, "mi_2_3": 1.5, "immi_syn_2_3": 0.6887218755408671, "nimin_syn_2_3": 0.19498750024038536, "nimmi_syn_2_3": 0.4591479170272447, "imin_syn_2_4": 0.0, "mi_2_4": 0.8112781244591329, "immi_syn_2_4": 0.0, "nimin_syn_2_4": 0.0, "nimmi_syn_2_4": 0.0, "imin_syn_2_5": 0.0, "mi_2_5": 0.8112781244591329, "immi_syn_2_5": 0.0, "nimin_syn_2_5": 0.0, "nimmi_syn_2_5": 0.0, "imin_syn_2_6": 0.29248125036057804, "mi_2_6": 1.5, "immi_syn_2_6": 0.6887218755408671, "nimin_syn_2_6": 0.19498750024038536, "nimmi_syn_2_6": 0.4591479170272447, "imin_syn_2_7": 0.0, "mi_2_7": 0.8112781244591329, "immi_syn_2_7": 0.0, "nimin_syn_2_7": 0.0, "nimmi_syn_2_7": 0.0, "imin_syn_2_8": 0.29248125036057804, "mi_2_8": 1.5, "immi_syn_2_8": 0.6887218755408671, "nimin_syn_2_8": 0.19498750024038536, "nimmi_syn_2_8": 0.4591479170272447, "imin_syn_2_9": 0.0, "mi_2_9": 0.8112781244591329, "immi_syn_2_9": 0.0, "nimin_syn_2_9": 0.0, "nimmi_syn_2_9": 0.0, "imin_syn_3_4": 0.29248125036057804, "mi_3_4": 1.5, "immi_syn_3_4": 0.6887218755408671, "nimin_syn_3_4": 0.19498750024038536, "nimmi_syn_3_4": 0.4591479170272447, "imin_syn_3_5": 0.0, "mi_3_5": 0.8112781244591329, "immi_syn_3_5": 0.0, "nimin_syn_3_5": 0.0, "nimmi_syn_3_5": 0.0, "imin_syn_3_6": 0.29248125036057804, "mi_3_6": 1.5, "immi_syn_3_6": 0.6887218755408671, "nimin_syn_3_6": 0.19498750024038536, "nimmi_syn_3_6": 0.4591479170272447, "imin_syn_3_7": 0.0, "mi_3_7": 0.8112781244591329, "immi_syn_3_7": 0.0, "nimin_syn_3_7": 0.0, "nimmi_syn_3_7": 0.0, "imin_syn_3_8": 0.29248125036057804, "mi_3_8": 1.5, "immi_syn_3_8": 0.6887218755408671, "nimin_syn_3_8": 0.19498750024038536, "nimmi_syn_3_8": 0.4591479170272447, "imin_syn_3_9": 0.0, "mi_3_9": 0.8112781244591329, "immi_syn_3_9": 0.0, "nimin_syn_3_9": 0.0, "nimmi_syn_3_9": 0.0, "imin_syn_4_5": 0.0, "mi_4_5": 0.8112781244591329, "immi_syn_4_5": 0.0, "nimin_syn_4_5": 0.0, "nimmi_syn_4_5": 0.0, "imin_syn_4_6": 0.29248125036057804, "mi_4_6": 1.5, "immi_syn_4_6": 0.6887218755408671, "nimin_syn_4_6": 0.19498750024038536, "nimmi_syn_4_6": 0.4591479170272447, "imin_syn_4_7": 0.0, "mi_4_7": 0.8112781244591329, "immi_syn_4_7": 0.0, "nimin_syn_4_7": 0.0, "nimmi_syn_4_7": 0.0, "imin_syn_4_8": 0.29248125036057804, "mi_4_8": 1.5, "immi_syn_4_8": 0.6887218755408671, "nimin_syn_4_8": 0.19498750024038536, "nimmi_syn_4_8": 0.4591479170272447, "imin_syn_4_9": 0.0, "mi_4_9": 0.8112781244591329, "immi_syn_4_9": 0.0, "nimin_syn_4_9": 0.0, "nimmi_syn_4_9": 0.0, "imin_syn_5_6": 1.1102230246251565e-16, "mi_5_6": 0.8112781244591329, "immi_syn_5_6": 0.0, "nimin_syn_5_6": 1.3684863318178654e-16, "nimmi_syn_5_6": 0.0, "imin_syn_5_7": 0.0, "mi_5_7": 0.0, "immi_syn_5_7": 0.0, "nimin_syn_5_7": 0, "nimmi_syn_5_7": 0, "imin_syn_5_8": 1.1102230246251565e-16, "mi_5_8": 0.8112781244591329, "immi_syn_5_8": 0.0, "nimin_syn_5_8": 1.3684863318178654e-16, "nimmi_syn_5_8": 0.0, "imin_syn_5_9": 0.0, "mi_5_9": 0.0, "immi_syn_5_9": 0.0, "nimin_syn_5_9": 0, "nimmi_syn_5_9": 0, "imin_syn_6_7": 1.1102230246251565e-16, "mi_6_7": 0.8112781244591329, "immi_syn_6_7": 0.0, "nimin_syn_6_7": 1.3684863318178654e-16, "nimmi_syn_6_7": 0.0, "imin_syn_6_8": 0.29248125036057804, "mi_6_8": 1.5, "immi_syn_6_8": 0.6887218755408671, "nimin_syn_6_8": 0.19498750024038536, "nimmi_syn_6_8": 0.4591479170272447, "imin_syn_6_9": 1.1102230246251565e-16, "mi_6_9": 0.8112781244591329, "immi_syn_6_9": 0.0, "nimin_syn_6_9": 1.3684863318178654e-16, "nimmi_syn_6_9": 0.0, "imin_syn_7_8": 1.1102230246251565e-16, "mi_7_8": 0.8112781244591329, "immi_syn_7_8": 0.0, "nimin_syn_7_8": 1.3684863318178654e-16, "nimmi_syn_7_8": 0.0, "imin_syn_7_9": 0.0, "mi_7_9": 0.0, "immi_syn_7_9": 0.0, "nimin_syn_7_9": 0, "nimmi_syn_7_9": 0, "imin_syn_8_9": 1.1102230246251565e-16, "mi_8_9": 0.8112781244591329, "immi_syn_8_9": 0.0, "nimin_syn_8_9": 1.3684863318178654e-16, "nimmi_syn_8_9": 0.0}, {"imin_syn_0_1": 0.0, "mi_0_1": 1.0, "immi_syn_0_1": 0.0, "nimin_syn_0_1": 0.0, "nimmi_syn_0_1": 0.0, "imin_syn_0_2": 0.0, "mi_0_2": 1.0, "immi_syn_0_2": 0.0, "nimin_syn_0_2": 0.0, "nimmi_syn_0_2": 0.0, "imin_syn_0_3": 0.0, "mi_0_3": 1.0, "immi_syn_0_3": 0.0, "nimin_syn_0_3": 0.0, "nimmi_syn_0_3": 0.0, "imin_syn_0_4": 0.0, "mi_0_4": 1.0, "immi_syn_0_4": 0.0, "nimin_syn_0_4": 0.0, "nimmi_syn_0_4": 0.0, "imin_syn_0_5": 0.0, "mi_0_5": 1.0, "immi_syn_0_5": 0.0, "nimin_syn_0_5": 0.0, "nimmi_syn_0_5": 0.0, "imin_syn_0_6": 0.0,