{"avg_reward": 1.0, "accuracy": 1.0, "k2_x2h_imin_syn_avg": [1.0, 0.0964411111752139, 0.030609861135149668], "k2_x2h_imin_syn_sem": [NaN, 0.01966669617213951, 0.02139706722274883], "k2_x2h_mi_avg": [2.0, 1.4718963887446574, 0.8706432638047539], "k2_x2h_mi_sem": [NaN, 0.07835593574213524, 0.04244647442844285], "k2_x2h_immi_syn_avg": [1.0, 0.21132833342948748, 0.030609861135149647], "k2_x2h_immi_syn_sem": [NaN, 0.04372213497514805, 0.02139706722274882], "k2_x2h_nimin_syn_avg": [0.5, 0.05688666670940187, 0.030609861135149706], "k2_x2h_nimin_syn_sem": [NaN, 0.011966637625126375, 0.02139706722274883], "k2_x2h_nimmi_syn_avg": [0.5, 0.1260707408048435, 0.030609861135149647], "k2_x2h_nimmi_syn_sem": [NaN, 0.027259620225358834, 0.02139706722274882], "k2_x2h_imin_red_avg": [1.0, 0.435822846889689, 0.3467334720058754], "k2_x2h_imin_red_sem": [NaN, 0.06366140666542505, 0.056559652724858724], "k2_x2h_immi_red_avg": [1.0, 0.5507100691439627, 0.3467334720058754], "k2_x2h_immi_red_sem": [NaN, 0.06947361162102093, 0.056559652724858724], "k2_x2h_nimin_red_avg": [0.5, 0.268189895653712, 0.3620384025734502], "k2_x2h_nimin_red_sem": [NaN, 0.0422751197248583, 0.0583829571646305], "k2_x2h_nimmi_red_avg": [0.5, 0.3373739697491537, 0.3620384025734502], "k2_x2h_nimmi_red_sem": [NaN, 0.04532328094401887, 0.0583829571646305], "k2_x2h_tuples_syn": [{"imin_syn_0_1": 1.0, "mi_0_1": 2.0, "immi_syn_0_1": 1.0, "nimin_syn_0_1": 0.5, "nimmi_syn_0_1": 0.5}, {"imin_syn_0_1": 0.29248125036057804, "mi_0_1": 1.5, "immi_syn_0_1": 0.6887218755408671, "nimin_syn_0_1": 0.19498750024038536, "nimmi_syn_0_1": 0.4591479170272447, "imin_syn_0_2": 0.0, "mi_0_2": 0.8112781244591329, "immi_syn_0_2": 0.0, "nimin_syn_0_2": 0.0, "nimmi_syn_0_2": 0.0, "imin_syn_0_3": 0.0, "mi_0_3": 1.5, "immi_syn_0_3": 0.0, "nimin_syn_0_3": 0.0, "nimmi_syn_0_3": 0.0, "imin_syn_0_4": 0.0, "mi_0_4": 1.5, "immi_syn_0_4": 0.0, "nimin_syn_0_4": 0.0, "nimmi_syn_0_4": 0.0, "imin_syn_0_5": 0.0, "mi_0_5": 0.8112781244591329, "immi_syn_0_5": 0.0, "nimin_syn_0_5": 0.0, "nimmi_syn_0_5": 0.0, "imin_syn_0_6": 0.29248125036057804, "mi_0_6": 1.5, "immi_syn_0_6": 0.6887218755408671, "nimin_syn_0_6": 0.19498750024038536, "nimmi_syn_0_6": 0.4591479170272447, "imin_syn_0_7": 0.0, "mi_0_7": 2.0, "immi_syn_0_7": 0.0, "nimin_syn_0_7": 0.0, "nimmi_syn_0_7": 0.0, "imin_syn_0_8": 0.29248125036057804, "mi_0_8": 1.5, "immi_syn_0_8": 0.6887218755408671, "nimin_syn_0_8": 0.19498750024038536, "nimmi_syn_0_8": 0.4591479170272447, "imin_syn_0_9": 0.29248125036057804, "mi_0_9": 1.5, "immi_syn_0_9": 0.6887218755408671, "nimin_syn_0_9": 0.19498750024038536, "nimmi_syn_0_9": 0.4591479170272447, "imin_syn_1_2": 1.1102230246251565e-16, "mi_1_2": 0.8112781244591329, "immi_syn_1_2": 0.0, "nimin_syn_1_2": 1.3684863318178654e-16, "nimmi_syn_1_2": 0.0, "imin_syn_1_3": 0.25, "mi_1_3": 2.0, "immi_syn_1_3": 0.5, "nimin_syn_1_3": 0.125, "nimmi_syn_1_3": 0.25, "imin_syn_1_4": 0.25, "mi_1_4": 2.0, "immi_syn_1_4": 0.5, "nimin_syn_1_4": 0.125, "nimmi_syn_1_4": 0.25, "imin_syn_1_5": 1.1102230246251565e-16, "mi_1_5": 0.8112781244591329, "immi_syn_1_5": 0.0, "nimin_syn_1_5": 1.3684863318178654e-16, "nimmi_syn_1_5": 0.0, "imin_syn_1_6": 0.29248125036057804, "mi_1_6": 1.5, "immi_syn_1_6": 0.6887218755408671, "nimin_syn_1_6": 0.19498750024038536, "nimmi_syn_1_6": 0.4591479170272447, "imin_syn_1_7": 0.0, "mi_1_7": 2.0, "immi_syn_1_7": 0.0, "nimin_syn_1_7": 0.0, "nimmi_syn_1_7": 0.0, "imin_syn_1_8": 1.1102230246251565e-16, "mi_1_8": 0.8112781244591329, "immi_syn_1_8": 0.0, "nimin_syn_1_8": 1.3684863318178654e-16, "nimmi_syn_1_8": 0.0, "imin_syn_1_9": 0.29248125036057804, "mi_1_9": 1.5, "immi_syn_1_9": 0.6887218755408671, "nimin_syn_1_9": 0.19498750024038536, "nimmi_syn_1_9": 0.4591479170272447, "imin_syn_2_3": 0.0, "mi_2_3": 1.5, "immi_syn_2_3": 0.0, "nimin_syn_2_3": 0.0, "nimmi_syn_2_3": 0.0, "imin_syn_2_4": 0.0, "mi_2_4": 1.5, "immi_syn_2_4": 0.0, "nimin_syn_2_4": 0.0, "nimmi_syn_2_4": 0.0, "imin_syn_2_5": 0.0, "mi_2_5": 0.0, "immi_syn_2_5": 0.0, "nimin_syn_2_5": 0, "nimmi_syn_2_5": 0, "imin_syn_2_6": 1.1102230246251565e-16, "mi_2_6": 0.8112781244591329, "immi_syn_2_6": 0.0, "nimin_syn_2_6": 1.3684863318178654e-16, "nimmi_syn_2_6": 0.0, "imin_syn_2_7": 0.0, "mi_2_7": 2.0, "immi_syn_2_7": 0.0, "nimin_syn_2_7": 0.0, "nimmi_syn_2_7": 0.0, "imin_syn_2_8": 1.1102230246251565e-16, "mi_2_8": 0.8112781244591329, "immi_syn_2_8": 0.0, "nimin_syn_2_8": 1.3684863318178654e-16, "nimmi_syn_2_8": 0.0, "imin_syn_2_9": 1.1102230246251565e-16, "mi_2_9": 0.8112781244591329, "immi_syn_2_9": 0.0, "nimin_syn_2_9": 1.3684863318178654e-16, "nimmi_syn_2_9": 0.0, "imin_syn_3_4": 0.0, "mi_3_4": 1.5, "immi_syn_3_4": 0.0, "nimin_syn_3_4": 0.0, "nimmi_syn_3_4": 0.0, "imin_syn_3_5": 0.0, "mi_3_5": 1.5, "immi_syn_3_5": 0.0, "nimin_syn_3_5": 0.0, "nimmi_syn_3_5": 0.0, "imin_syn_3_6": 0.25, "mi_3_6": 2.0, "immi_syn_3_6": 0.5, "nimin_syn_3_6": 0.125, "nimmi_syn_3_6": 0.25, "imin_syn_3_7": 0.0, "mi_3_7": 2.0, "immi_syn_3_7": 0.0, "nimin_syn_3_7": 0.0, "nimmi_syn_3_7": 0.0, "imin_syn_3_8": 0.25, "mi_3_8": 2.0, "immi_syn_3_8": 0.5, "nimin_syn_3_8": 0.125, "nimmi_syn_3_8": 0.25, "imin_syn_3_9": 0.25, "mi_3_9": 2.0, "immi_syn_3_9": 0.5, "nimin_syn_3_9": 0.125, "nimmi_syn_3_9": 0.25, "imin_syn_4_5": 0.0, "mi_4_5": 1.5, "immi_syn_4_5": 0.0, "nimin_syn_4_5": 0.0, "nimmi_syn_4_5": 0.0, "imin_syn_4_6": 0.25, "mi_4_6": 2.0, "immi_syn_4_6": 0.5, "nimin_syn_4_6": 0.125, "nimmi_syn_4_6": 0.25, "imin_syn_4_7": 0.0, "mi_4_7": 2.0, "immi_syn_4_7": 0.0, "nimin_syn_4_7": 0.0, "nimmi_syn_4_7": 0.0, "imin_syn_4_8": 0.25, "mi_4_8": 2.0, "immi_syn_4_8": 0.5, "nimin_syn_4_8": 0.125, "nimmi_syn_4_8": 0.25, "imin_syn_4_9": 0.25, "mi_4_9": 2.0, "immi_syn_4_9": 0.5, "nimin_syn_4_9": 0.125, "nimmi_syn_4_9": 0.25, "imin_syn_5_6": 1.1102230246251565e-16, "mi_5_6": 0.8112781244591329, "immi_syn_5_6": 0.0, "nimin_syn_5_6": 1.3684863318178654e-16, "nimmi_syn_5_6": 0.0, "imin_syn_5_7": 0.0, "mi_5_7": 2.0, "immi_syn_5_7": 0.0, "nimin_syn_5_7": 0.0, "nimmi_syn_5_7": 0.0, "imin_syn_5_8": 1.1102230246251565e-16, "mi_5_8": 0.8112781244591329, "immi_syn_5_8": 0.0, "nimin_syn_5_8": 1.3684863318178654e-16, "nimmi_syn_5_8": 0.0, "imin_syn_5_9": 1.1102230246251565e-16, "mi_5_9": 0.8112781244591329, "immi_syn_5_9": 0.0, "nimin_syn_5_9": 1.3684863318178654e-16, "nimmi_syn_5_9": 0.0, "imin_syn_6_7": 0.0, "mi_6_7": 2.0, "immi_syn_6_7": 0.0, "nimin_syn_6_7": 0.0, "nimmi_syn_6_7": 0.0, "imin_syn_6_8": 0.29248125036057804, "mi_6_8": 1.5, "immi_syn_6_8": 0.6887218755408671, "nimin_syn_6_8": 0.19498750024038536, "nimmi_syn_6_8": 0.4591479170272447, "imin_syn_6_9": 1.1102230246251565e-16, "mi_6_9": 0.8112781244591329, "immi_syn_6_9": 0.0, "nimin_syn_6_9": 1.3684863318178654e-16, "nimmi_syn_6_9": 0.0, "imin_syn_7_8": 0.0, "mi_7_8": 2.0, "immi_syn_7_8": 0.0, "nimin_syn_7_8": 0.0, "nimmi_syn_7_8": 0.0, "imin_syn_7_9": 0.0, "mi_7_9": 2.0, "immi_syn_7_9": 0.0, "nimin_syn_7_9": 0.0, "nimmi_syn_7_9": 0.0, "imin_syn_8_9": 0.29248125036057804, "mi_8_9": 1.5, "immi_syn_8_9": 0.6887218755408671, "nimin_syn_8_9": 0.19498750024038536, "nimmi_syn_8_9": 0.4591479170272447}, {"imin_syn_0_1": 0.0, "mi_0_1": 1.0, "immi_syn_0_1": 0.0, "nimin_syn_0_1": 0.0, "nimmi_syn_0_1": 0.0, "imin_syn_0_2": 1.1102230246251565e-16, "mi_0_2": 0.31127812445913294, "immi_syn_0_2": 0.0, "nimin_syn_0_2": 3.566659322926226e-16, "nimmi_syn_0_2": 0.0, "imin_syn_0_3": 0.6887218755408672, "mi_0_3": 1.0, "immi_syn_0_3": 0.6887218755408671, "nimin_syn_0_3": 0.6887218755408672, "nimmi_syn_0_3": 0.6887218755408671, "imin_syn_0_4": 0.0, "mi_0_4": 1.0, "immi_syn_0_4": 0.0, "nimin_syn_0_4": 0.0, "nimmi_syn_0_4": 0.0, "imin_syn_0_5": 0.0, "mi_0_5": 1.0, "immi_syn_0_5": 0.0, "nimin_syn_0_5": 0.0, "nimmi_syn_0_5": 0.0, "imin_syn_0_6": 0.0, "mi_0_6": 1.0, "immi_syn_0_6": 0.0, "nimin_syn_0_6": 0.0, "nimmi_syn_0_6": 0.0, "imin_syn_0_7": 1.1102230246251565e-16, "mi_0_7": 0.31127812445913294, "immi_syn_0_7": 0.0, "nimin_syn_0_7": 3.566659322926226e-16, "nimmi_syn_0_7": 0.0, "imin_syn_0_8": 0.0, "mi_0_8": 1.0,