{"avg_reward": 0.14206266033132545, "accuracy": 0.5, "k2_x2h_ray_imin_syn_avg": [0.10968796523857538, -1.326099723857826e-17, 0.0], "k2_x2h_ray_imin_syn_sem": [0.019708032980392486, 4.299378842284578e-18, 0.0], "k2_x2h_ray_immi_syn_avg": [0.19284470829024306, 0.0, 0.0], "k2_x2h_ray_immi_syn_sem": [0.01123445391435473, 0.0, 0.0], "k2_x2h_pos_imin_syn_avg": [0.11811418140248066, -1.326099723857826e-17, 0.0], "k2_x2h_pos_imin_syn_sem": [0.02660366603710901, 4.299378842284578e-18, 0.0], "k2_x2h_pos_immi_syn_avg": [0.22400812540171042, 0.0, 0.0], "k2_x2h_pos_immi_syn_sem": [0.0844303703669797, 0.0, 0.0], "k2_x2h_ray_mi_avg": [0.552110453792717, 0.1477182414090403, 0.0], "k2_x2h_ray_mi_sem": [0.06896633295298497, 0.04400368036040702, 0.0], "k2_x2h_ray_nimin_syn_avg": [0.2103275026216461, -1.6535474224953322e-15, 0.0], "k2_x2h_ray_nimin_syn_sem": [0.05638427728998527, 5.361004662838482e-16, 0.0], "k2_x2h_ray_nimmi_syn_avg": [0.3651595939596439, 0.0, 0.0], "k2_x2h_ray_nimmi_syn_sem": [0.066256182825656, 0.0, 0.0], "k2_x2h_pos_mi_avg": [0.5955135828208249, 0.1477182414090403, 0.0], "k2_x2h_pos_mi_sem": [0.11477874061468361, 0.04400368036040702, 0.0], "k2_x2h_pos_nimin_syn_avg": [0.19763200065223677, -1.6535474224953322e-15, 0.0], "k2_x2h_pos_nimin_syn_sem": [0.017122877528826328, 5.361004662838482e-16, 0.0], "k2_x2h_pos_nimmi_syn_avg": [0.35061416707497167, 0.0, 0.0], "k2_x2h_pos_nimmi_syn_sem": [0.07003278870406071, 0.0, 0.0]}