{"avg_reward": 0.1474400000900001, "accuracy": 0.5, "k2_x2h_ray_imin_syn_avg": [0.012852389212693445, 1.1622647289044608e-17, 0.0], "k2_x2h_ray_imin_syn_sem": [0.0026959556771902274, 3.504360011672939e-18, 0.0], "k2_x2h_ray_immi_syn_avg": [0.012852389212693568, 0.0, 0.0], "k2_x2h_ray_immi_syn_sem": [0.002695955677190286, 0.0, 0.0], "k2_x2h_pos_imin_syn_avg": [-5.377642775528102e-17, 1.1622647289044608e-17, 0.0], "k2_x2h_pos_imin_syn_sem": [6.355656882376273e-17, 3.504360011672939e-18, 0.0], "k2_x2h_pos_immi_syn_avg": [0.0, 0.0, 0.0], "k2_x2h_pos_immi_syn_sem": [0.0, 0.0, 0.0], "k2_x2h_ray_mi_avg": [0.05164489351820515, 0.00086890721235231, 0.0], "k2_x2h_ray_mi_sem": [0.013991474987129411, 0.00026198538190966135, 0.0], "k2_x2h_ray_nimin_syn_avg": [0.26429155620692896, 2.6752332409762644e-15, 0.0], "k2_x2h_ray_nimin_syn_sem": [0.029935355592222497, 8.066131715458817e-16, 0.0], "k2_x2h_ray_nimmi_syn_avg": [0.26429155620693084, 0.0, 0.0], "k2_x2h_ray_nimmi_syn_sem": [0.02993535559222158, 0.0, 0.0], "k2_x2h_pos_mi_avg": [0.023759300843367342, 0.00086890721235231, 0.0], "k2_x2h_pos_mi_sem": [0.013575927639402104, 0.00026198538190966135, 0.0], "k2_x2h_pos_nimin_syn_avg": [5.867073031369471e-17, 2.6752332409762644e-15, 0.0], "k2_x2h_pos_nimin_syn_sem": [2.127692648299979e-15, 8.066131715458817e-16, 0.0], "k2_x2h_pos_nimmi_syn_avg": [0.0, 0.0, 0.0], "k2_x2h_pos_nimmi_syn_sem": [0.0, 0.0, 0.0]}