{"avg_reward": 0.14744000009000016, "accuracy": 0.5, "k2_x2h_ray_imin_syn_avg": [0.07786207993046675, 0.0013075003640394896, 0.0], "k2_x2h_ray_imin_syn_sem": [0.016797456392660403, 0.001307500364039439, 0.0], "k2_x2h_ray_immi_syn_avg": [0.08576923717431957, 0.002306056274452691, 0.0], "k2_x2h_ray_immi_syn_sem": [0.01105140126311959, 0.002306056274452691, 0.0], "k2_x2h_pos_imin_syn_avg": [0.017947174930269507, 0.0013075003640394896, 0.0], "k2_x2h_pos_imin_syn_sem": [0.0011939962273945913, 0.001307500364039439, 0.0], "k2_x2h_pos_immi_syn_avg": [0.01794717493026961, 0.002306056274452691, 0.0], "k2_x2h_pos_immi_syn_sem": [0.0011939962273945916, 0.002306056274452691, 0.0], "k2_x2h_ray_mi_avg": [0.45385615061870005, 0.12837292227584132, 0.0], "k2_x2h_ray_mi_sem": [0.1183224771105048, 0.02640108298723674, 0.0], "k2_x2h_ray_nimin_syn_avg": [0.18279804682975845, 0.00251275186261988, 0.0], "k2_x2h_ray_nimin_syn_sem": [0.026372249266231978, 0.0025127518626196876, 0.0], "k2_x2h_ray_nimmi_syn_avg": [0.219082186149684, 0.004431774826459655, 0.0], "k2_x2h_ray_nimmi_syn_sem": [0.06047559457956887, 0.0044317748264596545, 0.0], "k2_x2h_pos_mi_avg": [0.2518522998900506, 0.12837292227584132, 0.0], "k2_x2h_pos_mi_sem": [0.12464721990683209, 0.02640108298723674, 0.0], "k2_x2h_pos_nimin_syn_avg": [0.10954295837366128, 0.00251275186261988, 0.0], "k2_x2h_pos_nimin_syn_sem": [0.03946083541258689, 0.0025127518626196876, 0.0], "k2_x2h_pos_nimmi_syn_avg": [0.10954295837366157, 0.004431774826459655, 0.0], "k2_x2h_pos_nimmi_syn_sem": [0.03946083541258677, 0.0044317748264596545, 0.0]}