{"avg_reward_avg": 0.037537987464296006, "avg_reward_sem": 0.006702500836817369, "accuracy_avg": 0.8, "accuracy_sem": 0.08217951218048342, "k2_x2h_ray_imin_syn_avg_avg": [0.6441826643786132, 0.16931984660166483, 0.07621969906306662], "k2_x2h_ray_imin_syn_avg_sem": [0.08749207894454436, 0.04293588097318149, 0.01881491293946559], "k2_x2h_ray_imin_syn_sem_avg": [0.029893631645270625, 0.03406513670962814, 0.008961068354959675], "k2_x2h_ray_imin_syn_sem_sem": [0.005096186491408843, 0.005805895616955754, 0.0018752119702292762], "k2_x2h_ray_immi_syn_avg_avg": [0.7904261917340392, 0.2683434086195256, 0.10972393801505924], "k2_x2h_ray_immi_syn_avg_sem": [0.10896222132229347, 0.05966011156182097, 0.028027263955035128], "k2_x2h_ray_immi_syn_sem_avg": [0.03953927911296347, 0.048413834076102905, 0.011734594183297564], "k2_x2h_ray_immi_syn_sem_sem": [0.006645076722463391, 0.006561324104752598, 0.002550564261928129], "k2_x2h_pos_imin_syn_avg_avg": [0.6543624587627676, 0.16931984660166483, 0.07621969906306662], "k2_x2h_pos_imin_syn_avg_sem": [0.09448162504869305, 0.04293588097318149, 0.01881491293946559], "k2_x2h_pos_imin_syn_sem_avg": [0.0397484356491543, 0.03406513670962814, 0.008961068354959675], "k2_x2h_pos_imin_syn_sem_sem": [0.005814029459398137, 0.005805895616955754, 0.0018752119702292762], "k2_x2h_pos_immi_syn_avg_avg": [0.7224471993559269, 0.2683434086195256, 0.10972393801505924], "k2_x2h_pos_immi_syn_avg_sem": [0.10509981467313878, 0.05966011156182097, 0.028027263955035128], "k2_x2h_pos_immi_syn_sem_avg": [0.048626567718325894, 0.048413834076102905, 0.011734594183297564], "k2_x2h_pos_immi_syn_sem_sem": [0.00737689356122866, 0.006561324104752598, 0.002550564261928129], "k2_x2h_ray_mi_avg_avg": [1.724604032714907, 1.2237466384811508, 0.4418066380685458], "k2_x2h_ray_mi_avg_sem": [0.22411792314190174, 0.1582613452076422, 0.08756476018631651], "k2_x2h_ray_mi_sem_avg": [0.06847877152331432, 0.09662661895592409, 0.02645238965071266], "k2_x2h_ray_mi_sem_sem": [0.011851282576647712, 0.007072056434332971, 0.004702911245762916], "k2_x2h_ray_nimin_syn_avg_avg": [0.37123896799269474, 0.08134179408384794, 0.12113172735119618], "k2_x2h_ray_nimin_syn_avg_sem": [0.024813819209823527, 0.016083967607172178, 0.03449676585324933], "k2_x2h_ray_nimin_syn_sem_avg": [0.026467447823082087, 0.014301531411748586, 0.024458868606643987], "k2_x2h_ray_nimin_syn_sem_sem": [0.00876955816801273, 0.0015995687608802887, 0.00811644610075693], "k2_x2h_ray_nimmi_syn_avg_avg": [0.4541392943633148, 0.14032313377057615, 0.19419647556695702], "k2_x2h_ray_nimmi_syn_avg_sem": [0.02739475888793228, 0.022483716076963367, 0.033341386940674636], "k2_x2h_ray_nimmi_syn_sem_avg": [0.03486604601986897, 0.02313939501634088, 0.02166905884186114], "k2_x2h_ray_nimmi_syn_sem_sem": [0.009683293752590022, 0.0013000369385433627, 0.0014618705889417017], "k2_x2h_pos_mi_avg_avg": [2.3410806250006626, 1.2237466384811508, 0.4418066380685458], "k2_x2h_pos_mi_avg_sem": [0.2934251674238594, 0.1582613452076422, 0.08756476018631651], "k2_x2h_pos_mi_sem_avg": [0.05336684958621396, 0.09662661895592409, 0.02645238965071266], "k2_x2h_pos_mi_sem_sem": [0.00576836625468775, 0.007072056434332971, 0.004702911245762916], "k2_x2h_pos_nimin_syn_avg_avg": [0.271250322278963, 0.08134179408384794, 0.12113172735119618], "k2_x2h_pos_nimin_syn_avg_sem": [0.015334503577621526, 0.016083967607172178, 0.03449676585324933], "k2_x2h_pos_nimin_syn_sem_avg": [0.013031038220987284, 0.014301531411748586, 0.024458868606643987], "k2_x2h_pos_nimin_syn_sem_sem": [0.0021619637959926865, 0.0015995687608802887, 0.00811644610075693], "k2_x2h_pos_nimmi_syn_avg_avg": [0.3005757177209192, 0.14032313377057615, 0.19419647556695702], "k2_x2h_pos_nimmi_syn_avg_sem": [0.016687284356826683, 0.022483716076963367, 0.033341386940674636], "k2_x2h_pos_nimmi_syn_sem_avg": [0.015547579971437336, 0.02313939501634088, 0.02166905884186114], "k2_x2h_pos_nimmi_syn_sem_sem": [0.003220151735425972, 0.0013000369385433627, 0.0014618705889417017]}