{"avg_reward": 0.06258780660243929, "accuracy": 1.0, "k2_x2h_ray_imin_syn_avg": [0.7008855494440871, 0.09348803202456388, 0.03676579491665482], "k2_x2h_ray_imin_syn_sem": [0.04424662012915604, 0.028365090437389252, 0.007242372665738418], "k2_x2h_ray_immi_syn_avg": [0.8537323390715802, 0.14791966576955484, 0.047807767002916626], "k2_x2h_ray_immi_syn_sem": [0.033750373252719255, 0.04177376548228617, 0.008770098245022496], "k2_x2h_pos_imin_syn_avg": [0.5515403534662768, 0.09348803202456388, 0.03676579491665482], "k2_x2h_pos_imin_syn_sem": [0.030779428346309912, 0.028365090437389252, 0.007242372665738418], "k2_x2h_pos_immi_syn_avg": [0.5758445725261178, 0.14791966576955484, 0.047807767002916626], "k2_x2h_pos_immi_syn_sem": [0.03120711823032229, 0.04177376548228617, 0.008770098245022496], "k2_x2h_ray_mi_avg": [1.624226613171758, 1.0032155121250024, 0.3695344826520418], "k2_x2h_ray_mi_sem": [0.04025945941490134, 0.09900818120220907, 0.037274861112381694], "k2_x2h_ray_nimin_syn_avg": [0.43085095586865635, 0.052099989192220676, 0.08750119203910599], "k2_x2h_ray_nimin_syn_sem": [0.01799382718776551, 0.01361033583527624, 0.014275935349898128], "k2_x2h_ray_nimmi_syn_avg": [0.5253118492999875, 0.08444576159372148, 0.11964696896877992], "k2_x2h_ray_nimmi_syn_sem": [0.009589422677020624, 0.02068072033977688, 0.019661334839979155], "k2_x2h_pos_mi_avg": [2.3742524293014706, 1.0032155121250024, 0.3695344826520418], "k2_x2h_pos_mi_sem": [0.031207118230322375, 0.09900818120220907, 0.037274861112381694], "k2_x2h_pos_nimin_syn_avg": [0.23204266106624835, 0.052099989192220676, 0.08750119203910599], "k2_x2h_pos_nimin_syn_sem": [0.009814364959429844, 0.01361033583527624, 0.014275935349898128], "k2_x2h_pos_nimmi_syn_avg": [0.24227806010008068, 0.08444576159372148, 0.11964696896877992], "k2_x2h_pos_nimmi_syn_sem": [0.009858656690153025, 0.02068072033977688, 0.019661334839979155]}