{"avg_reward": 0.03620605412343871, "accuracy": 0.9375, "k2_x2h_ray_imin_syn_avg": [0.4837815281906827, 0.08863512278580335, 0.14772458245072817], "k2_x2h_ray_imin_syn_sem": [0.016900097473172858, 0.026345008520114416, 0.017014047213714818], "k2_x2h_ray_immi_syn_avg": [0.5967124138410389, 0.17462515572826773, 0.2269723058856509], "k2_x2h_ray_immi_syn_sem": [0.02229256075241336, 0.03815248558489665, 0.02675900675264081], "k2_x2h_pos_imin_syn_avg": [0.5345903278691833, 0.08863512278580335, 0.14772458245072817], "k2_x2h_pos_imin_syn_sem": [0.056838258366683485, 0.026345008520114416, 0.017014047213714818], "k2_x2h_pos_immi_syn_avg": [0.5469198721793763, 0.17462515572826773, 0.2269723058856509], "k2_x2h_pos_immi_syn_sem": [0.05941468835602148, 0.03815248558489665, 0.02675900675264081], "k2_x2h_ray_mi_avg": [1.0900775983371906, 1.0227703810332114, 0.6830663551739264], "k2_x2h_ray_mi_sem": [0.006323630201246674, 0.09649273018203462, 0.03537097908723291], "k2_x2h_ray_nimin_syn_avg": [0.44365619675673956, 0.05266477343822553, 0.1816908699783754], "k2_x2h_ray_nimin_syn_sem": [0.012869446534428763, 0.011462281798570645, 0.01749445139517004], "k2_x2h_ray_nimmi_syn_avg": [0.5472043410923345, 0.1183463621740971, 0.27556076106436134], "k2_x2h_ray_nimmi_syn_sem": [0.017176656963282667, 0.02247968744768411, 0.02792540290614869], "k2_x2h_pos_mi_avg": [1.9037096604626862, 1.0227703810332114, 0.6830663551739264], "k2_x2h_pos_mi_sem": [0.05941468835602148, 0.09649273018203462, 0.03537097908723291], "k2_x2h_pos_nimin_syn_avg": [0.27945423066916375, 0.05266477343822553, 0.1816908699783754], "k2_x2h_pos_nimin_syn_sem": [0.021804373112549676, 0.011462281798570645, 0.01749445139517004], "k2_x2h_pos_nimmi_syn_avg": [0.2858561061638573, 0.1183463621740971, 0.27556076106436134], "k2_x2h_pos_nimmi_syn_sem": [0.02299828107223067, 0.02247968744768411, 0.02792540290614869]}