{"avg_reward": 0.03828469154820873, "accuracy": 0.8125, "k2_x2h_ray_imin_syn_avg": [0.9718170158825971, 0.4349156180880135, 0.006952244073147125], "k2_x2h_ray_imin_syn_sem": [0.02854775132513595, 0.06795240727427444, 0.0009736581433711758], "k2_x2h_ray_immi_syn_avg": [1.2209607543868053, 0.6162015221176665, 0.009402843474133806], "k2_x2h_ray_immi_syn_sem": [0.0438167561375116, 0.08691894792669375, 0.0011739644181508722], "k2_x2h_pos_imin_syn_avg": [1.1670812807413704, 0.4349156180880135, 0.006952244073147125], "k2_x2h_pos_imin_syn_sem": [0.02065905493320322, 0.06795240727427444, 0.0009736581433711758], "k2_x2h_pos_immi_syn_avg": [1.2877112563819642, 0.6162015221176665, 0.009402843474133806], "k2_x2h_pos_immi_syn_sem": [0.030101248236999063, 0.08691894792669375, 0.0011739644181508722], "k2_x2h_ray_mi_avg": [2.8244969219023126, 2.041010064246682, 0.03414489629924341], "k2_x2h_ray_mi_sem": [0.07068648840025703, 0.11904394701546159, 0.00215845035746025], "k2_x2h_ray_nimin_syn_avg": [0.34459925055611373, 0.16049692773278335, 0.18157716482037334], "k2_x2h_ray_nimin_syn_sem": [0.014617830782675026, 0.022489631801648143, 0.021969551473493717], "k2_x2h_ray_nimmi_syn_avg": [0.4333727123251842, 0.23387495070402453, 0.24549531110734052], "k2_x2h_ray_nimmi_syn_sem": [0.02483562309280038, 0.02970813215209301, 0.02704908293727448], "k2_x2h_pos_mi_avg": [3.75698287664004, 2.041010064246682, 0.03414489629924341], "k2_x2h_pos_mi_sem": [0.030101248236999063, 0.11904394701546159, 0.00215845035746025], "k2_x2h_pos_nimin_syn_avg": [0.31063773021299984, 0.16049692773278335, 0.18157716482037334], "k2_x2h_pos_nimin_syn_sem": [0.004763781433538845, 0.022489631801648143, 0.021969551473493717], "k2_x2h_pos_nimmi_syn_avg": [0.34266730121359656, 0.23387495070402453, 0.24549531110734052], "k2_x2h_pos_nimmi_syn_sem": [0.0052503127568754564, 0.02970813215209301, 0.02704908293727448]}