{"avg_reward": 0.017300740168211207, "accuracy": 0.6875, "k2_x2h_ray_imin_syn_avg": [0.375404090478255, 0.039950175893210246, 0.03581790856146222], "k2_x2h_ray_imin_syn_sem": [0.04933817967447797, 0.009144900578434891, 0.005512458925215489], "k2_x2h_ray_immi_syn_avg": [0.4265303636907243, 0.09872078690372982, 0.047762880550672585], "k2_x2h_ray_immi_syn_sem": [0.04566940818548715, 0.0216983282109612, 0.007119590131536909], "k2_x2h_pos_imin_syn_avg": [0.38402207589255766, 0.039950175893210246, 0.03581790856146222], "k2_x2h_pos_imin_syn_sem": [0.043066078065685125, 0.009144900578434891, 0.005512458925215489], "k2_x2h_pos_immi_syn_avg": [0.43226644729792635, 0.09872078690372982, 0.047762880550672585], "k2_x2h_pos_immi_syn_sem": [0.07611222328333539, 0.0216983282109612, 0.007119590131536909], "k2_x2h_ray_mi_avg": [0.9343046579086606, 0.6770287834544549, 0.3506073774804969], "k2_x2h_ray_mi_sem": [0.06153902198633934, 0.0696185596262313, 0.026655662537641327], "k2_x2h_ray_nimin_syn_avg": [0.4125594493533562, 0.03892445013631554, 0.09249193534418111], "k2_x2h_ray_nimin_syn_sem": [0.08398105109592655, 0.00889157249676405, 0.01197295344435488], "k2_x2h_ray_nimmi_syn_avg": [0.46767575775272774, 0.10051054181154247, 0.1409009957549268], "k2_x2h_ray_nimmi_syn_sem": [0.08506030867983175, 0.02334928243270979, 0.019448641111784383], "k2_x2h_pos_mi_avg": [1.1956277998819378, 0.6770287834544549, 0.3506073774804969], "k2_x2h_pos_mi_sem": [0.0761122232833354, 0.0696185596262313, 0.026655662537641327], "k2_x2h_pos_nimin_syn_avg": [0.319264943863516, 0.03892445013631554, 0.09249193534418111], "k2_x2h_pos_nimin_syn_sem": [0.015542604002761893, 0.00889157249676405, 0.01197295344435488], "k2_x2h_pos_nimmi_syn_avg": [0.35652804277849764, 0.10051054181154247, 0.1409009957549268], "k2_x2h_pos_nimmi_syn_sem": [0.039407655486613964, 0.02334928243270979, 0.019448641111784383]}