{"avg_reward": 0.029041314325992055, "accuracy": 0.75, "k2_x2h_ray_imin_syn_avg": [0.5275522957364399, 0.18112594701140305, 0.10751908990580203], "k2_x2h_ray_imin_syn_sem": [0.01971675996954014, 0.04147291978580929, 0.012022518383979407], "k2_x2h_ray_immi_syn_avg": [0.6669809535177196, 0.2827586493726698, 0.13019938600262398], "k2_x2h_ray_immi_syn_sem": [0.0506427993756289, 0.06172762083698538, 0.014335661752418405], "k2_x2h_pos_imin_syn_avg": [0.5917082218381896, 0.18112594701140305, 0.10751908990580203], "k2_x2h_pos_imin_syn_sem": [0.04545199502100928, 0.04147291978580929, 0.012022518383979407], "k2_x2h_pos_immi_syn_avg": [0.763022634412776, 0.2827586493726698, 0.13019938600262398], "k2_x2h_pos_immi_syn_sem": [0.045579886600225834, 0.06172762083698538, 0.014335661752418405], "k2_x2h_ray_mi_avg": [1.912851803308871, 1.458799937252937, 0.6066409808166615], "k2_x2h_ray_mi_sem": [0.11322964629280739, 0.10817306619869822, 0.034044886602231914], "k2_x2h_ray_nimin_syn_avg": [0.27653918235378655, 0.07961578452619561, 0.17670371606739274], "k2_x2h_ray_nimin_syn_sem": [0.006304742753619631, 0.017959310147509087, 0.02212306612045436], "k2_x2h_ray_nimmi_syn_avg": [0.35308840319368945, 0.12484588057899328, 0.21007689106082417], "k2_x2h_ray_nimmi_syn_sem": [0.04396386083691774, 0.026922487996865477, 0.025177838033677947], "k2_x2h_pos_mi_avg": [2.1765527853396645, 1.458799937252937, 0.6066409808166615], "k2_x2h_pos_mi_sem": [0.045579886600225834, 0.10817306619869822, 0.034044886602231914], "k2_x2h_pos_nimin_syn_avg": [0.27263187663463123, 0.07961578452619561, 0.17670371606739274], "k2_x2h_pos_nimin_syn_sem": [0.024417834249479815, 0.017959310147509087, 0.02212306612045436], "k2_x2h_pos_nimmi_syn_avg": [0.3499886236821463, 0.12484588057899328, 0.21007689106082417], "k2_x2h_pos_nimmi_syn_sem": [0.013757470196843112, 0.026922487996865477, 0.025177838033677947]}