{"avg_reward": 0.029997569298784457, "accuracy": 1.0, "k2_x2h_ray_imin_syn_avg": [0.7578293045298109, 0.17542590137031427, 0.1670102781595053], "k2_x2h_ray_imin_syn_sem": [0.02029967270150123, 0.039847002319884355, 0.018008371295048415], "k2_x2h_ray_immi_syn_avg": [0.9852057145913795, 0.26256294212425013, 0.2499592786898478], "k2_x2h_ray_immi_syn_sem": [0.026382290676732586, 0.05118992536410169, 0.01984326774629297], "k2_x2h_pos_imin_syn_avg": [0.751741510864813, 0.17542590137031427, 0.1670102781595053], "k2_x2h_pos_imin_syn_sem": [0.03414375224983763, 0.039847002319884355, 0.018008371295048415], "k2_x2h_pos_immi_syn_avg": [0.7873938756129245, 0.26256294212425013, 0.2499592786898478], "k2_x2h_pos_immi_syn_sem": [0.03345773912422737, 0.05118992536410169, 0.01984326774629297], "k2_x2h_ray_mi_avg": [1.9650380316446308, 1.3856442586999453, 0.8745679518036362], "k2_x2h_ray_mi_sem": [0.03164783935721212, 0.11741574739737799, 0.04574487049488032], "k2_x2h_ray_nimin_syn_avg": [0.38552617239837145, 0.09079658626020783, 0.18218652616149092], "k2_x2h_ray_nimin_syn_sem": [0.00431295209976578, 0.015061756860779981, 0.012227776983376537], "k2_x2h_ray_nimmi_syn_avg": [0.5011930780893562, 0.14563739486320848, 0.28607300638619115], "k2_x2h_ray_nimmi_syn_sem": [0.005431676575016668, 0.021949804311840012, 0.014887072545259629], "k2_x2h_pos_mi_avg": [2.7513466534095734, 1.3856442586999453, 0.8745679518036362], "k2_x2h_pos_mi_sem": [0.03345773912422737, 0.11741574739737799, 0.04574487049488032], "k2_x2h_pos_nimin_syn_avg": [0.27300996365121555, 0.09079658626020783, 0.18218652616149092], "k2_x2h_pos_nimin_syn_sem": [0.00901114015298309, 0.015061756860779981, 0.012227776983376537], "k2_x2h_pos_nimmi_syn_avg": [0.2859762624023026, 0.14563739486320848, 0.28607300638619115], "k2_x2h_pos_nimmi_syn_sem": [0.008578630349485796, 0.021949804311840012, 0.014887072545259629]}