{"avg_reward": 0.07246116309449566, "accuracy": 0.8125, "k2_x2h_ray_imin_syn_avg": [0.7571666364677684, 0.14346958355282932, 0.13268276241658702], "k2_x2h_ray_imin_syn_sem": [0.015306414284187895, 0.03304159280245852, 0.009883312984438347], "k2_x2h_ray_immi_syn_avg": [0.8844677530091358, 0.27905323871732934, 0.17982041887124253], "k2_x2h_ray_immi_syn_sem": [0.023353827262534422, 0.054134085191421474, 0.012271960428970344], "k2_x2h_pos_imin_syn_avg": [0.6387260989604084, 0.14346958355282932, 0.13268276241658702], "k2_x2h_pos_imin_syn_sem": [0.07325366853601051, 0.03304159280245852, 0.009883312984438347], "k2_x2h_pos_immi_syn_avg": [0.6869652402069738, 0.27905323871732934, 0.17982041887124253], "k2_x2h_pos_immi_syn_sem": [0.07921150564062647, 0.054134085191421474, 0.012271960428970344], "k2_x2h_ray_mi_avg": [1.8651228663803092, 1.322797952144186, 0.6460798142529844], "k2_x2h_ray_mi_sem": [0.06532787443027706, 0.10678388422831452, 0.026815908357827344], "k2_x2h_ray_nimin_syn_avg": [0.4074945492914522, 0.0711266643002408, 0.2079399314971099], "k2_x2h_ray_nimin_syn_sem": [0.0224082172005669, 0.013619257252176682, 0.01345779710627633], "k2_x2h_ray_nimmi_syn_avg": [0.4759490206862127, 0.15200962626208142, 0.2811250168719389], "k2_x2h_ray_nimmi_syn_sem": [0.026912648004602868, 0.023876010899991782, 0.016396660267139804], "k2_x2h_pos_mi_avg": [2.665383380124568, 1.322797952144186, 0.6460798142529844], "k2_x2h_pos_mi_sem": [0.07921150564062647, 0.10678388422831452, 0.026815908357827344], "k2_x2h_pos_nimin_syn_avg": [0.2384590005812753, 0.0711266643002408, 0.2079399314971099], "k2_x2h_pos_nimin_syn_sem": [0.01984146333695626, 0.013619257252176682, 0.01345779710627633], "k2_x2h_pos_nimmi_syn_avg": [0.25645756357899435, 0.15200962626208142, 0.2811250168719389], "k2_x2h_pos_nimmi_syn_sem": [0.021510408943254965, 0.023876010899991782, 0.016396660267139804]}