{"avg_reward_avg": 0.0526, "avg_reward_sem": 0.02175939133135647, "accuracy_avg": 0.05950000000000001, "accuracy_sem": 0.005079916884709389, "k2_xh2h_immi_syn_avg_avg": [0.20461144244661447], "k2_xh2h_immi_syn_avg_sem": [0.007575601044488111], "k2_xh2h_immi_syn_sem_avg": [0.011348311826132808], "k2_xh2h_immi_syn_sem_sem": [0.0005810281429744481], "k2_xh2h_mi_avg_avg": [0.5705891110296534], "k2_xh2h_mi_avg_sem": [0.016958298854701067], "k2_xh2h_mi_sem_avg": [0.030627995056938195], "k2_xh2h_mi_sem_sem": [0.002073033772967924], "k2_xh2h_nimmi_syn_avg_avg": [0.36583508709999807], "k2_xh2h_nimmi_syn_avg_sem": [0.0062861757034423935], "k2_xh2h_nimmi_syn_sem_avg": [0.013592989126079444], "k2_xh2h_nimmi_syn_sem_sem": [0.00042777332321794546]}