{"avg_reward": 0.014, "accuracy": 0.065, "k2_xh2h_immi_syn_avg": [0.18536736059869086], "k2_xh2h_immi_syn_sem": [0.01185990034598851], "k2_xh2h_mi_avg": [0.5434589474236293], "k2_xh2h_mi_sem": [0.037779943449468834], "k2_xh2h_nimmi_syn_avg": [0.3527728621399838], "k2_xh2h_nimmi_syn_sem": [0.015246230353355405]}