{"avg_reward": 0.0315, "accuracy": 0.065, "k2_xh2h_immi_syn_avg": [0.20093335044765534], "k2_xh2h_immi_syn_sem": [0.010778568849304818], "k2_xh2h_mi_avg": [0.5250011278246436], "k2_xh2h_mi_sem": [0.02639777572417295], "k2_xh2h_nimmi_syn_avg": [0.38952490756744845], "k2_xh2h_nimmi_syn_sem": [0.013072153189393297]}