{"avg_reward": 0.0165, "accuracy": 0.08, "k2_xh2h_immi_syn_avg": [0.2253586822407388], "k2_xh2h_immi_syn_sem": [0.010637095989246191], "k2_xh2h_mi_avg": [0.5701248072238769], "k2_xh2h_mi_sem": [0.02590783783533549], "k2_xh2h_nimmi_syn_avg": [0.3988930550134017], "k2_xh2h_nimmi_syn_sem": [0.011887101670355938]}