{"avg_reward": 0.0175, "accuracy": 0.085, "k2_xh2h_immi_syn_avg": [0.18837170372204792], "k2_xh2h_immi_syn_sem": [0.012504196201706898], "k2_xh2h_mi_avg": [0.5357306553840042], "k2_xh2h_mi_sem": [0.032727831631155356], "k2_xh2h_nimmi_syn_avg": [0.35692474999382195], "k2_xh2h_nimmi_syn_sem": [0.015870575048307748]}