{"avg_reward": 0.011, "accuracy": 0.04, "k2_xh2h_immi_syn_avg": [0.17784740686034886], "k2_xh2h_immi_syn_sem": [0.00875380221129806], "k2_xh2h_mi_avg": [0.5044466335818711], "k2_xh2h_mi_sem": [0.023557478379745506], "k2_xh2h_nimmi_syn_avg": [0.3599760350396738], "k2_xh2h_nimmi_syn_sem": [0.013721135477749936]}