{"avg_reward": 0.011, "accuracy": 0.06, "k2_xh2h_immi_syn_avg": [0.2130941798180026], "k2_xh2h_immi_syn_sem": [0.014517852666204947], "k2_xh2h_mi_avg": [0.6201477812286439], "k2_xh2h_mi_sem": [0.03405579449311379], "k2_xh2h_nimmi_syn_avg": [0.34944156554563566], "k2_xh2h_nimmi_syn_sem": [0.014608025436453446]}