{"avg_reward": 0.107, "accuracy": 0.045, "k2_xh2h_immi_syn_avg": [0.17085098129598852], "k2_xh2h_immi_syn_sem": [0.008981661095321882], "k2_xh2h_mi_avg": [0.5174506102423864], "k2_xh2h_mi_sem": [0.024165745492549146], "k2_xh2h_nimmi_syn_avg": [0.33642495438686465], "k2_xh2h_nimmi_syn_sem": [0.012626225909051304]}