{"avg_reward": 0.223, "accuracy": 0.035, "k2_xh2h_immi_syn_avg": [0.22826252855200274], "k2_xh2h_immi_syn_sem": [0.011691555422389976], "k2_xh2h_mi_avg": [0.6016654462972131], "k2_xh2h_mi_sem": [0.023894402809294103], "k2_xh2h_nimmi_syn_avg": [0.3793053299960847], "k2_xh2h_nimmi_syn_sem": [0.011844644550746474]}