{"avg_reward": 0.0835, "accuracy": 0.06, "k2_xh2h_immi_syn_avg": [0.24389259827617732], "k2_xh2h_immi_syn_sem": [0.01344370915649365], "k2_xh2h_mi_avg": [0.6593284147908302], "k2_xh2h_mi_sem": [0.03724501532264769], "k2_xh2h_nimmi_syn_avg": [0.37973119183235715], "k2_xh2h_nimmi_syn_sem": [0.013927136933957212]}