{"avg_reward_avg": 0.9657500000000001, "avg_reward_sem": 0.00150231303144333, "accuracy_avg": 0.8324999999999999, "accuracy_sem": 0.008139410298049848, "k2_xh2h_immi_syn_avg_avg": [0.23523093055889838], "k2_xh2h_immi_syn_avg_sem": [0.008172278921152281], "k2_xh2h_immi_syn_sem_avg": [0.023166768706523604], "k2_xh2h_immi_syn_sem_sem": [0.001570999121492824], "k2_xh2h_mi_avg_avg": [0.7857392508026237], "k2_xh2h_mi_avg_sem": [0.020849418804217826], "k2_xh2h_mi_sem_avg": [0.06774006422379739], "k2_xh2h_mi_sem_sem": [0.001874038515149745], "k2_xh2h_nimmi_syn_avg_avg": [0.3366151445076717], "k2_xh2h_nimmi_syn_avg_sem": [0.005263938247152326], "k2_xh2h_nimmi_syn_sem_avg": [0.01855576910751114], "k2_xh2h_nimmi_syn_sem_sem": [0.00029095056734321586]}