{"avg_reward": 0.9685, "accuracy": 0.84, "k2_xh2h_immi_syn_avg": [0.2549009774871628], "k2_xh2h_immi_syn_sem": [0.022088912005739106], "k2_xh2h_mi_avg": [0.851314600017647], "k2_xh2h_mi_sem": [0.06637665165103732], "k2_xh2h_nimmi_syn_avg": [0.33411072422341437], "k2_xh2h_nimmi_syn_sem": [0.01817114652891613]}