{"avg_reward": 0.9655, "accuracy": 0.825, "k2_xh2h_immi_syn_avg": [0.2382814021141682], "k2_xh2h_immi_syn_sem": [0.031048023778154812], "k2_xh2h_mi_avg": [0.7750676991026263], "k2_xh2h_mi_sem": [0.07832378727181476], "k2_xh2h_nimmi_syn_avg": [0.33728964883722123], "k2_xh2h_nimmi_syn_sem": [0.01891272779399081]}