{"avg_reward": 0.9645, "accuracy": 0.835, "k2_xh2h_immi_syn_avg": [0.2398091566845932], "k2_xh2h_immi_syn_sem": [0.021036265175619236], "k2_xh2h_mi_avg": [0.800463106959622], "k2_xh2h_mi_sem": [0.06545095453779488], "k2_xh2h_nimmi_syn_avg": [0.32964258669915963], "k2_xh2h_nimmi_syn_sem": [0.017676515232765356]}