{"avg_reward": 0.968, "accuracy": 0.84, "k2_xh2h_immi_syn_avg": [0.20986352752907989], "k2_xh2h_immi_syn_sem": [0.018366307174554442], "k2_xh2h_mi_avg": [0.7666674256616602], "k2_xh2h_mi_sem": [0.06777704415896174], "k2_xh2h_nimmi_syn_avg": [0.3252796630794358], "k2_xh2h_nimmi_syn_sem": [0.018832887201935898]}