{"avg_reward": 0.9575, "accuracy": 0.79, "k2_xh2h_immi_syn_avg": [0.2841582650334408], "k2_xh2h_immi_syn_sem": [0.026873020965626136], "k2_xh2h_mi_avg": [0.866140853110663], "k2_xh2h_mi_sem": [0.07309482537122014], "k2_xh2h_nimmi_syn_avg": [0.3613734913268402], "k2_xh2h_nimmi_syn_sem": [0.01756766260703449]}