{"avg_reward": 0.966, "accuracy": 0.85, "k2_xh2h_immi_syn_avg": [0.2529803424112072], "k2_xh2h_immi_syn_sem": [0.024012679005602357], "k2_xh2h_mi_avg": [0.8101843386001641], "k2_xh2h_mi_sem": [0.06454587565784885], "k2_xh2h_nimmi_syn_avg": [0.3430081380386527], "k2_xh2h_nimmi_syn_sem": [0.01834860500313351]}