{"avg_reward": 0.964, "accuracy": 0.82, "k2_xh2h_immi_syn_avg": [0.1986928715420234], "k2_xh2h_immi_syn_sem": [0.01873387123677973], "k2_xh2h_mi_avg": [0.6495354433982683], "k2_xh2h_mi_sem": [0.061746598259585166], "k2_xh2h_nimmi_syn_avg": [0.3513616676092033], "k2_xh2h_nimmi_syn_sem": [0.018761201194797187]}