{"avg_reward": 0.9715, "accuracy": 0.865, "k2_xh2h_immi_syn_avg": [0.21098226014750956], "k2_xh2h_immi_syn_sem": [0.017470837885627085], "k2_xh2h_mi_avg": [0.7070855580247536], "k2_xh2h_mi_sem": [0.061085917767979746], "k2_xh2h_nimmi_syn_avg": [0.35361592391019925], "k2_xh2h_nimmi_syn_sem": [0.019350150161788232]}