{"avg_reward": 0.9725, "accuracy": 0.865, "k2_xh2h_immi_syn_avg": [0.21933002285028913], "k2_xh2h_immi_syn_sem": [0.0210970561388825], "k2_xh2h_mi_avg": [0.7987185926855817], "k2_xh2h_mi_sem": [0.063512025100364], "k2_xh2h_nimmi_syn_avg": [0.3043856855613949], "k2_xh2h_nimmi_syn_sem": [0.01747500800809334]}