{"avg_reward_avg": 1.0, "avg_reward_sem": 0.0, "accuracy_avg": 1.0, "accuracy_sem": 0.0, "k2_x2h_imin_syn_avg_avg": [0.6, 0.004444444444444448, 0.0], "k2_x2h_imin_syn_avg_sem": [0.09999999999999999, 0.0029629629629629637, 0.0], "k2_x2h_imin_syn_sem_avg": [NaN, 0.002145127331474274, 0.0], "k2_x2h_imin_syn_sem_sem": [NaN, 0.0014300848876495147, 0.0], "k2_x2h_mi_avg_avg": [1.6, 0.9546733472005876, 1.0], "k2_x2h_mi_avg_sem": [0.09999999999999999, 0.04398510193121127, 0.0], "k2_x2h_mi_sem_avg": [NaN, 0.03950920267832347, 0.0], "k2_x2h_mi_sem_sem": [NaN, 0.0067993465191780395, 0.0], "k2_x2h_immi_syn_avg_avg": [0.6, 0.008888888888888889, 0.0], "k2_x2h_immi_syn_avg_sem": [0.09999999999999999, 0.005925925925925925, 0.0], "k2_x2h_immi_syn_sem_avg": [NaN, 0.004290254662948545, 0.0], "k2_x2h_immi_syn_sem_sem": [NaN, 0.00286016977529903, 0.0], "k2_x2h_nimin_syn_avg_avg": [0.35000000000000003, 0.0029629629629629737, 0.0], "k2_x2h_nimin_syn_avg_sem": [0.04614791034954485, 0.001975308641975308, 0.0], "k2_x2h_nimin_syn_sem_avg": [NaN, 0.0014300848876495197, 0.0], "k2_x2h_nimin_syn_sem_sem": [NaN, 0.0009533899250996759, 0.0], "k2_x2h_nimmi_syn_avg_avg": [0.35000000000000003, 0.005925925925925926, 0.0], "k2_x2h_nimmi_syn_avg_sem": [0.04614791034954485, 0.003950617283950617, 0.0], "k2_x2h_nimmi_syn_sem_avg": [NaN, 0.00286016977529903, 0.0], "k2_x2h_nimmi_syn_sem_sem": [NaN, 0.001906779850199353, 0.0], "k2_x2h_imin_red_avg_avg": [0.6, 0.4771244721789529, 0.9400000000000001], "k2_x2h_imin_red_avg_sem": [0.09999999999999999, 0.06310279542208756, 0.030550504633038923], "k2_x2h_imin_red_sem_avg": [NaN, 0.06587936629260097, 0.018090680674665818], "k2_x2h_imin_red_sem_sem": [NaN, 0.0035344778364887297, 0.009211323729436767], "k2_x2h_immi_red_avg_avg": [0.6, 0.4815689166233973, 0.9400000000000001], "k2_x2h_immi_red_avg_sem": [0.09999999999999999, 0.06280594750860695, 0.030550504633038923], "k2_x2h_immi_red_sem_avg": [NaN, 0.06621516532687693, 0.018090680674665818], "k2_x2h_immi_red_sem_sem": [NaN, 0.0036136309015062018, 0.009211323729436767], "k2_x2h_nimin_red_avg_avg": [0.35000000000000003, 0.45732051848005684, 0.9400000000000001], "k2_x2h_nimin_red_avg_sem": [0.04614791034954485, 0.06604493551742448, 0.030550504633038923], "k2_x2h_nimin_red_sem_avg": [NaN, 0.06300690768232264, 0.018090680674665818], "k2_x2h_nimin_red_sem_sem": [NaN, 0.0034276063690438932, 0.009211323729436767], "k2_x2h_nimmi_red_avg_avg": [0.35000000000000003, 0.4602834814430198, 0.9400000000000001], "k2_x2h_nimmi_red_avg_sem": [0.04614791034954485, 0.06544392148334066, 0.030550504633038923], "k2_x2h_nimmi_red_sem_avg": [NaN, 0.06314296623053221, 0.018090680674665818], "k2_x2h_nimmi_red_sem_sem": [NaN, 0.003408556447091843, 0.009211323729436767], "x2h_imin_syn_avg": [0.6, 0.0, 0.0], "x2h_imin_syn_sem": [0.09999999999999999, 0.0, 0.0], "x2h_mi_avg": [1.6, 1.1, 1.0], "x2h_mi_sem": [0.09999999999999999, 0.06666666666666665, 0.0], "x2h_immi_syn_avg": [0.6, 0.0, 0.0], "x2h_immi_syn_sem": [0.09999999999999999, 0.0, 0.0], "x2h_nimin_syn_avg": [0.35000000000000003, 0.0, 0.0], "x2h_nimin_syn_sem": [0.04614791034954485, 0.0, 0.0], "x2h_nimmi_syn_avg": [0.35000000000000003, 0.0, 0.0], "x2h_nimmi_syn_sem": [0.04614791034954485, 0.0, 0.0], "x2h_imin_red_avg": [0.6, 0.031127812445913283, 0.7], "x2h_imin_red_sem": [0.09999999999999999, 0.03112781244591328, 0.15275252316519466], "x2h_immi_red_avg": [0.6, 0.031127812445913294, 0.7], "x2h_immi_red_sem": [0.09999999999999999, 0.031127812445913294, 0.15275252316519466], "x2h_nimin_red_avg": [0.35000000000000003, 0.031127812445913283, 0.7], "x2h_nimin_red_sem": [0.04614791034954485, 0.03112781244591328, 0.15275252316519466], "x2h_nimmi_red_avg": [0.35000000000000003, 0.031127812445913294, 0.7], "x2h_nimmi_red_sem": [0.04614791034954485, 0.031127812445913294, 0.15275252316519466]}