{"avg_reward_avg": 0.16307687261952938, "avg_reward_sem": 0.015659514492242052, "accuracy_avg": 0.65, "accuracy_sem": 0.011111111111111103, "k2_x2h_ray_imin_syn_avg_avg": [0.2551700987985086, 0.027955433077134502, 0.021878329573299073], "k2_x2h_ray_imin_syn_avg_sem": [0.04282659455531172, 0.0062003245801045955, 0.007554288668519235], "k2_x2h_ray_imin_syn_sem_avg": [0.038462314807029205, 0.0143720496437034, 0.006317138051966741], "k2_x2h_ray_imin_syn_sem_sem": [0.00978101294336458, 0.003195572969012534, 0.0017107353979885294], "k2_x2h_ray_immi_syn_avg_avg": [0.3580847829967228, 0.041174452053996925, 0.028242328888352274], "k2_x2h_ray_immi_syn_avg_sem": [0.05953323179917095, 0.008586765481476731, 0.011528861470237649], "k2_x2h_ray_immi_syn_sem_avg": [0.04291602249469692, 0.019937722091759712, 0.007930262763114603], "k2_x2h_ray_immi_syn_sem_sem": [0.008622002722935616, 0.004073240907245019, 0.0026284337159995157], "k2_x2h_pos_imin_syn_avg_avg": [0.2398983173649583, 0.027955433077134502, 0.021878329573299073], "k2_x2h_pos_imin_syn_avg_sem": [0.03308591709150299, 0.0062003245801045955, 0.007554288668519235], "k2_x2h_pos_imin_syn_sem_avg": [0.04918952268148349, 0.0143720496437034, 0.006317138051966741], "k2_x2h_pos_imin_syn_sem_sem": [0.006772865792682227, 0.003195572969012534, 0.0017107353979885294], "k2_x2h_pos_immi_syn_avg_avg": [0.314801390403353, 0.041174452053996925, 0.028242328888352274], "k2_x2h_pos_immi_syn_avg_sem": [0.04973694601043521, 0.008586765481476731, 0.011528861470237649], "k2_x2h_pos_immi_syn_sem_avg": [0.05590637921555599, 0.019937722091759712, 0.007930262763114603], "k2_x2h_pos_immi_syn_sem_sem": [0.008523503236081614, 0.004073240907245019, 0.0026284337159995157], "k2_x2h_ray_mi_avg_avg": [0.7894541259424839, 0.5599345325157781, 0.2205651403255764], "k2_x2h_ray_mi_avg_sem": [0.12328060768562306, 0.09441211158651713, 0.06690321867338238], "k2_x2h_ray_mi_sem_avg": [0.04838939771560593, 0.08299349876852123, 0.023579388039646924], "k2_x2h_ray_mi_sem_sem": [0.00870806947725108, 0.010701373243396657, 0.006394554641288869], "k2_x2h_ray_nimin_syn_avg_avg": [0.31743997899034704, 0.015087357511762803, 0.04502779530914262], "k2_x2h_ray_nimin_syn_avg_sem": [0.023043767227176448, 0.003013413367252835, 0.015687589318853556], "k2_x2h_ray_nimin_syn_sem_avg": [0.03674997261685281, 0.007298587351381723, 0.01897350840300717], "k2_x2h_ray_nimin_syn_sem_sem": [0.005872743246219193, 0.0013431254189890532, 0.0024088971289332787], "k2_x2h_ray_nimmi_syn_avg_avg": [0.4433548267514678, 0.023935931988570427, 0.06206789493797736], "k2_x2h_ray_nimmi_syn_avg_sem": [0.0327486663494764, 0.004766391590513157, 0.013108890883416314], "k2_x2h_ray_nimmi_syn_sem_avg": [0.03588281584769406, 0.011126886518485377, 0.017527175081433567], "k2_x2h_ray_nimmi_syn_sem_sem": [0.0052482120340151504, 0.001901538227879611, 0.0028546713996623918], "k2_x2h_pos_mi_avg_avg": [1.0534123596511122, 0.5599345325157781, 0.2205651403255764], "k2_x2h_pos_mi_avg_sem": [0.1590032758858568, 0.09441211158651713, 0.06690321867338238], "k2_x2h_pos_mi_sem_avg": [0.05665810817883617, 0.08299349876852123, 0.023579388039646924], "k2_x2h_pos_mi_sem_sem": [0.008157943058484014, 0.010701373243396657, 0.006394554641288869], "k2_x2h_pos_nimin_syn_avg_avg": [0.2324633920213614, 0.015087357511762803, 0.04502779530914262], "k2_x2h_pos_nimin_syn_avg_sem": [0.010702999390830846, 0.003013413367252835, 0.015687589318853556], "k2_x2h_pos_nimin_syn_sem_avg": [0.043190712950084274, 0.007298587351381723, 0.01897350840300717], "k2_x2h_pos_nimin_syn_sem_sem": [0.0071430544163386825, 0.0013431254189890532, 0.0024088971289332787], "k2_x2h_pos_nimmi_syn_avg_avg": [0.2913939832753021, 0.023935931988570427, 0.06206789493797736], "k2_x2h_pos_nimmi_syn_avg_sem": [0.015180842104509965, 0.004766391590513157, 0.013108890883416314], "k2_x2h_pos_nimmi_syn_sem_avg": [0.04691122336802802, 0.011126886518485377, 0.017527175081433567], "k2_x2h_pos_nimmi_syn_sem_sem": [0.007881617055118889, 0.001901538227879611, 0.0028546713996623918]}