{"avg_reward": 0.16909254038955238, "accuracy": 0.5833333333333334, "k2_x2h_ray_imin_syn_avg": [0.3708698626002365, 0.05448616717153981, 0.015212028211957248], "k2_x2h_ray_imin_syn_sem": [0.04045447968940613, 0.02132983597828892, 0.004821396252433226], "k2_x2h_ray_immi_syn_avg": [0.5493736019454009, 0.07663177136847871, 0.017638400110205517], "k2_x2h_ray_immi_syn_sem": [0.06456910818379046, 0.030141943547101004, 0.005379087121283131], "k2_x2h_pos_imin_syn_avg": [0.3679559476556325, 0.05448616717153981, 0.015212028211957248], "k2_x2h_pos_imin_syn_sem": [0.06856072811858424, 0.02132983597828892, 0.004821396252433226], "k2_x2h_pos_immi_syn_avg": [0.5545916722351438, 0.07663177136847871, 0.017638400110205517], "k2_x2h_pos_immi_syn_sem": [0.04309861603530927, 0.030141943547101004, 0.005379087121283131], "k2_x2h_ray_mi_avg": [1.209339000518148, 0.9333079188304794, 0.10136215903845984], "k2_x2h_ray_mi_sem": [0.06466030390349697, 0.10944057848647434, 0.010437969792089769], "k2_x2h_ray_nimin_syn_avg": [0.3084898669939647, 0.02718162179019907, 0.0746398352495475], "k2_x2h_ray_nimin_syn_sem": [0.03876959687177909, 0.010604663639955512, 0.022578162216401708], "k2_x2h_ray_nimmi_syn_avg": [0.45118134513522934, 0.03838030269565999, 0.08851810712596277], "k2_x2h_ray_nimmi_syn_sem": [0.02903520470879848, 0.015129553896393935, 0.026032586222122803], "k2_x2h_pos_mi_avg": [1.4059242440473474, 0.9333079188304794, 0.10136215903845984], "k2_x2h_pos_mi_sem": [0.04309861603530927, 0.10944057848647434, 0.010437969792089769], "k2_x2h_pos_nimin_syn_avg": [0.2600397557364454, 0.02718162179019907, 0.0746398352495475], "k2_x2h_pos_nimin_syn_sem": [0.04398497185638516, 0.010604663639955512, 0.022578162216401708], "k2_x2h_pos_nimmi_syn_avg": [0.3933592632742586, 0.03838030269565999, 0.08851810712596277], "k2_x2h_pos_nimmi_syn_sem": [0.018079939076203814, 0.015129553896393935, 0.026032586222122803]}