{"avg_reward": 0.19462535502112693, "accuracy": 0.6666666666666666, "k2_x2h_ray_imin_syn_avg": [0.07662421538589594, 0.005332914009826923, 0.00598349537981997], "k2_x2h_ray_imin_syn_sem": [0.025907013613160026, 0.0031393590940478303, 0.004361825327667673], "k2_x2h_ray_immi_syn_avg": [0.11251689423524125, 0.012158532733242902, 0.0059834953798200315], "k2_x2h_ray_immi_syn_sem": [0.03331251132587486, 0.007070944057072285, 0.004361825327667672], "k2_x2h_pos_imin_syn_avg": [0.12592910480063438, 0.005332914009826923, 0.00598349537981997], "k2_x2h_pos_imin_syn_sem": [0.03626819653940209, 0.0031393590940478303, 0.004361825327667673], "k2_x2h_pos_immi_syn_avg": [0.13926239908548466, 0.012158532733242902, 0.0059834953798200315], "k2_x2h_pos_immi_syn_sem": [0.044810579662731796, 0.007070944057072285, 0.004361825327667672], "k2_x2h_ray_mi_avg": [0.22817199211604558, 0.24868301141015473, 0.2703717691005373], "k2_x2h_ray_mi_sem": [0.03450054625049104, 0.04570164327752143, 0.04504000987451195], "k2_x2h_ray_nimin_syn_avg": [0.31861031270172785, 0.007682616821599662, 0.008959408178546928], "k2_x2h_ray_nimin_syn_sem": [0.05780025298517776, 0.004825360624417021, 0.0068713068406858705], "k2_x2h_ray_nimmi_syn_avg": [0.4736646081917904, 0.018133076316314715, 0.00895940817854701], "k2_x2h_ray_nimmi_syn_sem": [0.06483083993102136, 0.011741975528757755, 0.006871306840685868], "k2_x2h_pos_mi_avg": [0.3995952710000874, 0.24868301141015473, 0.2703717691005373], "k2_x2h_pos_mi_sem": [0.044810579662731796, 0.04570164327752143, 0.04504000987451195], "k2_x2h_pos_nimin_syn_avg": [0.3015485380868348, 0.007682616821599662, 0.008959408178546928], "k2_x2h_pos_nimin_syn_sem": [0.06237453114932905, 0.004825360624417021, 0.0068713068406858705], "k2_x2h_pos_nimmi_syn_avg": [0.3307336612549368, 0.018133076316314715, 0.00895940817854701], "k2_x2h_pos_nimmi_syn_sem": [0.07964440470774117, 0.011741975528757755, 0.006871306840685868]}