{"avg_reward": 0.20795188655714297, "accuracy": 0.6666666666666666, "k2_x2h_ray_imin_syn_avg": [0.3892306796587522, 0.0292165993290761, 0.019736308108407145], "k2_x2h_ray_imin_syn_sem": [0.10971757845392902, 0.01688485953867129, 0.006315666905135212], "k2_x2h_ray_immi_syn_avg": [0.4586719112261057, 0.04274282017941901, 0.019736308108407197], "k2_x2h_ray_immi_syn_sem": [0.08848611973164966, 0.024259503033655448, 0.0063156669051352195], "k2_x2h_pos_imin_syn_avg": [0.28710331419717844, 0.0292165993290761, 0.019736308108407145], "k2_x2h_pos_imin_syn_sem": [0.07553702768557252, 0.01688485953867129, 0.006315666905135212], "k2_x2h_pos_immi_syn_avg": [0.3936420414267907, 0.04274282017941901, 0.019736308108407197], "k2_x2h_pos_immi_syn_sem": [0.10423471524221962, 0.024259503033655448, 0.0063156669051352195], "k2_x2h_ray_mi_avg": [1.0307399854551604, 0.5380498106404651, 0.12027518118271754], "k2_x2h_ray_mi_sem": [0.09951996870225102, 0.08171650629707673, 0.01391279604175126], "k2_x2h_ray_nimin_syn_avg": [0.3681788584666337, 0.017459566971013352, 0.09504748362738728], "k2_x2h_ray_nimin_syn_sem": [0.07214874830957481, 0.009985630878780887, 0.027389387437591457], "k2_x2h_ray_nimmi_syn_avg": [0.4365465290725333, 0.025702715726451726, 0.0950474836273877], "k2_x2h_ray_nimmi_syn_sem": [0.043769964763189256, 0.01454197474412824, 0.027389387437591475], "k2_x2h_pos_mi_avg": [1.2485824252628568, 0.5380498106404651, 0.12027518118271754], "k2_x2h_pos_mi_sem": [0.10423471524221962, 0.08171650629707673, 0.01391279604175126], "k2_x2h_pos_nimin_syn_avg": [0.2233249092444929, 0.017459566971013352, 0.09504748362738728], "k2_x2h_pos_nimin_syn_sem": [0.041281502362216664, 0.009985630878780887, 0.027389387437591457], "k2_x2h_pos_nimmi_syn_avg": [0.30537130287617925, 0.025702715726451726, 0.0950474836273877], "k2_x2h_pos_nimmi_syn_sem": [0.05948641922475167, 0.01454197474412824, 0.027389387437591475]}