{"avg_reward_avg": 0.05285000000000001, "avg_reward_sem": 0.021862963355105056, "accuracy_avg": 0.06250000000000001, "accuracy_sem": 0.006202598021976131, "k2_xh2h_immi_syn_avg_avg": [0.20488317339032208], "k2_xh2h_immi_syn_avg_sem": [0.008734421577352275], "k2_xh2h_immi_syn_sem_avg": [0.011904121952323685], "k2_xh2h_immi_syn_sem_sem": [0.0009715776294294616], "k2_xh2h_mi_avg_avg": [0.5604636858634151], "k2_xh2h_mi_avg_sem": [0.019003376267252656], "k2_xh2h_mi_sem_avg": [0.02875438380982296], "k2_xh2h_mi_sem_sem": [0.0019847241117871423], "k2_xh2h_nimmi_syn_avg_avg": [0.36787976227729136], "k2_xh2h_nimmi_syn_avg_sem": [0.004056185078392616], "k2_xh2h_nimmi_syn_sem_avg": [0.013778639771883172], "k2_xh2h_nimmi_syn_sem_sem": [0.000615887210054133]}