{"avg_reward": 0.0105, "accuracy": 0.06, "k2_xh2h_immi_syn_avg": [0.24803659746467857], "k2_xh2h_immi_syn_sem": [0.018596912276991673], "k2_xh2h_mi_avg": [0.642358284480882], "k2_xh2h_mi_sem": [0.04195520896988483], "k2_xh2h_nimmi_syn_avg": [0.38668678845284127], "k2_xh2h_nimmi_syn_sem": [0.012062186673321052]}