{"avg_reward": 0.01, "accuracy": 0.035, "k2_xh2h_immi_syn_avg": [0.1861457185266499], "k2_xh2h_immi_syn_sem": [0.0099594220016473], "k2_xh2h_mi_avg": [0.5007314346510792], "k2_xh2h_mi_sem": [0.022059387864403326], "k2_xh2h_nimmi_syn_avg": [0.3729727882169838], "k2_xh2h_nimmi_syn_sem": [0.012492680030286354]}