{"avg_reward": 0.0345, "accuracy": 0.08, "k2_xh2h_immi_syn_avg": [0.18846350730930647], "k2_xh2h_immi_syn_sem": [0.008362194602019165], "k2_xh2h_mi_avg": [0.5263442636306179], "k2_xh2h_mi_sem": [0.024072077906436846], "k2_xh2h_nimmi_syn_avg": [0.36933576081835784], "k2_xh2h_nimmi_syn_sem": [0.014104137978330853]}