{"avg_reward": 0.084, "accuracy": 0.07, "k2_xh2h_immi_syn_avg": [0.22674295467727792], "k2_xh2h_immi_syn_sem": [0.014671565440607588], "k2_xh2h_mi_avg": [0.6086838900179946], "k2_xh2h_mi_sem": [0.035864923423690735], "k2_xh2h_nimmi_syn_avg": [0.37655385306768613], "k2_xh2h_nimmi_syn_sem": [0.013968496389502696]}