{"avg_reward": 0.01, "accuracy": 0.055, "k2_xh2h_immi_syn_avg": [0.21672143228933988], "k2_xh2h_immi_syn_sem": [0.011055778835567052], "k2_xh2h_mi_avg": [0.6148652562134055], "k2_xh2h_mi_sem": [0.031730791009427835], "k2_xh2h_nimmi_syn_avg": [0.35664689099320934], "k2_xh2h_nimmi_syn_sem": [0.011686850707817381]}