{"avg_reward": 0.0195, "accuracy": 0.095, "k2_xh2h_immi_syn_avg": [0.209335748935903], "k2_xh2h_immi_syn_sem": [0.013698465053306514], "k2_xh2h_mi_avg": [0.5689219547814318], "k2_xh2h_mi_sem": [0.028757101868711492], "k2_xh2h_nimmi_syn_avg": [0.36358358192898504], "k2_xh2h_nimmi_syn_sem": [0.015630903472239163]}