{"avg_reward": 0.1045, "accuracy": 0.035, "k2_xh2h_immi_syn_avg": [0.17560361470928104], "k2_xh2h_immi_syn_sem": [0.011242399241179486], "k2_xh2h_mi_avg": [0.49385045584476833], "k2_xh2h_mi_sem": [0.02924457708835184], "k2_xh2h_nimmi_syn_avg": [0.3599005646368592], "k2_xh2h_nimmi_syn_sem": [0.013558218922674233]}