{"avg_reward": 0.0165, "accuracy": 0.08, "k2_xh2h_immi_syn_avg": [0.17224782322726379], "k2_xh2h_immi_syn_sem": [0.008538295644988796], "k2_xh2h_mi_avg": [0.4954017997890462], "k2_xh2h_mi_sem": [0.02354975263475954], "k2_xh2h_nimmi_syn_avg": [0.3564508069264145], "k2_xh2h_nimmi_syn_sem": [0.013998624139110108]}