{"avg_reward": 0.225, "accuracy": 0.05, "k2_xh2h_immi_syn_avg": [0.24191079492622297], "k2_xh2h_immi_syn_sem": [0.01164977641529532], "k2_xh2h_mi_avg": [0.6337761161056549], "k2_xh2h_mi_sem": [0.025808720770540722], "k2_xh2h_nimmi_syn_avg": [0.38683194078202315], "k2_xh2h_nimmi_syn_sem": [0.012160968960062007]}