{"avg_reward_avg": 0.9799000000000001, "avg_reward_sem": 0.0012310790208412898, "accuracy_avg": 0.8989999999999998, "accuracy_sem": 0.005567764362830027, "k2_xh2h_immi_syn_avg_avg": [0.17618649886018617], "k2_xh2h_immi_syn_avg_sem": [0.01084291063854544], "k2_xh2h_immi_syn_sem_avg": [0.028702439418213266], "k2_xh2h_immi_syn_sem_sem": [0.0016617678383784456], "k2_xh2h_mi_avg_avg": [0.7078627194264152], "k2_xh2h_mi_avg_sem": [0.025079038259607334], "k2_xh2h_mi_sem_avg": [0.06378462199493037], "k2_xh2h_mi_sem_sem": [0.0029360522267805407], "k2_xh2h_nimmi_syn_avg_avg": [0.23559335946681115], "k2_xh2h_nimmi_syn_avg_sem": [0.006733717233443153], "k2_xh2h_nimmi_syn_sem_avg": [0.023200268989184505], "k2_xh2h_nimmi_syn_sem_sem": [0.000500242316200109]}