{"avg_reward": 0.9775, "accuracy": 0.89, "k2_xh2h_immi_syn_avg": [0.18477366320646887], "k2_xh2h_immi_syn_sem": [0.029912344789673327], "k2_xh2h_mi_avg": [0.7280324551618662], "k2_xh2h_mi_sem": [0.06596093919649856], "k2_xh2h_nimmi_syn_avg": [0.23509969179025608], "k2_xh2h_nimmi_syn_sem": [0.02196098464391213]}