{"avg_reward": 0.977, "accuracy": 0.885, "k2_xh2h_immi_syn_avg": [0.20463082515919723], "k2_xh2h_immi_syn_sem": [0.032162301994898765], "k2_xh2h_mi_avg": [0.7921041922196372], "k2_xh2h_mi_sem": [0.0712872340083274], "k2_xh2h_nimmi_syn_avg": [0.2493727649243339], "k2_xh2h_nimmi_syn_sem": [0.02461375276878783]}