{"avg_reward": 0.9785, "accuracy": 0.9, "k2_xh2h_immi_syn_avg": [0.2202335875190705], "k2_xh2h_immi_syn_sem": [0.036360182009441924], "k2_xh2h_mi_avg": [0.8123683889452203], "k2_xh2h_mi_sem": [0.07533807451414735], "k2_xh2h_nimmi_syn_avg": [0.27210036699228113], "k2_xh2h_nimmi_syn_sem": [0.025647812928729103]}