{"avg_reward": 0.986, "accuracy": 0.92, "k2_xh2h_immi_syn_avg": [0.19233397172285377], "k2_xh2h_immi_syn_sem": [0.03058770889710034], "k2_xh2h_mi_avg": [0.7545273327609752], "k2_xh2h_mi_sem": [0.06609211061843252], "k2_xh2h_nimmi_syn_avg": [0.23795253139383968], "k2_xh2h_nimmi_syn_sem": [0.023423222273593683]}