{"avg_reward": 0.981, "accuracy": 0.905, "k2_xh2h_immi_syn_avg": [0.13883125869770666], "k2_xh2h_immi_syn_sem": [0.024061138148619064], "k2_xh2h_mi_avg": [0.630596564175629], "k2_xh2h_mi_sem": [0.06367531439163544], "k2_xh2h_nimmi_syn_avg": [0.22760859273599068], "k2_xh2h_nimmi_syn_sem": [0.024727872318008933]}