{"avg_reward": 0.9725, "accuracy": 0.86, "k2_xh2h_immi_syn_avg": [0.1645580807916461], "k2_xh2h_immi_syn_sem": [0.030555202174315864], "k2_xh2h_mi_avg": [0.6799808190427146], "k2_xh2h_mi_sem": [0.06611530251367478], "k2_xh2h_nimmi_syn_avg": [0.22626846072275392], "k2_xh2h_nimmi_syn_sem": [0.021543594915536982]}