{"avg_reward": 0.983, "accuracy": 0.915, "k2_xh2h_immi_syn_avg": [0.21835571121812292], "k2_xh2h_immi_syn_sem": [0.034536184174499274], "k2_xh2h_mi_avg": [0.7841487096177179], "k2_xh2h_mi_sem": [0.07175291992575418], "k2_xh2h_nimmi_syn_avg": [0.2460255138804513], "k2_xh2h_nimmi_syn_sem": [0.022742792979556108]}