{"avg_reward": 0.9835, "accuracy": 0.91, "k2_xh2h_immi_syn_avg": [0.17583622223329473], "k2_xh2h_immi_syn_sem": [0.024961560309023714], "k2_xh2h_mi_avg": [0.6788937796024509], "k2_xh2h_mi_sem": [0.056989170090748865], "k2_xh2h_nimmi_syn_avg": [0.2530685752593043], "k2_xh2h_nimmi_syn_sem": [0.02413741066258436]}