{"avg_reward": 0.9785, "accuracy": 0.895, "k2_xh2h_immi_syn_avg": [0.13930927567566964], "k2_xh2h_immi_syn_sem": [0.02401094584952631], "k2_xh2h_mi_avg": [0.6480062606631738], "k2_xh2h_mi_sem": [0.057323481536311845], "k2_xh2h_nimmi_syn_avg": [0.20115737962117117], "k2_xh2h_nimmi_syn_sem": [0.02068685349912131]}