{"avg_reward": 0.9815, "accuracy": 0.91, "k2_xh2h_immi_syn_avg": [0.12300239237783132], "k2_xh2h_immi_syn_sem": [0.01987682583503412], "k2_xh2h_mi_avg": [0.5699686920747683], "k2_xh2h_mi_sem": [0.04331167315377272], "k2_xh2h_nimmi_syn_avg": [0.20727971734772907], "k2_xh2h_nimmi_syn_sem": [0.022518392902014628]}