{"avg_reward": 1.0, "accuracy": 1.0, "k2_x2h_imin_syn_avg": [1.0, 0.10493736124732952, 0.015304930567574836], "k2_x2h_imin_syn_sem": [NaN, 0.03385700001489985, 0.015304930567574822], "k2_x2h_mi_avg": [2.0, 0.778813680399305, 0.9165580555074785], "k2_x2h_mi_sem": [NaN, 0.05540311622708199, 0.036125735621204955], "k2_x2h_immi_syn_avg": [1.0, 0.158713472390492, 0.015304930567574824], "k2_x2h_immi_syn_sem": [NaN, 0.03887638084246033, 0.01530493056757482], "k2_x2h_nimin_syn_avg": [0.5, 0.08578949087161729, 0.015304930567574855], "k2_x2h_nimin_syn_sem": [NaN, 0.024902295274225553, 0.015304930567574822], "k2_x2h_nimmi_syn_avg": [0.5, 0.1336953705306273, 0.015304930567574824], "k2_x2h_nimmi_syn_sem": [NaN, 0.029159640014563407, 0.01530493056757482], "k2_x2h_imin_red_avg": [1.0, 0.17514618041533073, 0.42325812484374953], "k2_x2h_imin_red_sem": [NaN, 0.03112731844287352, 0.0643459247722148], "k2_x2h_immi_red_avg": [1.0, 0.22892229155849325, 0.42325812484374953], "k2_x2h_immi_red_sem": [NaN, 0.04018666866190681, 0.0643459247722148], "k2_x2h_nimin_red_avg": [0.5, 0.17689499988247823, 0.42325812484374953], "k2_x2h_nimin_red_sem": [NaN, 0.03562849485500303, 0.0643459247722148], "k2_x2h_nimmi_red_avg": [0.5, 0.22480087954148828, 0.42325812484374953], "k2_x2h_nimmi_red_sem": [NaN, 0.041222076580204034, 0.0643459247722148], "k2_x2h_tuples_syn": [{"imin_syn_0_1": 1.0, "mi_0_1": 2.0, "immi_syn_0_1": 1.0, "nimin_syn_0_1": 0.5, "nimmi_syn_0_1": 0.5}, {"imin_syn_0_1": 0.0, "mi_0_1": 0.5, "immi_syn_0_1": 0.0, "nimin_syn_0_1": 0.0, "nimmi_syn_0_1": 0.0, "imin_syn_0_2": 0.04248125036057815, "mi_0_2": 1.0, "immi_syn_0_2": 0.18872187554086706, "nimin_syn_0_2": 0.04248125036057815, "nimmi_syn_0_2": 0.18872187554086706, "imin_syn_0_3": 0.04248125036057815, "mi_0_3": 1.0, "immi_syn_0_3": 0.18872187554086706, "nimin_syn_0_3": 0.04248125036057815, "nimmi_syn_0_3": 0.18872187554086706, "imin_syn_0_4": 1.0, "mi_0_4": 1.5, "immi_syn_0_4": 1.0, "nimin_syn_0_4": 0.6666666666666666, "nimmi_syn_0_4": 0.6666666666666666, "imin_syn_0_5": 0.0, "mi_0_5": 0.5, "immi_syn_0_5": 0.0, "nimin_syn_0_5": 0.0, "nimmi_syn_0_5": 0.0, "imin_syn_0_6": 0.0, "mi_0_6": 0.5, "immi_syn_0_6": 0.0, "nimin_syn_0_6": 0.0, "nimmi_syn_0_6": 0.0, "imin_syn_0_7": 0.0, "mi_0_7": 0.5, "immi_syn_0_7": 0.0, "nimin_syn_0_7": 0.0, "nimmi_syn_0_7": 0.0, "imin_syn_0_8": 0.396240625180289, "mi_0_8": 1.0, "immi_syn_0_8": 0.5, "nimin_syn_0_8": 0.396240625180289, "nimmi_syn_0_8": 0.5, "imin_syn_0_9": 0.04248125036057815, "mi_0_9": 1.0, "immi_syn_0_9": 0.18872187554086706, "nimin_syn_0_9": 0.04248125036057815, "nimmi_syn_0_9": 0.18872187554086706, "imin_syn_1_2": 1.1102230246251565e-16, "mi_1_2": 0.8112781244591329, "immi_syn_1_2": 0.0, "nimin_syn_1_2": 1.3684863318178654e-16, "nimmi_syn_1_2": 0.0, "imin_syn_1_3": 1.1102230246251565e-16, "mi_1_3": 0.8112781244591329, "immi_syn_1_3": 0.0, "nimin_syn_1_3": 1.3684863318178654e-16, "nimmi_syn_1_3": 0.0, "imin_syn_1_4": 0.0, "mi_1_4": 0.5, "immi_syn_1_4": 0.0, "nimin_syn_1_4": 0.0, "nimmi_syn_1_4": 0.0, "imin_syn_1_5": 0.0, "mi_1_5": 0.0, "immi_syn_1_5": 0.0, "nimin_syn_1_5": 0, "nimmi_syn_1_5": 0, "imin_syn_1_6": 0.0, "mi_1_6": 0.0, "immi_syn_1_6": 0.0, "nimin_syn_1_6": 0, "nimmi_syn_1_6": 0, "imin_syn_1_7": 0.0, "mi_1_7": 0.5, "immi_syn_1_7": 0.0, "nimin_syn_1_7": 0.0, "nimmi_syn_1_7": 0.0, "imin_syn_1_8": 1.1102230246251565e-16, "mi_1_8": 0.31127812445913294, "immi_syn_1_8": 0.0, "nimin_syn_1_8": 3.566659322926226e-16, "nimmi_syn_1_8": 0.0, "imin_syn_1_9": 1.1102230246251565e-16, "mi_1_9": 0.8112781244591329, "immi_syn_1_9": 0.0, "nimin_syn_1_9": 1.3684863318178654e-16, "nimmi_syn_1_9": 0.0, "imin_syn_2_3": 0.29248125036057804, "mi_2_3": 1.5, "immi_syn_2_3": 0.6887218755408671, "nimin_syn_2_3": 0.19498750024038536, "nimmi_syn_2_3": 0.4591479170272447, "imin_syn_2_4": 0.04248125036057815, "mi_2_4": 1.0, "immi_syn_2_4": 0.18872187554086706, "nimin_syn_2_4": 0.04248125036057815, "nimmi_syn_2_4": 0.18872187554086706, "imin_syn_2_5": 1.1102230246251565e-16, "mi_2_5": 0.8112781244591329, "immi_syn_2_5": 0.0, "nimin_syn_2_5": 1.3684863318178654e-16, "nimmi_syn_2_5": 0.0, "imin_syn_2_6": 1.1102230246251565e-16, "mi_2_6": 0.8112781244591329, "immi_syn_2_6": 0.0, "nimin_syn_2_6": 1.3684863318178654e-16, "nimmi_syn_2_6": 0.0, "imin_syn_2_7": 0.04248125036057815, "mi_2_7": 1.0, "immi_syn_2_7": 0.18872187554086706, "nimin_syn_2_7": 0.04248125036057815, "nimmi_syn_2_7": 0.18872187554086706, "imin_syn_2_8": 0.18872187554086717, "mi_2_8": 1.0, "immi_syn_2_8": 0.18872187554086706, "nimin_syn_2_8": 0.18872187554086717, "nimmi_syn_2_8": 0.18872187554086706, "imin_syn_2_9": 0.29248125036057804, "mi_2_9": 1.5, "immi_syn_2_9": 0.6887218755408671, "nimin_syn_2_9": 0.19498750024038536, "nimmi_syn_2_9": 0.4591479170272447, "imin_syn_3_4": 0.04248125036057815, "mi_3_4": 1.0, "immi_syn_3_4": 0.18872187554086706, "nimin_syn_3_4": 0.04248125036057815, "nimmi_syn_3_4": 0.18872187554086706, "imin_syn_3_5": 1.1102230246251565e-16, "mi_3_5": 0.8112781244591329, "immi_syn_3_5": 0.0, "nimin_syn_3_5": 1.3684863318178654e-16, "nimmi_syn_3_5": 0.0, "imin_syn_3_6": 1.1102230246251565e-16, "mi_3_6": 0.8112781244591329, "immi_syn_3_6": 0.0, "nimin_syn_3_6": 1.3684863318178654e-16, "nimmi_syn_3_6": 0.0, "imin_syn_3_7": 0.04248125036057815, "mi_3_7": 1.0, "immi_syn_3_7": 0.18872187554086706, "nimin_syn_3_7": 0.04248125036057815, "nimmi_syn_3_7": 0.18872187554086706, "imin_syn_3_8": 0.18872187554086717, "mi_3_8": 1.0, "immi_syn_3_8": 0.18872187554086706, "nimin_syn_3_8": 0.18872187554086717, "nimmi_syn_3_8": 0.18872187554086706, "imin_syn_3_9": 1.1102230246251565e-16, "mi_3_9": 0.8112781244591329, "immi_syn_3_9": 0.0, "nimin_syn_3_9": 1.3684863318178654e-16, "nimmi_syn_3_9": 0.0, "imin_syn_4_5": 0.0, "mi_4_5": 0.5, "immi_syn_4_5": 0.0, "nimin_syn_4_5": 0.0, "nimmi_syn_4_5": 0.0, "imin_syn_4_6": 0.0, "mi_4_6": 0.5, "immi_syn_4_6": 0.0, "nimin_syn_4_6": 0.0, "nimmi_syn_4_6": 0.0, "imin_syn_4_7": 1.0, "mi_4_7": 1.5, "immi_syn_4_7": 1.0, "nimin_syn_4_7": 0.6666666666666666, "nimmi_syn_4_7": 0.6666666666666666, "imin_syn_4_8": 0.396240625180289, "mi_4_8": 1.0, "immi_syn_4_8": 0.5, "nimin_syn_4_8": 0.396240625180289, "nimmi_syn_4_8": 0.5, "imin_syn_4_9": 0.04248125036057815, "mi_4_9": 1.0, "immi_syn_4_9": 0.18872187554086706, "nimin_syn_4_9": 0.04248125036057815, "nimmi_syn_4_9": 0.18872187554086706, "imin_syn_5_6": 0.0, "mi_5_6": 0.0, "immi_syn_5_6": 0.0, "nimin_syn_5_6": 0, "nimmi_syn_5_6": 0, "imin_syn_5_7": 0.0, "mi_5_7": 0.5, "immi_syn_5_7": 0.0, "nimin_syn_5_7": 0.0, "nimmi_syn_5_7": 0.0, "imin_syn_5_8": 1.1102230246251565e-16, "mi_5_8": 0.31127812445913294, "immi_syn_5_8": 0.0, "nimin_syn_5_8": 3.566659322926226e-16, "nimmi_syn_5_8": 0.0, "imin_syn_5_9": 1.1102230246251565e-16, "mi_5_9": 0.8112781244591329, "immi_syn_5_9": 0.0, "nimin_syn_5_9": 1.3684863318178654e-16, "nimmi_syn_5_9": 0.0, "imin_syn_6_7": 0.0, "mi_6_7": 0.5, "immi_syn_6_7": 0.0, "nimin_syn_6_7": 0.0, "nimmi_syn_6_7": 0.0, "imin_syn_6_8": 1.1102230246251565e-16, "mi_6_8": 0.31127812445913294, "immi_syn_6_8": 0.0, "nimin_syn_6_8": 3.566659322926226e-16, "nimmi_syn_6_8": 0.0, "imin_syn_6_9": 1.1102230246251565e-16, "mi_6_9": 0.8112781244591329, "immi_syn_6_9": 0.0, "nimin_syn_6_9": 1.3684863318178654e-16, "nimmi_syn_6_9": 0.0, "imin_syn_7_8": 0.396240625180289, "mi_7_8": 1.0, "immi_syn_7_8": 0.5, "nimin_syn_7_8": 0.396240625180289, "nimmi_syn_7_8": 0.5, "imin_syn_7_9": 0.04248125036057815, "mi_7_9": 1.0, "immi_syn_7_9": 0.18872187554086706, "nimin_syn_7_9": 0.04248125036057815, "nimmi_syn_7_9": 0.18872187554086706, "imin_syn_8_9": 0.18872187554086717, "mi_8_9": 1.0, "immi_syn_8_9": 0.18872187554086706, "nimin_syn_8_9": 0.18872187554086717, "nimmi_syn_8_9": 0.18872187554086706}, {"imin_syn_0_1": 0.0, "mi_0_1": 1.0, "immi_syn_0_1": 0.0, "nimin_syn_0_1": 0.0, "nimmi_syn_0_1": 0.0, "imin_syn_0_2": 0.0, "mi_0_2": 1.0, "immi_syn_0_2": 0.0, "nimin_syn_0_2": 0.0, "nimmi_syn_0_2": 0.0, "imin_syn_0_3": 0.0, "mi_0_3": 1.0, "immi_syn_0_3": 0.0, "nimin_syn_0_3": 0.0,