{"avg_reward": 0.9655, "accuracy": 0.825, "k2_xh2h_immi_syn_avg": [0.16140789829447766], "k2_xh2h_immi_syn_sem": [0.011481128006197522], "k2_xh2h_mi_avg": [0.6560418282886072], "k2_xh2h_mi_sem": [0.053339180301627945], "k2_xh2h_nimmi_syn_avg": [0.30018134718031836], "k2_xh2h_nimmi_syn_sem": [0.0210738894504392]}