{"avg_reward": 0.97, "accuracy": 0.855, "k2_xh2h_immi_syn_avg": [0.19004518031830642], "k2_xh2h_immi_syn_sem": [0.017520051443284865], "k2_xh2h_mi_avg": [0.7325612711386486], "k2_xh2h_mi_sem": [0.05967367331173977], "k2_xh2h_nimmi_syn_avg": [0.3138995170074118], "k2_xh2h_nimmi_syn_sem": [0.021027201302334386]}