{"avg_reward": 0.9645, "accuracy": 0.82, "k2_xh2h_immi_syn_avg": [0.2664317523897852], "k2_xh2h_immi_syn_sem": [0.0358960058853583], "k2_xh2h_mi_avg": [0.8698532048231554], "k2_xh2h_mi_sem": [0.07538322109426421], "k2_xh2h_nimmi_syn_avg": [0.32117265476638257], "k2_xh2h_nimmi_syn_sem": [0.02046617924860275]}