{"avg_reward": 0.9735, "accuracy": 0.87, "k2_xh2h_immi_syn_avg": [0.21146085253895844], "k2_xh2h_immi_syn_sem": [0.02302765201870789], "k2_xh2h_mi_avg": [0.6700557396762357], "k2_xh2h_mi_sem": [0.060912095477805475], "k2_xh2h_nimmi_syn_avg": [0.35230141254768], "k2_xh2h_nimmi_syn_sem": [0.018521778911047723]}