{"avg_reward": 0.962, "accuracy": 0.82, "k2_xh2h_immi_syn_avg": [0.19882018173624402], "k2_xh2h_immi_syn_sem": [0.016140530584293527], "k2_xh2h_mi_avg": [0.6729435965484664], "k2_xh2h_mi_sem": [0.05700810237717488], "k2_xh2h_nimmi_syn_avg": [0.33495145999786985], "k2_xh2h_nimmi_syn_sem": [0.017461144165335157]}