{"avg_reward": 0.9565, "accuracy": 0.77, "k2_xh2h_immi_syn_avg": [0.2198212860974808], "k2_xh2h_immi_syn_sem": [0.02367990352207464], "k2_xh2h_mi_avg": [0.7666777512697988], "k2_xh2h_mi_sem": [0.06780155383804286], "k2_xh2h_nimmi_syn_avg": [0.31457111652012404], "k2_xh2h_nimmi_syn_sem": [0.017662660999363238]}