{"avg_reward": 0.9665, "accuracy": 0.835, "k2_xh2h_immi_syn_avg": [0.22778859364492612], "k2_xh2h_immi_syn_sem": [0.026680500560534857], "k2_xh2h_mi_avg": [0.6875770266455788], "k2_xh2h_mi_sem": [0.0657651312684509], "k2_xh2h_nimmi_syn_avg": [0.3635723565138413], "k2_xh2h_nimmi_syn_sem": [0.017910663738995494]}