{"avg_reward": 0.9685, "accuracy": 0.855, "k2_xh2h_immi_syn_avg": [0.21561760265985772], "k2_xh2h_immi_syn_sem": [0.024917211266853326], "k2_xh2h_mi_avg": [0.744893676484487], "k2_xh2h_mi_sem": [0.07300795355748907], "k2_xh2h_nimmi_syn_avg": [0.3345235715000254], "k2_xh2h_nimmi_syn_sem": [0.019334914412746006]}