{"avg_reward": 0.962, "accuracy": 0.805, "k2_xh2h_immi_syn_avg": [0.18288153072314764], "k2_xh2h_immi_syn_sem": [0.005776190649780267], "k2_xh2h_mi_avg": [0.7255704934940659], "k2_xh2h_mi_sem": [0.055514611831665034], "k2_xh2h_nimmi_syn_avg": [0.31358384396514316], "k2_xh2h_nimmi_syn_sem": [0.02012798876802652]}