{"avg_reward": 0.9565, "accuracy": 0.78, "k2_xh2h_immi_syn_avg": [0.21825466284121633], "k2_xh2h_immi_syn_sem": [0.021488716418089863], "k2_xh2h_mi_avg": [0.782014340263426], "k2_xh2h_mi_sem": [0.06549802821832897], "k2_xh2h_nimmi_syn_avg": [0.3259789669645716], "k2_xh2h_nimmi_syn_sem": [0.01972083990567807]}