{"avg_reward_avg": 0.976, "avg_reward_sem": 0.0023851391759997778, "accuracy_avg": 0.874, "accuracy_sem": 0.011661903789690595, "k2_xh2h_immi_syn_avg_avg": [0.16731990255962298], "k2_xh2h_immi_syn_avg_sem": [0.006807236295856518], "k2_xh2h_immi_syn_sem_avg": [0.024985488920131686], "k2_xh2h_immi_syn_sem_sem": [0.0012961231057763095], "k2_xh2h_mi_avg_avg": [0.6474683248369304], "k2_xh2h_mi_avg_sem": [0.019457906697420976], "k2_xh2h_mi_sem_avg": [0.056380005016409496], "k2_xh2h_mi_sem_sem": [0.0018523621207779072], "k2_xh2h_nimmi_syn_avg_avg": [0.26046391957416515], "k2_xh2h_nimmi_syn_avg_sem": [0.005129295725405856], "k2_xh2h_nimmi_syn_sem_avg": [0.02237869236641669], "k2_xh2h_nimmi_syn_sem_sem": [0.0006235635450577917]}