{"avg_reward": 0.972, "accuracy": 0.86, "k2_xh2h_immi_syn_avg": [0.1771370097251828], "k2_xh2h_immi_syn_sem": [0.024264214434775996], "k2_xh2h_mi_avg": [0.7182575831075743], "k2_xh2h_mi_sem": [0.0538719196664443], "k2_xh2h_nimmi_syn_avg": [0.23892176408240098], "k2_xh2h_nimmi_syn_sem": [0.0214584929480297]}