{"avg_reward": 0.984, "accuracy": 0.91, "k2_xh2h_immi_syn_avg": [0.15297959659886776], "k2_xh2h_immi_syn_sem": [0.01943206858242167], "k2_xh2h_mi_avg": [0.5795188519086482], "k2_xh2h_mi_sem": [0.04865646811963646], "k2_xh2h_nimmi_syn_avg": [0.28146124163889974], "k2_xh2h_nimmi_syn_sem": [0.02266118792193845]}