{"avg_reward": 0.963, "accuracy": 0.81, "k2_xh2h_immi_syn_avg": [0.18897040635602416], "k2_xh2h_immi_syn_sem": [0.021133666731561026], "k2_xh2h_mi_avg": [0.7224301267257571], "k2_xh2h_mi_sem": [0.05136480240603083], "k2_xh2h_nimmi_syn_avg": [0.2671678264377247], "k2_xh2h_nimmi_syn_sem": [0.022712524922202704]}