{"avg_reward": 0.974, "accuracy": 0.88, "k2_xh2h_immi_syn_avg": [0.1987460126373291], "k2_xh2h_immi_syn_sem": [0.033227037293199806], "k2_xh2h_mi_avg": [0.7052438658483393], "k2_xh2h_mi_sem": [0.06267456539897667], "k2_xh2h_nimmi_syn_avg": [0.2543518394302322], "k2_xh2h_nimmi_syn_sem": [0.023151730329585236]}