{"avg_reward": 0.976, "accuracy": 0.87, "k2_xh2h_immi_syn_avg": [0.17483377362203353], "k2_xh2h_immi_syn_sem": [0.022878429500921386], "k2_xh2h_mi_avg": [0.6274336990784687], "k2_xh2h_mi_sem": [0.05990350592388795], "k2_xh2h_nimmi_syn_avg": [0.28948201926732176], "k2_xh2h_nimmi_syn_sem": [0.019987409770880486]}