{"avg_reward": 0.978, "accuracy": 0.87, "k2_xh2h_immi_syn_avg": [0.12399395511613785], "k2_xh2h_immi_syn_sem": [0.022478516286724596], "k2_xh2h_mi_avg": [0.5379927532324399], "k2_xh2h_mi_sem": [0.054005054321522895], "k2_xh2h_nimmi_syn_avg": [0.24456329857478423], "k2_xh2h_nimmi_syn_sem": [0.020235305275300024]}