{"avg_reward": 0.971, "accuracy": 0.85, "k2_xh2h_immi_syn_avg": [0.14872926327022712], "k2_xh2h_immi_syn_sem": [0.0267200824554699], "k2_xh2h_mi_avg": [0.6607393294589103], "k2_xh2h_mi_sem": [0.066916591449851], "k2_xh2h_nimmi_syn_avg": [0.2612321921800102], "k2_xh2h_nimmi_syn_sem": [0.026113616135179117]}