{"avg_reward": 0.974, "accuracy": 0.86, "k2_xh2h_immi_syn_avg": [0.16173755897190403], "k2_xh2h_immi_syn_sem": [0.023740510478254317], "k2_xh2h_mi_avg": [0.6409150512883178], "k2_xh2h_mi_sem": [0.05087175273792754], "k2_xh2h_nimmi_syn_avg": [0.24373058622954827], "k2_xh2h_nimmi_syn_sem": [0.020511982404361247]}