{"avg_reward": 0.991, "accuracy": 0.95, "k2_xh2h_immi_syn_avg": [0.17730102697297725], "k2_xh2h_immi_syn_sem": [0.02935657048606671], "k2_xh2h_mi_avg": [0.6785079413041591], "k2_xh2h_mi_sem": [0.06049051647268249], "k2_xh2h_nimmi_syn_avg": [0.2610823459402708], "k2_xh2h_nimmi_syn_sem": [0.024741969270226764]}