{"avg_reward": 0.931, "accuracy": 0.66, "k2_xh2h_immi_syn_avg": [0.2757893886794782], "k2_xh2h_immi_syn_sem": [0.024040877047594302], "k2_xh2h_mi_avg": [0.847062485212865], "k2_xh2h_mi_sem": [0.052651341635429484], "k2_xh2h_nimmi_syn_avg": [0.31869985097127446], "k2_xh2h_nimmi_syn_sem": [0.019406949900087095]}