{"avg_reward": 0.921, "accuracy": 0.62, "k2_xh2h_immi_syn_avg": [0.27661739754017756], "k2_xh2h_immi_syn_sem": [0.021101311814661242], "k2_xh2h_mi_avg": [0.912461876604878], "k2_xh2h_mi_sem": [0.053377651687181865], "k2_xh2h_nimmi_syn_avg": [0.3076736749981497], "k2_xh2h_nimmi_syn_sem": [0.0137806365351324]}