{"avg_reward": 0.936, "accuracy": 0.68, "k2_xh2h_immi_syn_avg": [0.31318990704651867], "k2_xh2h_immi_syn_sem": [0.022098582651454462], "k2_xh2h_mi_avg": [0.9348730734629892], "k2_xh2h_mi_sem": [0.059022320477524745], "k2_xh2h_nimmi_syn_avg": [0.34555195999814914], "k2_xh2h_nimmi_syn_sem": [0.013311243545788082]}