{"avg_reward": 0.954, "accuracy": 0.77, "k2_xh2h_immi_syn_avg": [0.2314255148901119], "k2_xh2h_immi_syn_sem": [0.014588527037113566], "k2_xh2h_mi_avg": [0.7816751746653309], "k2_xh2h_mi_sem": [0.045050471532988], "k2_xh2h_nimmi_syn_avg": [0.30738867303327183], "k2_xh2h_nimmi_syn_sem": [0.014826457576826203]}