{"avg_reward": 0.947, "accuracy": 0.72, "k2_xh2h_immi_syn_avg": [0.23421904794185344], "k2_xh2h_immi_syn_sem": [0.025323562465952704], "k2_xh2h_mi_avg": [0.722041909783347], "k2_xh2h_mi_sem": [0.05344315786021244], "k2_xh2h_nimmi_syn_avg": [0.3197732773817236], "k2_xh2h_nimmi_syn_sem": [0.017036637741147786]}