{"avg_reward": 0.941, "accuracy": 0.7, "k2_xh2h_immi_syn_avg": [0.23670318270397497], "k2_xh2h_immi_syn_sem": [0.022369553303787242], "k2_xh2h_mi_avg": [0.7313745076588964], "k2_xh2h_mi_sem": [0.05052317570694801], "k2_xh2h_nimmi_syn_avg": [0.3227222553659032], "k2_xh2h_nimmi_syn_sem": [0.019786342879832705]}