{"avg_reward": 0.922, "accuracy": 0.6, "k2_xh2h_immi_syn_avg": [0.27052040318624826], "k2_xh2h_immi_syn_sem": [0.0255989596467757], "k2_xh2h_mi_avg": [0.8417540656365925], "k2_xh2h_mi_sem": [0.05825218326690365], "k2_xh2h_nimmi_syn_avg": [0.31739208941801034], "k2_xh2h_nimmi_syn_sem": [0.015163182906910619]}