{"avg_reward": 0.932, "accuracy": 0.66, "k2_xh2h_immi_syn_avg": [0.23447441938699537], "k2_xh2h_immi_syn_sem": [0.02500932328271246], "k2_xh2h_mi_avg": [0.7392524075461508], "k2_xh2h_mi_sem": [0.05785570485795894], "k2_xh2h_nimmi_syn_avg": [0.31671900994111685], "k2_xh2h_nimmi_syn_sem": [0.01607631872138777]}