{"avg_reward_avg": 0.007554806695686903, "avg_reward_sem": 0.0013449768872513597, "accuracy_avg": 0.50625, "accuracy_sem": 0.04881406047441659, "IQR_binning_avg": 1.0, "IQR_binning_sem": 0.0, "layer_max_bin_avg": 5.0, "layer_max_bin_sem": 0.0, "k2_x2h_ray_imin_syn_avg_avg": [0.47961107617983806, 0.2561905824337603, 0.09467212568794282], "k2_x2h_ray_imin_syn_avg_sem": [0.058106321535672315, 0.07129426509386265, 0.02025372168163747], "k2_x2h_ray_imin_syn_sem_avg": [0.039324646095095436, 0.037019317827203704, 0.013141039907016797], "k2_x2h_ray_imin_syn_sem_sem": [0.003945035345714291, 0.005982097627773105, 0.0020439764761870823], "k2_x2h_ray_mi_avg_avg": [1.3360358177177587, 1.733919899259713, 0.6807873571393955], "k2_x2h_ray_mi_avg_sem": [0.15323854447931692, 0.26987899200866616, 0.09936425212176977], "k2_x2h_ray_mi_sem_avg": [0.05135384287035179, 0.13298415159656268, 0.04935492602478703], "k2_x2h_ray_mi_sem_sem": [0.007241168363559548, 0.01742290827065291, 0.0027491767566061036], "k2_x2h_ray_immi_syn_avg_avg": [0.6227316134564925, 0.3663094878450634, 0.12234518625721642], "k2_x2h_ray_immi_syn_avg_sem": [0.0730691343194536, 0.0866320124730046, 0.02558568167881412], "k2_x2h_ray_immi_syn_sem_avg": [0.04410836211788942, 0.05243271563870935, 0.018043743310487876], "k2_x2h_ray_immi_syn_sem_sem": [0.00546218588489396, 0.007262514442815154, 0.002762790517878319], "k2_x2h_ray_nimin_syn_avg_avg": [0.36327409178448716, 0.09748315761368886, 0.12932979544018086], "k2_x2h_ray_nimin_syn_avg_sem": [0.01531494584606966, 0.018480982300889, 0.01635449033737746], "k2_x2h_ray_nimin_syn_sem_avg": [0.025011759277611435, 0.013649554949282963, 0.018366745376951085], "k2_x2h_ray_nimin_syn_sem_sem": [0.004407247890819903, 0.0012307444544381063, 0.0014457145009648207], "k2_x2h_ray_nimmi_syn_avg_avg": [0.4665200295504598, 0.1521898920932795, 0.15995613445767912], "k2_x2h_ray_nimmi_syn_avg_sem": [0.015407495544158885, 0.023354061346412665, 0.01972067390361796], "k2_x2h_ray_nimmi_syn_sem_avg": [0.02422168088197411, 0.02091439266455688, 0.02252780776689171], "k2_x2h_ray_nimmi_syn_sem_sem": [0.0041701725326943485, 0.0009368004832754099, 0.0011964479172480937], "k2_x2h_pos_imin_syn_avg_avg": [0.49801163298883344, 0.2561905824337603, 0.09467212568794282], "k2_x2h_pos_imin_syn_avg_sem": [0.0549073079508516, 0.07129426509386265, 0.02025372168163747], "k2_x2h_pos_imin_syn_sem_avg": [0.03125339512446434, 0.037019317827203704, 0.013141039907016797], "k2_x2h_pos_imin_syn_sem_sem": [0.005252645292883603, 0.005982097627773105, 0.0020439764761870823], "k2_x2h_pos_mi_avg_avg": [1.9938357015438632, 1.733919899259713, 0.6807873571393955], "k2_x2h_pos_mi_avg_sem": [0.22286106154095106, 0.26987899200866616, 0.09936425212176977], "k2_x2h_pos_mi_sem_avg": [0.03150190474594151, 0.13298415159656268, 0.04935492602478703], "k2_x2h_pos_mi_sem_sem": [0.006051158051910358, 0.01742290827065291, 0.0027491767566061036], "k2_x2h_pos_immi_syn_avg_avg": [0.5352871358081217, 0.3663094878450634, 0.12234518625721642], "k2_x2h_pos_immi_syn_avg_sem": [0.058248224169906763, 0.0866320124730046, 0.02558568167881412], "k2_x2h_pos_immi_syn_sem_avg": [0.03150190474594146, 0.05243271563870935, 0.018043743310487876], "k2_x2h_pos_immi_syn_sem_sem": [0.0060511580519103745, 0.007262514442815154, 0.002762790517878319], "k2_x2h_pos_nimin_syn_avg_avg": [0.2557815137263191, 0.09748315761368886, 0.12932979544018086], "k2_x2h_pos_nimin_syn_avg_sem": [0.015394448392914492, 0.018480982300889, 0.01635449033737746], "k2_x2h_pos_nimin_syn_sem_avg": [0.012516150269225285, 0.013649554949282963, 0.018366745376951085], "k2_x2h_pos_nimin_syn_sem_sem": [0.002080486758399229, 0.0012307444544381063, 0.0014457145009648207], "k2_x2h_pos_nimmi_syn_avg_avg": [0.2746198382385063, 0.1521898920932795, 0.15995613445767912], "k2_x2h_pos_nimmi_syn_avg_sem": [0.016392160039003914, 0.023354061346412665, 0.01972067390361796], "k2_x2h_pos_nimmi_syn_sem_avg": [0.01236916498587139, 0.02091439266455688, 0.02252780776689171], "k2_x2h_pos_nimmi_syn_sem_sem": [0.002612881645469554, 0.0009368004832754099, 0.0011964479172480937]}