{"avg_reward": 0.01127691817648568, "accuracy": 0.625, "IQR_binning": true, "layer_max_bin": 5, "k2_x2h_ray_imin_syn_avg": [0.4145776615967467, 0.12150079615108739, 0.13466559591037433], "k2_x2h_ray_imin_syn_sem": [0.04222879441911295, 0.012694270823454566, 0.01844412753836931], "k2_x2h_ray_mi_avg": [1.2061327078754231, 1.148458431195512, 0.7518110202473832], "k2_x2h_ray_mi_sem": [0.07137364702175396, 0.05445985606363591, 0.04324200215603356], "k2_x2h_ray_immi_syn_avg": [0.4910425110122641, 0.2957390730967595, 0.16841884008342475], "k2_x2h_ray_immi_syn_sem": [0.06221192947813099, 0.028670931268735777, 0.02275737086907151], "k2_x2h_ray_nimin_syn_avg": [0.34256271820016165, 0.10006920248204512, 0.17232914633766575], "k2_x2h_ray_nimin_syn_sem": [0.02053623360598524, 0.006846132834340991, 0.02091737504897244], "k2_x2h_ray_nimmi_syn_avg": [0.40480873001519396, 0.24304301228887135, 0.213771002451433], "k2_x2h_ray_nimmi_syn_sem": [0.03380488071497373, 0.015915281142634404, 0.02593596153142079], "k2_x2h_pos_imin_syn_avg": [0.3262560313590475, 0.12150079615108739, 0.13466559591037433], "k2_x2h_pos_imin_syn_sem": [0.017944250432510953, 0.012694270823454566, 0.01844412753836931], "k2_x2h_pos_mi_avg": [1.623672819655064, 1.148458431195512, 0.7518110202473832], "k2_x2h_pos_mi_sem": [0.015790393578817282, 0.05445985606363591, 0.04324200215603356], "k2_x2h_pos_immi_syn_avg": [0.3343276268151678, 0.2957390730967595, 0.16841884008342475], "k2_x2h_pos_immi_syn_sem": [0.01579039357881714, 0.028670931268735777, 0.02275737086907151], "k2_x2h_pos_nimin_syn_avg": [0.20076053959159448, 0.10006920248204512, 0.17232914633766575], "k2_x2h_pos_nimin_syn_sem": [0.009208467697267545, 0.006846132834340991, 0.02091737504897244], "k2_x2h_pos_nimmi_syn_avg": [0.2057565383196253, 0.24304301228887135, 0.213771002451433], "k2_x2h_pos_nimmi_syn_sem": [0.00779993498559706, 0.015915281142634404, 0.02593596153142079]}