{"avg_reward": 0.0066070166749600335, "accuracy": 0.5, "IQR_binning": true, "layer_max_bin": 5, "k2_x2h_ray_imin_syn_avg": [0.4747006543228975, 0.468076366433422, 0.13460875292029864], "k2_x2h_ray_imin_syn_sem": [0.06374099415017341, 0.0553673310522736, 0.01970947022779229], "k2_x2h_ray_mi_avg": [1.655434408350714, 2.677662539721449, 0.8351134111266307], "k2_x2h_ray_mi_sem": [0.04914443553561975, 0.14600300544251893, 0.06447290869843948], "k2_x2h_ray_immi_syn_avg": [0.7355448944484042, 0.6257474921272367, 0.1697048106768594], "k2_x2h_ray_immi_syn_sem": [0.06196167649667186, 0.07441308797742346, 0.026015059080268847], "k2_x2h_ray_nimin_syn_avg": [0.28581101919890206, 0.1470779608321582, 0.1352306010288468], "k2_x2h_ray_nimin_syn_sem": [0.03389472193539612, 0.016670584656316885, 0.018258424980391135], "k2_x2h_ray_nimmi_syn_avg": [0.4429905954034079, 0.1972235432165306, 0.16751373962539431], "k2_x2h_ray_nimmi_syn_sem": [0.026315631771170984, 0.022570772159180002, 0.023354563733280653], "k2_x2h_pos_imin_syn_avg": [0.5378511314164155, 0.468076366433422, 0.13460875292029864], "k2_x2h_pos_imin_syn_sem": [0.05729280680446472, 0.0553673310522736, 0.01970947022779229], "k2_x2h_pos_mi_avg": [2.6442148201736915, 2.677662539721449, 0.8351134111266307], "k2_x2h_pos_mi_sem": [0.05414271002478796, 0.14600300544251893, 0.06447290869843948], "k2_x2h_pos_immi_syn_avg": [0.582857897146364, 0.6257474921272367, 0.1697048106768594], "k2_x2h_pos_immi_syn_sem": [0.05414271002478796, 0.07441308797742346, 0.026015059080268847], "k2_x2h_pos_nimin_syn_avg": [0.20270622945999173, 0.1470779608321582, 0.1352306010288468], "k2_x2h_pos_nimin_syn_sem": [0.017213277591380312, 0.016670584656316885, 0.018258424980391135], "k2_x2h_pos_nimmi_syn_avg": [0.21978620784327538, 0.1972235432165306, 0.16751373962539431], "k2_x2h_pos_nimmi_syn_sem": [0.01566198229552857, 0.022570772159180002, 0.023354563733280653]}