{"avg_reward": 0.009232237777742486, "accuracy": 0.625, "IQR_binning": true, "layer_max_bin": 5, "k2_x2h_ray_imin_syn_avg": [0.4345102125143412, 0.2655093169450502, 0.20933716541822903], "k2_x2h_ray_imin_syn_sem": [0.0242550022761851, 0.054434525828853234, 0.01932478230625839], "k2_x2h_ray_mi_avg": [1.0917134704903517, 2.057073496633847, 0.9601402247406079], "k2_x2h_ray_mi_sem": [0.01604057053262368, 0.198739632780897, 0.04616292600356736], "k2_x2h_ray_immi_syn_avg": [0.5958200604151079, 0.37829042113333333, 0.2447006600895614], "k2_x2h_ray_immi_syn_sem": [0.012975197732014712, 0.07301036630154976, 0.02257985948058471], "k2_x2h_ray_nimin_syn_avg": [0.39753158944741324, 0.08677841114585451, 0.21795878482369016], "k2_x2h_ray_nimin_syn_sem": [0.016204106440498255, 0.01571244016136142, 0.02015154282255865], "k2_x2h_ray_nimmi_syn_avg": [0.5456701874003546, 0.13133813548711068, 0.2551385979852774], "k2_x2h_ray_nimmi_syn_sem": [0.004815058885136031, 0.02300852183599555, 0.02280539915664569], "k2_x2h_pos_imin_syn_avg": [0.5399446783278171, 0.2655093169450502, 0.20933716541822903], "k2_x2h_pos_imin_syn_sem": [0.012289571628189031, 0.054434525828853234, 0.01932478230625839], "k2_x2h_pos_mi_avg": [1.9075069502619542, 2.057073496633847, 0.9601402247406079], "k2_x2h_pos_mi_sem": [0.012316989720637111, 0.198739632780897, 0.04616292600356736], "k2_x2h_pos_immi_syn_avg": [0.5553367613051776, 0.37829042113333333, 0.2447006600895614], "k2_x2h_pos_immi_syn_sem": [0.012316989720637111, 0.07301036630154976, 0.02257985948058471], "k2_x2h_pos_nimin_syn_avg": [0.2830051043174358, 0.08677841114585451, 0.21795878482369016], "k2_x2h_pos_nimin_syn_sem": [0.004667777639612071, 0.01571244016136142, 0.02015154282255865], "k2_x2h_pos_nimmi_syn_avg": [0.29107328452164444, 0.13133813548711068, 0.2551385979852774], "k2_x2h_pos_nimmi_syn_sem": [0.004564830558096793, 0.02300852183599555, 0.02280539915664569]}