{"avg_reward": -0.000528220615828772, "accuracy": 0.1875, "IQR_binning": true, "layer_max_bin": 5, "k2_x2h_ray_imin_syn_avg": [0.24935620414638845, 0.04675431299658588, 0.024924318098001278], "k2_x2h_ray_imin_syn_sem": [0.03735541301476605, 0.010079781551888189, 0.005085498625625975], "k2_x2h_ray_mi_avg": [0.5654338862179316, 0.6677376398749183, 0.3231496653200216], "k2_x2h_ray_mi_sem": [0.04542498261862477, 0.06186858618828369, 0.04691506720949763], "k2_x2h_ray_immi_syn_avg": [0.29185207498447063, 0.09292758239238799, 0.03137954694132082], "k2_x2h_ray_immi_syn_sem": [0.044844490529650526, 0.018067969321830257, 0.00742124732541237], "k2_x2h_ray_nimin_syn_avg": [0.4366206465819092, 0.048966691251524384, 0.12783684912011006], "k2_x2h_ray_nimin_syn_sem": [0.03896712512784019, 0.009239620273728221, 0.02773604550250707], "k2_x2h_ray_nimmi_syn_avg": [0.5101707476770213, 0.10376189829417641, 0.13578804743959175], "k2_x2h_ray_nimmi_syn_sem": [0.03730429733694732, 0.019476449940768643, 0.027933179281164604], "k2_x2h_pos_imin_syn_avg": [0.27078815363542647, 0.04675431299658588, 0.024924318098001278], "k2_x2h_pos_imin_syn_sem": [0.028757628227564426, 0.010079781551888189, 0.005085498625625975], "k2_x2h_pos_mi_avg": [0.9715878503941185, 0.6677376398749183, 0.3231496653200216], "k2_x2h_pos_mi_sem": [0.03844913523473207, 0.06186858618828369, 0.04691506720949763], "k2_x2h_pos_immi_syn_avg": [0.2972840516116569, 0.09292758239238799, 0.03137954694132082], "k2_x2h_pos_immi_syn_sem": [0.03844913523473238, 0.018067969321830257, 0.00742124732541237], "k2_x2h_pos_nimin_syn_avg": [0.2772108713803507, 0.048966691251524384, 0.12783684912011006], "k2_x2h_pos_nimin_syn_sem": [0.018903413115004, 0.009239620273728221, 0.02773604550250707], "k2_x2h_pos_nimmi_syn_avg": [0.30375863214806004, 0.10376189829417641, 0.13578804743959175], "k2_x2h_pos_nimmi_syn_sem": [0.028052981536297126, 0.019476449940768643, 0.027933179281164604]}