{"avg_reward": 0.012342230219519993, "accuracy": 0.6875, "IQR_binning": true, "layer_max_bin": 5, "k2_x2h_ray_imin_syn_avg": [0.5368453388293078, 0.09137105400757063, 0.01593802819079794], "k2_x2h_ray_imin_syn_sem": [0.030480637546700183, 0.028546311270750867, 0.005516555304651322], "k2_x2h_ray_mi_avg": [1.5491163696601882, 1.0865769177877935, 0.3836473850209581], "k2_x2h_ray_mi_sem": [0.06320571606205985, 0.10135913505479562, 0.04194862975931242], "k2_x2h_ray_immi_syn_avg": [0.6304995071985294, 0.1531277095849443, 0.02137045867748029], "k2_x2h_ray_immi_syn_sem": [0.05141808816036354, 0.04354683442605997, 0.008207902132396402], "k2_x2h_ray_nimin_syn_avg": [0.34719504542818275, 0.0471379079606832, 0.03961781214170733], "k2_x2h_ray_nimin_syn_sem": [0.02106590390105323, 0.012823274360478767, 0.011631758818229606], "k2_x2h_ray_nimmi_syn_avg": [0.40655445808014506, 0.08026329522207531, 0.04840191067320908], "k2_x2h_ray_nimmi_syn_sem": [0.025711415260047235, 0.020845962749340242, 0.014617094366481604], "k2_x2h_pos_imin_syn_avg": [0.4097650484649966, 0.09137105400757063, 0.01593802819079794], "k2_x2h_pos_imin_syn_sem": [0.044566792323390884, 0.028546311270750867, 0.005516555304651322], "k2_x2h_pos_mi_avg": [2.006162176136067, 1.0865769177877935, 0.3836473850209581], "k2_x2h_pos_mi_sem": [0.0651436105531934, 0.10135913505479562, 0.04194862975931242], "k2_x2h_pos_immi_syn_avg": [0.44490090850149083, 0.1531277095849443, 0.02137045867748029], "k2_x2h_pos_immi_syn_sem": [0.0651436105531934, 0.04354683442605997, 0.008207902132396402], "k2_x2h_pos_nimin_syn_avg": [0.20328468109355394, 0.0471379079606832, 0.03961781214170733], "k2_x2h_pos_nimin_syn_sem": [0.015499039848961022, 0.012823274360478767, 0.011631758818229606], "k2_x2h_pos_nimmi_syn_avg": [0.22016793740524931, 0.08026329522207531, 0.04840191067320908], "k2_x2h_pos_nimmi_syn_sem": [0.024628085143571152, 0.020845962749340242, 0.014617094366481604]}