{"avg_reward": 0.0093252758193035, "accuracy": 0.5625, "IQR_binning": true, "layer_max_bin": 5, "k2_x2h_ray_imin_syn_avg": [0.46166165792990616, 0.3110920068486149, 0.09512345746760802], "k2_x2h_ray_imin_syn_sem": [0.03358153721199701, 0.04678674254000805, 0.00817329143208022], "k2_x2h_ray_mi_avg": [1.2828078068157174, 2.5059962591762126, 0.5655039009702546], "k2_x2h_ray_mi_sem": [0.018137036324836136, 0.22056606511396593, 0.04893509727627869], "k2_x2h_ray_immi_syn_avg": [0.6606969865785451, 0.39701891648511894, 0.12002891652692445], "k2_x2h_ray_immi_syn_sem": [0.025447499097270405, 0.05795093692366704, 0.010570808156511114], "k2_x2h_ray_nimin_syn_avg": [0.35967989785620974, 0.09668589298384125, 0.18409718163444921], "k2_x2h_ray_nimin_syn_sem": [0.02420321511417483, 0.013825012669217181, 0.018776929248548777], "k2_x2h_ray_nimmi_syn_avg": [0.5147602424059139, 0.13210662347093402, 0.23888249051864582], "k2_x2h_ray_nimmi_syn_sem": [0.01426195084650817, 0.019851409858520155, 0.025699542170010505], "k2_x2h_pos_imin_syn_avg": [0.5778685939256941, 0.3110920068486149, 0.09512345746760802], "k2_x2h_pos_imin_syn_sem": [0.053298636452116396, 0.04678674254000805, 0.00817329143208022], "k2_x2h_pos_mi_avg": [1.8034246005014012, 2.5059962591762126, 0.5655039009702546], "k2_x2h_pos_mi_sem": [0.032277155115852024, 0.22056606511396593, 0.04893509727627869], "k2_x2h_pos_immi_syn_avg": [0.6454629833202151, 0.39701891648511894, 0.12002891652692445], "k2_x2h_pos_immi_syn_sem": [0.03227715511585173, 0.05795093692366704, 0.010570808156511114], "k2_x2h_pos_nimin_syn_avg": [0.31956082372689093, 0.09668589298384125, 0.18409718163444921], "k2_x2h_pos_nimin_syn_sem": [0.024242947320169083, 0.013825012669217181, 0.018776929248548777], "k2_x2h_pos_nimmi_syn_avg": [0.357490840048377, 0.13210662347093402, 0.23888249051864582], "k2_x2h_pos_nimmi_syn_sem": [0.011698974445842423, 0.019851409858520155, 0.025699542170010505]}