{"avg_reward": 0.0065499204064921115, "accuracy": 0.5, "IQR_binning": true, "layer_max_bin": 5, "k2_x2h_ray_imin_syn_avg": [0.776446460828522, 0.23517229700265474, 0.07334050770458553], "k2_x2h_ray_imin_syn_sem": [0.03813773229834229, 0.03844621444312152, 0.017842125446979763], "k2_x2h_ray_mi_avg": [1.9119350835981628, 1.8485914676304458, 0.6680578879864015], "k2_x2h_ray_mi_sem": [0.06985439150827111, 0.15799442031516153, 0.06452195387052898], "k2_x2h_ray_immi_syn_avg": [0.9048001677915707, 0.373914250698725, 0.09673296167622841], "k2_x2h_ray_immi_syn_sem": [0.0405818540836706, 0.05879951295746943, 0.021390720719337623], "k2_x2h_ray_nimin_syn_avg": [0.4059617128055167, 0.08839327583286147, 0.08584546145868266], "k2_x2h_ray_nimin_syn_sem": [0.010363192846331104, 0.014182109375981092, 0.01570245017929947], "k2_x2h_ray_nimmi_syn_avg": [0.4738918558219678, 0.13942502217614547, 0.11431467790108306], "k2_x2h_ray_nimmi_syn_sem": [0.02166706174011907, 0.020480668937100915, 0.018935025986857496], "k2_x2h_pos_imin_syn_avg": [0.6430931180128062, 0.23517229700265474, 0.07334050770458553], "k2_x2h_pos_imin_syn_sem": [0.038580081915625085, 0.03844621444312152, 0.017842125446979763], "k2_x2h_pos_mi_avg": [2.783689116147246, 1.8485914676304458, 0.6680578879864015], "k2_x2h_pos_mi_sem": [0.046854469868013296, 0.15799442031516153, 0.06452195387052898], "k2_x2h_pos_immi_syn_avg": [0.663486293713604, 0.373914250698725, 0.09673296167622841], "k2_x2h_pos_immi_syn_sem": [0.046854469868013296, 0.05879951295746943, 0.021390720719337623], "k2_x2h_pos_nimin_syn_avg": [0.23069199714654479, 0.08839327583286147, 0.08584546145868266], "k2_x2h_pos_nimin_syn_sem": [0.009903121632543935, 0.014182109375981092, 0.01570245017929947], "k2_x2h_pos_nimmi_syn_avg": [0.23792163217773843, 0.13942502217614547, 0.11431467790108306], "k2_x2h_pos_nimmi_syn_sem": [0.012661561243330956, 0.020480668937100915, 0.018935025986857496]}