{"avg_reward": 0.004345216613854972, "accuracy": 0.375, "IQR_binning": true, "layer_max_bin": 5, "k2_x2h_ray_imin_syn_avg": [0.23515470560393084, 0.06725929603604666, 0.15883646468048324], "k2_x2h_ray_imin_syn_sem": [0.03436527373199745, 0.017142124280300024, 0.019475888371577946], "k2_x2h_ray_mi_avg": [0.6276330115292851, 0.7124839478258297, 1.3647266967347846], "k2_x2h_ray_mi_sem": [0.03825029419760335, 0.09550711558598896, 0.05034963195017364], "k2_x2h_ray_immi_syn_avg": [0.26033333972971073, 0.10610352158148885, 0.2374866639930496], "k2_x2h_ray_immi_syn_sem": [0.026973506347118162, 0.024720392079344018, 0.03406202548154922], "k2_x2h_ray_nimin_syn_avg": [0.3756383900148557, 0.05124642424174374, 0.10584556682052164], "k2_x2h_ray_nimin_syn_sem": [0.05417656812185283, 0.01081224686958022, 0.012431254359290966], "k2_x2h_ray_nimmi_syn_avg": [0.4172995116737208, 0.09023526221183262, 0.15562409642680747], "k2_x2h_ray_nimmi_syn_sem": [0.049230464265182156, 0.017857459626760223, 0.021257463438106743], "k2_x2h_pos_imin_syn_avg": [0.33386619862256506, 0.06725929603604666, 0.15883646468048324], "k2_x2h_pos_imin_syn_sem": [0.012624566483764768, 0.017142124280300024, 0.019475888371577946], "k2_x2h_pos_mi_avg": [1.002914749650448, 0.7124839478258297, 1.3647266967347846], "k2_x2h_pos_mi_sem": [0.013240204226618122, 0.09550711558598896, 0.05034963195017364], "k2_x2h_pos_immi_syn_avg": [0.33775778356664904, 0.10610352158148885, 0.2374866639930496], "k2_x2h_pos_immi_syn_sem": [0.013240204226617857, 0.024720392079344018, 0.03406202548154922], "k2_x2h_pos_nimin_syn_avg": [0.33267927595427405, 0.05124642424174374, 0.10584556682052164], "k2_x2h_pos_nimin_syn_sem": [0.008209044403609566, 0.01081224686958022, 0.012431254359290966], "k2_x2h_pos_nimmi_syn_avg": [0.33654435588816217, 0.09023526221183262, 0.15562409642680747], "k2_x2h_pos_nimmi_syn_sem": [0.008780255315917385, 0.017857459626760223, 0.021257463438106743]}