{"avg_reward_avg": 0.938, "avg_reward_sem": 0.003091206165165221, "accuracy_avg": 0.689, "accuracy_sem": 0.015380362660079102, "k2_xh2h_immi_syn_avg_avg": [0.24536367878043114], "k2_xh2h_immi_syn_avg_sem": [0.006869301576519016], "k2_xh2h_immi_syn_sem_avg": [0.01884486179200413], "k2_xh2h_immi_syn_sem_sem": [0.0011901108214425389], "k2_xh2h_mi_avg_avg": [0.743715139220566], "k2_xh2h_mi_avg_sem": [0.018944759278378655], "k2_xh2h_mi_sem_avg": [0.047413353420589735], "k2_xh2h_mi_sem_sem": [0.002231009809410934], "k2_xh2h_nimmi_syn_avg_avg": [0.3415448181670149], "k2_xh2h_nimmi_syn_avg_sem": [0.0032294140145767013], "k2_xh2h_nimmi_syn_sem_avg": [0.01584891811909512], "k2_xh2h_nimmi_syn_sem_sem": [0.0005343368909353398]}