{"avg_reward": 0.946, "accuracy": 0.74, "k2_xh2h_immi_syn_avg": [0.22680694619301214], "k2_xh2h_immi_syn_sem": [0.019629499591369635], "k2_xh2h_mi_avg": [0.708499852273414], "k2_xh2h_mi_sem": [0.05041329591587558], "k2_xh2h_nimmi_syn_avg": [0.33624797524716604], "k2_xh2h_nimmi_syn_sem": [0.017553547845310456]}