{"avg_reward": 0.928, "accuracy": 0.63, "k2_xh2h_immi_syn_avg": [0.23813808799636718], "k2_xh2h_immi_syn_sem": [0.01827806509869034], "k2_xh2h_mi_avg": [0.7407661806347379], "k2_xh2h_mi_sem": [0.0477823107627307], "k2_xh2h_nimmi_syn_avg": [0.33504186494389226], "k2_xh2h_nimmi_syn_sem": [0.015243009684822074]}