{"avg_reward": 0.923, "accuracy": 0.62, "k2_xh2h_immi_syn_avg": [0.2547448526638369], "k2_xh2h_immi_syn_sem": [0.017988155223061162], "k2_xh2h_mi_avg": [0.7486300405754264], "k2_xh2h_mi_sem": [0.04404632612234459], "k2_xh2h_nimmi_syn_avg": [0.34572643595590047], "k2_xh2h_nimmi_syn_sem": [0.013682536910278632]}