{"avg_reward": 0.951, "accuracy": 0.75, "k2_xh2h_immi_syn_avg": [0.2768654931354398], "k2_xh2h_immi_syn_sem": [0.020562346467571924], "k2_xh2h_mi_avg": [0.8447674314705237], "k2_xh2h_mi_sem": [0.05507703820617394], "k2_xh2h_nimmi_syn_avg": [0.34066535363000344], "k2_xh2h_nimmi_syn_sem": [0.015708709980035]}