{"avg_reward": 0.933, "accuracy": 0.67, "k2_xh2h_immi_syn_avg": [0.2534306391607987], "k2_xh2h_immi_syn_sem": [0.01613067516120205], "k2_xh2h_mi_avg": [0.7649160020923672], "k2_xh2h_mi_sem": [0.048172841354958716], "k2_xh2h_nimmi_syn_avg": [0.3493314125216377], "k2_xh2h_nimmi_syn_sem": [0.015582140027606703]}