{"avg_reward": 0.939, "accuracy": 0.69, "k2_xh2h_immi_syn_avg": [0.24000292503737236], "k2_xh2h_immi_syn_sem": [0.01669707042995375], "k2_xh2h_mi_avg": [0.7183889073595328], "k2_xh2h_mi_sem": [0.044386492021124206], "k2_xh2h_nimmi_syn_avg": [0.34217435579779065], "k2_xh2h_nimmi_syn_sem": [0.013662078206064786]}