{"avg_reward": 0.943, "accuracy": 0.7, "k2_xh2h_immi_syn_avg": [0.2605788644221452], "k2_xh2h_immi_syn_sem": [0.016276501872719198], "k2_xh2h_mi_avg": [0.7361159150640889], "k2_xh2h_mi_sem": [0.034575195675539565], "k2_xh2h_nimmi_syn_avg": [0.3578593509732689], "k2_xh2h_nimmi_syn_sem": [0.014432411922549128]}