{"avg_reward": 0.927, "accuracy": 0.64, "k2_xh2h_immi_syn_avg": [0.24755165595119982], "k2_xh2h_immi_syn_sem": [0.025298283960959497], "k2_xh2h_mi_avg": [0.8003802089595529], "k2_xh2h_mi_sem": [0.058140197526787174], "k2_xh2h_nimmi_syn_avg": [0.3193730255167106], "k2_xh2h_nimmi_syn_sem": [0.0186859374526358]}