{"avg_reward": 0.949, "accuracy": 0.75, "k2_xh2h_immi_syn_avg": [0.2579244472811652], "k2_xh2h_immi_syn_sem": [0.02438972294165158], "k2_xh2h_mi_avg": [0.7584127722800358], "k2_xh2h_mi_sem": [0.051841893232433336], "k2_xh2h_nimmi_syn_avg": [0.34712205418366976], "k2_xh2h_nimmi_syn_sem": [0.01658790026104946]}