{"avg_reward": 0.0036319761779489866, "accuracy": 0.375, "k2_x2h_ray_imin_syn_avg": [0.435343052765276, 0.0991656674626033, 0.04031225070124275], "k2_x2h_ray_imin_syn_sem": [0.0589596106877143, 0.026796083879197907, 0.007297866783693047], "k2_x2h_ray_immi_syn_avg": [0.662445713645945, 0.17469962954482313, 0.045160440641528195], "k2_x2h_ray_immi_syn_sem": [0.061567782228867385, 0.04132075803685566, 0.008390502958762935], "k2_x2h_pos_imin_syn_avg": [0.5035588421331091, 0.0991656674626033, 0.04031225070124275], "k2_x2h_pos_imin_syn_sem": [0.030049468478756135, 0.026796083879197907, 0.007297866783693047], "k2_x2h_pos_immi_syn_avg": [0.5571639357994117, 0.17469962954482313, 0.045160440641528195], "k2_x2h_pos_immi_syn_sem": [0.02564615186850596, 0.04132075803685566, 0.008390502958762935], "k2_x2h_ray_mi_avg": [1.4205549603504046, 1.0270157251078824, 0.26921770848660964], "k2_x2h_ray_mi_sem": [0.09302690413062809, 0.09853648613637508, 0.024413845428855684], "k2_x2h_ray_nimin_syn_avg": [0.3039174785719177, 0.05626114337461303, 0.11104571808611739], "k2_x2h_ray_nimin_syn_sem": [0.02256777539180287, 0.013330094194480101, 0.01646999301964462], "k2_x2h_ray_nimmi_syn_avg": [0.4647767470485025, 0.1064041946526181, 0.1225753784619456], "k2_x2h_ray_nimmi_syn_sem": [0.01430138831923021, 0.02377308416948481, 0.018241775106640344], "k2_x2h_pos_mi_avg": [1.9551118476755915, 1.0270157251078824, 0.26921770848660964], "k2_x2h_pos_mi_sem": [0.025646151868506006, 0.09853648613637508, 0.024413845428855684], "k2_x2h_pos_nimin_syn_avg": [0.25729972421373865, 0.05626114337461303, 0.11104571808611739], "k2_x2h_pos_nimin_syn_sem": [0.012694587888277828, 0.013330094194480101, 0.01646999301964462], "k2_x2h_pos_nimmi_syn_avg": [0.2847334041157539, 0.1064041946526181, 0.1225753784619456], "k2_x2h_pos_nimmi_syn_sem": [0.009325296493415097, 0.02377308416948481, 0.018241775106640344]}