{"avg_reward": 0.012765495706390045, "accuracy": 0.625, "k2_x2h_ray_imin_syn_avg": [0.6378309207891352, 0.4098448344972268, 0.025812961599147692], "k2_x2h_ray_imin_syn_sem": [0.013690861799572239, 0.043976351992519105, 0.006989147771237963], "k2_x2h_ray_immi_syn_avg": [0.804645002732288, 0.5847385330064399, 0.026859452918815856], "k2_x2h_ray_immi_syn_sem": [0.028704669699690682, 0.059183644576207325, 0.007161920406831877], "k2_x2h_pos_imin_syn_avg": [0.7603870604793723, 0.4098448344972268, 0.025812961599147692], "k2_x2h_pos_imin_syn_sem": [0.024796305495225907, 0.043976351992519105, 0.006989147771237963], "k2_x2h_pos_immi_syn_avg": [0.7818879709971996, 0.5847385330064399, 0.026859452918815856], "k2_x2h_pos_immi_syn_sem": [0.030222046129923408, 0.059183644576207325, 0.007161920406831877], "k2_x2h_ray_mi_avg": [1.6103004501816514, 1.7839566570804497, 0.2541472387012377], "k2_x2h_ray_mi_sem": [0.03779369428320533, 0.0709769596744883, 0.02313623759031934], "k2_x2h_ray_nimin_syn_avg": [0.39614442148300505, 0.2013100953570305, 0.11749031319551695], "k2_x2h_ray_nimin_syn_sem": [0.002324121967899533, 0.018750155658035266, 0.023835151749399278], "k2_x2h_ray_nimmi_syn_avg": [0.4994502747785561, 0.2884477083633983, 0.12115358607221746], "k2_x2h_ray_nimmi_syn_sem": [0.0075032352913491866, 0.025520150984867533, 0.02433183230717093], "k2_x2h_pos_mi_avg": [2.5830420412797, 1.7839566570804497, 0.2541472387012377], "k2_x2h_pos_mi_sem": [0.030222046129923408, 0.0709769596744883, 0.02313623759031934], "k2_x2h_pos_nimin_syn_avg": [0.2942347365609909, 0.2013100953570305, 0.11749031319551695], "k2_x2h_pos_nimin_syn_sem": [0.006172273828910175, 0.018750155658035266, 0.023835151749399278], "k2_x2h_pos_nimmi_syn_avg": [0.3025095247725886, 0.2884477083633983, 0.12115358607221746], "k2_x2h_pos_nimmi_syn_sem": [0.008159347711150428, 0.025520150984867533, 0.02433183230717093]}