{"avg_reward": 0.004345216613854972, "accuracy": 0.375, "k2_x2h_ray_imin_syn_avg": [0.16923310959330573, 0.013549629069898561, 0.12483183016529761], "k2_x2h_ray_imin_syn_sem": [0.01620051710482788, 0.0032319182708800873, 0.019773641685693368], "k2_x2h_ray_immi_syn_avg": [0.19336974805850962, 0.03316143326987498, 0.1538285694105217], "k2_x2h_ray_immi_syn_sem": [0.013127942494722848, 0.009329224888066902, 0.026259375272896505], "k2_x2h_pos_imin_syn_avg": [0.2654203493422541, 0.013549629069898561, 0.12483183016529761], "k2_x2h_pos_imin_syn_sem": [0.011999004022493577, 0.0032319182708800873, 0.019773641685693368], "k2_x2h_pos_immi_syn_avg": [0.2660177521704717, 0.03316143326987498, 0.1538285694105217], "k2_x2h_pos_immi_syn_sem": [0.012496905573779122, 0.009329224888066902, 0.026259375272896505], "k2_x2h_ray_mi_avg": [0.4682687807187955, 0.381219143367881, 0.8454699330857718], "k2_x2h_ray_mi_sem": [0.041984628381715225, 0.06616864462924613, 0.053490788995724], "k2_x2h_ray_nimin_syn_avg": [0.3685119351798061, 0.03616724697197625, 0.13087013538072198], "k2_x2h_ray_nimin_syn_sem": [0.0531090125245135, 0.007682503766603349, 0.017221802273908026], "k2_x2h_ray_nimmi_syn_avg": [0.42078578750976553, 0.08227359287457113, 0.15742296509520717], "k2_x2h_ray_nimmi_syn_sem": [0.05268605488649542, 0.01880728553624835, 0.021891097138374206], "k2_x2h_pos_mi_avg": [0.9104493524917071, 0.381219143367881, 0.8454699330857718], "k2_x2h_pos_mi_sem": [0.012496905573779122, 0.06616864462924613, 0.053490788995724], "k2_x2h_pos_nimin_syn_avg": [0.291274166379803, 0.03616724697197625, 0.13087013538072198], "k2_x2h_pos_nimin_syn_sem": [0.009213678181776921, 0.007682503766603349, 0.017221802273908026], "k2_x2h_pos_nimmi_syn_avg": [0.29191552627463474, 0.08227359287457113, 0.15742296509520717], "k2_x2h_pos_nimmi_syn_sem": [0.009741317581580231, 0.01880728553624835, 0.021891097138374206]}