{"avg_reward": 0.0066070166749600335, "accuracy": 0.5, "k2_x2h_ray_imin_syn_avg": [0.38386933549193764, 0.12275835498042488, 0.07626936724634571], "k2_x2h_ray_imin_syn_sem": [0.05323088598364573, 0.023188676529301813, 0.01394804569615585], "k2_x2h_ray_immi_syn_avg": [0.564241036427708, 0.23124206995267405, 0.10288885423638179], "k2_x2h_ray_immi_syn_sem": [0.07184015422505362, 0.03961776462119438, 0.02042835116293226], "k2_x2h_pos_imin_syn_avg": [0.4811859446788498, 0.12275835498042488, 0.07626936724634571], "k2_x2h_pos_imin_syn_sem": [0.035870495774686255, 0.023188676529301813, 0.01394804569615585], "k2_x2h_pos_immi_syn_avg": [0.5372863834523288, 0.23124206995267405, 0.10288885423638179], "k2_x2h_pos_immi_syn_sem": [0.028534264595898876, 0.03961776462119438, 0.02042835116293226], "k2_x2h_ray_mi_avg": [1.231418965634341, 1.2001709858531449, 0.49676448493290126], "k2_x2h_ray_mi_sem": [0.06277311600966101, 0.07953471229998342, 0.04003864250946278], "k2_x2h_ray_nimin_syn_avg": [0.3090684136572189, 0.07741665320554028, 0.11419867857322262], "k2_x2h_ray_nimin_syn_sem": [0.02962179857749673, 0.012878538337917075, 0.015875289014029112], "k2_x2h_ray_nimmi_syn_avg": [0.4545315460630744, 0.14760490156713205, 0.15020067228467224], "k2_x2h_ray_nimmi_syn_sem": [0.037305241602923395, 0.02170959584926811, 0.02284234649190214], "k2_x2h_pos_mi_avg": [1.764491195461536, 1.2001709858531449, 0.49676448493290126], "k2_x2h_pos_mi_sem": [0.02853426459589942, 0.07953471229998342, 0.04003864250946278], "k2_x2h_pos_nimin_syn_avg": [0.2721884425258978, 0.07741665320554028, 0.11419867857322262], "k2_x2h_pos_nimin_syn_sem": [0.016084751705400364, 0.012878538337917075, 0.015875289014029112], "k2_x2h_pos_nimmi_syn_avg": [0.30413329943553985, 0.14760490156713205, 0.15020067228467224], "k2_x2h_pos_nimmi_syn_sem": [0.011318470690708581, 0.02170959584926811, 0.02284234649190214]}