{"avg_reward": 0.009232237777742486, "accuracy": 0.625, "k2_x2h_ray_imin_syn_avg": [0.4601704297008915, 0.13099308981399901, 0.08843433692942523], "k2_x2h_ray_imin_syn_sem": [0.01612639900514748, 0.02923068500285533, 0.008001238261239423], "k2_x2h_ray_immi_syn_avg": [0.5869933886678499, 0.22014874183409713, 0.10602316631727232], "k2_x2h_ray_immi_syn_sem": [0.005248258874391435, 0.044432517071017606, 0.01054037045234487], "k2_x2h_pos_imin_syn_avg": [0.5969885134733808, 0.13099308981399901, 0.08843433692942523], "k2_x2h_pos_imin_syn_sem": [0.025294180095377074, 0.02923068500285533, 0.008001238261239423], "k2_x2h_pos_immi_syn_avg": [0.6176192504755867, 0.22014874183409713, 0.10602316631727232], "k2_x2h_pos_immi_syn_sem": [0.026454734341881933, 0.044432517071017606, 0.01054037045234487], "k2_x2h_ray_mi_avg": [1.1208134888228871, 1.0086021327729837, 0.6713470383448009], "k2_x2h_ray_mi_sem": [0.018178455433020272, 0.08463912557703202, 0.040258313116533655], "k2_x2h_ray_nimin_syn_avg": [0.41032213527792055, 0.0849261321893246, 0.1601364868694871], "k2_x2h_ray_nimin_syn_sem": [0.008094571555933001, 0.015931248425696674, 0.016168747334283272], "k2_x2h_ray_nimmi_syn_avg": [0.5238591323305651, 0.14785166268114452, 0.19252279913736925], "k2_x2h_ray_nimmi_syn_sem": [0.004642276622198122, 0.026076732476550266, 0.020568723451295873], "k2_x2h_pos_mi_avg": [1.7504985192656939, 1.0086021327729837, 0.6713470383448009], "k2_x2h_pos_mi_sem": [0.026454734341882346, 0.08463912557703202, 0.040258313116533655], "k2_x2h_pos_nimin_syn_avg": [0.3407550137580786, 0.0849261321893246, 0.1601364868694871], "k2_x2h_pos_nimin_syn_sem": [0.009422755062565378, 0.015931248425696674, 0.016168747334283272], "k2_x2h_pos_nimmi_syn_avg": [0.35252566076353437, 0.14785166268114452, 0.19252279913736925], "k2_x2h_pos_nimmi_syn_sem": [0.009896717939520922, 0.026076732476550266, 0.020568723451295873]}