{"avg_reward": 0.012342230219519993, "accuracy": 0.6875, "k2_x2h_ray_imin_syn_avg": [0.6139065636471996, 0.11181015683652483, 0.012147135406181323], "k2_x2h_ray_imin_syn_sem": [0.06017046450218642, 0.03515248891083624, 0.002854932888698295], "k2_x2h_ray_immi_syn_avg": [0.762087681021509, 0.17418546042454858, 0.01352409262186648], "k2_x2h_ray_immi_syn_sem": [0.09108577374508174, 0.04955655968990672, 0.003252496488240715], "k2_x2h_pos_imin_syn_avg": [0.5272826992168629, 0.11181015683652483, 0.012147135406181323], "k2_x2h_pos_imin_syn_sem": [0.03611161490358486, 0.03515248891083624, 0.002854932888698295], "k2_x2h_pos_immi_syn_avg": [0.5919704844002215, 0.17418546042454858, 0.01352409262186648], "k2_x2h_pos_immi_syn_sem": [0.043759587449049495, 0.04955655968990672, 0.003252496488240715], "k2_x2h_ray_mi_avg": [1.7341870778667292, 1.0304538446101825, 0.23771982343804077], "k2_x2h_ray_mi_sem": [0.1245067608549742, 0.09564028408005122, 0.027853451005762263], "k2_x2h_ray_nimin_syn_avg": [0.35269108457644543, 0.05802618095339293, 0.05017960198257505], "k2_x2h_ray_nimin_syn_sem": [0.009232918566028168, 0.016399962011050363, 0.012813923480222807], "k2_x2h_ray_nimmi_syn_avg": [0.43681229255354864, 0.09324109389679228, 0.053162797007248054], "k2_x2h_ray_nimmi_syn_sem": [0.022074664548007453, 0.02421129958936215, 0.013127157982993267], "k2_x2h_pos_mi_avg": [2.2673719273556663, 1.0304538446101825, 0.23771982343804077], "k2_x2h_pos_mi_sem": [0.043759587449049495, 0.09564028408005122, 0.027853451005762263], "k2_x2h_pos_nimin_syn_avg": [0.23211043954029398, 0.05802618095339293, 0.05017960198257505], "k2_x2h_pos_nimin_syn_sem": [0.011604959156334449, 0.016399962011050363, 0.012813923480222807], "k2_x2h_pos_nimmi_syn_avg": [0.2605233179972209, 0.09324109389679228, 0.053162797007248054], "k2_x2h_pos_nimmi_syn_sem": [0.014480625134469636, 0.02421129958936215, 0.013127157982993267]}