{"avg_reward_avg": 0.9657500000000001, "avg_reward_sem": 0.00150231303144333, "accuracy_avg": 0.8324999999999999, "accuracy_sem": 0.008139410298049848, "k2_xh2h_immi_syn_avg_avg": [0.23545331941855396], "k2_xh2h_immi_syn_avg_sem": [0.009513936707968797], "k2_xh2h_immi_syn_sem_avg": [0.02200634993312902], "k2_xh2h_immi_syn_sem_sem": [0.0032363381812548753], "k2_xh2h_mi_avg_avg": [0.80532980690163], "k2_xh2h_mi_avg_sem": [0.027954460847920564], "k2_xh2h_mi_sem_avg": [0.06572896173544804], "k2_xh2h_mi_sem_sem": [0.0034526594186543697], "k2_xh2h_nimmi_syn_avg_avg": [0.32850803083832525], "k2_xh2h_nimmi_syn_avg_sem": [0.007095065963644179], "k2_xh2h_nimmi_syn_sem_avg": [0.019054373735915654], "k2_xh2h_nimmi_syn_sem_sem": [0.0004372691650248707]}