{"avg_reward": 0.9725, "accuracy": 0.865, "k2_xh2h_immi_syn_avg": [0.24051793228618715], "k2_xh2h_immi_syn_sem": [0.028845757570853288], "k2_xh2h_mi_avg": [0.7782517345298048], "k2_xh2h_mi_sem": [0.07086390801772041], "k2_xh2h_nimmi_syn_avg": [0.3347385227084914], "k2_xh2h_nimmi_syn_sem": [0.01842398023246152]}