{"avg_reward": 0.9715, "accuracy": 0.865, "k2_xh2h_immi_syn_avg": [0.19942206626656342], "k2_xh2h_immi_syn_sem": [0.014135730723718615], "k2_xh2h_mi_avg": [0.6870502057023511], "k2_xh2h_mi_sem": [0.0576137481498766], "k2_xh2h_nimmi_syn_avg": [0.3509694261330202], "k2_xh2h_nimmi_syn_sem": [0.020234218388952306]}