{"avg_reward": 0.966, "accuracy": 0.85, "k2_xh2h_immi_syn_avg": [0.24732066031909122], "k2_xh2h_immi_syn_sem": [0.015334746068036328], "k2_xh2h_mi_avg": [0.8071076051800304], "k2_xh2h_mi_sem": [0.054051622440526734], "k2_xh2h_nimmi_syn_avg": [0.3461056242705355], "k2_xh2h_nimmi_syn_sem": [0.018342735079450313]}