{"avg_reward": 0.9575, "accuracy": 0.79, "k2_xh2h_immi_syn_avg": [0.23789985005424338], "k2_xh2h_immi_syn_sem": [0.007065902395235081], "k2_xh2h_mi_avg": [0.7486234510512065], "k2_xh2h_mi_sem": [0.05178704021763223], "k2_xh2h_nimmi_syn_avg": [0.3616319159056891], "k2_xh2h_nimmi_syn_sem": [0.016830931838267765]}