{"avg_reward": 0.9685, "accuracy": 0.84, "k2_xh2h_immi_syn_avg": [0.21484243289064386], "k2_xh2h_immi_syn_sem": [0.009801895769261076], "k2_xh2h_mi_avg": [0.787531346197042], "k2_xh2h_mi_sem": [0.05569135484217294], "k2_xh2h_nimmi_syn_avg": [0.3233002068418738], "k2_xh2h_nimmi_syn_sem": [0.019316530118464664]}