{"avg_reward": 0.9655, "accuracy": 0.825, "k2_xh2h_immi_syn_avg": [0.24887328745079904], "k2_xh2h_immi_syn_sem": [0.03663602815974667], "k2_xh2h_mi_avg": [0.9142680566819986], "k2_xh2h_mi_sem": [0.08381413019969586], "k2_xh2h_nimmi_syn_avg": [0.28600463856700403], "k2_xh2h_nimmi_syn_sem": [0.01974324876122429]}