{"avg_reward": 0.964, "accuracy": 0.82, "k2_xh2h_immi_syn_avg": [0.26798199851493837], "k2_xh2h_immi_syn_sem": [0.03481621147044988], "k2_xh2h_mi_avg": [0.9174465604984126], "k2_xh2h_mi_sem": [0.07838350719048802], "k2_xh2h_nimmi_syn_avg": [0.30439373631092664], "k2_xh2h_nimmi_syn_sem": [0.017913650475447806]}