{"avg_reward": 0.968, "accuracy": 0.84, "k2_xh2h_immi_syn_avg": [0.23038764028901085], "k2_xh2h_immi_syn_sem": [0.024822133226197668], "k2_xh2h_mi_avg": [0.8014194413059624], "k2_xh2h_mi_sem": [0.07353606224359885], "k2_xh2h_nimmi_syn_avg": [0.3269313005204452], "k2_xh2h_nimmi_syn_sem": [0.01849975147517667]}