{"avg_reward_avg": 0.007554806695686903, "avg_reward_sem": 0.0013449768872513597, "accuracy_avg": 0.50625, "accuracy_sem": 0.04881406047441659, "IQR_binning_avg": 1.0, "IQR_binning_sem": 0.0, "layer_max_bin_avg": 5.0, "layer_max_bin_sem": 0.0, "k2_x2h_ray_imin_syn_avg_avg": [0.39465467443822955, 0.12577326651594414, 0.0584586467053394], "k2_x2h_ray_imin_syn_avg_sem": [0.04277455786389081, 0.023887218775297932, 0.012231603508583393], "k2_x2h_ray_imin_syn_sem_avg": [0.03435933021161945, 0.020416240632847308, 0.007680952410067514], "k2_x2h_ray_imin_syn_sem_sem": [0.005225237245640031, 0.002249885808158183, 0.0010687828381122392], "k2_x2h_ray_mi_avg_avg": [1.023405254419407, 0.9473013201896092, 0.40028178733174896], "k2_x2h_ray_mi_avg_sem": [0.10118699618003432, 0.07882770567372317, 0.07350347069481906], "k2_x2h_ray_mi_sem_avg": [0.053994040780352706, 0.06690834124693355, 0.025295015399527776], "k2_x2h_ray_mi_sem_sem": [0.009494641770972527, 0.0050641649415838815, 0.003547045443397927], "k2_x2h_ray_immi_syn_avg_avg": [0.48920274991213475, 0.19989468057867804, 0.07882632223445227], "k2_x2h_ray_immi_syn_avg_sem": [0.048613482996125876, 0.0325514339719007, 0.0165690994591444], "k2_x2h_ray_immi_syn_sem_avg": [0.039364912966463154, 0.03118884843766361, 0.010490688297442288], "k2_x2h_ray_immi_syn_sem_sem": [0.0066617019294304995, 0.002764188426163342, 0.001782308821656058], "k2_x2h_ray_nimin_syn_avg_avg": [0.386698919014575, 0.09738163934776223, 0.13991803120273302], "k2_x2h_ray_nimin_syn_avg_sem": [0.016326028358608108, 0.014122066071965162, 0.017512568283025085], "k2_x2h_ray_nimin_syn_sem_avg": [0.025954162127709363, 0.014592979708670425, 0.017745650364128125], "k2_x2h_ray_nimin_syn_sem_sem": [0.005290297475119187, 0.0010438346866845992, 0.0025765214154932887], "k2_x2h_ray_nimmi_syn_avg_avg": [0.4782934743516451, 0.15496485754230488, 0.1788676649869974], "k2_x2h_ray_nimmi_syn_avg_sem": [0.01494584788903674, 0.022304469948323472, 0.02092446570315585], "k2_x2h_ray_nimmi_syn_sem_avg": [0.025639501290215368, 0.02226064697668187, 0.02232773148969662], "k2_x2h_ray_nimmi_syn_sem_sem": [0.00441045835645168, 0.0015219374806869183, 0.0021687673000849485], "k2_x2h_pos_imin_syn_avg_avg": [0.42182426997861, 0.12577326651594414, 0.0584586467053394], "k2_x2h_pos_imin_syn_avg_sem": [0.03985920643987485, 0.023887218775297932, 0.012231603508583393], "k2_x2h_pos_imin_syn_sem_avg": [0.027108296247343733, 0.020416240632847308, 0.007680952410067514], "k2_x2h_pos_imin_syn_sem_sem": [0.0040695376767507715, 0.002249885808158183, 0.0010687828381122392], "k2_x2h_pos_mi_avg_avg": [1.2414860817115767, 0.9473013201896092, 0.40028178733174896], "k2_x2h_pos_mi_avg_sem": [0.10586423347689057, 0.07882770567372317, 0.07350347069481906], "k2_x2h_pos_mi_sem_avg": [0.03460312712470846, 0.06690834124693355, 0.025295015399527776], "k2_x2h_pos_mi_sem_sem": [0.00485920620099092, 0.0050641649415838815, 0.003547045443397927], "k2_x2h_pos_immi_syn_avg_avg": [0.5007613222220344, 0.19989468057867804, 0.07882632223445227], "k2_x2h_pos_immi_syn_avg_sem": [0.0462553519430965, 0.0325514339719007, 0.0165690994591444], "k2_x2h_pos_immi_syn_sem_avg": [0.03278528895991518, 0.03118884843766361, 0.010490688297442288], "k2_x2h_pos_immi_syn_sem_sem": [0.004926665665454697, 0.002764188426163342, 0.001782308821656058], "k2_x2h_pos_nimin_syn_avg_avg": [0.3432218473930154, 0.09738163934776223, 0.13991803120273302], "k2_x2h_pos_nimin_syn_avg_sem": [0.019784905965744722, 0.014122066071965162, 0.017512568283025085], "k2_x2h_pos_nimin_syn_sem_avg": [0.0157830538762471, 0.014592979708670425, 0.017745650364128125], "k2_x2h_pos_nimin_syn_sem_sem": [0.0016946131849661218, 0.0010438346866845992, 0.0025765214154932887], "k2_x2h_pos_nimmi_syn_avg_avg": [0.4080810597381127, 0.15496485754230488, 0.1788676649869974], "k2_x2h_pos_nimmi_syn_avg_sem": [0.024808521509370896, 0.022304469948323472, 0.02092446570315585], "k2_x2h_pos_nimmi_syn_sem_avg": [0.01582601956705696, 0.02226064697668187, 0.02232773148969662], "k2_x2h_pos_nimmi_syn_sem_sem": [0.0018548403213874203, 0.0015219374806869183, 0.0021687673000849485]}