{"avg_reward": 0.004345216613854972, "accuracy": 0.375, "IQR_binning": true, "layer_max_bin": 5, "k2_x2h_ray_imin_syn_avg": [0.20685941595222146, 0.029426414557186507, 0.09391611543345202], "k2_x2h_ray_imin_syn_sem": [0.022880956360454258, 0.009952432756238333, 0.012487434817583123], "k2_x2h_ray_mi_avg": [0.5649656323087404, 0.64202643526822, 0.7966526101996888], "k2_x2h_ray_mi_sem": [0.03582049173310933, 0.0745589024408676, 0.04298919225625166], "k2_x2h_ray_immi_syn_avg": [0.23486893660219352, 0.054357451048938195, 0.1394698215131433], "k2_x2h_ray_immi_syn_sem": [0.013542536595446806, 0.01637682285406669, 0.020371913016408262], "k2_x2h_ray_nimin_syn_avg": [0.36905521869388663, 0.059922837715564656, 0.10416663720382059], "k2_x2h_ray_nimin_syn_sem": [0.046622177776256934, 0.016625960227386893, 0.011264956296700017], "k2_x2h_ray_nimmi_syn_avg": [0.41888836181392963, 0.05807228305771645, 0.15609148087867494], "k2_x2h_ray_nimmi_syn_sem": [0.03495368232319771, 0.01448806480300718, 0.018013394391414826], "k2_x2h_pos_imin_syn_avg": [0.26712049176540376, 0.029426414557186507, 0.09391611543345202], "k2_x2h_pos_imin_syn_sem": [0.005307729879148766, 0.009952432756238333, 0.012487434817583123], "k2_x2h_pos_mi_avg": [0.6591954792070119, 0.64202643526822, 0.7966526101996888], "k2_x2h_pos_mi_sem": [0.020034635965269238, 0.0745589024408676, 0.04298919225625166], "k2_x2h_pos_immi_syn_avg": [0.3158005319072427, 0.054357451048938195, 0.1394698215131433], "k2_x2h_pos_immi_syn_sem": [0.011658850689995694, 0.01637682285406669, 0.020371913016408262], "k2_x2h_pos_nimin_syn_avg": [0.4064101922542902, 0.059922837715564656, 0.10416663720382059], "k2_x2h_pos_nimin_syn_sem": [0.019756102522198456, 0.016625960227386893, 0.011264956296700017], "k2_x2h_pos_nimmi_syn_avg": [0.4790061718141269, 0.05807228305771645, 0.15609148087867494], "k2_x2h_pos_nimmi_syn_sem": [0.008903904414788172, 0.01448806480300718, 0.018013394391414826]}