{"avg_reward": 0.012765495706390045, "accuracy": 0.625, "IQR_binning": true, "layer_max_bin": 5, "k2_x2h_ray_imin_syn_avg": [0.467502495447419, 0.2897548611058284, 0.022800389965515953], "k2_x2h_ray_imin_syn_sem": [0.007793516804881025, 0.02562391647235667, 0.00399301227377521], "k2_x2h_ray_mi_avg": [1.0386682797195865, 1.3647500186845065, 0.2293521899415354], "k2_x2h_ray_mi_sem": [0.02965548096722779, 0.05057833059274901, 0.019852715871453475], "k2_x2h_ray_immi_syn_avg": [0.5619159998726836, 0.4008042024426127, 0.024700585247641835], "k2_x2h_ray_immi_syn_sem": [0.019215928857231952, 0.03314827058100293, 0.004526249843992121], "k2_x2h_ray_nimin_syn_avg": [0.4505656269126785, 0.19379510077130427, 0.1483430452897909], "k2_x2h_ray_nimin_syn_sem": [0.009980385308799399, 0.016428409062475134, 0.021621124093045552], "k2_x2h_ray_nimmi_syn_avg": [0.5408772146556102, 0.27209136453374705, 0.15490220098748106], "k2_x2h_ray_nimmi_syn_sem": [0.00577319152667101, 0.022918635839957995, 0.02236642200344243], "k2_x2h_pos_imin_syn_avg": [0.5082876472496295, 0.2897548611058284, 0.022800389965515953], "k2_x2h_pos_imin_syn_sem": [0.03214677373282255, 0.02562391647235667, 0.00399301227377521], "k2_x2h_pos_mi_avg": [1.5483911906884986, 1.3647500186845065, 0.2293521899415354], "k2_x2h_pos_mi_sem": [0.03754694831622834, 0.05057833059274901, 0.019852715871453475], "k2_x2h_pos_immi_syn_avg": [0.538488022882959, 0.4008042024426127, 0.024700585247641835], "k2_x2h_pos_immi_syn_sem": [0.03754694831622834, 0.03314827058100293, 0.004526249843992121], "k2_x2h_pos_nimin_syn_avg": [0.3276503480015402, 0.19379510077130427, 0.1483430452897909], "k2_x2h_pos_nimin_syn_sem": [0.012742644794279659, 0.016428409062475134, 0.021621124093045552], "k2_x2h_pos_nimmi_syn_avg": [0.3470090951068096, 0.27209136453374705, 0.15490220098748106], "k2_x2h_pos_nimmi_syn_sem": [0.015747281112495643, 0.022918635839957995, 0.02236642200344243]}