{"avg_reward": 0.0093252758193035, "accuracy": 0.5625, "IQR_binning": true, "layer_max_bin": 5, "k2_x2h_ray_imin_syn_avg": [0.36960428755180647, 0.13045137397524204, 0.051369911463280515], "k2_x2h_ray_imin_syn_sem": [0.022190207838382547, 0.02069887272770904, 0.005162645395667332], "k2_x2h_ray_mi_avg": [0.9316275314550323, 0.922203393756877, 0.2759357605927349], "k2_x2h_ray_mi_sem": [0.02884360471868229, 0.0573221892612635, 0.009873832616883689], "k2_x2h_ray_immi_syn_avg": [0.4746077216703692, 0.2290027599514994, 0.07844613696066675], "k2_x2h_ray_immi_syn_sem": [0.023932912275334603, 0.03624222395350818, 0.007526473160821508], "k2_x2h_ray_nimin_syn_avg": [0.3984484422336468, 0.10539025084663717, 0.16918017039661584], "k2_x2h_ray_nimin_syn_sem": [0.03392787606620217, 0.01572059795223661, 0.016527124361298554], "k2_x2h_ray_nimmi_syn_avg": [0.5111914733689843, 0.18583624645884408, 0.2583202558444564], "k2_x2h_ray_nimmi_syn_sem": [0.03690797148146682, 0.02821367232737634, 0.024020749899237814], "k2_x2h_pos_imin_syn_avg": [0.4319676351043531, 0.13045137397524204, 0.051369911463280515], "k2_x2h_pos_imin_syn_sem": [0.026111598373969112, 0.02069887272770904, 0.005162645395667332], "k2_x2h_pos_mi_avg": [1.1317859515372095, 0.922203393756877, 0.2759357605927349], "k2_x2h_pos_mi_sem": [0.031448353206700745, 0.0573221892612635, 0.009873832616883689], "k2_x2h_pos_immi_syn_avg": [0.5082461361905027, 0.2290027599514994, 0.07844613696066675], "k2_x2h_pos_immi_syn_sem": [0.031448353206700745, 0.03624222395350818, 0.007526473160821508], "k2_x2h_pos_nimin_syn_avg": [0.382301170764442, 0.10539025084663717, 0.16918017039661584], "k2_x2h_pos_nimin_syn_sem": [0.025090286188988037, 0.01572059795223661, 0.016527124361298554], "k2_x2h_pos_nimmi_syn_avg": [0.44819310342483965, 0.18583624645884408, 0.2583202558444564], "k2_x2h_pos_nimmi_syn_sem": [0.015701765362756047, 0.02821367232737634, 0.024020749899237814]}