{"avg_reward": 0.0036319761779489866, "accuracy": 0.375, "IQR_binning": true, "layer_max_bin": 5, "k2_x2h_ray_imin_syn_avg": [0.3834496949485661, 0.11671521228920843, 0.035993061217574944], "k2_x2h_ray_imin_syn_sem": [0.05620781686691669, 0.02734439206997628, 0.006215114393323669], "k2_x2h_ray_mi_avg": [1.2217712397969882, 0.9884218742786781, 0.24969686880773823], "k2_x2h_ray_mi_sem": [0.10994666252062597, 0.08635004974450608, 0.024900271879114453], "k2_x2h_ray_immi_syn_avg": [0.5379083047409118, 0.17835448384606742, 0.04431125516208546], "k2_x2h_ray_immi_syn_sem": [0.060263829754717425, 0.039734542427283755, 0.008508604558925595], "k2_x2h_ray_nimin_syn_avg": [0.3123181782057416, 0.07233703474472092, 0.11418356678670635], "k2_x2h_ray_nimin_syn_sem": [0.025380484414502646, 0.01610218297404385, 0.016919991086420404], "k2_x2h_ray_nimmi_syn_avg": [0.43964578131872106, 0.11414836086184287, 0.136437040926446], "k2_x2h_ray_nimmi_syn_sem": [0.020393738160003623, 0.025192399041435606, 0.020766319550257897], "k2_x2h_pos_imin_syn_avg": [0.37814035179971667, 0.11671521228920843, 0.035993061217574944], "k2_x2h_pos_imin_syn_sem": [0.03171709696541834, 0.02734439206997628, 0.006215114393323669], "k2_x2h_pos_mi_avg": [1.5225640914361769, 0.9884218742786781, 0.24969686880773823], "k2_x2h_pos_mi_sem": [0.02346173284353168, 0.08635004974450608, 0.024900271879114453], "k2_x2h_pos_immi_syn_avg": [0.43929069937657506, 0.17835448384606742, 0.04431125516208546], "k2_x2h_pos_immi_syn_sem": [0.02346173284353168, 0.039734542427283755, 0.008508604558925595], "k2_x2h_pos_nimin_syn_avg": [0.24782746433909306, 0.07233703474472092, 0.11418356678670635], "k2_x2h_pos_nimin_syn_sem": [0.017202189003841177, 0.01610218297404385, 0.016919991086420404], "k2_x2h_pos_nimmi_syn_avg": [0.2881785294984382, 0.11414836086184287, 0.136437040926446], "k2_x2h_pos_nimmi_syn_sem": [0.011091437853544198, 0.025192399041435606, 0.020766319550257897]}