{"avg_reward": 0.0066070166749600335, "accuracy": 0.5, "IQR_binning": true, "layer_max_bin": 5, "k2_x2h_ray_imin_syn_avg": [0.3113683959264454, 0.2033058391208285, 0.0806590316764524], "k2_x2h_ray_imin_syn_sem": [0.05626251332984144, 0.025925201189750932, 0.012253227038525005], "k2_x2h_ray_mi_avg": [1.0741194158365728, 1.1834980111325064, 0.5665661156367005], "k2_x2h_ray_mi_sem": [0.05707040777441436, 0.0602783158407327, 0.03682827233163415], "k2_x2h_ray_immi_syn_avg": [0.45315583052517044, 0.3011748973961117, 0.11149773486928463], "k2_x2h_ray_immi_syn_sem": [0.06703441958557346, 0.03789465754914078, 0.01740604096338246], "k2_x2h_ray_nimin_syn_avg": [0.2875747544024665, 0.1425558464205489, 0.11575689956739382], "k2_x2h_ray_nimin_syn_sem": [0.04495173259056783, 0.017567727629860704, 0.016039815282406937], "k2_x2h_ray_nimmi_syn_avg": [0.4179371470974243, 0.21134287684892888, 0.15978169772237705], "k2_x2h_ray_nimmi_syn_sem": [0.0453593329915422, 0.025577099040248446, 0.02276849386924106], "k2_x2h_pos_imin_syn_avg": [0.4068333240199508, 0.2033058391208285, 0.0806590316764524], "k2_x2h_pos_imin_syn_sem": [0.026651081716830807, 0.025925201189750932, 0.012253227038525005], "k2_x2h_pos_mi_avg": [1.3197400092254827, 1.1834980111325064, 0.5665661156367005], "k2_x2h_pos_mi_sem": [0.02154258828104643, 0.0602783158407327, 0.03682827233163415], "k2_x2h_pos_immi_syn_avg": [0.5547593628336213, 0.3011748973961117, 0.11149773486928463], "k2_x2h_pos_immi_syn_sem": [0.02154258828104643, 0.03789465754914078, 0.01740604096338246], "k2_x2h_pos_nimin_syn_avg": [0.30800904262411083, 0.1425558464205489, 0.11575689956739382], "k2_x2h_pos_nimin_syn_sem": [0.017213550350354018, 0.017567727629860704, 0.016039815282406937], "k2_x2h_pos_nimmi_syn_avg": [0.4200486283597331, 0.21134287684892888, 0.15978169772237705], "k2_x2h_pos_nimmi_syn_sem": [0.009386545030197457, 0.025577099040248446, 0.02276849386924106]}