{"avg_reward": -0.000528220615828772, "accuracy": 0.1875, "IQR_binning": true, "layer_max_bin": 5, "k2_x2h_ray_imin_syn_avg": [0.22303741038096261, 0.04033970403931318, 0.015645087343456737], "k2_x2h_ray_imin_syn_sem": [0.04054858301993084, 0.00865579990248684, 0.004237356128238635], "k2_x2h_ray_mi_avg": [0.5035260482337695, 0.49470448266460787, 0.057354115092769414], "k2_x2h_ray_mi_sem": [0.04580451467906364, 0.04562740396345104, 0.008292108754206294], "k2_x2h_ray_immi_syn_avg": [0.2637192860625488, 0.08237442934858327, 0.01571034864105194], "k2_x2h_ray_immi_syn_sem": [0.04454561895388692, 0.01805789047017614, 0.004279081566614264], "k2_x2h_ray_nimin_syn_avg": [0.43665313183901805, 0.0588877851371756, 0.2322863700360074], "k2_x2h_ray_nimin_syn_sem": [0.049269466433997995, 0.011238973597744775, 0.03921711902444708], "k2_x2h_ray_nimmi_syn_avg": [0.5166451267267479, 0.11515017755964559, 0.2327229968353644], "k2_x2h_ray_nimmi_syn_sem": [0.041764168711931476, 0.02200977571311215, 0.03934395797521015], "k2_x2h_pos_imin_syn_avg": [0.21775690895031616, 0.04033970403931318, 0.015645087343456737], "k2_x2h_pos_imin_syn_sem": [0.02087217828208222, 0.00865579990248684, 0.004237356128238635], "k2_x2h_pos_mi_avg": [0.7786579296146178, 0.49470448266460787, 0.057354115092769414], "k2_x2h_pos_mi_sem": [0.029599772021564212, 0.04562740396345104, 0.008292108754206294], "k2_x2h_pos_immi_syn_avg": [0.2552936728953288, 0.08237442934858327, 0.01571034864105194], "k2_x2h_pos_immi_syn_sem": [0.029599772021563938, 0.01805789047017614, 0.004279081566614264], "k2_x2h_pos_nimin_syn_avg": [0.2784241736142626, 0.0588877851371756, 0.2322863700360074], "k2_x2h_pos_nimin_syn_sem": [0.01637285150226151, 0.011238973597744775, 0.03921711902444708], "k2_x2h_pos_nimmi_syn_avg": [0.32588516030515097, 0.11515017755964559, 0.2327229968353644], "k2_x2h_pos_nimmi_syn_sem": [0.026039768610655042, 0.02200977571311215, 0.03934395797521015]}