{"avg_reward": 0.009232237777742486, "accuracy": 0.625, "IQR_binning": true, "layer_max_bin": 5, "k2_x2h_ray_imin_syn_avg": [0.39841581709337515, 0.12200471046671055, 0.13112257987575887], "k2_x2h_ray_imin_syn_sem": [0.025136567843473862, 0.02501180493423427, 0.010082737229236], "k2_x2h_ray_mi_avg": [0.9751681459230692, 0.8637175536536811, 0.7038583764261328], "k2_x2h_ray_mi_sem": [0.023075175888549234, 0.07085082098556003, 0.03122107401167611], "k2_x2h_ray_immi_syn_avg": [0.5285265491229225, 0.1910801168164983, 0.15199960678272575], "k2_x2h_ray_immi_syn_sem": [0.01698243126543167, 0.039271441980864207, 0.011271207232381428], "k2_x2h_ray_nimin_syn_avg": [0.407809951728561, 0.09334547424220532, 0.19855144425163707], "k2_x2h_ray_nimin_syn_sem": [0.01591676658354484, 0.016984590248734506, 0.014991084697876973], "k2_x2h_ray_nimmi_syn_avg": [0.5418289711712495, 0.14589737868061717, 0.23803117278886374], "k2_x2h_ray_nimmi_syn_sem": [0.007001668519299588, 0.026943561747161688, 0.019615186518723942], "k2_x2h_pos_imin_syn_avg": [0.4600334522912828, 0.12200471046671055, 0.13112257987575887], "k2_x2h_pos_imin_syn_sem": [0.0290485564791247, 0.02501180493423427, 0.010082737229236], "k2_x2h_pos_mi_avg": [1.1983280484524244, 0.8637175536536811, 0.7038583764261328], "k2_x2h_pos_mi_sem": [0.025718050018212476, 0.07085082098556003, 0.03122107401167611], "k2_x2h_pos_immi_syn_avg": [0.5534916309893637, 0.1910801168164983, 0.15199960678272575], "k2_x2h_pos_immi_syn_sem": [0.025718050018212736, 0.039271441980864207, 0.011271207232381428], "k2_x2h_pos_nimin_syn_avg": [0.3832081746888348, 0.09334547424220532, 0.19855144425163707], "k2_x2h_pos_nimin_syn_sem": [0.01614479719083878, 0.016984590248734506, 0.014991084697876973], "k2_x2h_pos_nimmi_syn_avg": [0.4613894994299857, 0.14589737868061717, 0.23803117278886374], "k2_x2h_pos_nimmi_syn_sem": [0.011583086750219228, 0.026943561747161688, 0.019615186518723942]}