{"avg_reward": 0.01127691817648568, "accuracy": 0.625, "IQR_binning": true, "layer_max_bin": 5, "k2_x2h_ray_imin_syn_avg": [0.39963271764533354, 0.12948016271029572, 0.0887661228151111], "k2_x2h_ray_imin_syn_sem": [0.029771727403511507, 0.01302603627045148, 0.00864083376733652], "k2_x2h_ray_mi_avg": [1.027860081320448, 1.0043985572887015, 0.4547308522287414], "k2_x2h_ray_mi_sem": [0.05256542832850136, 0.05279234037710979, 0.020751031387145905], "k2_x2h_ray_immi_syn_avg": [0.4637478894121572, 0.2597433011098883, 0.13257760797043375], "k2_x2h_ray_immi_syn_sem": [0.04509003945328826, 0.02386579791713404, 0.013221879102239136], "k2_x2h_ray_nimin_syn_avg": [0.388550809020686, 0.12176721319782748, 0.17686919430321452], "k2_x2h_ray_nimin_syn_sem": [0.01938764530445521, 0.006822597649665295, 0.015648280329911893], "k2_x2h_ray_nimmi_syn_avg": [0.44975422336100496, 0.24591691004309332, 0.25963380917097195], "k2_x2h_ray_nimmi_syn_sem": [0.027413756523366143, 0.014516408809030617, 0.023528454509185084], "k2_x2h_pos_imin_syn_avg": [0.45170822907947, 0.12948016271029572, 0.0887661228151111], "k2_x2h_pos_imin_syn_sem": [0.016121714623421015, 0.01302603627045148, 0.00864083376733652], "k2_x2h_pos_mi_avg": [1.095395898032775, 1.0043985572887015, 0.4547308522287414], "k2_x2h_pos_mi_sem": [0.05081469716649194, 0.05279234037710979, 0.020751031387145905], "k2_x2h_pos_immi_syn_avg": [0.5568654660833401, 0.2597433011098883, 0.13257760797043375], "k2_x2h_pos_immi_syn_sem": [0.041012100793832634, 0.02386579791713404, 0.013221879102239136], "k2_x2h_pos_nimin_syn_avg": [0.4128009945951117, 0.12176721319782748, 0.17686919430321452], "k2_x2h_pos_nimin_syn_sem": [0.004668739405176962, 0.006822597649665295, 0.015648280329911893], "k2_x2h_pos_nimmi_syn_avg": [0.507508916302163, 0.24591691004309332, 0.25963380917097195], "k2_x2h_pos_nimmi_syn_sem": [0.020758235809597212, 0.014516408809030617, 0.023528454509185084]}