{"avg_reward_avg": 0.0733, "avg_reward_sem": 0.03546173211286279, "accuracy_avg": 0.079, "accuracy_sem": 0.009480975102218594, "k2_xh2h_immi_syn_avg_avg": [0.26892188672752065], "k2_xh2h_immi_syn_avg_sem": [0.009401307171609858], "k2_xh2h_immi_syn_sem_avg": [0.014601856769330668], "k2_xh2h_immi_syn_sem_sem": [0.0008677689891416878], "k2_xh2h_mi_avg_avg": [0.69741337778189], "k2_xh2h_mi_avg_sem": [0.02070466405259346], "k2_xh2h_mi_sem_avg": [0.028542170921482164], "k2_xh2h_mi_sem_sem": [0.002106323484134746], "k2_xh2h_nimmi_syn_avg_avg": [0.3822950063609994], "k2_xh2h_nimmi_syn_avg_sem": [0.006161388376460553], "k2_xh2h_nimmi_syn_sem_avg": [0.012772765205052692], "k2_xh2h_nimmi_syn_sem_sem": [0.0006437808770015716]}