{"avg_reward": 0.022, "accuracy": 0.1, "k2_xh2h_immi_syn_avg": [0.22837538136221308], "k2_xh2h_immi_syn_sem": [0.014607339305337478], "k2_xh2h_mi_avg": [0.6514987302505398], "k2_xh2h_mi_sem": [0.029053229051736892], "k2_xh2h_nimmi_syn_avg": [0.34334357122730996], "k2_xh2h_nimmi_syn_sem": [0.01582066111428141]}