{"avg_reward": 0.095, "accuracy": 0.11, "k2_xh2h_immi_syn_avg": [0.31149423152168815], "k2_xh2h_immi_syn_sem": [0.01571540335861521], "k2_xh2h_mi_avg": [0.7644137235046937], "k2_xh2h_mi_sem": [0.03299329271795067], "k2_xh2h_nimmi_syn_avg": [0.40829786094378456], "k2_xh2h_nimmi_syn_sem": [0.011694154054563654]}