{"avg_reward": 0.011, "accuracy": 0.07, "k2_xh2h_immi_syn_avg": [0.30007050214902636], "k2_xh2h_immi_syn_sem": [0.017202732929049898], "k2_xh2h_mi_avg": [0.7823075479313807], "k2_xh2h_mi_sem": [0.03599988047444839], "k2_xh2h_nimmi_syn_avg": [0.38340967030839274], "k2_xh2h_nimmi_syn_sem": [0.015204128533958128]}