{"avg_reward": 0.035, "accuracy": 0.12, "k2_xh2h_immi_syn_avg": [0.23707271808925598], "k2_xh2h_immi_syn_sem": [0.010587136831468091], "k2_xh2h_mi_avg": [0.6108599510341283], "k2_xh2h_mi_sem": [0.02274520331870126], "k2_xh2h_nimmi_syn_avg": [0.38923608196510995], "k2_xh2h_nimmi_syn_sem": [0.01203385239190442]}