{"avg_reward": 0.019, "accuracy": 0.09, "k2_xh2h_immi_syn_avg": [0.2677787802152982], "k2_xh2h_immi_syn_sem": [0.01078082815112874], "k2_xh2h_mi_avg": [0.6504929172575211], "k2_xh2h_mi_sem": [0.018686394576689653], "k2_xh2h_nimmi_syn_avg": [0.40883581228229715], "k2_xh2h_nimmi_syn_sem": [0.009448173289600518]}