{"avg_reward": 0.379, "accuracy": 0.03, "k2_xh2h_immi_syn_avg": [0.3055771850420739], "k2_xh2h_immi_syn_sem": [0.012715344210624513], "k2_xh2h_mi_avg": [0.7771090930669341], "k2_xh2h_mi_sem": [0.022953457950221003], "k2_xh2h_nimmi_syn_avg": [0.3916034625601255], "k2_xh2h_nimmi_syn_sem": [0.011083909490579958]}