{"avg_reward": 0.042, "accuracy": 0.08, "k2_xh2h_immi_syn_avg": [0.2559857188958755], "k2_xh2h_immi_syn_sem": [0.014016213148120404], "k2_xh2h_mi_avg": [0.6564840161374483], "k2_xh2h_mi_sem": [0.02495660248802099], "k2_xh2h_nimmi_syn_avg": [0.3845844684524275], "k2_xh2h_nimmi_syn_sem": [0.011436424201948191]}