{"avg_reward": 0.017, "accuracy": 0.08, "k2_xh2h_immi_syn_avg": [0.27325775332430113], "k2_xh2h_immi_syn_sem": [0.017338516499300297], "k2_xh2h_mi_avg": [0.7329057031321786], "k2_xh2h_mi_sem": [0.03238656052922097], "k2_xh2h_nimmi_syn_avg": [0.36917153160092153], "k2_xh2h_nimmi_syn_sem": [0.012472462023954531]}