{"avg_reward_avg": 0.9372, "avg_reward_sem": 0.0021797043632362277, "accuracy_avg": 0.685, "accuracy_sem": 0.009916316520429005, "k2_xh2h_immi_syn_avg_avg": [0.19368103679280635], "k2_xh2h_immi_syn_avg_sem": [0.011890643443857108], "k2_xh2h_immi_syn_sem_avg": [0.029678654754000833], "k2_xh2h_immi_syn_sem_sem": [0.002338825678808704], "k2_xh2h_mi_avg_avg": [0.7573205411604647], "k2_xh2h_mi_avg_sem": [0.021901121599921088], "k2_xh2h_mi_sem_avg": [0.06713398541065874], "k2_xh2h_mi_sem_sem": [0.0034208769728759658], "k2_xh2h_nimmi_syn_avg_avg": [0.24769950213867803], "k2_xh2h_nimmi_syn_avg_sem": [0.0056703797727882446], "k2_xh2h_nimmi_syn_sem_avg": [0.021913965500055702], "k2_xh2h_nimmi_syn_sem_sem": [0.0005076343790332224]}