{"avg_reward": 0.942, "accuracy": 0.69, "k2_xh2h_immi_syn_avg": [0.17300587377941426], "k2_xh2h_immi_syn_sem": [0.02537977952763572], "k2_xh2h_mi_avg": [0.7047585181483471], "k2_xh2h_mi_sem": [0.061056717372347906], "k2_xh2h_nimmi_syn_avg": [0.2456273933792453], "k2_xh2h_nimmi_syn_sem": [0.021108461252796067]}