{"avg_reward": 0.934, "accuracy": 0.67, "k2_xh2h_immi_syn_avg": [0.13679666565149548], "k2_xh2h_immi_syn_sem": [0.01895415792634851], "k2_xh2h_mi_avg": [0.6577680537213285], "k2_xh2h_mi_sem": [0.057277792080778024], "k2_xh2h_nimmi_syn_avg": [0.2405747993882482], "k2_xh2h_nimmi_syn_sem": [0.023644677397231383]}