{"avg_reward": 0.945, "accuracy": 0.73, "k2_xh2h_immi_syn_avg": [0.18811492845264108], "k2_xh2h_immi_syn_sem": [0.02983645370052089], "k2_xh2h_mi_avg": [0.7764915863804375], "k2_xh2h_mi_sem": [0.06408059904522746], "k2_xh2h_nimmi_syn_avg": [0.23047258779609764], "k2_xh2h_nimmi_syn_sem": [0.020506634199399725]}