{"avg_reward": 0.925, "accuracy": 0.63, "k2_xh2h_immi_syn_avg": [0.17317559809524025], "k2_xh2h_immi_syn_sem": [0.023314564130870904], "k2_xh2h_mi_avg": [0.7119923958710703], "k2_xh2h_mi_sem": [0.05250324691052084], "k2_xh2h_nimmi_syn_avg": [0.23172445821031734], "k2_xh2h_nimmi_syn_sem": [0.0219347003399671]}