{"avg_reward": 0.934, "accuracy": 0.68, "k2_xh2h_immi_syn_avg": [0.14816922830437682], "k2_xh2h_immi_syn_sem": [0.021181805997910065], "k2_xh2h_mi_avg": [0.73161376197794], "k2_xh2h_mi_sem": [0.05964565976659434], "k2_xh2h_nimmi_syn_avg": [0.2167393546413761], "k2_xh2h_nimmi_syn_sem": [0.02011538429648493]}