{"avg_reward": 0.943, "accuracy": 0.71, "k2_xh2h_immi_syn_avg": [0.24703652373180804], "k2_xh2h_immi_syn_sem": [0.036921945607322516], "k2_xh2h_mi_avg": [0.865082395831854], "k2_xh2h_mi_sem": [0.08358283293205251], "k2_xh2h_nimmi_syn_avg": [0.266543934561858], "k2_xh2h_nimmi_syn_sem": [0.02014397101238718]}