{"avg_reward_avg": 0.8977, "avg_reward_sem": 0.0024587711474546724, "accuracy_avg": 0.488, "accuracy_sem": 0.011907047399661173, "k2_xh2h_immi_syn_avg_avg": [0.1238378378356582], "k2_xh2h_immi_syn_avg_sem": [0.008230232780420784], "k2_xh2h_immi_syn_sem_avg": [0.0267159418380169], "k2_xh2h_immi_syn_sem_sem": [0.001582294864897975], "k2_xh2h_mi_avg_avg": [0.5466065015814541], "k2_xh2h_mi_avg_sem": [0.024597977324285387], "k2_xh2h_mi_sem_avg": [0.066158702263666], "k2_xh2h_mi_sem_sem": [0.0020872055710747885], "k2_xh2h_nimmi_syn_avg_avg": [0.2221575956864267], "k2_xh2h_nimmi_syn_avg_sem": [0.009158666471343994], "k2_xh2h_nimmi_syn_sem_avg": [0.024725021568744544], "k2_xh2h_nimmi_syn_sem_sem": [0.0005687944545267429]}