{"avg_reward": 0.889, "accuracy": 0.43, "k2_xh2h_immi_syn_avg": [0.09763392066519161], "k2_xh2h_immi_syn_sem": [0.025628105913438656], "k2_xh2h_mi_avg": [0.5006701250256074], "k2_xh2h_mi_sem": [0.06426590841644254], "k2_xh2h_nimmi_syn_avg": [0.18483417505393665], "k2_xh2h_nimmi_syn_sem": [0.02371830489112831]}