{"avg_reward": 0.888, "accuracy": 0.45, "k2_xh2h_immi_syn_avg": [0.12015748770119253], "k2_xh2h_immi_syn_sem": [0.03232602056496104], "k2_xh2h_mi_avg": [0.5669149132118061], "k2_xh2h_mi_sem": [0.07118253840693778], "k2_xh2h_nimmi_syn_avg": [0.19660299003261292], "k2_xh2h_nimmi_syn_sem": [0.025371784685577676]}