{"avg_reward": 0.905, "accuracy": 0.52, "k2_xh2h_immi_syn_avg": [0.12422181702007529], "k2_xh2h_immi_syn_sem": [0.01969823064441107], "k2_xh2h_mi_avg": [0.5178949647290356], "k2_xh2h_mi_sem": [0.05920790188396377], "k2_xh2h_nimmi_syn_avg": [0.25509437093990217], "k2_xh2h_nimmi_syn_sem": [0.023116847004165643]}