{"avg_reward": 0.91, "accuracy": 0.55, "k2_xh2h_immi_syn_avg": [0.13600776980953647], "k2_xh2h_immi_syn_sem": [0.029377708955161706], "k2_xh2h_mi_avg": [0.5873159303191282], "k2_xh2h_mi_sem": [0.07129324175930733], "k2_xh2h_nimmi_syn_avg": [0.22054836650983198], "k2_xh2h_nimmi_syn_sem": [0.026478531958002604]}