{"avg_reward": 0.894, "accuracy": 0.48, "k2_xh2h_immi_syn_avg": [0.10975014346797099], "k2_xh2h_immi_syn_sem": [0.028416179910079435], "k2_xh2h_mi_avg": [0.5023654821142092], "k2_xh2h_mi_sem": [0.0622156249254045], "k2_xh2h_nimmi_syn_avg": [0.20933290097824195], "k2_xh2h_nimmi_syn_sem": [0.02807901102301379]}