{"avg_reward": 0.903, "accuracy": 0.51, "k2_xh2h_immi_syn_avg": [0.10242469204447933], "k2_xh2h_immi_syn_sem": [0.02526493285031629], "k2_xh2h_mi_avg": [0.4709179026542033], "k2_xh2h_mi_sem": [0.05774986992027025], "k2_xh2h_nimmi_syn_avg": [0.22603200479559946], "k2_xh2h_nimmi_syn_sem": [0.02654739466961453]}