{"avg_reward": 0.89, "accuracy": 0.45, "k2_xh2h_immi_syn_avg": [0.13758985229070606], "k2_xh2h_immi_syn_sem": [0.03096872148184039], "k2_xh2h_mi_avg": [0.5945948483643309], "k2_xh2h_mi_sem": [0.07466736528798262], "k2_xh2h_nimmi_syn_avg": [0.18948293221676288], "k2_xh2h_nimmi_syn_sem": [0.023331539806298474]}