{"avg_reward": 0.905, "accuracy": 0.52, "k2_xh2h_immi_syn_avg": [0.18366547728145097], "k2_xh2h_immi_syn_sem": [0.027842032312199495], "k2_xh2h_mi_avg": [0.6927739389934406], "k2_xh2h_mi_sem": [0.069782780819992], "k2_xh2h_nimmi_syn_avg": [0.2686328284963689], "k2_xh2h_nimmi_syn_sem": [0.02261701219673357]}