{"avg_reward": 0.894, "accuracy": 0.48, "k2_xh2h_immi_syn_avg": [0.09604004203022233], "k2_xh2h_immi_syn_sem": [0.016919412691366077], "k2_xh2h_mi_avg": [0.42613785155743], "k2_xh2h_mi_sem": [0.05798882494602448], "k2_xh2h_nimmi_syn_avg": [0.25356723535861764], "k2_xh2h_nimmi_syn_sem": [0.02403151710220453]}