{"avg_reward": 0.899, "accuracy": 0.49, "k2_xh2h_immi_syn_avg": [0.13088717604575645], "k2_xh2h_immi_syn_sem": [0.030718073056394776], "k2_xh2h_mi_avg": [0.6064790588453501], "k2_xh2h_mi_sem": [0.07323296627033475], "k2_xh2h_nimmi_syn_avg": [0.21744815248239244], "k2_xh2h_nimmi_syn_sem": [0.02395827235070632]}