{"avg_reward_avg": 0.9364999999999999, "avg_reward_sem": 0.003730504880933219, "accuracy_avg": 0.679, "accuracy_sem": 0.020572365498945967, "k2_xh2h_immi_syn_avg_avg": [0.25723741757674456], "k2_xh2h_immi_syn_avg_sem": [0.00873812428443663], "k2_xh2h_immi_syn_sem_avg": [0.023206381495687007], "k2_xh2h_immi_syn_sem_sem": [0.0011874034105840297], "k2_xh2h_mi_avg_avg": [0.8123600332548708], "k2_xh2h_mi_avg_sem": [0.02406187227326873], "k2_xh2h_mi_sem_avg": [0.05697939224355131], "k2_xh2h_mi_sem_sem": [0.0017108657816031782], "k2_xh2h_nimmi_syn_avg_avg": [0.32178043144676405], "k2_xh2h_nimmi_syn_avg_sem": [0.007954568472518369], "k2_xh2h_nimmi_syn_sem_avg": [0.017571171069418023], "k2_xh2h_nimmi_syn_sem_sem": [0.000501867246437393]}