{"avg_reward": 0.951, "accuracy": 0.76, "k2_xh2h_immi_syn_avg": [0.21603152042930865], "k2_xh2h_immi_syn_sem": [0.023598468003874138], "k2_xh2h_mi_avg": [0.7273085327541072], "k2_xh2h_mi_sem": [0.05723064977593799], "k2_xh2h_nimmi_syn_avg": [0.28746428814740327], "k2_xh2h_nimmi_syn_sem": [0.01517420742389257]}