{"avg_reward": 0.949, "accuracy": 0.75, "k2_xh2h_immi_syn_avg": [0.260205382975075], "k2_xh2h_immi_syn_sem": [0.02044321604533841], "k2_xh2h_mi_avg": [0.8270197137452984], "k2_xh2h_mi_sem": [0.05670512731631962], "k2_xh2h_nimmi_syn_avg": [0.31825806315516025], "k2_xh2h_nimmi_syn_sem": [0.01888777403550055]}