{"avg_reward": 0.937, "accuracy": 0.68, "k2_xh2h_immi_syn_avg": [0.30865467288943854], "k2_xh2h_immi_syn_sem": [0.026074057472070013], "k2_xh2h_mi_avg": [0.8812815099839933], "k2_xh2h_mi_sem": [0.05590190417450155], "k2_xh2h_nimmi_syn_avg": [0.3451033594965159], "k2_xh2h_nimmi_syn_sem": [0.018350801257788485]}