{"avg_reward": 0.916, "accuracy": 0.57, "k2_xh2h_immi_syn_avg": [0.26285378962635875], "k2_xh2h_immi_syn_sem": [0.022758783920311474], "k2_xh2h_mi_avg": [0.8213294059679577], "k2_xh2h_mi_sem": [0.05471844917284911], "k2_xh2h_nimmi_syn_avg": [0.3212365978141742], "k2_xh2h_nimmi_syn_sem": [0.015255174361184414]}