{"avg_reward": 0.926, "accuracy": 0.61, "k2_xh2h_immi_syn_avg": [0.26296151602372647], "k2_xh2h_immi_syn_sem": [0.027503663476976286], "k2_xh2h_mi_avg": [0.9012048580906517], "k2_xh2h_mi_sem": [0.0679523920903552], "k2_xh2h_nimmi_syn_avg": [0.3080344030448069], "k2_xh2h_nimmi_syn_sem": [0.01859432645381631]}