{"avg_reward": 0.933, "accuracy": 0.66, "k2_xh2h_immi_syn_avg": [0.2638719897393117], "k2_xh2h_immi_syn_sem": [0.023005252026970954], "k2_xh2h_mi_avg": [0.7589988703510261], "k2_xh2h_mi_sem": [0.05514493719664802], "k2_xh2h_nimmi_syn_avg": [0.360843503257654], "k2_xh2h_nimmi_syn_sem": [0.016238675781697815]}