{"avg_reward": 0.947, "accuracy": 0.72, "k2_xh2h_immi_syn_avg": [0.23491225984417421], "k2_xh2h_immi_syn_sem": [0.020829302477984445], "k2_xh2h_mi_avg": [0.7298966780233676], "k2_xh2h_mi_sem": [0.05471343114445025], "k2_xh2h_nimmi_syn_avg": [0.3358037778959477], "k2_xh2h_nimmi_syn_sem": [0.016883954507047053]}