{"avg_reward": 0.947, "accuracy": 0.75, "k2_xh2h_immi_syn_avg": [0.2897390332244666], "k2_xh2h_immi_syn_sem": [0.029996193706729898], "k2_xh2h_mi_avg": [0.9365052474688897], "k2_xh2h_mi_sem": [0.0647822717008913], "k2_xh2h_nimmi_syn_avg": [0.2965908850494711], "k2_xh2h_nimmi_syn_sem": [0.019649720104280528]}