{"avg_reward_avg": 0.007554806695686903, "avg_reward_sem": 0.0013449768872513597, "accuracy_avg": 0.50625, "accuracy_sem": 0.04881406047441659, "IQR_binning_avg": 1.0, "IQR_binning_sem": 0.0, "layer_max_bin_avg": 5.0, "layer_max_bin_sem": 0.0, "k2_x2h_ray_imin_syn_avg_avg": [0.44565499383005475, 0.18113074783831165, 0.07873518127870278], "k2_x2h_ray_imin_syn_avg_sem": [0.05016836954787381, 0.042941399836018364, 0.017631201096832326], "k2_x2h_ray_imin_syn_sem_avg": [0.03721811549606968, 0.02848706182113534, 0.009705630973156746], "k2_x2h_ray_imin_syn_sem_sem": [0.005004146954504743, 0.004052517779072292, 0.0015691303216386178], "k2_x2h_ray_mi_avg_avg": [1.177410200358064, 1.2723562615924624, 0.4772027263409123], "k2_x2h_ray_mi_avg_sem": [0.12328612599674298, 0.11950314835550324, 0.089560746042477], "k2_x2h_ray_mi_sem_avg": [0.05692958847769124, 0.08862906484454051, 0.027573258617724465], "k2_x2h_ray_mi_sem_sem": [0.009122245642197642, 0.005876812279982996, 0.003780146237855906], "k2_x2h_ray_immi_syn_avg_avg": [0.5629818620426067, 0.27086175582040106, 0.09958354517116844], "k2_x2h_ray_immi_syn_avg_sem": [0.06024981941886647, 0.05278262621258261, 0.02198620532249461], "k2_x2h_ray_immi_syn_sem_avg": [0.04245558185070246, 0.04155749064053164, 0.012509884480334809], "k2_x2h_ray_immi_syn_sem_sem": [0.007432355187164323, 0.004777787915505379, 0.0022309249307098044], "k2_x2h_ray_nimin_syn_avg_avg": [0.3801648157422043, 0.09771310468710859, 0.1513513993252439], "k2_x2h_ray_nimin_syn_avg_sem": [0.014372605455589783, 0.019134818336953408, 0.017124109530917943], "k2_x2h_ray_nimin_syn_sem_avg": [0.023457814786980478, 0.013995707872573575, 0.018501819892000646], "k2_x2h_ray_nimin_syn_sem_sem": [0.004494068900552466, 0.0015162340295397396, 0.0017968012990454535], "k2_x2h_ray_nimmi_syn_avg_avg": [0.4766586211229506, 0.1532341445441985, 0.18505225378015472], "k2_x2h_ray_nimmi_syn_avg_sem": [0.011975781427598616, 0.024198808180881885, 0.020671273370770626], "k2_x2h_ray_nimmi_syn_sem_avg": [0.022127970238781998, 0.02185761403603722, 0.022616708947101143], "k2_x2h_ray_nimmi_syn_sem_sem": [0.0036875414322938825, 0.0014330513505940107, 0.001461944969370055], "k2_x2h_pos_imin_syn_avg_avg": [0.49470369392367025, 0.18113074783831165, 0.07873518127870278], "k2_x2h_pos_imin_syn_avg_sem": [0.047234246177587744, 0.042941399836018364, 0.017631201096832326], "k2_x2h_pos_imin_syn_sem_avg": [0.026278230178820312, 0.02848706182113534, 0.009705630973156746], "k2_x2h_pos_imin_syn_sem_sem": [0.003052460115965022, 0.004052517779072292, 0.0015691303216386178], "k2_x2h_pos_mi_avg_avg": [1.7209301018518175, 1.2723562615924624, 0.4772027263409123], "k2_x2h_pos_mi_avg_sem": [0.16691698455825213, 0.11950314835550324, 0.089560746042477], "k2_x2h_pos_mi_sem_avg": [0.025726462231083373, 0.08862906484454051, 0.027573258617724465], "k2_x2h_pos_mi_sem_sem": [0.002998826255552749, 0.005876812279982996, 0.003780146237855906], "k2_x2h_pos_immi_syn_avg_avg": [0.5280523704775055, 0.27086175582040106, 0.09958354517116844], "k2_x2h_pos_immi_syn_avg_sem": [0.04788323683996362, 0.05278262621258261, 0.02198620532249461], "k2_x2h_pos_immi_syn_sem_avg": [0.025726462231083456, 0.04155749064053164, 0.012509884480334809], "k2_x2h_pos_immi_syn_sem_sem": [0.0029988262555527435, 0.004777787915505379, 0.0022309249307098044], "k2_x2h_pos_nimin_syn_avg_avg": [0.2913712384121171, 0.09771310468710859, 0.1513513993252439], "k2_x2h_pos_nimin_syn_avg_sem": [0.013621612982911835, 0.019134818336953408, 0.017124109530917943], "k2_x2h_pos_nimin_syn_sem_avg": [0.01126949583767628, 0.013995707872573575, 0.018501819892000646], "k2_x2h_pos_nimin_syn_sem_sem": [0.0013734905771911714, 0.0015162340295397396, 0.0017968012990454535], "k2_x2h_pos_nimmi_syn_avg_avg": [0.3110743548724313, 0.1532341445441985, 0.18505225378015472], "k2_x2h_pos_nimmi_syn_avg_sem": [0.012181728497508261, 0.024198808180881885, 0.020671273370770626], "k2_x2h_pos_nimmi_syn_sem_avg": [0.01111334821963517, 0.02185761403603722, 0.022616708947101143], "k2_x2h_pos_nimmi_syn_sem_sem": [0.0016857503005899628, 0.0014330513505940107, 0.001461944969370055]}