{"avg_reward": 0.0036319761779489866, "accuracy": 0.375, "IQR_binning": true, "layer_max_bin": 5, "k2_x2h_ray_imin_syn_avg": [0.4263680002251764, 0.1572136006457647, 0.050549629273856936], "k2_x2h_ray_imin_syn_sem": [0.058988721124222473, 0.03636286064146573, 0.00824925460805298], "k2_x2h_ray_mi_avg": [1.3718475753488912, 1.3270966285883845, 0.31151196070882925], "k2_x2h_ray_mi_sem": [0.10479624093589106, 0.11670221487924481, 0.026778316046101588], "k2_x2h_ray_immi_syn_avg": [0.6167523162148024, 0.22098283110921663, 0.06292639137288601], "k2_x2h_ray_immi_syn_sem": [0.05958937520985454, 0.04961961187599282, 0.011193813140542304], "k2_x2h_ray_nimin_syn_avg": [0.30850701287648225, 0.07346733100445958, 0.1301059718425971], "k2_x2h_ray_nimin_syn_sem": [0.021913353633617634, 0.016281817186774416, 0.019037343844307504], "k2_x2h_ray_nimmi_syn_avg": [0.44871813968516844, 0.10561486164924096, 0.1562060709120207], "k2_x2h_ray_nimmi_syn_sem": [0.015292583432301027, 0.02329591870997068, 0.023852683132076124], "k2_x2h_pos_imin_syn_avg": [0.46497179340120764, 0.1572136006457647, 0.050549629273856936], "k2_x2h_pos_imin_syn_sem": [0.04139834151276298, 0.03636286064146573, 0.00824925460805298], "k2_x2h_pos_mi_avg": [1.9217962031455171, 1.3270966285883845, 0.31151196070882925], "k2_x2h_pos_mi_sem": [0.029957256181006628, 0.11670221487924481, 0.026778316046101588], "k2_x2h_pos_immi_syn_avg": [0.5202336300108733, 0.22098283110921663, 0.06292639137288601], "k2_x2h_pos_immi_syn_sem": [0.029957256181006628, 0.04961961187599282, 0.011193813140542304], "k2_x2h_pos_nimin_syn_avg": [0.24140713346189968, 0.07346733100445958, 0.1301059718425971], "k2_x2h_pos_nimin_syn_sem": [0.017773778196151214, 0.016281817186774416, 0.019037343844307504], "k2_x2h_pos_nimmi_syn_avg": [0.2703508089947207, 0.10561486164924096, 0.1562060709120207], "k2_x2h_pos_nimmi_syn_sem": [0.011257998860538188, 0.02329591870997068, 0.023852683132076124]}