{"avg_reward": 0.012765495706390045, "accuracy": 0.625, "IQR_binning": true, "layer_max_bin": 5, "k2_x2h_ray_imin_syn_avg": [0.6421208327901753, 0.4911509881844436, 0.02886269837556564], "k2_x2h_ray_imin_syn_sem": [0.018476949415927417, 0.04254661581073141, 0.005339884200508219], "k2_x2h_ray_mi_avg": [1.5196995404746207, 1.8850123582761265, 0.2852966904756261], "k2_x2h_ray_mi_sem": [0.04543444909591934, 0.06619583928547156, 0.023766053918625754], "k2_x2h_ray_immi_syn_avg": [0.777783879440987, 0.6374917857783637, 0.03133933694893205], "k2_x2h_ray_immi_syn_sem": [0.032069949210796256, 0.05305654470357756, 0.0059716217780897965], "k2_x2h_ray_nimin_syn_avg": [0.4226395824319487, 0.2358099443430195, 0.14576682062620763], "k2_x2h_ray_nimin_syn_sem": [0.006007751512264173, 0.019824032469630642, 0.02111939309167262], "k2_x2h_ray_nimmi_syn_avg": [0.5114864206562033, 0.308876737750215, 0.1527579935036396], "k2_x2h_ray_nimmi_syn_sem": [0.006742653986979776, 0.025622142673380487, 0.021992729813235197], "k2_x2h_pos_imin_syn_avg": [0.7484706973775056, 0.4911509881844436, 0.02886269837556564], "k2_x2h_pos_imin_syn_sem": [0.02734495741329146, 0.04254661581073141, 0.005339884200508219], "k2_x2h_pos_mi_avg": [2.4497584346050822, 1.8850123582761265, 0.2852966904756261], "k2_x2h_pos_mi_sem": [0.032884713075700185, 0.06619583928547156, 0.023766053918625754], "k2_x2h_pos_immi_syn_avg": [0.7723071961194622, 0.6374917857783637, 0.03133933694893205], "k2_x2h_pos_immi_syn_sem": [0.032884713075700185, 0.05305654470357756, 0.0059716217780897965], "k2_x2h_pos_nimin_syn_avg": [0.3053468517407015, 0.2358099443430195, 0.14576682062620763], "k2_x2h_pos_nimin_syn_sem": [0.007384142804785631, 0.019824032469630642, 0.02111939309167262], "k2_x2h_pos_nimmi_syn_avg": [0.3150096137292088, 0.308876737750215, 0.1527579935036396], "k2_x2h_pos_nimmi_syn_sem": [0.009271366940438517, 0.025622142673380487, 0.021992729813235197]}