{"avg_reward": 0.0093252758193035, "accuracy": 0.5625, "IQR_binning": true, "layer_max_bin": 5, "k2_x2h_ray_imin_syn_avg": [0.4153503995814501, 0.21047303330199724, 0.06558985732873399], "k2_x2h_ray_imin_syn_sem": [0.02474946734852179, 0.03458671876280647, 0.005799279729330737], "k2_x2h_ray_mi_avg": [1.128061631318188, 1.3754002335855622, 0.3296760627447459], "k2_x2h_ray_mi_sem": [0.03142103747593965, 0.08593051287921472, 0.011145719419714218], "k2_x2h_ray_immi_syn_avg": [0.5705504354320595, 0.3152325797152042, 0.093771440079298], "k2_x2h_ray_immi_syn_sem": [0.020612761126138128, 0.05148312505601573, 0.008462948424677213], "k2_x2h_ray_nimin_syn_avg": [0.3692561953536658, 0.11329234347171499, 0.1817439954435216], "k2_x2h_ray_nimin_syn_sem": [0.028304156357552793, 0.017589250420212362, 0.01566106564959847], "k2_x2h_ray_nimmi_syn_avg": [0.5059838924492425, 0.17046935232964996, 0.2605838936213666], "k2_x2h_ray_nimmi_syn_sem": [0.015545590927446543, 0.02619928746098893, 0.023066401570673356], "k2_x2h_pos_imin_syn_avg": [0.5869012474217138, 0.21047303330199724, 0.06558985732873399], "k2_x2h_pos_imin_syn_sem": [0.029083294381211964, 0.03458671876280647, 0.005799279729330737], "k2_x2h_pos_mi_avg": [1.6871982617659995, 1.3754002335855622, 0.3296760627447459], "k2_x2h_pos_mi_sem": [0.006516226199716191, 0.08593051287921472, 0.011145719419714218], "k2_x2h_pos_immi_syn_avg": [0.6270596966924495, 0.3152325797152042, 0.093771440079298], "k2_x2h_pos_immi_syn_sem": [0.006516226199716191, 0.05148312505601573, 0.008462948424677213], "k2_x2h_pos_nimin_syn_avg": [0.34775522032787576, 0.11329234347171499, 0.1817439954435216], "k2_x2h_pos_nimin_syn_sem": [0.016200513005236224, 0.017589250420212362, 0.01566106564959847], "k2_x2h_pos_nimmi_syn_avg": [0.3716386437510726, 0.17046935232964996, 0.2605838936213666], "k2_x2h_pos_nimmi_syn_sem": [0.002426495421764937, 0.02619928746098893, 0.023066401570673356]}