{"avg_reward": 0.0065499204064921115, "accuracy": 0.5, "IQR_binning": true, "layer_max_bin": 5, "k2_x2h_ray_imin_syn_avg": [0.7178609939005326, 0.1504024915462199, 0.056076455522609876], "k2_x2h_ray_imin_syn_sem": [0.03953436031269713, 0.03281458181364386, 0.011642699936753223], "k2_x2h_ray_mi_avg": [1.7462900414703117, 1.3596735087793586, 0.47041192864770887], "k2_x2h_ray_mi_sem": [0.05706111074209268, 0.10794950584150034, 0.03907045954426476], "k2_x2h_ray_immi_syn_avg": [0.8358181386678373, 0.21055746836734213, 0.0739348365519638], "k2_x2h_ray_immi_syn_sem": [0.040611239085634715, 0.04502927783870317, 0.014044995570592647], "k2_x2h_ray_nimin_syn_avg": [0.41063823059924737, 0.0729865034694667, 0.09639845127583307], "k2_x2h_ray_nimin_syn_sem": [0.011745141767606071, 0.014953364633300539, 0.015842833637733235], "k2_x2h_ray_nimmi_syn_avg": [0.47871728426919885, 0.10483722738333497, 0.12980900962817077], "k2_x2h_ray_nimmi_syn_sem": [0.018596746445656613, 0.021133449190149617, 0.01984987969046695], "k2_x2h_pos_imin_syn_avg": [0.6478269238141143, 0.1504024915462199, 0.056076455522609876], "k2_x2h_pos_imin_syn_sem": [0.03433265507334358, 0.03281458181364386, 0.011642699936753223], "k2_x2h_pos_mi_avg": [2.355019086777007, 1.3596735087793586, 0.47041192864770887], "k2_x2h_pos_mi_sem": [0.0384400951764591, 0.10794950584150034, 0.03907045954426476], "k2_x2h_pos_immi_syn_avg": [0.6741336243288506, 0.21055746836734213, 0.0739348365519638], "k2_x2h_pos_immi_syn_sem": [0.0384400951764591, 0.04502927783870317, 0.014044995570592647], "k2_x2h_pos_nimin_syn_avg": [0.2747556664297908, 0.0729865034694667, 0.09639845127583307], "k2_x2h_pos_nimin_syn_sem": [0.01009088571322986, 0.014953364633300539, 0.015842833637733235], "k2_x2h_pos_nimmi_syn_avg": [0.28587501144680333, 0.10483722738333497, 0.12980900962817077], "k2_x2h_pos_nimmi_syn_sem": [0.011610630408004002, 0.021133449190149617, 0.01984987969046695]}