{"avg_reward": 0.004345216613854972, "accuracy": 0.375, "IQR_binning": true, "layer_max_bin": 5, "k2_x2h_ray_imin_syn_avg": [0.21648917117483082, 0.027581878035813277, 0.14646070893636337], "k2_x2h_ray_imin_syn_sem": [0.02508780664213272, 0.008207145182427341, 0.019157233037055778], "k2_x2h_ray_mi_avg": [0.5906677152527866, 0.7439421446288236, 1.0191643679684577], "k2_x2h_ray_mi_sem": [0.03884245500754586, 0.08574126408612605, 0.04512396580840023], "k2_x2h_ray_immi_syn_avg": [0.245497126588067, 0.05982222362976221, 0.19557425472124684], "k2_x2h_ray_immi_syn_sem": [0.015259706119924353, 0.01684572957018517, 0.026173264959305362], "k2_x2h_ray_nimin_syn_avg": [0.3692182176686086, 0.025702526791602794, 0.12681540689629842], "k2_x2h_ray_nimin_syn_sem": [0.04692606532202828, 0.0062236577758707735, 0.014554067614133059], "k2_x2h_ray_nimmi_syn_avg": [0.41854567087396904, 0.05863703596668521, 0.1689579846215726], "k2_x2h_ray_nimmi_syn_sem": [0.03381213862729079, 0.014388821464001347, 0.019999610888912788], "k2_x2h_pos_imin_syn_avg": [0.3299863167818028, 0.027581878035813277, 0.14646070893636337], "k2_x2h_pos_imin_syn_sem": [0.018079227503545167, 0.008207145182427341, 0.019157233037055778], "k2_x2h_pos_mi_avg": [0.9643962757615089, 0.7439421446288236, 1.0191643679684577], "k2_x2h_pos_mi_sem": [0.019978302569262644, 0.08574126408612605, 0.04512396580840023], "k2_x2h_pos_immi_syn_avg": [0.3338752974626444, 0.05982222362976221, 0.19557425472124684], "k2_x2h_pos_immi_syn_sem": [0.01997830256926296, 0.01684572957018517, 0.026173264959305362], "k2_x2h_pos_nimin_syn_avg": [0.3416954710229834, 0.025702526791602794, 0.12681540689629842], "k2_x2h_pos_nimin_syn_sem": [0.011443408920210842, 0.0062236577758707735, 0.014554067614133059], "k2_x2h_pos_nimmi_syn_avg": [0.34565105429529813, 0.05863703596668521, 0.1689579846215726], "k2_x2h_pos_nimmi_syn_sem": [0.013282147384380261, 0.014388821464001347, 0.019999610888912788]}