{"avg_reward": 0.009232237777742486, "accuracy": 0.625, "IQR_binning": true, "layer_max_bin": 5, "k2_x2h_ray_imin_syn_avg": [0.4187127005140079, 0.1650988713041387, 0.17936322218644374], "k2_x2h_ray_imin_syn_sem": [0.02286346807235697, 0.03615525727618046, 0.011986676153705232], "k2_x2h_ray_mi_avg": [1.0416439797923218, 1.258053078593805, 0.821125977480613], "k2_x2h_ray_mi_sem": [0.023422346818975995, 0.10347822435795558, 0.029833165577471458], "k2_x2h_ray_immi_syn_avg": [0.5590796911741505, 0.2721450548447106, 0.2000649028122766], "k2_x2h_ray_immi_syn_sem": [0.014296227776268438, 0.056609730019911715, 0.013333629265295523], "k2_x2h_ray_nimin_syn_avg": [0.40139703674039895, 0.08490109584939227, 0.23244611548680474], "k2_x2h_ray_nimin_syn_sem": [0.012861344155506587, 0.016296815787050025, 0.017355160551483336], "k2_x2h_ray_nimmi_syn_avg": [0.5367416315822419, 0.1424771037559983, 0.2626638066613368], "k2_x2h_ray_nimmi_syn_sem": [0.006836056577657951, 0.026280964159946192, 0.0203972605112886], "k2_x2h_pos_imin_syn_avg": [0.5670956633430937, 0.1650988713041387, 0.17936322218644374], "k2_x2h_pos_imin_syn_sem": [0.029028326474966736, 0.03615525727618046, 0.011986676153705232], "k2_x2h_pos_mi_avg": [1.6438730413738558, 1.258053078593805, 0.821125977480613], "k2_x2h_pos_mi_sem": [0.02845399144049076, 0.10347822435795558, 0.029833165577471458], "k2_x2h_pos_immi_syn_avg": [0.5911128718759757, 0.2721450548447106, 0.2000649028122766], "k2_x2h_pos_immi_syn_sem": [0.028453991440490586, 0.056609730019911715, 0.013333629265295523], "k2_x2h_pos_nimin_syn_avg": [0.3445638109680644, 0.08490109584939227, 0.23244611548680474], "k2_x2h_pos_nimin_syn_sem": [0.0118915511146226, 0.016296815787050025, 0.017355160551483336], "k2_x2h_pos_nimmi_syn_avg": [0.3591949741217026, 0.1424771037559983, 0.2626638066613368], "k2_x2h_pos_nimmi_syn_sem": [0.01128038328106442, 0.026280964159946192, 0.0203972605112886]}