{"avg_reward": -0.000528220615828772, "accuracy": 0.1875, "IQR_binning": true, "layer_max_bin": 5, "k2_x2h_ray_imin_syn_avg": [0.23724948616488375, 0.04860468800383766, 0.016083389660903863], "k2_x2h_ray_imin_syn_sem": [0.03807221448867637, 0.010344393671539094, 0.003641076967451868], "k2_x2h_ray_mi_avg": [0.5347933336148021, 0.641090512622146, 0.08169289112582301], "k2_x2h_ray_mi_sem": [0.04580927642566442, 0.06262323212535928, 0.010024840818552807], "k2_x2h_ray_immi_syn_avg": [0.27537161232617624, 0.09091619019551464, 0.016181716305787783], "k2_x2h_ray_immi_syn_sem": [0.045028598706668296, 0.01929898265910429, 0.0036592350811420196], "k2_x2h_ray_nimin_syn_avg": [0.43872239534615565, 0.05416740366430966, 0.21046122313981966], "k2_x2h_ray_nimin_syn_sem": [0.04174019315308674, 0.010074458331283856, 0.03344137900752518], "k2_x2h_ray_nimmi_syn_avg": [0.5082713622549392, 0.10665436557808897, 0.2113210733350503], "k2_x2h_ray_nimmi_syn_sem": [0.040019784053626585, 0.02146888341353974, 0.033551964531307786], "k2_x2h_pos_imin_syn_avg": [0.24451485878108267, 0.04860468800383766, 0.016083389660903863], "k2_x2h_pos_imin_syn_sem": [0.018487238615133156, 0.010344393671539094, 0.003641076967451868], "k2_x2h_pos_mi_avg": [0.8505961013056783, 0.641090512622146, 0.08169289112582301], "k2_x2h_pos_mi_sem": [0.028608187088392065, 0.06262323212535928, 0.010024840818552807], "k2_x2h_pos_immi_syn_avg": [0.2731618805816651, 0.09091619019551464, 0.016181716305787783], "k2_x2h_pos_immi_syn_sem": [0.028608187088392283, 0.01929898265910429, 0.0036592350811420196], "k2_x2h_pos_nimin_syn_avg": [0.2866421428926255, 0.05416740366430966, 0.21046122313981966], "k2_x2h_pos_nimin_syn_sem": [0.012279585862133995, 0.010074458331283856, 0.03344137900752518], "k2_x2h_pos_nimmi_syn_avg": [0.3195730366448411, 0.10665436557808897, 0.2113210733350503], "k2_x2h_pos_nimmi_syn_sem": [0.023329407812330855, 0.02146888341353974, 0.033551964531307786]}