{"avg_reward": 0.01127691817648568, "accuracy": 0.625, "IQR_binning": true, "layer_max_bin": 5, "k2_x2h_ray_imin_syn_avg": [0.4143373523437375, 0.1395096458997903, 0.1168259002975492], "k2_x2h_ray_imin_syn_sem": [0.029100830923449228, 0.013963041656947664, 0.010823381205509727], "k2_x2h_ray_mi_avg": [1.0562734889412129, 1.2129800827028379, 0.5363598822786996], "k2_x2h_ray_mi_sem": [0.04771301748867703, 0.06923446982501517, 0.024751571825992608], "k2_x2h_ray_immi_syn_avg": [0.48135132410306863, 0.29240262269516304, 0.16109950886985872], "k2_x2h_ray_immi_syn_sem": [0.04127831176296866, 0.02575786659807985, 0.01584993144422235], "k2_x2h_ray_nimin_syn_avg": [0.39203085289370837, 0.11219636190454003, 0.19731284702601468], "k2_x2h_ray_nimin_syn_sem": [0.019548139487632735, 0.00694462336479425, 0.016540447924943903], "k2_x2h_ray_nimmi_syn_avg": [0.4546763322030187, 0.2343832921749781, 0.2677112107465293], "k2_x2h_ray_nimmi_syn_sem": [0.025453560049829595, 0.01391493072776893, 0.023722274624113415], "k2_x2h_pos_imin_syn_avg": [0.41600052728396825, 0.1395096458997903, 0.1168259002975492], "k2_x2h_pos_imin_syn_sem": [0.00853886010926105, 0.013963041656947664, 0.010823381205509727], "k2_x2h_pos_mi_avg": [1.4341116848099513, 1.2129800827028379, 0.5363598822786996], "k2_x2h_pos_mi_sem": [0.015089581944616551, 0.06923446982501517, 0.024751571825992608], "k2_x2h_pos_immi_syn_avg": [0.44173114682572506, 0.29240262269516304, 0.16109950886985872], "k2_x2h_pos_immi_syn_sem": [0.015089581944616716, 0.02575786659807985, 0.01584993144422235], "k2_x2h_pos_nimin_syn_avg": [0.2900234056238397, 0.11219636190454003, 0.19731284702601468], "k2_x2h_pos_nimin_syn_sem": [0.0033098311729814174, 0.00694462336479425, 0.016540447924943903], "k2_x2h_pos_nimmi_syn_avg": [0.3078655624180214, 0.2343832921749781, 0.2677112107465293], "k2_x2h_pos_nimmi_syn_sem": [0.007208515416116064, 0.01391493072776893, 0.023722274624113415]}