{"avg_reward": 0.005338219531845428, "accuracy": 0.5, "k2_x2h_ray_imin_syn_avg": [0.43927684329207217, 0.055472047021404305, 0.017349476090102275], "k2_x2h_ray_imin_syn_sem": [0.005539962871425034, 0.015216064963936153, 0.00373010878740281], "k2_x2h_ray_immi_syn_avg": [0.5903445596517548, 0.10554629832030292, 0.024031777954154225], "k2_x2h_ray_immi_syn_sem": [0.0298569699616313, 0.026589384670120363, 0.005161711391605088], "k2_x2h_pos_imin_syn_avg": [0.44633971114638427, 0.055472047021404305, 0.017349476090102275], "k2_x2h_pos_imin_syn_sem": [0.03276602071768469, 0.015216064963936153, 0.00373010878740281], "k2_x2h_pos_immi_syn_avg": [0.5028649083696083, 0.10554629832030292, 0.024031777954154225], "k2_x2h_pos_immi_syn_sem": [0.029814219286332214, 0.026589384670120363, 0.005161711391605088], "k2_x2h_ray_mi_avg": [1.216376009516747, 0.7774069562304687, 0.21472124569475518], "k2_x2h_ray_mi_sem": [0.030565586567401735, 0.09021247335787781, 0.02125905831756763], "k2_x2h_ray_nimin_syn_avg": [0.3613688320136353, 0.04314468996555128, 0.06351468601802336], "k2_x2h_ray_nimin_syn_sem": [0.004814550937245042, 0.010197111415972687, 0.012825253283599297], "k2_x2h_ray_nimmi_syn_avg": [0.4847334725723127, 0.08859370739321096, 0.09197758515053407], "k2_x2h_ray_nimmi_syn_sem": [0.012772453010690394, 0.020981460605468946, 0.019050010688439596], "k2_x2h_pos_mi_avg": [1.6958979730662571, 0.7774069562304687, 0.21472124569475518], "k2_x2h_pos_mi_sem": [0.02981421928633222, 0.09021247335787781, 0.02125905831756763], "k2_x2h_pos_nimin_syn_avg": [0.26279237222604707, 0.04314468996555128, 0.06351468601802336], "k2_x2h_pos_nimin_syn_sem": [0.01542631417255338, 0.010197111415972687, 0.012825253283599297], "k2_x2h_pos_nimmi_syn_avg": [0.2960828670513587, 0.08859370739321096, 0.09197758515053407], "k2_x2h_pos_nimmi_syn_sem": [0.012388185047367719, 0.020981460605468946, 0.019050010688439596]}