{"avg_reward_avg": 0.059899999999999995, "avg_reward_sem": 0.02468668106939898, "accuracy_avg": 0.06500000000000002, "accuracy_sem": 0.007187952884282608, "k2_xh2h_immi_syn_avg_avg": [0.21275060726275835], "k2_xh2h_immi_syn_avg_sem": [0.005026589418210144], "k2_xh2h_immi_syn_sem_avg": [0.012484835511736786], "k2_xh2h_immi_syn_sem_sem": [0.0007904742883968242], "k2_xh2h_mi_avg_avg": [0.5903204976358415], "k2_xh2h_mi_avg_sem": [0.01887012972011482], "k2_xh2h_mi_sem_avg": [0.03254832285960434], "k2_xh2h_mi_sem_sem": [0.004606234969080137], "k2_xh2h_nimmi_syn_avg_avg": [0.3697039282401696], "k2_xh2h_nimmi_syn_avg_sem": [0.006388642861974935], "k2_xh2h_nimmi_syn_sem_avg": [0.014123141165182203], "k2_xh2h_nimmi_syn_sem_sem": [0.0006404560310001611]}