{"avg_reward": 0.019, "accuracy": 0.09, "k2_xh2h_immi_syn_avg": [0.2125198956973099], "k2_xh2h_immi_syn_sem": [0.012862591917023899], "k2_xh2h_mi_avg": [0.5835775478839951], "k2_xh2h_mi_sem": [0.026464342131460934], "k2_xh2h_nimmi_syn_avg": [0.36361496034789814], "k2_xh2h_nimmi_syn_sem": [0.013881079086270785]}