{"avg_reward": 0.003, "accuracy": 0.03, "k2_xh2h_immi_syn_avg": [0.19546645728594692], "k2_xh2h_immi_syn_sem": [0.012012374003307583], "k2_xh2h_mi_avg": [0.6548748324678252], "k2_xh2h_mi_sem": [0.05224203554939869], "k2_xh2h_nimmi_syn_avg": [0.33209552865710057], "k2_xh2h_nimmi_syn_sem": [0.01765234061516052]}