{"avg_reward": 0.023, "accuracy": 0.07, "k2_xh2h_immi_syn_avg": [0.2021292111715139], "k2_xh2h_immi_syn_sem": [0.011568923878880406], "k2_xh2h_mi_avg": [0.5128365807669001], "k2_xh2h_mi_sem": [0.021075810951707154], "k2_xh2h_nimmi_syn_avg": [0.38729436943597756], "k2_xh2h_nimmi_syn_sem": [0.013145258680345434]}