{"avg_reward": 0.014, "accuracy": 0.07, "k2_xh2h_immi_syn_avg": [0.21588325919702808], "k2_xh2h_immi_syn_sem": [0.018308388009601183], "k2_xh2h_mi_avg": [0.6910889610838818], "k2_xh2h_mi_sem": [0.06557777670414672], "k2_xh2h_nimmi_syn_avg": [0.33852105244012853], "k2_xh2h_nimmi_syn_sem": [0.01706733159135177]}