{"avg_reward": 0.091, "accuracy": 0.06, "k2_xh2h_immi_syn_avg": [0.24982648993797787], "k2_xh2h_immi_syn_sem": [0.014667936658325918], "k2_xh2h_mi_avg": [0.6639835765570882], "k2_xh2h_mi_sem": [0.02752929596660258], "k2_xh2h_nimmi_syn_avg": [0.3724208493371516], "k2_xh2h_nimmi_syn_sem": [0.012745385097063603]}