{"avg_reward": 0.014, "accuracy": 0.06, "k2_xh2h_immi_syn_avg": [0.21078365815684028], "k2_xh2h_immi_syn_sem": [0.01009725057403062], "k2_xh2h_mi_avg": [0.5736082457920004], "k2_xh2h_mi_sem": [0.02345733936632101], "k2_xh2h_nimmi_syn_avg": [0.36946264452740024], "k2_xh2h_nimmi_syn_sem": [0.012239640637302433]}