{"avg_reward_avg": 1.0, "avg_reward_sem": 0.0, "accuracy_avg": 1.0, "accuracy_sem": 0.0, "k2_x2h_imin_syn_avg_avg": [1.0, 0.017641604167868596, 0.006855472223824805], "k2_x2h_imin_syn_avg_sem": [0.0, 0.004004955226786093, 0.00552113746627442], "k2_x2h_imin_syn_sem_avg": [NaN, 0.009055094327766432, 0.003668813516664911], "k2_x2h_imin_syn_sem_sem": [NaN, 0.0018092691648073128, 0.0024801138988139204], "k2_x2h_mi_avg_avg": [2.0, 1.5235622360894765, 0.842658305502671], "k2_x2h_mi_avg_sem": [0.0, 0.07694194953768232, 0.030348144245957193], "k2_x2h_mi_sem_avg": [NaN, 0.08322717633036647, 0.04436779482948969], "k2_x2h_mi_sem_sem": [NaN, 0.00930134464110833, 0.005067207829567356], "k2_x2h_immi_syn_avg_avg": [1.0, 0.042641604167868594, 0.007086048612313038], "k2_x2h_immi_syn_avg_sem": [0.0, 0.008636018927257655, 0.005502871791147533], "k2_x2h_immi_syn_sem_avg": [NaN, 0.019421258356330927, 0.0038993899051531535], "k2_x2h_immi_syn_sem_sem": [NaN, 0.0025246029998851455, 0.002472425087656655], "k2_x2h_nimin_syn_avg_avg": [0.5, 0.01004901157527601, 0.007044277780982949], "k2_x2h_nimin_syn_avg_sem": [0.0, 0.0024141768286704297, 0.005505469062687568], "k2_x2h_nimin_syn_sem_avg": [NaN, 0.005433967060293145, 0.00385761907382304], "k2_x2h_nimin_syn_sem_sem": [NaN, 0.0014795298131206214, 0.002472225232762388], "k2_x2h_nimmi_syn_avg_avg": [0.5, 0.022826789353053784, 0.007505430557959408], "k2_x2h_nimmi_syn_avg_sem": [0.0, 0.004177531532387622, 0.005494354831339791], "k2_x2h_nimmi_syn_sem_avg": [NaN, 0.010773736873135884, 0.004318771850799525], "k2_x2h_nimmi_syn_sem_sem": [NaN, 0.0014561898446922266, 0.0025132064545746735], "k2_x2h_imin_red_avg_avg": [1.0, 0.6247660763468215, 0.3352547915745189], "k2_x2h_imin_red_avg_sem": [0.0, 0.12140211807963594, 0.04481475665941488], "k2_x2h_imin_red_sem_avg": [NaN, 0.0907987828897622, 0.057444963738990586], "k2_x2h_imin_red_sem_sem": [NaN, 0.006896031608151727, 0.0029684555838955344], "k2_x2h_immi_red_avg_avg": [1.0, 0.6497660763468214, 0.3354853679630072], "k2_x2h_immi_red_avg_sem": [0.0, 0.1242580350182338, 0.04470781175738895], "k2_x2h_immi_red_sem_avg": [NaN, 0.09265410261793944, 0.05745954708500335], "k2_x2h_immi_red_sem_sem": [NaN, 0.008072639514131709, 0.002958827468516104], "k2_x2h_nimin_red_avg_avg": [0.5, 0.34017265043692124, 0.3403162477564212], "k2_x2h_nimin_red_avg_sem": [0.0, 0.06252769722908255, 0.04464376172233177], "k2_x2h_nimin_red_sem_avg": [NaN, 0.050122096112279156, 0.05781234278820444], "k2_x2h_nimin_red_sem_sem": [NaN, 0.003527362477601365, 0.002837194997374939], "k2_x2h_nimmi_red_avg_avg": [0.5, 0.352950428214699, 0.3407774005333977], "k2_x2h_nimmi_red_avg_sem": [0.0, 0.06365213095970793, 0.04442946903918403], "k2_x2h_nimmi_red_sem_avg": [NaN, 0.050967231472986, 0.05790629423329456], "k2_x2h_nimmi_red_sem_sem": [NaN, 0.004054975268374588, 0.002773201986201339], "x2h_imin_syn_avg": [1.0, 0.0, 2.2204460492503132e-17], "x2h_imin_syn_sem": [0.0, 0.0, 2.220446049250313e-17], "x2h_mi_avg": [2.0, 1.95, 0.9811278124459133], "x2h_mi_sem": [0.0, 0.049999999999999996, 0.018872187554086702], "x2h_immi_syn_avg": [1.0, 0.0, 0.0], "x2h_immi_syn_sem": [0.0, 0.0, 0.0], "x2h_nimin_syn_avg": [0.5, 0.0, 2.7369726636357307e-17], "x2h_nimin_syn_sem": [0.0, 0.0, 2.736972663635731e-17], "x2h_nimmi_syn_avg": [0.5, 0.0, 0.0], "x2h_nimmi_syn_sem": [0.0, 0.0, 0.0], "x2h_imin_red_avg": [1.0, 0.1, 0.031127812445913283], "x2h_imin_red_sem": [0.0, 0.09999999999999999, 0.03112781244591328], "x2h_immi_red_avg": [1.0, 0.15, 0.031127812445913294], "x2h_immi_red_sem": [0.0, 0.15, 0.031127812445913294], "x2h_nimin_red_avg": [0.5, 0.05, 0.031127812445913283], "x2h_nimin_red_sem": [0.0, 0.049999999999999996, 0.03112781244591328], "x2h_nimmi_red_avg": [0.5, 0.075, 0.031127812445913294], "x2h_nimmi_red_sem": [0.0, 0.075, 0.031127812445913294]}