{"avg_reward_avg": 0.007554806695686903, "avg_reward_sem": 0.0013449768872513597, "accuracy_avg": 0.50625, "accuracy_sem": 0.04881406047441659, "IQR_binning_avg": 1.0, "IQR_binning_sem": 0.0, "layer_max_bin_avg": 5.0, "layer_max_bin_sem": 0.0, "k2_x2h_ray_imin_syn_avg_avg": [0.4247024088674369, 0.15798702463955033, 0.07281279468397363], "k2_x2h_ray_imin_syn_avg_sem": [0.04601051816943212, 0.032494877485225074, 0.015535486814974405], "k2_x2h_ray_imin_syn_sem_avg": [0.0376092253228041, 0.025183025197439157, 0.009284245413385501], "k2_x2h_ray_imin_syn_sem_sem": [0.004731783250524843, 0.003266345895134462, 0.0013752783518023815], "k2_x2h_ray_mi_avg_avg": [1.1073740945272896, 1.1441719572243523, 0.4518580717191879], "k2_x2h_ray_mi_avg_sem": [0.11126348961091125, 0.0934002050363378, 0.08826639589430889], "k2_x2h_ray_mi_sem_avg": [0.05686405875263421, 0.08051189491686617, 0.026899369282156256], "k2_x2h_ray_mi_sem_sem": [0.009421400941330834, 0.005952961365705317, 0.003846710378704538], "k2_x2h_ray_immi_syn_avg_avg": [0.5302230004157952, 0.24320867115057046, 0.09368808630891129], "k2_x2h_ray_immi_syn_avg_sem": [0.054268994812205096, 0.041351246520532556, 0.020436287096606828], "k2_x2h_ray_immi_syn_sem_avg": [0.041859542405628614, 0.03772562070686991, 0.012040124156952627], "k2_x2h_ray_immi_syn_sem_sem": [0.007161056233714201, 0.004081919455364449, 0.002095401263966701], "k2_x2h_ray_nimin_syn_avg_avg": [0.38437231756212703, 0.09729825337621574, 0.1493483350515637], "k2_x2h_ray_nimin_syn_avg_sem": [0.014263480818588761, 0.017467520824800294, 0.016179070679187717], "k2_x2h_ray_nimin_syn_sem_avg": [0.024816910445865373, 0.013914917358540899, 0.018519647381876454], "k2_x2h_ray_nimin_syn_sem_sem": [0.005174018886029377, 0.0014326845759520905, 0.0017366308790608236], "k2_x2h_ray_nimmi_syn_avg_avg": [0.4778304447427618, 0.15542636865121723, 0.184187209022787], "k2_x2h_ray_nimmi_syn_avg_sem": [0.013107347681371577, 0.02329539463471655, 0.020049941082777464], "k2_x2h_ray_nimmi_syn_sem_avg": [0.02410971978064966, 0.022092309328847405, 0.022696694048375054], "k2_x2h_ray_nimmi_syn_sem_sem": [0.0037022641737613398, 0.0015614904133750326, 0.0013455994889764206], "k2_x2h_pos_imin_syn_avg_avg": [0.36162114000903883, 0.15798702463955033, 0.07281279468397363], "k2_x2h_pos_imin_syn_avg_sem": [0.034076445540307386, 0.032494877485225074, 0.015535486814974405], "k2_x2h_pos_imin_syn_sem_avg": [0.022930979455311, 0.025183025197439157, 0.009284245413385501], "k2_x2h_pos_imin_syn_sem_sem": [0.003382500671347468, 0.003266345895134462, 0.0013752783518023815], "k2_x2h_pos_mi_avg_avg": [1.1838004670392384, 1.1441719572243523, 0.4518580717191879], "k2_x2h_pos_mi_avg_sem": [0.13494603231075378, 0.0934002050363378, 0.08826639589430889], "k2_x2h_pos_mi_sem_avg": [0.034253835760404486, 0.08051189491686617, 0.026899369282156256], "k2_x2h_pos_mi_sem_sem": [0.004110819555615842, 0.005952961365705317, 0.003846710378704538], "k2_x2h_pos_immi_syn_avg_avg": [0.48168894048362815, 0.24320867115057046, 0.09368808630891129], "k2_x2h_pos_immi_syn_avg_sem": [0.0423371058713398, 0.041351246520532556, 0.020436287096606828], "k2_x2h_pos_immi_syn_sem_avg": [0.03404210971857808, 0.03772562070686991, 0.012040124156952627], "k2_x2h_pos_immi_syn_sem_sem": [0.003898963271793809, 0.004081919455364449, 0.002095401263966701], "k2_x2h_pos_nimin_syn_avg_avg": [0.31496620857648505, 0.09729825337621574, 0.1493483350515637], "k2_x2h_pos_nimin_syn_avg_sem": [0.014354149444086549, 0.017467520824800294, 0.016179070679187717], "k2_x2h_pos_nimin_syn_sem_avg": [0.013737490454795337, 0.013914917358540899, 0.018519647381876454], "k2_x2h_pos_nimin_syn_sem_sem": [0.00191574977446475, 0.0014326845759520905, 0.0017366308790608236], "k2_x2h_pos_nimmi_syn_avg_avg": [0.42028946516147003, 0.15542636865121723, 0.184187209022787], "k2_x2h_pos_nimmi_syn_avg_sem": [0.018314138868581978, 0.02329539463471655, 0.020049941082777464], "k2_x2h_pos_nimmi_syn_sem_avg": [0.01886538047939621, 0.022092309328847405, 0.022696694048375054], "k2_x2h_pos_nimmi_syn_sem_sem": [0.0034835230935793106, 0.0015614904133750326, 0.0013455994889764206]}