{"avg_reward": 0.0066070166749600335, "accuracy": 0.5, "IQR_binning": true, "layer_max_bin": 5, "k2_x2h_ray_imin_syn_avg": [0.36101250600639867, 0.2551025078235724, 0.0967412712023933], "k2_x2h_ray_imin_syn_sem": [0.060532477039559995, 0.032437110872072586, 0.01368879674332085], "k2_x2h_ray_mi_avg": [1.1728791570263566, 1.4056927352641526, 0.6073453398084426], "k2_x2h_ray_mi_sem": [0.06074223600332222, 0.06877092896127894, 0.03973482201535813], "k2_x2h_ray_immi_syn_avg": [0.5102301190410072, 0.36576675916886847, 0.12823714208780063], "k2_x2h_ray_immi_syn_sem": [0.0687470580788089, 0.046211743746013056, 0.019512788914865232], "k2_x2h_ray_nimin_syn_avg": [0.3054133313052998, 0.1494593913574434, 0.13084032955096145], "k2_x2h_ray_nimin_syn_sem": [0.04185804966020974, 0.018065830743898656, 0.017323042163213388], "k2_x2h_ray_nimmi_syn_avg": [0.43122313160609727, 0.21415812080373048, 0.17186764075564287], "k2_x2h_ray_nimmi_syn_sem": [0.03922364429149701, 0.025588242615197376, 0.024175771073937462], "k2_x2h_pos_imin_syn_avg": [0.37979015187584403, 0.2551025078235724, 0.0967412712023933], "k2_x2h_pos_imin_syn_sem": [0.03320105764078354, 0.032437110872072586, 0.01368879674332085], "k2_x2h_pos_mi_avg": [1.3644599112781328, 1.4056927352641526, 0.6073453398084426], "k2_x2h_pos_mi_sem": [0.03718950639265962, 0.06877092896127894, 0.03973482201535813], "k2_x2h_pos_immi_syn_avg": [0.5285254993085534, 0.36576675916886847, 0.12823714208780063], "k2_x2h_pos_immi_syn_sem": [0.03718950639265962, 0.046211743746013056, 0.019512788914865232], "k2_x2h_pos_nimin_syn_avg": [0.2778526886053825, 0.1494593913574434, 0.13084032955096145], "k2_x2h_pos_nimin_syn_sem": [0.019460833572507497, 0.018065830743898656, 0.017323042163213388], "k2_x2h_pos_nimmi_syn_avg": [0.3864488809932458, 0.21415812080373048, 0.17186764075564287], "k2_x2h_pos_nimmi_syn_sem": [0.01656232398592067, 0.025588242615197376, 0.024175771073937462]}