{"avg_reward": 0.012765495706390045, "accuracy": 0.625, "IQR_binning": true, "layer_max_bin": 5, "k2_x2h_ray_imin_syn_avg": [0.5666754271861413, 0.3865668422714034, 0.029535622609333807], "k2_x2h_ray_imin_syn_sem": [0.020325520133858094, 0.03346348808863492, 0.005613049887637833], "k2_x2h_ray_mi_avg": [1.3047050739525947, 1.6166416022075867, 0.24775254569039737], "k2_x2h_ray_mi_sem": [0.04800002852703317, 0.057434856056024046, 0.021508989175051566], "k2_x2h_ray_immi_syn_avg": [0.6726931554449177, 0.5076428946827123, 0.031826163999570826], "k2_x2h_ray_immi_syn_sem": [0.036077732780660406, 0.042341971265096506, 0.0062859185645932365], "k2_x2h_ray_nimin_syn_avg": [0.43447443751102566, 0.2179293569623696, 0.1572841564938388], "k2_x2h_ray_nimin_syn_sem": [0.007321410688272001, 0.01840672942978887, 0.021792827874119684], "k2_x2h_ray_nimmi_syn_avg": [0.5149815907092579, 0.28902730700953455, 0.16432713176823013], "k2_x2h_ray_nimmi_syn_sem": [0.00924701464504913, 0.024338625393329538, 0.022824376972748195], "k2_x2h_pos_imin_syn_avg": [0.4585174330759411, 0.3865668422714034, 0.029535622609333807], "k2_x2h_pos_imin_syn_sem": [0.0206287432746712, 0.03346348808863492, 0.005613049887637833], "k2_x2h_pos_mi_avg": [1.4980607999249098, 1.6166416022075867, 0.24775254569039737], "k2_x2h_pos_mi_sem": [0.03870888988958091, 0.057434856056024046, 0.021508989175051566], "k2_x2h_pos_immi_syn_avg": [0.6057257188840358, 0.5076428946827123, 0.031826163999570826], "k2_x2h_pos_immi_syn_sem": [0.03870888988958094, 0.042341971265096506, 0.0062859185645932365], "k2_x2h_pos_nimin_syn_avg": [0.3057994528313082, 0.2179293569623696, 0.1572841564938388], "k2_x2h_pos_nimin_syn_sem": [0.006352936891715926, 0.01840672942978887, 0.021792827874119684], "k2_x2h_pos_nimmi_syn_avg": [0.4035397739695619, 0.28902730700953455, 0.16432713176823013], "k2_x2h_pos_nimmi_syn_sem": [0.015487273462360552, 0.024338625393329538, 0.022824376972748195]}