{"avg_reward": 0.0065499204064921115, "accuracy": 0.5, "IQR_binning": true, "layer_max_bin": 5, "k2_x2h_ray_imin_syn_avg": [0.682079457959636, 0.13630584223854594, 0.05734752315253295], "k2_x2h_ray_imin_syn_sem": [0.03304177305401816, 0.029266281476166382, 0.012452438313515246], "k2_x2h_ray_mi_avg": [1.6446878113433263, 1.228202792410998, 0.45318056762164305], "k2_x2h_ray_mi_sem": [0.05121620792811238, 0.10045733047019328, 0.037272296037432415], "k2_x2h_ray_immi_syn_avg": [0.7931528439751361, 0.18941980627409336, 0.07531874365051776], "k2_x2h_ray_immi_syn_sem": [0.02844039768454084, 0.039396128731842665, 0.014797888619258662], "k2_x2h_ray_nimin_syn_avg": [0.4143148564160494, 0.07376202657476089, 0.0988670721059494], "k2_x2h_ray_nimin_syn_sem": [0.007886912769650128, 0.015138756090593598, 0.01647610374058044], "k2_x2h_ray_nimmi_syn_avg": [0.48258133614766346, 0.10591050543745507, 0.13314908150620136], "k2_x2h_ray_nimmi_syn_sem": [0.015212847709238832, 0.0213358971997385, 0.02015384894828953], "k2_x2h_pos_imin_syn_avg": [0.5243253046389488, 0.13630584223854594, 0.05734752315253295], "k2_x2h_pos_imin_syn_sem": [0.021225594206669234, 0.029266281476166382, 0.012452438313515246], "k2_x2h_pos_mi_avg": [1.8695444237487544, 1.228202792410998, 0.45318056762164305], "k2_x2h_pos_mi_sem": [0.024888843936819834, 0.10045733047019328, 0.037272296037432415], "k2_x2h_pos_immi_syn_avg": [0.5920318575212514, 0.18941980627409336, 0.07531874365051776], "k2_x2h_pos_immi_syn_sem": [0.02488884393681983, 0.039396128731842665, 0.014797888619258662], "k2_x2h_pos_nimin_syn_avg": [0.280257093404068, 0.07376202657476089, 0.0988670721059494], "k2_x2h_pos_nimin_syn_sem": [0.007844714046348053, 0.015138756090593598, 0.01647610374058044], "k2_x2h_pos_nimmi_syn_avg": [0.31642682090041374, 0.10591050543745507, 0.13314908150620136], "k2_x2h_pos_nimmi_syn_sem": [0.009198371582566551, 0.0213358971997385, 0.02015384894828953]}