{"avg_reward": 0.012342230219519993, "accuracy": 0.6875, "IQR_binning": true, "layer_max_bin": 5, "k2_x2h_ray_imin_syn_avg": [0.5580478671041035, 0.10018279796486779, 0.022269513057457033], "k2_x2h_ray_imin_syn_sem": [0.053760422965691855, 0.026737970391302292, 0.005465007408763489], "k2_x2h_ray_mi_avg": [1.4301308052862842, 1.1495917321624898, 0.2789974824787815], "k2_x2h_ray_mi_sem": [0.10718265267542083, 0.0960286872932132, 0.022630019209198802], "k2_x2h_ray_immi_syn_avg": [0.6692348456765306, 0.17590006670757793, 0.024859814520814726], "k2_x2h_ray_immi_syn_sem": [0.0809531677575946, 0.04139293388237978, 0.005993500766260298], "k2_x2h_ray_nimin_syn_avg": [0.3889556928403933, 0.05368350138660552, 0.059278125978835444], "k2_x2h_ray_nimin_syn_sem": [0.009405732021222319, 0.012915823277598262, 0.014649448340088373], "k2_x2h_ray_nimmi_syn_avg": [0.46523240469412847, 0.09617564005531716, 0.06662978174055832], "k2_x2h_ray_nimmi_syn_sem": [0.0231573735575493, 0.021159027521576772, 0.016502266436467475], "k2_x2h_pos_imin_syn_avg": [0.3601141604157591, 0.10018279796486779, 0.022269513057457033], "k2_x2h_pos_imin_syn_sem": [0.012598326605672994, 0.026737970391302292, 0.005465007408763489], "k2_x2h_pos_mi_avg": [1.4859803066085104, 1.1495917321624898, 0.2789974824787815], "k2_x2h_pos_mi_sem": [0.04242199852381187, 0.0960286872932132, 0.022630019209198802], "k2_x2h_pos_immi_syn_avg": [0.5154229917646461, 0.17590006670757793, 0.024859814520814726], "k2_x2h_pos_immi_syn_sem": [0.04242199852381187, 0.04139293388237978, 0.005993500766260298], "k2_x2h_pos_nimin_syn_avg": [0.24248571519524006, 0.05368350138660552, 0.059278125978835444], "k2_x2h_pos_nimin_syn_sem": [0.007704409190197495, 0.012915823277598262, 0.014649448340088373], "k2_x2h_pos_nimmi_syn_avg": [0.3457993806952759, 0.09617564005531716, 0.06662978174055832], "k2_x2h_pos_nimmi_syn_sem": [0.01853415855930656, 0.021159027521576772, 0.016502266436467475]}