{"avg_reward": 0.009232237777742486, "accuracy": 0.625, "IQR_binning": true, "layer_max_bin": 5, "k2_x2h_ray_imin_syn_avg": [0.41503816157280154, 0.1559967104412052, 0.1575892895158672], "k2_x2h_ray_imin_syn_sem": [0.022655760413555454, 0.03388188359219945, 0.010444761933627327], "k2_x2h_ray_mi_avg": [1.0271224353573178, 1.1149974564573701, 0.7690780627087539], "k2_x2h_ray_mi_sem": [0.0238573601544302, 0.09180864460776168, 0.03144965451404578], "k2_x2h_ray_immi_syn_avg": [0.5526770408667371, 0.24816761009322, 0.1760828532124002], "k2_x2h_ray_immi_syn_sem": [0.015342909942386181, 0.05195188652462967, 0.011623097057629001], "k2_x2h_ray_nimin_syn_avg": [0.40349578922567275, 0.09019523319213046, 0.22222670268858818], "k2_x2h_ray_nimin_syn_sem": [0.012597761951300678, 0.017046831378515596, 0.01672666685097038], "k2_x2h_ray_nimmi_syn_avg": [0.5380538160743575, 0.14520352668593192, 0.25374248352503664], "k2_x2h_ray_nimmi_syn_sem": [0.0068863941493986025, 0.02704026207485843, 0.0203330873730476], "k2_x2h_pos_imin_syn_avg": [0.3687756124472434, 0.1559967104412052, 0.1575892895158672], "k2_x2h_pos_imin_syn_sem": [0.014845161373895764, 0.03388188359219945, 0.010444761933627327], "k2_x2h_pos_mi_avg": [1.058076977531025, 1.1149974564573701, 0.7690780627087539], "k2_x2h_pos_mi_sem": [0.022586478119176506, 0.09180864460776168, 0.03144965451404578], "k2_x2h_pos_immi_syn_avg": [0.49757787624719835, 0.24816761009322, 0.1760828532124002], "k2_x2h_pos_immi_syn_sem": [0.022586478119176506, 0.05195188652462967, 0.011623097057629001], "k2_x2h_pos_nimin_syn_avg": [0.3482624014433313, 0.09019523319213046, 0.22222670268858818], "k2_x2h_pos_nimin_syn_sem": [0.007112908685227506, 0.017046831378515596, 0.01672666685097038], "k2_x2h_pos_nimmi_syn_avg": [0.469772512343917, 0.14520352668593192, 0.25374248352503664], "k2_x2h_pos_nimmi_syn_sem": [0.011564382400908731, 0.02704026207485843, 0.0203330873730476]}