{"avg_reward": 0.01127691817648568, "accuracy": 0.625, "IQR_binning": true, "layer_max_bin": 5, "k2_x2h_ray_imin_syn_avg": [0.40708193866375425, 0.13769652147665157, 0.10982244898929878], "k2_x2h_ray_imin_syn_sem": [0.03084858557184324, 0.013304494738790203, 0.010378972166347285], "k2_x2h_ray_mi_avg": [1.0461171094015078, 1.1633910686965738, 0.4964818039285014], "k2_x2h_ray_mi_sem": [0.05169763769132968, 0.06536042612973936, 0.022466694091508782], "k2_x2h_ray_immi_syn_avg": [0.4727845524300909, 0.2859501050430057, 0.1556425962903581], "k2_x2h_ray_immi_syn_sem": [0.044627807237803116, 0.02395101843603015, 0.01550498637723174], "k2_x2h_ray_nimin_syn_avg": [0.3886882581468427, 0.11546283653301376, 0.19950823155121045], "k2_x2h_ray_nimin_syn_sem": [0.018612656100369784, 0.006786445972281407, 0.0169256461474355], "k2_x2h_ray_nimmi_syn_avg": [0.4505590804002393, 0.24055913868725096, 0.27700468832414854], "k2_x2h_ray_nimmi_syn_sem": [0.026395321890271852, 0.013260806556366226, 0.024340592974910168], "k2_x2h_pos_imin_syn_avg": [0.43086687264312773, 0.13769652147665157, 0.10982244898929878], "k2_x2h_pos_imin_syn_sem": [0.03893496281999715, 0.013304494738790203, 0.010378972166347285], "k2_x2h_pos_mi_avg": [1.1227307816729581, 1.1633910686965738, 0.4964818039285014], "k2_x2h_pos_mi_sem": [0.0605197334506072, 0.06536042612973936, 0.022466694091508782], "k2_x2h_pos_immi_syn_avg": [0.5083234318270158, 0.2859501050430057, 0.1556425962903581], "k2_x2h_pos_immi_syn_sem": [0.0605197334506072, 0.02395101843603015, 0.01550498637723174], "k2_x2h_pos_nimin_syn_avg": [0.38217643618198993, 0.11546283653301376, 0.19950823155121045], "k2_x2h_pos_nimin_syn_sem": [0.015080075271443713, 0.006786445972281407, 0.0169256461474355], "k2_x2h_pos_nimmi_syn_avg": [0.4493801955504866, 0.24055913868725096, 0.27700468832414854], "k2_x2h_pos_nimmi_syn_sem": [0.031318660184342664, 0.013260806556366226, 0.024340592974910168]}