{"avg_reward": 0.0036319761779489866, "accuracy": 0.375, "IQR_binning": true, "layer_max_bin": 5, "k2_x2h_ray_imin_syn_avg": [0.4172434714888222, 0.14993906107003505, 0.04617658871863278], "k2_x2h_ray_imin_syn_sem": [0.05863608368592197, 0.034731422375656094, 0.007954871164206788], "k2_x2h_ray_mi_avg": [1.3307428239378918, 1.2624695842000837, 0.27785882840264503], "k2_x2h_ray_mi_sem": [0.11176788224009575, 0.1109536903906064, 0.026500853524817316], "k2_x2h_ray_immi_syn_avg": [0.5945340063575483, 0.21689361419013842, 0.054552936275535785], "k2_x2h_ray_immi_syn_sem": [0.061086353202975834, 0.04879791588934783, 0.009862995323760428], "k2_x2h_ray_nimin_syn_avg": [0.3111669888997502, 0.07343416614000195, 0.13485942695776942], "k2_x2h_ray_nimin_syn_sem": [0.020167340090818702, 0.016294202554006283, 0.020502369893248357], "k2_x2h_ray_nimmi_syn_avg": [0.446337907662032, 0.10836544717977846, 0.15459601324896757], "k2_x2h_ray_nimmi_syn_sem": [0.01910468447874507, 0.023885741511840503, 0.023832639680021677], "k2_x2h_pos_imin_syn_avg": [0.39691959932861715, 0.14993906107003505, 0.04617658871863278], "k2_x2h_pos_imin_syn_sem": [0.03785039934166997, 0.034731422375656094, 0.007954871164206788], "k2_x2h_pos_mi_avg": [1.4049793997503277, 1.2624695842000837, 0.27785882840264503], "k2_x2h_pos_mi_sem": [0.03447480178567728, 0.1109536903906064, 0.026500853524817316], "k2_x2h_pos_immi_syn_avg": [0.6137612949025973, 0.21689361419013842, 0.054552936275535785], "k2_x2h_pos_immi_syn_sem": [0.03153202923317861, 0.04879791588934783, 0.009862995323760428], "k2_x2h_pos_nimin_syn_avg": [0.2815269089924826, 0.07343416614000195, 0.13485942695776942], "k2_x2h_pos_nimin_syn_sem": [0.020070385822289583, 0.016294202554006283, 0.020502369893248357], "k2_x2h_pos_nimmi_syn_avg": [0.43626869836295473, 0.10836544717977846, 0.15459601324896757], "k2_x2h_pos_nimmi_syn_sem": [0.01190917655305882, 0.023885741511840503, 0.023832639680021677]}