{"avg_reward": 0.004345216613854972, "accuracy": 0.375, "IQR_binning": true, "layer_max_bin": 5, "k2_x2h_ray_imin_syn_avg": [0.21648917117483082, 0.027616509671908332, 0.13488998973537225], "k2_x2h_ray_imin_syn_sem": [0.02508780664213272, 0.008024428711588061, 0.017405354802220052], "k2_x2h_ray_mi_avg": [0.5906677152527866, 0.7302003179124537, 1.0081798713253005], "k2_x2h_ray_mi_sem": [0.03884245500754586, 0.08408435838507045, 0.04714547936450098], "k2_x2h_ray_immi_syn_avg": [0.245497126588067, 0.05844421803522984, 0.19046075815205926], "k2_x2h_ray_immi_syn_sem": [0.015259706119924353, 0.01620056446496134, 0.024868854242225243], "k2_x2h_ray_nimin_syn_avg": [0.3692182176686086, 0.026432852465271463, 0.11701139926957284], "k2_x2h_ray_nimin_syn_sem": [0.04692606532202828, 0.006298518886090987, 0.013288760516779533], "k2_x2h_ray_nimmi_syn_avg": [0.41854567087396904, 0.05853180460093293, 0.16692767696675426], "k2_x2h_ray_nimmi_syn_sem": [0.03381213862729079, 0.014310728655594386, 0.01951615544845517], "k2_x2h_pos_imin_syn_avg": [0.2696092643318278, 0.027616509671908332, 0.13488998973537225], "k2_x2h_pos_imin_syn_sem": [0.025717463413312266, 0.008024428711588061, 0.017405354802220052], "k2_x2h_pos_mi_avg": [0.720845718495753, 0.7302003179124537, 1.0081798713253005], "k2_x2h_pos_mi_sem": [0.03399224597944375, 0.08408435838507045, 0.04714547936450098], "k2_x2h_pos_immi_syn_avg": [0.31208680270779404, 0.05844421803522984, 0.19046075815205926], "k2_x2h_pos_immi_syn_sem": [0.03399224597944375, 0.01620056446496134, 0.024868854242225243], "k2_x2h_pos_nimin_syn_avg": [0.3723553844842562, 0.026432852465271463, 0.11701139926957284], "k2_x2h_pos_nimin_syn_sem": [0.019468396934192122, 0.006298518886090987, 0.013288760516779533], "k2_x2h_pos_nimmi_syn_avg": [0.43029379220278363, 0.05853180460093293, 0.16692767696675426], "k2_x2h_pos_nimmi_syn_sem": [0.028118215120379344, 0.014310728655594386, 0.01951615544845517]}