{"avg_reward": 1.0, "accuracy": 1.0, "k2_x2h_imin_syn_avg": [1.0, 0.05010861115918822, 2.2204460492503132e-17], "k2_x2h_imin_syn_sem": [NaN, 0.030959721786553426, 6.694896738718451e-18], "k2_x2h_mi_avg": [2.0, 0.5760902082011213, 0.7289222915584932], "k2_x2h_mi_sem": [NaN, 0.0586260938738408, 0.05929850789345007], "k2_x2h_immi_syn_avg": [1.0, 0.06960736118322672, 0.0], "k2_x2h_immi_syn_sem": [NaN, 0.031747602828106965, 0.0], "k2_x2h_nimin_syn_avg": [0.5, 0.035293796344373414, 7.133318645852453e-17], "k2_x2h_nimin_syn_sem": [NaN, 0.020642000015220544, 2.1507764962126047e-17], "k2_x2h_nimmi_syn_avg": [0.5, 0.054792546368411896, 0.0], "k2_x2h_nimmi_syn_sem": [NaN, 0.022104943977659358, 0.0], "k2_x2h_imin_red_avg": [1.0, 0.09852965274171999, 0.19558895822515993], "k2_x2h_imin_red_sem": [NaN, 0.02949218528352642, 0.05100292035023115], "k2_x2h_immi_red_avg": [1.0, 0.1180284027657585, 0.19558895822515993], "k2_x2h_immi_red_sem": [NaN, 0.03394358452014778, 0.05100292035023115], "k2_x2h_nimin_red_avg": [0.5, 0.10642717590188738, 0.21089388879273474], "k2_x2h_nimin_red_sem": [NaN, 0.035272338177379875, 0.054000196928554386], "k2_x2h_nimmi_red_avg": [0.5, 0.1259259259259259, 0.21089388879273474], "k2_x2h_nimmi_red_sem": [NaN, 0.038980971629062534, 0.05400019692855439], "k2_x2h_tuples_syn": [{"imin_syn_0_1": 1.0, "mi_0_1": 2.0, "immi_syn_0_1": 1.0, "nimin_syn_0_1": 0.5, "nimmi_syn_0_1": 0.5}, {"imin_syn_0_1": 0.0, "mi_0_1": 0.5, "immi_syn_0_1": 0.0, "nimin_syn_0_1": 0.0, "nimmi_syn_0_1": 0.0, "imin_syn_0_2": 0.0, "mi_0_2": 0.0, "immi_syn_0_2": 0.0, "nimin_syn_0_2": 0, "nimmi_syn_0_2": 0, "imin_syn_0_3": 1.1102230246251565e-16, "mi_0_3": 0.8112781244591329, "immi_syn_0_3": 0.0, "nimin_syn_0_3": 1.3684863318178654e-16, "nimmi_syn_0_3": 0.0, "imin_syn_0_4": 0.0, "mi_0_4": 0.0, "immi_syn_0_4": 0.0, "nimin_syn_0_4": 0, "nimmi_syn_0_4": 0, "imin_syn_0_5": 1.1102230246251565e-16, "mi_0_5": 0.8112781244591329, "immi_syn_0_5": 0.0, "nimin_syn_0_5": 1.3684863318178654e-16, "nimmi_syn_0_5": 0.0, "imin_syn_0_6": 0.0, "mi_0_6": 0.5, "immi_syn_0_6": 0.0, "nimin_syn_0_6": 0.0, "nimmi_syn_0_6": 0.0, "imin_syn_0_7": 0.0, "mi_0_7": 0.0, "immi_syn_0_7": 0.0, "nimin_syn_0_7": 0, "nimmi_syn_0_7": 0, "imin_syn_0_8": 0.0, "mi_0_8": 0.0, "immi_syn_0_8": 0.0, "nimin_syn_0_8": 0, "nimmi_syn_0_8": 0, "imin_syn_0_9": 0.0, "mi_0_9": 0.5, "immi_syn_0_9": 0.0, "nimin_syn_0_9": 0.0, "nimmi_syn_0_9": 0.0, "imin_syn_1_2": 0.0, "mi_1_2": 0.5, "immi_syn_1_2": 0.0, "nimin_syn_1_2": 0.0, "nimmi_syn_1_2": 0.0, "imin_syn_1_3": 0.04248125036057815, "mi_1_3": 1.0, "immi_syn_1_3": 0.18872187554086706, "nimin_syn_1_3": 0.04248125036057815, "nimmi_syn_1_3": 0.18872187554086706, "imin_syn_1_4": 0.0, "mi_1_4": 0.5, "immi_syn_1_4": 0.0, "nimin_syn_1_4": 0.0, "nimmi_syn_1_4": 0.0, "imin_syn_1_5": 0.04248125036057815, "mi_1_5": 1.0, "immi_syn_1_5": 0.18872187554086706, "nimin_syn_1_5": 0.04248125036057815, "nimmi_syn_1_5": 0.18872187554086706, "imin_syn_1_6": 0.0, "mi_1_6": 0.5, "immi_syn_1_6": 0.0, "nimin_syn_1_6": 0.0, "nimmi_syn_1_6": 0.0, "imin_syn_1_7": 0.0, "mi_1_7": 0.5, "immi_syn_1_7": 0.0, "nimin_syn_1_7": 0.0, "nimmi_syn_1_7": 0.0, "imin_syn_1_8": 0.0, "mi_1_8": 0.5, "immi_syn_1_8": 0.0, "nimin_syn_1_8": 0.0, "nimmi_syn_1_8": 0.0, "imin_syn_1_9": 1.0, "mi_1_9": 1.5, "immi_syn_1_9": 1.0, "nimin_syn_1_9": 0.6666666666666666, "nimmi_syn_1_9": 0.6666666666666666, "imin_syn_2_3": 1.1102230246251565e-16, "mi_2_3": 0.8112781244591329, "immi_syn_2_3": 0.0, "nimin_syn_2_3": 1.3684863318178654e-16, "nimmi_syn_2_3": 0.0, "imin_syn_2_4": 0.0, "mi_2_4": 0.0, "immi_syn_2_4": 0.0, "nimin_syn_2_4": 0, "nimmi_syn_2_4": 0, "imin_syn_2_5": 1.1102230246251565e-16, "mi_2_5": 0.8112781244591329, "immi_syn_2_5": 0.0, "nimin_syn_2_5": 1.3684863318178654e-16, "nimmi_syn_2_5": 0.0, "imin_syn_2_6": 0.0, "mi_2_6": 0.5, "immi_syn_2_6": 0.0, "nimin_syn_2_6": 0.0, "nimmi_syn_2_6": 0.0, "imin_syn_2_7": 0.0, "mi_2_7": 0.0, "immi_syn_2_7": 0.0, "nimin_syn_2_7": 0, "nimmi_syn_2_7": 0, "imin_syn_2_8": 0.0, "mi_2_8": 0.0, "immi_syn_2_8": 0.0, "nimin_syn_2_8": 0, "nimmi_syn_2_8": 0, "imin_syn_2_9": 0.0, "mi_2_9": 0.5, "immi_syn_2_9": 0.0, "nimin_syn_2_9": 0.0, "nimmi_syn_2_9": 0.0, "imin_syn_3_4": 1.1102230246251565e-16, "mi_3_4": 0.8112781244591329, "immi_syn_3_4": 0.0, "nimin_syn_3_4": 1.3684863318178654e-16, "nimmi_syn_3_4": 0.0, "imin_syn_3_5": 1.1102230246251565e-16, "mi_3_5": 0.8112781244591329, "immi_syn_3_5": 0.0, "nimin_syn_3_5": 1.3684863318178654e-16, "nimmi_syn_3_5": 0.0, "imin_syn_3_6": 0.04248125036057815, "mi_3_6": 1.0, "immi_syn_3_6": 0.18872187554086706, "nimin_syn_3_6": 0.04248125036057815, "nimmi_syn_3_6": 0.18872187554086706, "imin_syn_3_7": 1.1102230246251565e-16, "mi_3_7": 0.8112781244591329, "immi_syn_3_7": 0.0, "nimin_syn_3_7": 1.3684863318178654e-16, "nimmi_syn_3_7": 0.0, "imin_syn_3_8": 1.1102230246251565e-16, "mi_3_8": 0.8112781244591329, "immi_syn_3_8": 0.0, "nimin_syn_3_8": 1.3684863318178654e-16, "nimmi_syn_3_8": 0.0, "imin_syn_3_9": 0.04248125036057815, "mi_3_9": 1.0, "immi_syn_3_9": 0.18872187554086706, "nimin_syn_3_9": 0.04248125036057815, "nimmi_syn_3_9": 0.18872187554086706, "imin_syn_4_5": 1.1102230246251565e-16, "mi_4_5": 0.8112781244591329, "immi_syn_4_5": 0.0, "nimin_syn_4_5": 1.3684863318178654e-16, "nimmi_syn_4_5": 0.0, "imin_syn_4_6": 0.0, "mi_4_6": 0.5, "immi_syn_4_6": 0.0, "nimin_syn_4_6": 0.0, "nimmi_syn_4_6": 0.0, "imin_syn_4_7": 0.0, "mi_4_7": 0.0, "immi_syn_4_7": 0.0, "nimin_syn_4_7": 0, "nimmi_syn_4_7": 0, "imin_syn_4_8": 0.0, "mi_4_8": 0.0, "immi_syn_4_8": 0.0, "nimin_syn_4_8": 0, "nimmi_syn_4_8": 0, "imin_syn_4_9": 0.0, "mi_4_9": 0.5, "immi_syn_4_9": 0.0, "nimin_syn_4_9": 0.0, "nimmi_syn_4_9": 0.0, "imin_syn_5_6": 0.04248125036057815, "mi_5_6": 1.0, "immi_syn_5_6": 0.18872187554086706, "nimin_syn_5_6": 0.04248125036057815, "nimmi_syn_5_6": 0.18872187554086706, "imin_syn_5_7": 1.1102230246251565e-16, "mi_5_7": 0.8112781244591329, "immi_syn_5_7": 0.0, "nimin_syn_5_7": 1.3684863318178654e-16, "nimmi_syn_5_7": 0.0, "imin_syn_5_8": 1.1102230246251565e-16, "mi_5_8": 0.8112781244591329, "immi_syn_5_8": 0.0, "nimin_syn_5_8": 1.3684863318178654e-16, "nimmi_syn_5_8": 0.0, "imin_syn_5_9": 0.04248125036057815, "mi_5_9": 1.0, "immi_syn_5_9": 0.18872187554086706, "nimin_syn_5_9": 0.04248125036057815, "nimmi_syn_5_9": 0.18872187554086706, "imin_syn_6_7": 0.0, "mi_6_7": 0.5, "immi_syn_6_7": 0.0, "nimin_syn_6_7": 0.0, "nimmi_syn_6_7": 0.0, "imin_syn_6_8": 0.0, "mi_6_8": 0.5, "immi_syn_6_8": 0.0, "nimin_syn_6_8": 0.0, "nimmi_syn_6_8": 0.0, "imin_syn_6_9": 1.0, "mi_6_9": 1.5, "immi_syn_6_9": 1.0, "nimin_syn_6_9": 0.6666666666666666, "nimmi_syn_6_9": 0.6666666666666666, "imin_syn_7_8": 0.0, "mi_7_8": 0.0, "immi_syn_7_8": 0.0, "nimin_syn_7_8": 0, "nimmi_syn_7_8": 0, "imin_syn_7_9": 0.0, "mi_7_9": 0.5, "immi_syn_7_9": 0.0, "nimin_syn_7_9": 0.0, "nimmi_syn_7_9": 0.0, "imin_syn_8_9": 0.0, "mi_8_9": 0.5, "immi_syn_8_9": 0.0, "nimin_syn_8_9": 0.0, "nimmi_syn_8_9": 0.0}, {"imin_syn_0_1": 0.0, "mi_0_1": 1.0, "immi_syn_0_1": 0.0, "nimin_syn_0_1": 0.0, "nimmi_syn_0_1": 0.0, "imin_syn_0_2": 0.0, "mi_0_2": 0.0, "immi_syn_0_2": 0.0, "nimin_syn_0_2": 0, "nimmi_syn_0_2": 0, "imin_syn_0_3": 1.1102230246251565e-16, "mi_0_3": 0.31127812445913294, "immi_syn_0_3": 0.0, "nimin_syn_0_3": 3.566659322926226e-16, "nimmi_syn_0_3": 0.0, "imin_syn_0_4": 0.0, "mi_0_4": 1.0, "immi_syn_0_4": 0.0, "nimin_syn_0_4": 0.0, "nimmi_syn_0_4": 0.0, "imin_syn_0_5": 1.1102230246251565e-16, "mi_0_5": 0.31127812445913294, "immi_syn_0_5": 0.0, "nimin_syn_0_5": 3.566659322926226e-16, "nimmi_syn_0_5": 0.0, "imin_syn_0_6": 0.0, "mi_0_6": 1.0, "immi_syn_0_6": 0.0, "nimin_syn_0_6": 0.0, "nimmi_syn_0_6": 0.0, "imin_syn_0_7": 0.0, "mi_0_7": 0.0, "immi_syn_0_7": 0.0, "nimin_syn_0_7": 0, "nimmi_syn_0_7": 0, "imin_syn_0_8": 0.0, "mi_0_8": 1.0, "immi_syn_0_8": 0.0, "nimin_syn_0_8": 0.0, "nimmi_syn_0_8": 0.0, "imin_syn_0_9": 0.0, "mi_0_9": 0.0, "immi_syn_0_9": 0.0, "nimin_syn_0_9": 0, "nimmi_syn_0_9": 0, "imin_syn_1_2": 0.0, "mi_1_2": 1.0, "immi_syn_1_2": 0.0,