{"avg_reward": 1.0, "accuracy": 1.0, "k2_x2h_imin_syn_avg": [1.0, 0.14360902781784202, 0.07044277780982919], "k2_x2h_imin_syn_sem": [NaN, 0.03370749496936305, 0.025536060168769397], "k2_x2h_mi_avg": [2.0, 1.1121470137326384, 0.5454803470659717], "k2_x2h_mi_sem": [NaN, 0.06796851778279309, 0.0532761365334536], "k2_x2h_immi_syn_avg": [1.0, 0.2543024306156519, 0.0750543055795941], "k2_x2h_immi_syn_sem": [NaN, 0.04746902993285035, 0.025797778046632348], "k2_x2h_nimin_syn_avg": [0.5, 0.08833194447115392, 0.07421888895299177], "k2_x2h_nimin_syn_sem": [NaN, 0.018427033294477223, 0.025720614847916184], "k2_x2h_nimmi_syn_avg": [0.5, 0.1621275463363605, 0.08344194449252151], "k2_x2h_nimmi_syn_sem": [NaN, 0.029341054633211558, 0.02726240294079225], "k2_x2h_imin_red_avg": [1.0, 0.2804845136525099, 0.11172930541933715], "k2_x2h_imin_red_sem": [NaN, 0.04902910963964032, 0.02505865920765254], "k2_x2h_immi_red_avg": [1.0, 0.39117791645031985, 0.11634083318910211], "k2_x2h_immi_red_sem": [NaN, 0.06340981112045974, 0.0256594374232764], "k2_x2h_nimin_red_avg": [0.5, 0.19719296281338985, 0.14317458318108922], "k2_x2h_nimin_red_sem": [NaN, 0.037693207287717835, 0.03433927459412393], "k2_x2h_nimmi_red_avg": [0.5, 0.2709885646785964, 0.15239763872061915], "k2_x2h_nimmi_red_sem": [NaN, 0.04588242818376532, 0.036533882173444526], "k2_x2h_tuples_syn": [{"imin_syn_0_1": 1.0, "mi_0_1": 2.0, "immi_syn_0_1": 1.0, "nimin_syn_0_1": 0.5, "nimmi_syn_0_1": 0.5}, {"imin_syn_0_1": 0.0, "mi_0_1": 1.0, "immi_syn_0_1": 0.0, "nimin_syn_0_1": 0.0, "nimmi_syn_0_1": 0.0, "imin_syn_0_2": 1.1102230246251565e-16, "mi_0_2": 0.8112781244591329, "immi_syn_0_2": 0.0, "nimin_syn_0_2": 1.3684863318178654e-16, "nimmi_syn_0_2": 0.0, "imin_syn_0_3": 0.0, "mi_0_3": 0.0, "immi_syn_0_3": 0.0, "nimin_syn_0_3": 0, "nimmi_syn_0_3": 0, "imin_syn_0_4": 0.0, "mi_0_4": 1.0, "immi_syn_0_4": 0.0, "nimin_syn_0_4": 0.0, "nimmi_syn_0_4": 0.0, "imin_syn_0_5": 0.0, "mi_0_5": 0.0, "immi_syn_0_5": 0.0, "nimin_syn_0_5": 0, "nimmi_syn_0_5": 0, "imin_syn_0_6": 0.0, "mi_0_6": 0.8112781244591329, "immi_syn_0_6": 0.0, "nimin_syn_0_6": 0.0, "nimmi_syn_0_6": 0.0, "imin_syn_0_7": 0.0, "mi_0_7": 0.8112781244591329, "immi_syn_0_7": 0.0, "nimin_syn_0_7": 0.0, "nimmi_syn_0_7": 0.0, "imin_syn_0_8": 0.0, "mi_0_8": 0.8112781244591329, "immi_syn_0_8": 0.0, "nimin_syn_0_8": 0.0, "nimmi_syn_0_8": 0.0, "imin_syn_0_9": 0.0, "mi_0_9": 1.0, "immi_syn_0_9": 0.0, "nimin_syn_0_9": 0.0, "nimmi_syn_0_9": 0.0, "imin_syn_1_2": 0.25, "mi_1_2": 1.5, "immi_syn_1_2": 0.5, "nimin_syn_1_2": 0.16666666666666666, "nimmi_syn_1_2": 0.3333333333333333, "imin_syn_1_3": 0.0, "mi_1_3": 1.0, "immi_syn_1_3": 0.0, "nimin_syn_1_3": 0.0, "nimmi_syn_1_3": 0.0, "imin_syn_1_4": 1.0, "mi_1_4": 2.0, "immi_syn_1_4": 1.0, "nimin_syn_1_4": 0.5, "nimmi_syn_1_4": 0.5, "imin_syn_1_5": 0.0, "mi_1_5": 1.0, "immi_syn_1_5": 0.0, "nimin_syn_1_5": 0.0, "nimmi_syn_1_5": 0.0, "imin_syn_1_6": 0.25, "mi_1_6": 1.5, "immi_syn_1_6": 0.5, "nimin_syn_1_6": 0.16666666666666666, "nimmi_syn_1_6": 0.3333333333333333, "imin_syn_1_7": 0.25, "mi_1_7": 1.5, "immi_syn_1_7": 0.5, "nimin_syn_1_7": 0.16666666666666666, "nimmi_syn_1_7": 0.3333333333333333, "imin_syn_1_8": 0.25, "mi_1_8": 1.5, "immi_syn_1_8": 0.5, "nimin_syn_1_8": 0.16666666666666666, "nimmi_syn_1_8": 0.3333333333333333, "imin_syn_1_9": 0.0, "mi_1_9": 1.0, "immi_syn_1_9": 0.0, "nimin_syn_1_9": 0.0, "nimmi_syn_1_9": 0.0, "imin_syn_2_3": 1.1102230246251565e-16, "mi_2_3": 0.8112781244591329, "immi_syn_2_3": 0.0, "nimin_syn_2_3": 1.3684863318178654e-16, "nimmi_syn_2_3": 0.0, "imin_syn_2_4": 0.25, "mi_2_4": 1.5, "immi_syn_2_4": 0.5, "nimin_syn_2_4": 0.16666666666666666, "nimmi_syn_2_4": 0.3333333333333333, "imin_syn_2_5": 1.1102230246251565e-16, "mi_2_5": 0.8112781244591329, "immi_syn_2_5": 0.0, "nimin_syn_2_5": 1.3684863318178654e-16, "nimmi_syn_2_5": 0.0, "imin_syn_2_6": 0.29248125036057804, "mi_2_6": 1.5, "immi_syn_2_6": 0.6887218755408671, "nimin_syn_2_6": 0.19498750024038536, "nimmi_syn_2_6": 0.4591479170272447, "imin_syn_2_7": 0.29248125036057804, "mi_2_7": 1.5, "immi_syn_2_7": 0.6887218755408671, "nimin_syn_2_7": 0.19498750024038536, "nimmi_syn_2_7": 0.4591479170272447, "imin_syn_2_8": 0.29248125036057804, "mi_2_8": 1.5, "immi_syn_2_8": 0.6887218755408671, "nimin_syn_2_8": 0.19498750024038536, "nimmi_syn_2_8": 0.4591479170272447, "imin_syn_2_9": 0.25, "mi_2_9": 1.5, "immi_syn_2_9": 0.5, "nimin_syn_2_9": 0.16666666666666666, "nimmi_syn_2_9": 0.3333333333333333, "imin_syn_3_4": 0.0, "mi_3_4": 1.0, "immi_syn_3_4": 0.0, "nimin_syn_3_4": 0.0, "nimmi_syn_3_4": 0.0, "imin_syn_3_5": 0.0, "mi_3_5": 0.0, "immi_syn_3_5": 0.0, "nimin_syn_3_5": 0, "nimmi_syn_3_5": 0, "imin_syn_3_6": 0.0, "mi_3_6": 0.8112781244591329, "immi_syn_3_6": 0.0, "nimin_syn_3_6": 0.0, "nimmi_syn_3_6": 0.0, "imin_syn_3_7": 0.0, "mi_3_7": 0.8112781244591329, "immi_syn_3_7": 0.0, "nimin_syn_3_7": 0.0, "nimmi_syn_3_7": 0.0, "imin_syn_3_8": 0.0, "mi_3_8": 0.8112781244591329, "immi_syn_3_8": 0.0, "nimin_syn_3_8": 0.0, "nimmi_syn_3_8": 0.0, "imin_syn_3_9": 0.0, "mi_3_9": 1.0, "immi_syn_3_9": 0.0, "nimin_syn_3_9": 0.0, "nimmi_syn_3_9": 0.0, "imin_syn_4_5": 0.0, "mi_4_5": 1.0, "immi_syn_4_5": 0.0, "nimin_syn_4_5": 0.0, "nimmi_syn_4_5": 0.0, "imin_syn_4_6": 0.25, "mi_4_6": 1.5, "immi_syn_4_6": 0.5, "nimin_syn_4_6": 0.16666666666666666, "nimmi_syn_4_6": 0.3333333333333333, "imin_syn_4_7": 0.25, "mi_4_7": 1.5, "immi_syn_4_7": 0.5, "nimin_syn_4_7": 0.16666666666666666, "nimmi_syn_4_7": 0.3333333333333333, "imin_syn_4_8": 0.25, "mi_4_8": 1.5, "immi_syn_4_8": 0.5, "nimin_syn_4_8": 0.16666666666666666, "nimmi_syn_4_8": 0.3333333333333333, "imin_syn_4_9": 1.0, "mi_4_9": 2.0, "immi_syn_4_9": 1.0, "nimin_syn_4_9": 0.5, "nimmi_syn_4_9": 0.5, "imin_syn_5_6": 0.0, "mi_5_6": 0.8112781244591329, "immi_syn_5_6": 0.0, "nimin_syn_5_6": 0.0, "nimmi_syn_5_6": 0.0, "imin_syn_5_7": 0.0, "mi_5_7": 0.8112781244591329, "immi_syn_5_7": 0.0, "nimin_syn_5_7": 0.0, "nimmi_syn_5_7": 0.0, "imin_syn_5_8": 0.0, "mi_5_8": 0.8112781244591329, "immi_syn_5_8": 0.0, "nimin_syn_5_8": 0.0, "nimmi_syn_5_8": 0.0, "imin_syn_5_9": 0.0, "mi_5_9": 1.0, "immi_syn_5_9": 0.0, "nimin_syn_5_9": 0.0, "nimmi_syn_5_9": 0.0, "imin_syn_6_7": 0.0, "mi_6_7": 0.8112781244591329, "immi_syn_6_7": 0.0, "nimin_syn_6_7": 0.0, "nimmi_syn_6_7": 0.0, "imin_syn_6_8": 0.29248125036057804, "mi_6_8": 1.5, "immi_syn_6_8": 0.6887218755408671, "nimin_syn_6_8": 0.19498750024038536, "nimmi_syn_6_8": 0.4591479170272447, "imin_syn_6_9": 0.25, "mi_6_9": 1.5, "immi_syn_6_9": 0.5, "nimin_syn_6_9": 0.16666666666666666, "nimmi_syn_6_9": 0.3333333333333333, "imin_syn_7_8": 0.29248125036057804, "mi_7_8": 1.5, "immi_syn_7_8": 0.6887218755408671, "nimin_syn_7_8": 0.19498750024038536, "nimmi_syn_7_8": 0.4591479170272447, "imin_syn_7_9": 0.25, "mi_7_9": 1.5, "immi_syn_7_9": 0.5, "nimin_syn_7_9": 0.16666666666666666, "nimmi_syn_7_9": 0.3333333333333333, "imin_syn_8_9": 0.25, "mi_8_9": 1.5, "immi_syn_8_9": 0.5, "nimin_syn_8_9": 0.16666666666666666, "nimmi_syn_8_9": 0.3333333333333333}, {"imin_syn_0_1": 0.0, "mi_0_1": 1.0, "immi_syn_0_1": 0.0, "nimin_syn_0_1": 0.0, "nimmi_syn_0_1": 0.0, "imin_syn_0_2": 1.1102230246251565e-16, "mi_0_2": 0.31127812445913294, "immi_syn_0_2": 0.0, "nimin_syn_0_2": 3.566659322926226e-16, "nimmi_syn_0_2": 0.0, "imin_syn_0_3": 0.5, "mi_0_3": 1.0, "immi_syn_0_3": 0.5, "nimin_syn_0_3": 0.5, "nimmi_syn_0_3": 0.5, "imin_syn_0_4": 1.1102230246251565e-16, "mi_0_4": 0.31127812445913294, "immi_syn_0_4": 0.0, "nimin_syn_0_4": 3.566659322926226e-16, "nimmi_syn_0_4": 0.0, "imin_syn_0_5": 0.0, "mi_0_5": 0.5, "immi_syn_0_5": 0.0, "nimin_syn_0_5": 0.0, "nimmi_syn_0_5": 0.0, "imin_syn_0_6": 1.1102230246251565e-16, "mi_0_6": 0.31127812445913294, "immi_syn_0_6": 0.0, "nimin_syn_0_6": 3.566659322926226e-16, "nimmi_syn_0_6": 0.0, "imin_syn_0_7": 0.08496250072115624, "mi_0_7": 0.5, "immi_syn_0_7": 0.18872187554086706, "nimin_syn_0_7": 0.16992500144231248, "nimmi_syn_0_7": 0.3774437510817341, "imin_syn_0_8": 0.08496250072115624, "mi_0_8": 0.5,