{"avg_reward_avg": 1.0, "avg_reward_sem": 0.0, "accuracy_avg": 1.0, "accuracy_sem": 0.0, "k2_x2h_imin_syn_avg_avg": [0.95, 0.07553718058840823, 0.07392649313368084], "k2_x2h_imin_syn_avg_sem": [0.049999999999999996, 0.013632625466555843, 0.019118574695931166], "k2_x2h_imin_syn_sem_avg": [NaN, 0.0223167027017053, 0.02398342791600502], "k2_x2h_imin_syn_sem_sem": [NaN, 0.0027252504103869105, 0.003957402458173631], "k2_x2h_mi_avg_avg": [1.95, 0.88950540956477, 0.5581002290020026], "k2_x2h_mi_avg_sem": [0.049999999999999996, 0.05631485476522465, 0.049478346350488825], "k2_x2h_mi_sem_avg": [NaN, 0.07306444985329566, 0.05151825334930723], "k2_x2h_mi_sem_sem": [NaN, 0.0034548563237911533, 0.0022394951478606497], "k2_x2h_immi_syn_avg_avg": [0.95, 0.14163910421594567, 0.07807686812646923], "k2_x2h_immi_syn_avg_sem": [0.049999999999999996, 0.027405804626207654, 0.01958966304893513], "k2_x2h_immi_syn_sem_avg": [NaN, 0.03595377822148303, 0.02425568252716185], "k2_x2h_immi_syn_sem_sem": [NaN, 0.003266130963117752, 0.003881063291611269], "k2_x2h_nimin_syn_avg_avg": [0.4833333333333333, 0.04804692594943028, 0.08445448623851548], "k2_x2h_nimin_syn_avg_sem": [0.016666666666666666, 0.00854093913487749, 0.020208617950805488], "k2_x2h_nimin_syn_sem_avg": [NaN, 0.013465024153457104, 0.02564077595549511], "k2_x2h_nimin_syn_sem_sem": [NaN, 0.0014950213450803478, 0.0037038296899856546], "k2_x2h_nimmi_syn_avg_avg": [0.4833333333333333, 0.09267224077599726, 0.09275523622409224], "k2_x2h_nimmi_syn_avg_sem": [0.016666666666666666, 0.017725917731770256, 0.021954454497704792], "k2_x2h_nimmi_syn_sem_avg": [NaN, 0.023198324461358524, 0.026659998618957563], "k2_x2h_nimmi_syn_sem_sem": [NaN, 0.002043175683693288, 0.0037257998497446554], "k2_x2h_imin_red_avg_avg": [0.95, 0.17902420818830084, 0.1386232012098018], "k2_x2h_imin_red_avg_sem": [0.049999999999999996, 0.02281245451520748, 0.025617549637763925], "k2_x2h_imin_red_sem_avg": [NaN, 0.04247725351964887, 0.026679778971353048], "k2_x2h_imin_red_sem_sem": [NaN, 0.0024554527702852253, 0.003473941442484068], "k2_x2h_immi_red_avg_avg": [0.95, 0.24512613181583828, 0.14277357620259024], "k2_x2h_immi_red_avg_sem": [0.049999999999999996, 0.035918524249601846, 0.026374929597932188], "k2_x2h_immi_red_sem_avg": [NaN, 0.0539365287035373, 0.02695577562812531], "k2_x2h_immi_red_sem_sem": [NaN, 0.00318626256744916, 0.0034665024598642775], "k2_x2h_nimin_red_avg_avg": [0.4833333333333333, 0.13656348023399634, 0.1936123400938829], "k2_x2h_nimin_red_avg_sem": [0.016666666666666666, 0.01773618700618227, 0.0371969806996608], "k2_x2h_nimin_red_sem_avg": [NaN, 0.03537972759108389, 0.039383105596077814], "k2_x2h_nimin_red_sem_sem": [NaN, 0.0028222082055192324, 0.0038007093097778733], "k2_x2h_nimmi_red_avg_avg": [0.4833333333333333, 0.18118879506056332, 0.20191309007945984], "k2_x2h_nimmi_red_avg_sem": [0.016666666666666666, 0.025672121981572548, 0.039131228780413314], "k2_x2h_nimmi_red_sem_avg": [NaN, 0.04179969208272332, 0.04043683638310445], "k2_x2h_nimmi_red_sem_sem": [NaN, 0.0026208742486534416, 0.0038991387785363017], "x2h_imin_syn_avg": [0.95, 0.0, 0.0], "x2h_imin_syn_sem": [0.049999999999999996, 0.0, 0.0], "x2h_mi_avg": [1.95, 1.9, 1.0], "x2h_mi_sem": [0.049999999999999996, 0.06666666666666665, 0.0], "x2h_immi_syn_avg": [0.95, 0.0, 0.0], "x2h_immi_syn_sem": [0.049999999999999996, 0.0, 0.0], "x2h_nimin_syn_avg": [0.4833333333333333, 0.0, 0.0], "x2h_nimin_syn_sem": [0.016666666666666666, 0.0, 0.0], "x2h_nimmi_syn_avg": [0.4833333333333333, 0.0, 0.0], "x2h_nimmi_syn_sem": [0.016666666666666666, 0.0, 0.0], "x2h_imin_red_avg": [0.95, 0.0, 0.0], "x2h_imin_red_sem": [0.049999999999999996, 0.0, 0.0], "x2h_immi_red_avg": [0.95, 0.0, 0.0], "x2h_immi_red_sem": [0.049999999999999996, 0.0, 0.0], "x2h_nimin_red_avg": [0.4833333333333333, 0.0, 0.0], "x2h_nimin_red_sem": [0.016666666666666666, 0.0, 0.0], "x2h_nimmi_red_avg": [0.4833333333333333, 0.0, 0.0], "x2h_nimmi_red_sem": [0.016666666666666666, 0.0, 0.0]}