{"avg_reward_avg": 0.1630768726195294, "avg_reward_sem": 0.015659514492242052, "accuracy_avg": 0.65, "accuracy_sem": 0.011111111111111103, "IQR_binning_avg": 1.0, "IQR_binning_sem": 0.0, "layer_max_bin_avg": 5.0, "layer_max_bin_sem": 0.0, "k2_x2h_ray_imin_syn_avg_avg": [0.22731428977967955, 0.05881613395761646, 0.029272678654353308], "k2_x2h_ray_imin_syn_avg_sem": [0.03815055525809415, 0.01755602111930104, 0.009222638384777888], "k2_x2h_ray_imin_syn_sem_avg": [0.039328316598026464, 0.016922101913800967, 0.00573813274468268], "k2_x2h_ray_imin_syn_sem_sem": [0.007039284530618835, 0.003576914816139475, 0.0014371909747634556], "k2_x2h_ray_mi_avg_avg": [0.735085354758535, 0.6578331544205447, 0.23042259346987573], "k2_x2h_ray_mi_avg_sem": [0.11508728300949499, 0.11587282277902182, 0.07397389748815425], "k2_x2h_ray_mi_sem_avg": [0.04275050413345157, 0.07337283359514417, 0.020279506755755922], "k2_x2h_ray_mi_sem_sem": [0.007701437508522601, 0.0113112240471987, 0.004762310396211836], "k2_x2h_ray_immi_syn_avg_avg": [0.3087596294860574, 0.0893774068527463, 0.03916134602900563], "k2_x2h_ray_immi_syn_avg_sem": [0.052718675481189796, 0.02711234772633795, 0.015781109840462788], "k2_x2h_ray_immi_syn_sem_avg": [0.035898132378355097, 0.02487856663871459, 0.007230026071960186], "k2_x2h_ray_immi_syn_sem_sem": [0.005750930231507859, 0.005216380651408942, 0.0021725675158155103], "k2_x2h_ray_nimin_syn_avg_avg": [0.3033755132092081, 0.03964276475603332, 0.09949892866447513], "k2_x2h_ray_nimin_syn_avg_sem": [0.031638846750673286, 0.012051867939154795, 0.027712597518350375], "k2_x2h_ray_nimin_syn_sem_avg": [0.05235949914038168, 0.010378051212656222, 0.017601173935733204], "k2_x2h_ray_nimin_syn_sem_sem": [0.00943704945227511, 0.00216215064737436, 0.003360339373038649], "k2_x2h_ray_nimmi_syn_avg_avg": [0.39776124769893295, 0.061342346121621, 0.11392181648807367], "k2_x2h_ray_nimmi_syn_avg_sem": [0.03902498501397416, 0.018673322575275104, 0.029299185440064355], "k2_x2h_ray_nimmi_syn_sem_avg": [0.04781433997289598, 0.01577607283185322, 0.01971834890540554], "k2_x2h_ray_nimmi_syn_sem_sem": [0.0076385174766840265, 0.0032854759114208532, 0.0032994898116010638], "k2_x2h_pos_imin_syn_avg_avg": [-1.8020885709605735e-16, 0.05881613395761646, 0.029272678654353308], "k2_x2h_pos_imin_syn_avg_sem": [1.208530327360505e-16, 0.01755602111930104, 0.009222638384777888], "k2_x2h_pos_imin_syn_sem_avg": [1.8877879772483507e-16, 0.016922101913800967, 0.00573813274468268], "k2_x2h_pos_imin_syn_sem_sem": [3.926615358172898e-17, 0.003576914816139475, 0.0014371909747634556], "k2_x2h_pos_mi_avg_avg": [0.35715000053179635, 0.6578331544205447, 0.23042259346987573], "k2_x2h_pos_mi_avg_sem": [0.05853975326338954, 0.11587282277902182, 0.07397389748815425], "k2_x2h_pos_mi_sem_avg": [0.0610997180603256, 0.07337283359514417, 0.020279506755755922], "k2_x2h_pos_mi_sem_sem": [0.013362796391464876, 0.0113112240471987, 0.004762310396211836], "k2_x2h_pos_immi_syn_avg_avg": [0.0, 0.0893774068527463, 0.03916134602900563], "k2_x2h_pos_immi_syn_avg_sem": [0.0, 0.02711234772633795, 0.015781109840462788], "k2_x2h_pos_immi_syn_sem_avg": [0.0, 0.02487856663871459, 0.007230026071960186], "k2_x2h_pos_immi_syn_sem_sem": [0.0, 0.005216380651408942, 0.0021725675158155103], "k2_x2h_pos_nimin_syn_avg_avg": [3.0952348380963452e-15, 0.03964276475603332, 0.09949892866447513], "k2_x2h_pos_nimin_syn_avg_sem": [2.4090096641586173e-15, 0.012051867939154795, 0.027712597518350375], "k2_x2h_pos_nimin_syn_sem_avg": [2.7400892058829354e-15, 0.010378051212656222, 0.017601173935733204], "k2_x2h_pos_nimin_syn_sem_sem": [2.12265447572519e-15, 0.00216215064737436, 0.003360339373038649], "k2_x2h_pos_nimmi_syn_avg_avg": [0.0, 0.061342346121621, 0.11392181648807367], "k2_x2h_pos_nimmi_syn_avg_sem": [0.0, 0.018673322575275104, 0.029299185440064355], "k2_x2h_pos_nimmi_syn_sem_avg": [0.0, 0.01577607283185322, 0.01971834890540554], "k2_x2h_pos_nimmi_syn_sem_sem": [0.0, 0.0032854759114208532, 0.0032994898116010638]}