{"avg_reward": 0.20795188655714297, "accuracy": 0.6666666666666666, "IQR_binning": true, "layer_max_bin": 5, "k2_x2h_ray_imin_syn_avg": [0.2485104573837812, 0.015456364491551848, 0.026631315052950758], "k2_x2h_ray_imin_syn_sem": [0.06618952968417574, 0.008822894790980943, 0.0052568361160946], "k2_x2h_ray_mi_avg": [0.6921874422367266, 0.5607246211747409, 0.10510128872293711], "k2_x2h_ray_mi_sem": [0.02663669439953068, 0.08217229705103624, 0.011996323154492698], "k2_x2h_ray_immi_syn_avg": [0.2902837364671879, 0.03176736196434885, 0.026760438640666236], "k2_x2h_ray_immi_syn_sem": [0.05147851443870194, 0.018004399898366694, 0.005271107515536149], "k2_x2h_ray_nimin_syn_avg": [0.35554426197587996, 0.010068420670818373, 0.20356729823197414], "k2_x2h_ray_nimin_syn_sem": [0.08434028072875213, 0.0057443191490418695, 0.03533703094297156], "k2_x2h_ray_nimmi_syn_avg": [0.41519896582108134, 0.020730712271667538, 0.20528856794581243], "k2_x2h_ray_nimmi_syn_sem": [0.05869511117973621, 0.011768861214294267, 0.035577782823866866], "k2_x2h_pos_imin_syn_avg": [-6.661338147750939e-16, 0.015456364491551848, 0.026631315052950758], "k2_x2h_pos_imin_syn_sem": [5.551115123125783e-17, 0.008822894790980943, 0.0052568361160946], "k2_x2h_pos_mi_avg": [0.3135932914765605, 0.5607246211747409, 0.10510128872293711], "k2_x2h_pos_mi_sem": [0.07820614686578072, 0.08217229705103624, 0.011996323154492698], "k2_x2h_pos_immi_syn_avg": [0.0, 0.03176736196434885, 0.026760438640666236], "k2_x2h_pos_immi_syn_sem": [0.0, 0.018004399898366694, 0.005271107515536149], "k2_x2h_pos_nimin_syn_avg": [0.0, 0.010068420670818373, 0.20356729823197414], "k2_x2h_pos_nimin_syn_sem": [0.0, 0.0057443191490418695, 0.03533703094297156], "k2_x2h_pos_nimmi_syn_avg": [0.0, 0.020730712271667538, 0.20528856794581243], "k2_x2h_pos_nimmi_syn_sem": [0.0, 0.011768861214294267, 0.035577782823866866]}