{"avg_reward": 0.181636846144737, "accuracy": 0.6666666666666666, "IQR_binning": true, "layer_max_bin": 5, "k2_x2h_ray_imin_syn_avg": [0.2349660413555084, 0.13976775756240145, 0.03973153948715619], "k2_x2h_ray_imin_syn_sem": [0.04053394605340751, 0.03149890027471025, 0.009558452734364016], "k2_x2h_ray_mi_avg": [0.8685831877194209, 1.061206011484406, 0.3997346733069468], "k2_x2h_ray_mi_sem": [0.02752145680537456, 0.0818234949509921, 0.03835941119936078], "k2_x2h_ray_immi_syn_avg": [0.38386703589572146, 0.2278848210555324, 0.051365749212931106], "k2_x2h_ray_immi_syn_sem": [0.03526897103514262, 0.050076463943426054, 0.012539790652191162], "k2_x2h_ray_nimin_syn_avg": [0.2692171056720242, 0.08254888618717028, 0.06737957271575112], "k2_x2h_ray_nimin_syn_sem": [0.042905427525788666, 0.01830274151588888, 0.015010206182102078], "k2_x2h_ray_nimmi_syn_avg": [0.44058016880544915, 0.13482855999721083, 0.08727832186161043], "k2_x2h_ray_nimmi_syn_sem": [0.030499958490446316, 0.02915718832206076, 0.020233562774980614], "k2_x2h_pos_imin_syn_avg": [-4.070817756958907e-16, 0.13976775756240145, 0.03973153948715619], "k2_x2h_pos_imin_syn_sem": [9.251858538542972e-17, 0.03149890027471025, 0.009558452734364016], "k2_x2h_pos_mi_avg": [0.45630041080275374, 1.061206011484406, 0.3997346733069468], "k2_x2h_pos_mi_sem": [0.024999491201297682, 0.0818234949509921, 0.03835941119936078], "k2_x2h_pos_immi_syn_avg": [0.0, 0.2278848210555324, 0.051365749212931106], "k2_x2h_pos_immi_syn_sem": [0.0, 0.050076463943426054, 0.012539790652191162], "k2_x2h_pos_nimin_syn_avg": [0.0, 0.08254888618717028, 0.06737957271575112], "k2_x2h_pos_nimin_syn_sem": [0.0, 0.01830274151588888, 0.015010206182102078], "k2_x2h_pos_nimmi_syn_avg": [0.0, 0.13482855999721083, 0.08727832186161043], "k2_x2h_pos_nimmi_syn_sem": [0.0, 0.02915718832206076, 0.020233562774980614]}