{"avg_reward": 0.0779496514944058, "accuracy": 0.5833333333333334, "IQR_binning": true, "layer_max_bin": 5, "k2_x2h_ray_imin_syn_avg": [0.05152714786854503, 0.0, -2.8474902256132596e-17], "k2_x2h_ray_imin_syn_sem": [0.015433621303724396, 0.0, 1.3743515495404907e-17], "k2_x2h_ray_mi_avg": [0.10915902583797044, 0.13372491830803399, 0.0], "k2_x2h_ray_mi_sem": [0.010242914815630387, 0.04031957992260692, 0.0], "k2_x2h_ray_immi_syn_avg": [0.05669066930009481, 0.0, 0.0], "k2_x2h_ray_immi_syn_sem": [0.01506094610221306, 0.0, 0.0], "k2_x2h_ray_nimin_syn_avg": [0.45645587148383315, 0.0, 0.0], "k2_x2h_ray_nimin_syn_sem": [0.09322505735598781, 0.0, 0.0], "k2_x2h_ray_nimmi_syn_avg": [0.5034028701963148, 0.0, 0.0], "k2_x2h_ray_nimmi_syn_sem": [0.08537038103146644, 0.0, 0.0], "k2_x2h_pos_imin_syn_avg": [1.295260195396016e-16, 0.0, -2.8474902256132596e-17], "k2_x2h_pos_imin_syn_sem": [1.5976207800517602e-16, 0.0, 1.3743515495404907e-17], "k2_x2h_pos_mi_avg": [0.04450034002785327, 0.13372491830803399, 0.0], "k2_x2h_pos_mi_sem": [0.006975506190741188, 0.04031957992260692, 0.0], "k2_x2h_pos_immi_syn_avg": [0.0, 0.0, 0.0], "k2_x2h_pos_immi_syn_sem": [0.0, 0.0, 0.0], "k2_x2h_pos_nimin_syn_avg": [4.530518784599601e-15, 0.0, 0.0], "k2_x2h_pos_nimin_syn_sem": [4.350674218591052e-15, 0.0, 0.0], "k2_x2h_pos_nimmi_syn_avg": [0.0, 0.0, 0.0], "k2_x2h_pos_nimmi_syn_sem": [0.0, 0.0, 0.0]}