{"avg_reward": 0.06878575073307908, "accuracy": 0.6666666666666666, "IQR_binning": true, "layer_max_bin": 5, "k2_x2h_ray_imin_syn_avg": [0.3096220427343767, 0.11955109315585248, 0.04125364280159455], "k2_x2h_ray_imin_syn_sem": [0.06718257953494165, 0.0277051789591035, 0.009884113032344218], "k2_x2h_ray_mi_avg": [0.9198228157385687, 1.0369309140536822, 0.3689806952341229], "k2_x2h_ray_mi_sem": [0.023957925101506284, 0.0789271775130463, 0.03916052698375459], "k2_x2h_ray_immi_syn_avg": [0.4270447135372146, 0.18607615070716033, 0.05267382748538841], "k2_x2h_ray_immi_syn_sem": [0.033746070172782805, 0.04131470735752298, 0.012866962779066965], "k2_x2h_ray_nimin_syn_avg": [0.33460651224676763, 0.07349641797843397, 0.07759175538645181], "k2_x2h_ray_nimin_syn_sem": [0.06963114545399748, 0.01654476099045272, 0.018646205805037053], "k2_x2h_ray_nimmi_syn_avg": [0.46380007585987326, 0.11511002846869606, 0.09303185843146411], "k2_x2h_ray_nimmi_syn_sem": [0.03231948429947955, 0.024917118791248763, 0.021302976997063426], "k2_x2h_pos_imin_syn_avg": [-5.921189464667501e-16, 0.11955109315585248, 0.04125364280159455], "k2_x2h_pos_imin_syn_sem": [3.366456261655373e-16, 0.0277051789591035, 0.009884113032344218], "k2_x2h_pos_mi_avg": [0.43383211482198103, 1.0369309140536822, 0.3689806952341229], "k2_x2h_pos_mi_sem": [0.051059005760530324, 0.0789271775130463, 0.03916052698375459], "k2_x2h_pos_immi_syn_avg": [0.0, 0.18607615070716033, 0.05267382748538841], "k2_x2h_pos_immi_syn_sem": [0.0, 0.04131470735752298, 0.012866962779066965], "k2_x2h_pos_nimin_syn_avg": [0.0, 0.07349641797843397, 0.07759175538645181], "k2_x2h_pos_nimin_syn_sem": [0.0, 0.01654476099045272, 0.018646205805037053], "k2_x2h_pos_nimmi_syn_avg": [0.0, 0.11511002846869606, 0.09303185843146411], "k2_x2h_pos_nimmi_syn_sem": [0.0, 0.024917118791248763, 0.021302976997063426]}