{"avg_reward": 0.16909254038955238, "accuracy": 0.5833333333333334, "IQR_binning": true, "layer_max_bin": 5, "k2_x2h_ray_imin_syn_avg": [0.2178784787312523, 0.04044084229920077, 0.0062340641893363115], "k2_x2h_ray_imin_syn_sem": [0.02953525271855218, 0.010853760313269505, 0.0022152815355963224], "k2_x2h_ray_mi_avg": [0.7796716878261543, 0.39096202413808306, 0.14791371858900013], "k2_x2h_ray_mi_sem": [0.07878529899268787, 0.04578460892014544, 0.019227146737881878], "k2_x2h_ray_immi_syn_avg": [0.28647666933861354, 0.06355035271369404, 0.008671404969838361], "k2_x2h_ray_immi_syn_sem": [0.041281975330587334, 0.01647510602271911, 0.003135103016564134], "k2_x2h_ray_nimin_syn_avg": [0.27758914066906776, 0.06046438667953, 0.025394033692417717], "k2_x2h_ray_nimin_syn_sem": [0.010864447081978654, 0.014120541279494019, 0.01019774817346667], "k2_x2h_ray_nimmi_syn_avg": [0.36496274918586763, 0.09938207879378302, 0.03487032996142449], "k2_x2h_ray_nimmi_syn_sem": [0.020159808346477532, 0.023841338807700944, 0.013185206012175228], "k2_x2h_pos_imin_syn_avg": [2.9605947323337506e-16, 0.04044084229920077, 0.0062340641893363115], "k2_x2h_pos_imin_syn_sem": [2.426739744081364e-16, 0.010853760313269505, 0.0022152815355963224], "k2_x2h_pos_mi_avg": [0.4069738007044861, 0.39096202413808306, 0.14791371858900013], "k2_x2h_pos_mi_sem": [0.07467391058250865, 0.04578460892014544, 0.019227146737881878], "k2_x2h_pos_immi_syn_avg": [0.0, 0.06355035271369404, 0.008671404969838361], "k2_x2h_pos_immi_syn_sem": [0.0, 0.01647510602271911, 0.003135103016564134], "k2_x2h_pos_nimin_syn_avg": [7.031863664271481e-16, 0.06046438667953, 0.025394033692417717], "k2_x2h_pos_nimin_syn_sem": [6.025074223298164e-16, 0.014120541279494019, 0.01019774817346667], "k2_x2h_pos_nimmi_syn_avg": [0.0, 0.09938207879378302, 0.03487032996142449], "k2_x2h_pos_nimmi_syn_sem": [0.0, 0.023841338807700944, 0.013185206012175228]}