{"avg_reward": 0.19462535502112693, "accuracy": 0.6666666666666666, "IQR_binning": true, "layer_max_bin": 5, "k2_x2h_ray_imin_syn_avg": [0.0025661051341216313, 1.3339473433660182e-17, 0.016634888932933627], "k2_x2h_ray_imin_syn_sem": [0.001345978356702773, 4.705552565962668e-17, 0.00594018480982665], "k2_x2h_ray_mi_avg": [0.04890016670201214, 0.03651034040928612, 0.2133537765938828], "k2_x2h_ray_mi_sem": [0.01565772122975375, 0.005148652377082647, 0.030602546847058376], "k2_x2h_ray_immi_syn_avg": [0.002566105134121551, 0.0, 0.016634888932933512], "k2_x2h_ray_immi_syn_sem": [0.001345978356702786, 0.0, 0.005940184809826649], "k2_x2h_ray_nimin_syn_avg": [0.11025134241512252, 2.378616884283242e-15, 0.046245949782739396], "k2_x2h_ray_nimin_syn_sem": [0.09065032206326154, 3.35430218895439e-16, 0.017065532687840616], "k2_x2h_ray_nimmi_syn_avg": [0.11025134241512043, 0.0, 0.04624594978273831], "k2_x2h_ray_nimmi_syn_sem": [0.09065032206326089, 0.0, 0.017065532687840602], "k2_x2h_pos_imin_syn_avg": [1.222980050563649e-16, 1.3339473433660182e-17, 0.016634888932933627], "k2_x2h_pos_imin_syn_sem": [5.730060622891168e-17, 4.705552565962668e-17, 0.00594018480982665], "k2_x2h_pos_mi_avg": [0.026418788642302366, 0.03651034040928612, 0.2133537765938828], "k2_x2h_pos_mi_sem": [0.018603183249191753, 0.005148652377082647, 0.030602546847058376], "k2_x2h_pos_immi_syn_avg": [0.0, 0.0, 0.016634888932933512], "k2_x2h_pos_immi_syn_sem": [0.0, 0.0, 0.005940184809826649], "k2_x2h_pos_nimin_syn_avg": [2.4422078536320162e-14, 2.378616884283242e-15, 0.046245949782739396], "k2_x2h_pos_nimin_syn_sem": [2.1467593022981292e-14, 3.35430218895439e-16, 0.017065532687840616], "k2_x2h_pos_nimmi_syn_avg": [0.0, 0.0, 0.04624594978273831], "k2_x2h_pos_nimmi_syn_sem": [0.0, 0.0, 0.017065532687840602]}