{"avg_reward": 0.1841066694253335, "accuracy": 0.6666666666666666, "IQR_binning": true, "layer_max_bin": 5, "k2_x2h_ray_imin_syn_avg": [0.3543938818489005, 0.1439299258774127, 0.026507838689378574], "k2_x2h_ray_imin_syn_sem": [0.06173825399814161, 0.025302949276118814, 0.0038315944654178794], "k2_x2h_ray_mi_avg": [1.041234398110671, 0.9821926605106209, 0.09678737724074488], "k2_x2h_ray_mi_sem": [0.06341617410705591, 0.06381150501173329, 0.007197134804457803], "k2_x2h_ray_immi_syn_avg": [0.5004719480708723, 0.2084371300136178, 0.02668080356464299], "k2_x2h_ray_immi_syn_sem": [0.0516766670616302, 0.03481762318487587, 0.0038445228925672714], "k2_x2h_ray_nimin_syn_avg": [0.33648364134891745, 0.10613578952892705, 0.23253069564311796], "k2_x2h_ray_nimin_syn_sem": [0.03956876664969944, 0.018150048163326805, 0.030517348687490835], "k2_x2h_ray_nimmi_syn_avg": [0.4788285386917958, 0.15615258874058344, 0.23399143419299287], "k2_x2h_ray_nimmi_syn_sem": [0.025525282260195233, 0.025881817798901433, 0.030604035318806566], "k2_x2h_pos_imin_syn_avg": [-6.846375318521799e-16, 0.1439299258774127, 0.026507838689378574], "k2_x2h_pos_imin_syn_sem": [4.0327916409442714e-16, 0.025302949276118814, 0.0038315944654178794], "k2_x2h_pos_mi_avg": [0.48414178121682533, 0.9821926605106209, 0.09678737724074488], "k2_x2h_pos_mi_sem": [0.04908020854815899, 0.06381150501173329, 0.007197134804457803], "k2_x2h_pos_immi_syn_avg": [0.0, 0.2084371300136178, 0.02668080356464299], "k2_x2h_pos_immi_syn_sem": [0.0, 0.03481762318487587, 0.0038445228925672714], "k2_x2h_pos_nimin_syn_avg": [4.659674306444496e-17, 0.10613578952892705, 0.23253069564311796], "k2_x2h_pos_nimin_syn_sem": [4.659674306444496e-17, 0.018150048163326805, 0.030517348687490835], "k2_x2h_pos_nimmi_syn_avg": [0.0, 0.15615258874058344, 0.23399143419299287], "k2_x2h_pos_nimmi_syn_sem": [0.0, 0.025881817798901433, 0.030604035318806566]}