{"avg_reward": 0.16216470715176487, "accuracy": 0.6666666666666666, "IQR_binning": true, "layer_max_bin": 5, "k2_x2h_ray_imin_syn_avg": [0.32133149886251394, 0.04000886101820834, 0.03406314263054544], "k2_x2h_ray_imin_syn_sem": [0.03677489146123531, 0.023244662355013733, 0.005295344077282054], "k2_x2h_ray_mi_avg": [1.0752376621103334, 0.8060052104649877, 0.1327601104212106], "k2_x2h_ray_mi_sem": [0.06030559183994675, 0.11953638368406878, 0.008404253982801044], "k2_x2h_ray_immi_syn_avg": [0.41897010936017615, 0.055630745168219836, 0.03647158593030782], "k2_x2h_ray_immi_syn_sem": [0.04533111241480991, 0.03230177269654708, 0.005455002314239346], "k2_x2h_ray_nimin_syn_avg": [0.29860258045209886, 0.01699653922520511, 0.21643864738938964], "k2_x2h_ray_nimin_syn_sem": [0.027916059870386686, 0.009705922692884788, 0.026383208529463582], "k2_x2h_ray_nimmi_syn_avg": [0.3924269275308014, 0.023635165313201513, 0.2315326037344186], "k2_x2h_ray_nimmi_syn_sem": [0.050723145877887406, 0.013486887449666814, 0.02666033252790767], "k2_x2h_pos_imin_syn_avg": [2.4054832200211723e-16, 0.04000886101820834, 0.03406314263054544], "k2_x2h_pos_imin_syn_sem": [6.671610070811202e-17, 0.023244662355013733, 0.005295344077282054], "k2_x2h_pos_mi_avg": [0.5583643334675625, 0.8060052104649877, 0.1327601104212106], "k2_x2h_pos_mi_sem": [0.089045587835511, 0.11953638368406878, 0.008404253982801044], "k2_x2h_pos_immi_syn_avg": [0.0, 0.055630745168219836, 0.03647158593030782], "k2_x2h_pos_immi_syn_sem": [0.0, 0.03230177269654708, 0.005455002314239346], "k2_x2h_pos_nimin_syn_avg": [4.817166035424706e-16, 0.01699653922520511, 0.21643864738938964], "k2_x2h_pos_nimin_syn_sem": [1.6526930485313145e-16, 0.009705922692884788, 0.026383208529463582], "k2_x2h_pos_nimmi_syn_avg": [0.0, 0.023635165313201513, 0.2315326037344186], "k2_x2h_pos_nimmi_syn_sem": [0.0, 0.013486887449666814, 0.02666033252790767]}