{"avg_reward": 0.2063701553149255, "accuracy": 0.6666666666666666, "IQR_binning": true, "layer_max_bin": 5, "k2_x2h_ray_imin_syn_avg": [0.3504321258317486, 0.05779165688796657, 0.0014015328269448722], "k2_x2h_ray_imin_syn_sem": [0.05019971429083141, 0.022598029199795155, 0.000736407040752356], "k2_x2h_ray_mi_avg": [0.8611444585798003, 0.7620855846720468, 0.05264144933671737], "k2_x2h_ray_mi_sem": [0.05605166731244353, 0.0982963790890821, 0.009235205046735298], "k2_x2h_ray_immi_syn_avg": [0.455723757775397, 0.07816517618989696, 0.0014015328269448722], "k2_x2h_ray_immi_syn_sem": [0.060087654405873415, 0.03072594808820629, 0.000736407040752361], "k2_x2h_ray_nimin_syn_avg": [0.4039080469353915, 0.03256378529119963, 0.015479211584776586], "k2_x2h_ray_nimin_syn_sem": [0.04164356994444278, 0.012614355514613002, 0.009327515413414639], "k2_x2h_ray_nimmi_syn_avg": [0.5244729565815271, 0.04427910670615199, 0.015479211584773903], "k2_x2h_ray_nimmi_syn_sem": [0.03962674568808186, 0.017402617213972627, 0.00932751541341477], "k2_x2h_pos_imin_syn_avg": [-1.6653345369377348e-16, 0.05779165688796657, 0.0014015328269448722], "k2_x2h_pos_imin_syn_sem": [2.775557561562892e-16, 0.022598029199795155, 0.000736407040752356], "k2_x2h_pos_mi_avg": [0.33500517842040933, 0.7620855846720468, 0.05264144933671737], "k2_x2h_pos_mi_sem": [0.06498335472853031, 0.0982963790890821, 0.009235205046735298], "k2_x2h_pos_immi_syn_avg": [0.0, 0.07816517618989696, 0.0014015328269448722], "k2_x2h_pos_immi_syn_sem": [0.0, 0.03072594808820629, 0.000736407040752361], "k2_x2h_pos_nimin_syn_avg": [6.259405242747381e-16, 0.03256378529119963, 0.015479211584776586], "k2_x2h_pos_nimin_syn_sem": [6.25940524274738e-16, 0.012614355514613002, 0.009327515413414639], "k2_x2h_pos_nimmi_syn_avg": [0.0, 0.04427910670615199, 0.015479211584773903], "k2_x2h_pos_nimmi_syn_sem": [0.0, 0.017402617213972627, 0.00932751541341477]}