{"avg_reward": 1.0, "accuracy": 1.0, "k2_x2h_imin_syn_avg": [1.0, 0.0454970833894233, 0.02285715285389985], "k2_x2h_imin_syn_sem": [NaN, 0.01598085448318042, 0.015565146628098126], "k2_x2h_mi_avg": [2.0, 0.7381286107745717, 0.79558895822516], "k2_x2h_mi_sem": [NaN, 0.06985301449120218, 0.04708023490293287], "k2_x2h_immi_syn_avg": [1.0, 0.10713451397302376, 0.03208020839342967], "k2_x2h_immi_syn_sem": [NaN, 0.03763100731699136, 0.01697428711113281], "k2_x2h_nimin_syn_avg": [0.5, 0.03033138892628224, 0.0304093751402249], "k2_x2h_nimin_syn_sem": [NaN, 0.010653902988786945, 0.01663972051973614], "k2_x2h_nimmi_syn_avg": [0.5, 0.07142300931534917, 0.048855486219284525], "k2_x2h_nimmi_syn_sem": [NaN, 0.025087338211327574, 0.021751399917256088], "k2_x2h_imin_red_avg": [1.0, 0.11864659707398456, 0.2762906941960462], "k2_x2h_imin_red_sem": [NaN, 0.03586481204689901, 0.04757346659439547], "k2_x2h_immi_red_avg": [1.0, 0.18028402765758508, 0.2855137497355761], "k2_x2h_immi_red_sem": [NaN, 0.05084695333671411, 0.047478623573323685], "k2_x2h_nimin_red_avg": [0.5, 0.10970759251780603, 0.3100417358426807], "k2_x2h_nimin_red_sem": [NaN, 0.03888794400072324, 0.050304924743707], "k2_x2h_nimmi_red_avg": [0.5, 0.15079921290687304, 0.3284878469217405], "k2_x2h_nimmi_red_sem": [NaN, 0.045083137074528386, 0.051941169053407454], "k2_x2h_tuples_syn": [{"imin_syn_0_1": 1.0, "mi_0_1": 2.0, "immi_syn_0_1": 1.0, "nimin_syn_0_1": 0.5, "nimmi_syn_0_1": 0.5}, {"imin_syn_0_1": 1.1102230246251565e-16, "mi_0_1": 0.8112781244591329, "immi_syn_0_1": 0.0, "nimin_syn_0_1": 1.3684863318178654e-16, "nimmi_syn_0_1": 0.0, "imin_syn_0_2": 0.0, "mi_0_2": 0.0, "immi_syn_0_2": 0.0, "nimin_syn_0_2": 0, "nimmi_syn_0_2": 0, "imin_syn_0_3": 0.0, "mi_0_3": 0.0, "immi_syn_0_3": 0.0, "nimin_syn_0_3": 0, "nimmi_syn_0_3": 0, "imin_syn_0_4": 1.1102230246251565e-16, "mi_0_4": 0.8112781244591329, "immi_syn_0_4": 0.0, "nimin_syn_0_4": 1.3684863318178654e-16, "nimmi_syn_0_4": 0.0, "imin_syn_0_5": 0.0, "mi_0_5": 0.0, "immi_syn_0_5": 0.0, "nimin_syn_0_5": 0, "nimmi_syn_0_5": 0, "imin_syn_0_6": 1.1102230246251565e-16, "mi_0_6": 0.8112781244591329, "immi_syn_0_6": 0.0, "nimin_syn_0_6": 1.3684863318178654e-16, "nimmi_syn_0_6": 0.0, "imin_syn_0_7": 0.0, "mi_0_7": 0.8112781244591329, "immi_syn_0_7": 0.0, "nimin_syn_0_7": 0.0, "nimmi_syn_0_7": 0.0, "imin_syn_0_8": 1.1102230246251565e-16, "mi_0_8": 0.8112781244591329, "immi_syn_0_8": 0.0, "nimin_syn_0_8": 1.3684863318178654e-16, "nimmi_syn_0_8": 0.0, "imin_syn_0_9": 0.0, "mi_0_9": 0.0, "immi_syn_0_9": 0.0, "nimin_syn_0_9": 0, "nimmi_syn_0_9": 0, "imin_syn_1_2": 1.1102230246251565e-16, "mi_1_2": 0.8112781244591329, "immi_syn_1_2": 0.0, "nimin_syn_1_2": 1.3684863318178654e-16, "nimmi_syn_1_2": 0.0, "imin_syn_1_3": 1.1102230246251565e-16, "mi_1_3": 0.8112781244591329, "immi_syn_1_3": 0.0, "nimin_syn_1_3": 1.3684863318178654e-16, "nimmi_syn_1_3": 0.0, "imin_syn_1_4": 0.29248125036057804, "mi_1_4": 1.5, "immi_syn_1_4": 0.6887218755408671, "nimin_syn_1_4": 0.19498750024038536, "nimmi_syn_1_4": 0.4591479170272447, "imin_syn_1_5": 1.1102230246251565e-16, "mi_1_5": 0.8112781244591329, "immi_syn_1_5": 0.0, "nimin_syn_1_5": 1.3684863318178654e-16, "nimmi_syn_1_5": 0.0, "imin_syn_1_6": 1.1102230246251565e-16, "mi_1_6": 0.8112781244591329, "immi_syn_1_6": 0.0, "nimin_syn_1_6": 1.3684863318178654e-16, "nimmi_syn_1_6": 0.0, "imin_syn_1_7": 0.29248125036057804, "mi_1_7": 1.5, "immi_syn_1_7": 0.6887218755408671, "nimin_syn_1_7": 0.19498750024038536, "nimmi_syn_1_7": 0.4591479170272447, "imin_syn_1_8": 1.1102230246251565e-16, "mi_1_8": 0.8112781244591329, "immi_syn_1_8": 0.0, "nimin_syn_1_8": 1.3684863318178654e-16, "nimmi_syn_1_8": 0.0, "imin_syn_1_9": 1.1102230246251565e-16, "mi_1_9": 0.8112781244591329, "immi_syn_1_9": 0.0, "nimin_syn_1_9": 1.3684863318178654e-16, "nimmi_syn_1_9": 0.0, "imin_syn_2_3": 0.0, "mi_2_3": 0.0, "immi_syn_2_3": 0.0, "nimin_syn_2_3": 0, "nimmi_syn_2_3": 0, "imin_syn_2_4": 1.1102230246251565e-16, "mi_2_4": 0.8112781244591329, "immi_syn_2_4": 0.0, "nimin_syn_2_4": 1.3684863318178654e-16, "nimmi_syn_2_4": 0.0, "imin_syn_2_5": 0.0, "mi_2_5": 0.0, "immi_syn_2_5": 0.0, "nimin_syn_2_5": 0, "nimmi_syn_2_5": 0, "imin_syn_2_6": 1.1102230246251565e-16, "mi_2_6": 0.8112781244591329, "immi_syn_2_6": 0.0, "nimin_syn_2_6": 1.3684863318178654e-16, "nimmi_syn_2_6": 0.0, "imin_syn_2_7": 0.0, "mi_2_7": 0.8112781244591329, "immi_syn_2_7": 0.0, "nimin_syn_2_7": 0.0, "nimmi_syn_2_7": 0.0, "imin_syn_2_8": 1.1102230246251565e-16, "mi_2_8": 0.8112781244591329, "immi_syn_2_8": 0.0, "nimin_syn_2_8": 1.3684863318178654e-16, "nimmi_syn_2_8": 0.0, "imin_syn_2_9": 0.0, "mi_2_9": 0.0, "immi_syn_2_9": 0.0, "nimin_syn_2_9": 0, "nimmi_syn_2_9": 0, "imin_syn_3_4": 1.1102230246251565e-16, "mi_3_4": 0.8112781244591329, "immi_syn_3_4": 0.0, "nimin_syn_3_4": 1.3684863318178654e-16, "nimmi_syn_3_4": 0.0, "imin_syn_3_5": 0.0, "mi_3_5": 0.0, "immi_syn_3_5": 0.0, "nimin_syn_3_5": 0, "nimmi_syn_3_5": 0, "imin_syn_3_6": 1.1102230246251565e-16, "mi_3_6": 0.8112781244591329, "immi_syn_3_6": 0.0, "nimin_syn_3_6": 1.3684863318178654e-16, "nimmi_syn_3_6": 0.0, "imin_syn_3_7": 0.0, "mi_3_7": 0.8112781244591329, "immi_syn_3_7": 0.0, "nimin_syn_3_7": 0.0, "nimmi_syn_3_7": 0.0, "imin_syn_3_8": 1.1102230246251565e-16, "mi_3_8": 0.8112781244591329, "immi_syn_3_8": 0.0, "nimin_syn_3_8": 1.3684863318178654e-16, "nimmi_syn_3_8": 0.0, "imin_syn_3_9": 0.0, "mi_3_9": 0.0, "immi_syn_3_9": 0.0, "nimin_syn_3_9": 0, "nimmi_syn_3_9": 0, "imin_syn_4_5": 1.1102230246251565e-16, "mi_4_5": 0.8112781244591329, "immi_syn_4_5": 0.0, "nimin_syn_4_5": 1.3684863318178654e-16, "nimmi_syn_4_5": 0.0, "imin_syn_4_6": 0.29248125036057804, "mi_4_6": 1.5, "immi_syn_4_6": 0.6887218755408671, "nimin_syn_4_6": 0.19498750024038536, "nimmi_syn_4_6": 0.4591479170272447, "imin_syn_4_7": 0.29248125036057804, "mi_4_7": 1.5, "immi_syn_4_7": 0.6887218755408671, "nimin_syn_4_7": 0.19498750024038536, "nimmi_syn_4_7": 0.4591479170272447, "imin_syn_4_8": 0.29248125036057804, "mi_4_8": 1.5, "immi_syn_4_8": 0.6887218755408671, "nimin_syn_4_8": 0.19498750024038536, "nimmi_syn_4_8": 0.4591479170272447, "imin_syn_4_9": 1.1102230246251565e-16, "mi_4_9": 0.8112781244591329, "immi_syn_4_9": 0.0, "nimin_syn_4_9": 1.3684863318178654e-16, "nimmi_syn_4_9": 0.0, "imin_syn_5_6": 1.1102230246251565e-16, "mi_5_6": 0.8112781244591329, "immi_syn_5_6": 0.0, "nimin_syn_5_6": 1.3684863318178654e-16, "nimmi_syn_5_6": 0.0, "imin_syn_5_7": 0.0, "mi_5_7": 0.8112781244591329, "immi_syn_5_7": 0.0, "nimin_syn_5_7": 0.0, "nimmi_syn_5_7": 0.0, "imin_syn_5_8": 1.1102230246251565e-16, "mi_5_8": 0.8112781244591329, "immi_syn_5_8": 0.0, "nimin_syn_5_8": 1.3684863318178654e-16, "nimmi_syn_5_8": 0.0, "imin_syn_5_9": 0.0, "mi_5_9": 0.0, "immi_syn_5_9": 0.0, "nimin_syn_5_9": 0, "nimmi_syn_5_9": 0, "imin_syn_6_7": 0.29248125036057804, "mi_6_7": 1.5, "immi_syn_6_7": 0.6887218755408671, "nimin_syn_6_7": 0.19498750024038536, "nimmi_syn_6_7": 0.4591479170272447, "imin_syn_6_8": 1.1102230246251565e-16, "mi_6_8": 0.8112781244591329, "immi_syn_6_8": 0.0, "nimin_syn_6_8": 1.3684863318178654e-16, "nimmi_syn_6_8": 0.0, "imin_syn_6_9": 1.1102230246251565e-16, "mi_6_9": 0.8112781244591329, "immi_syn_6_9": 0.0, "nimin_syn_6_9": 1.3684863318178654e-16, "nimmi_syn_6_9": 0.0, "imin_syn_7_8": 0.29248125036057804, "mi_7_8": 1.5, "immi_syn_7_8": 0.6887218755408671, "nimin_syn_7_8": 0.19498750024038536, "nimmi_syn_7_8": 0.4591479170272447, "imin_syn_7_9": 0.0, "mi_7_9": 0.8112781244591329, "immi_syn_7_9": 0.0, "nimin_syn_7_9": 0.0, "nimmi_syn_7_9": 0.0, "imin_syn_8_9": 1.1102230246251565e-16, "mi_8_9": 0.8112781244591329, "immi_syn_8_9": 0.0, "nimin_syn_8_9": 1.3684863318178654e-16, "nimmi_syn_8_9": 0.0}, {"imin_syn_0_1": 0.0, "mi_0_1": 1.0, "immi_syn_0_1": 0.0, "nimin_syn_0_1": 0.0, "nimmi_syn_0_1": 0.0, "imin_syn_0_2": 0.0, "mi_0_2": 1.0, "immi_syn_0_2": 0.0, "nimin_syn_0_2": 0.0, "nimmi_syn_0_2": 0.0, "imin_syn_0_3": 0.08496250072115624, "mi_0_3": 0.5, "immi_syn_0_3": 0.18872187554086706,