{"avg_reward": 0.032, "accuracy": 0.07, "k2_xh2h_immi_syn_avg": [0.16093766389260317], "k2_xh2h_immi_syn_sem": [0.009379855903868195], "k2_xh2h_mi_avg": [0.4854570301698238], "k2_xh2h_mi_sem": [0.028502038872191878], "k2_xh2h_nimmi_syn_avg": [0.3485745506173338], "k2_xh2h_nimmi_syn_sem": [0.014721764283118532]}