{"avg_reward": 0.095, "accuracy": 0.09, "k2_xh2h_immi_syn_avg": [0.21637262754880474], "k2_xh2h_immi_syn_sem": [0.008896101549261183], "k2_xh2h_mi_avg": [0.5594702435375496], "k2_xh2h_mi_sem": [0.026330635980063456], "k2_xh2h_nimmi_syn_avg": [0.3996689574440753], "k2_xh2h_nimmi_syn_sem": [0.012601265432485876]}