{"avg_reward": 0.037, "accuracy": 0.06, "k2_xh2h_immi_syn_avg": [0.18042420324660122], "k2_xh2h_immi_syn_sem": [0.012590087365972629], "k2_xh2h_mi_avg": [0.49726524066400923], "k2_xh2h_mi_sem": [0.02862781700462354], "k2_xh2h_nimmi_syn_avg": [0.364111886125288], "k2_xh2h_nimmi_syn_sem": [0.01568453622853041]}