{"avg_reward": 0.018, "accuracy": 0.11, "k2_xh2h_immi_syn_avg": [0.1998561124086824], "k2_xh2h_immi_syn_sem": [0.012862604338697447], "k2_xh2h_mi_avg": [0.5697786485460309], "k2_xh2h_mi_sem": [0.03522593331269276], "k2_xh2h_nimmi_syn_avg": [0.35981041434016464], "k2_xh2h_nimmi_syn_sem": [0.013864303216305914]}