{"avg_reward": 0.012, "accuracy": 0.06, "k2_xh2h_immi_syn_avg": [0.2123822006539699], "k2_xh2h_immi_syn_sem": [0.014570136178112033], "k2_xh2h_mi_avg": [0.6025453418163693], "k2_xh2h_mi_sem": [0.037827439155890506], "k2_xh2h_nimmi_syn_avg": [0.35663316864812555], "k2_xh2h_nimmi_syn_sem": [0.01240947035173049]}