{"avg_reward": 0.352, "accuracy": 0.04, "k2_xh2h_immi_syn_avg": [0.2223532576162887], "k2_xh2h_immi_syn_sem": [0.011245883966733726], "k2_xh2h_mi_avg": [0.5969386942231342], "k2_xh2h_mi_sem": [0.031123580104007183], "k2_xh2h_nimmi_syn_avg": [0.3813188357440886], "k2_xh2h_nimmi_syn_sem": [0.012358850841046815]}