{"avg_reward": 0.078, "accuracy": 0.02, "k2_xh2h_immi_syn_avg": [0.1877368738598548], "k2_xh2h_immi_syn_sem": [0.01269351847567867], "k2_xh2h_mi_avg": [0.549738100236666], "k2_xh2h_mi_sem": [0.03464622075027485], "k2_xh2h_nimmi_syn_avg": [0.34845726403956495], "k2_xh2h_nimmi_syn_sem": [0.013235801750466939]}