{"avg_reward": 0.012, "accuracy": 0.07, "k2_xh2h_immi_syn_avg": [0.20584927149013868], "k2_xh2h_immi_syn_sem": [0.01193312393858929], "k2_xh2h_mi_avg": [0.6015733350361019], "k2_xh2h_mi_sem": [0.04241312795934317], "k2_xh2h_nimmi_syn_avg": [0.36184168849026355], "k2_xh2h_nimmi_syn_sem": [0.01474827650065224]}