{"avg_reward_avg": 0.6, "avg_reward_sem": 0.07637626158259733, "accuracy_avg": 0.9, "accuracy_sem": 0.09999999999999999}