{"avg_reward_avg": 0.9759, "avg_reward_sem": 0.0020572365498945982, "accuracy_avg": 0.874, "accuracy_sem": 0.010873004286866736, "k2_xh2h_immi_syn_avg_avg": [0.17930201819390304], "k2_xh2h_immi_syn_avg_sem": [0.009102513456505836], "k2_xh2h_immi_syn_sem_avg": [0.025271918902691315], "k2_xh2h_immi_syn_sem_sem": [0.001046813270606674], "k2_xh2h_mi_avg_avg": [0.6499674197216272], "k2_xh2h_mi_avg_sem": [0.019833480438916962], "k2_xh2h_mi_sem_avg": [0.05519258154337427], "k2_xh2h_mi_sem_sem": [0.0013302037115486417], "k2_xh2h_nimmi_syn_avg_avg": [0.2652054188789805], "k2_xh2h_nimmi_syn_avg_sem": [0.00763035955378949], "k2_xh2h_nimmi_syn_sem_avg": [0.021552445035035978], "k2_xh2h_nimmi_syn_sem_sem": [0.00031324761791013143]}