{"avg_reward": 0.981, "accuracy": 0.9, "k2_xh2h_immi_syn_avg": [0.13538842211560229], "k2_xh2h_immi_syn_sem": [0.021034514925024374], "k2_xh2h_mi_avg": [0.551830088678924], "k2_xh2h_mi_sem": [0.04705134240026554], "k2_xh2h_nimmi_syn_avg": [0.23969647025939125], "k2_xh2h_nimmi_syn_sem": [0.02233121879654495]}