{"avg_reward": 0.985, "accuracy": 0.93, "k2_xh2h_immi_syn_avg": [0.18776006084666363], "k2_xh2h_immi_syn_sem": [0.027739500199024415], "k2_xh2h_mi_avg": [0.6513318349956028], "k2_xh2h_mi_sem": [0.056992462855162594], "k2_xh2h_nimmi_syn_avg": [0.2833340650370785], "k2_xh2h_nimmi_syn_sem": [0.022231167501246107]}