{"avg_reward": 0.974, "accuracy": 0.86, "k2_xh2h_immi_syn_avg": [0.2362391752865541], "k2_xh2h_immi_syn_sem": [0.02969774989078285], "k2_xh2h_mi_avg": [0.7414678211909407], "k2_xh2h_mi_sem": [0.0599244573903378], "k2_xh2h_nimmi_syn_avg": [0.29861194123684515], "k2_xh2h_nimmi_syn_sem": [0.021499276717818917]}