{"avg_reward": 0.969, "accuracy": 0.82, "k2_xh2h_immi_syn_avg": [0.160966791558568], "k2_xh2h_immi_syn_sem": [0.025305284595007003], "k2_xh2h_mi_avg": [0.6683056101660899], "k2_xh2h_mi_sem": [0.05437818190516384], "k2_xh2h_nimmi_syn_avg": [0.23828880371344002], "k2_xh2h_nimmi_syn_sem": [0.02249904020278552]}