{"avg_reward": 0.974, "accuracy": 0.87, "k2_xh2h_immi_syn_avg": [0.1913839759110588], "k2_xh2h_immi_syn_sem": [0.028461111244621442], "k2_xh2h_mi_avg": [0.7202063113823914], "k2_xh2h_mi_sem": [0.05543757175919665], "k2_xh2h_nimmi_syn_avg": [0.2410997370530181], "k2_xh2h_nimmi_syn_sem": [0.022045767453781676]}