{"avg_reward": 0.968, "accuracy": 0.84, "k2_xh2h_immi_syn_avg": [0.20344764960020392], "k2_xh2h_immi_syn_sem": [0.028077694737128286], "k2_xh2h_mi_avg": [0.6884417931004151], "k2_xh2h_mi_sem": [0.05832920774833704], "k2_xh2h_nimmi_syn_avg": [0.28862436721052903], "k2_xh2h_nimmi_syn_sem": [0.02237144935820786]}