{"avg_reward_avg": 0.9367999999999999, "avg_reward_sem": 0.0028276413413931196, "accuracy_avg": 0.689, "accuracy_sem": 0.01456403484996898, "k2_xh2h_immi_syn_avg_avg": [0.16706167747195427], "k2_xh2h_immi_syn_avg_sem": [0.009203542684590544], "k2_xh2h_immi_syn_sem_avg": [0.024690668553869623], "k2_xh2h_immi_syn_sem_sem": [0.001009515715669786], "k2_xh2h_mi_avg_avg": [0.6523368255665671], "k2_xh2h_mi_avg_sem": [0.021506153259510604], "k2_xh2h_mi_sem_avg": [0.05721216482159638], "k2_xh2h_mi_sem_sem": [0.0021359613500202368], "k2_xh2h_nimmi_syn_avg_avg": [0.25509779928221243], "k2_xh2h_nimmi_syn_avg_sem": [0.006347991974037874], "k2_xh2h_nimmi_syn_sem_avg": [0.02118321555331934], "k2_xh2h_nimmi_syn_sem_sem": [0.0004979299877107964]}