{"avg_reward": 0.946, "accuracy": 0.74, "k2_xh2h_immi_syn_avg": [0.13827729384927115], "k2_xh2h_immi_syn_sem": [0.021884041005787672], "k2_xh2h_mi_avg": [0.6245795172647557], "k2_xh2h_mi_sem": [0.049480293030589824], "k2_xh2h_nimmi_syn_avg": [0.23108219594874424], "k2_xh2h_nimmi_syn_sem": [0.02286273680571979]}