{"avg_reward": 0.925, "accuracy": 0.63, "k2_xh2h_immi_syn_avg": [0.13451537965933424], "k2_xh2h_immi_syn_sem": [0.019920868104688457], "k2_xh2h_mi_avg": [0.5863357924250335], "k2_xh2h_mi_sem": [0.056355571925037186], "k2_xh2h_nimmi_syn_avg": [0.25263674444112877], "k2_xh2h_nimmi_syn_sem": [0.018741186683598258]}