{"avg_reward": 0.942, "accuracy": 0.71, "k2_xh2h_immi_syn_avg": [0.2017851228336734], "k2_xh2h_immi_syn_sem": [0.028289813109283458], "k2_xh2h_mi_avg": [0.7057904932781669], "k2_xh2h_mi_sem": [0.06387650431911646], "k2_xh2h_nimmi_syn_avg": [0.2813757466759477], "k2_xh2h_nimmi_syn_sem": [0.02147269361124062]}