{"avg_reward": 0.934, "accuracy": 0.67, "k2_xh2h_immi_syn_avg": [0.1708677560963493], "k2_xh2h_immi_syn_sem": [0.026912251509463372], "k2_xh2h_mi_avg": [0.694522781669671], "k2_xh2h_mi_sem": [0.061121473978672576], "k2_xh2h_nimmi_syn_avg": [0.2568510198198738], "k2_xh2h_nimmi_syn_sem": [0.023222787760730043]}