{"avg_reward": 0.95, "accuracy": 0.76, "k2_xh2h_immi_syn_avg": [0.18159513590626442], "k2_xh2h_immi_syn_sem": [0.02512763103009204], "k2_xh2h_mi_avg": [0.6737873599072384], "k2_xh2h_mi_sem": [0.05685905480663642], "k2_xh2h_nimmi_syn_avg": [0.2679101195138076], "k2_xh2h_nimmi_syn_sem": [0.022146063299312135]}