{"avg_reward": 0.923, "accuracy": 0.62, "k2_xh2h_immi_syn_avg": [0.14016778492272242], "k2_xh2h_immi_syn_sem": [0.021961428782059967], "k2_xh2h_mi_avg": [0.5365051523799329], "k2_xh2h_mi_sem": [0.04301583112576388], "k2_xh2h_nimmi_syn_avg": [0.2503141160924036], "k2_xh2h_nimmi_syn_sem": [0.021793564629341546]}