{"avg_reward": 0.941, "accuracy": 0.71, "k2_xh2h_immi_syn_avg": [0.21318985199279952], "k2_xh2h_immi_syn_sem": [0.03017272112145604], "k2_xh2h_mi_avg": [0.6926836387652702], "k2_xh2h_mi_sem": [0.06618786662936539], "k2_xh2h_nimmi_syn_avg": [0.2864672028009829], "k2_xh2h_nimmi_syn_sem": [0.02181715436445387]}