{"avg_reward": 0.937, "accuracy": 0.69, "k2_xh2h_immi_syn_avg": [0.19347693837089783], "k2_xh2h_immi_syn_sem": [0.025943332023543837], "k2_xh2h_mi_avg": [0.7654759310580468], "k2_xh2h_mi_sem": [0.059767208058357404], "k2_xh2h_nimmi_syn_avg": [0.2496796155126634], "k2_xh2h_nimmi_syn_sem": [0.021056390917895868]}