{"avg_reward_avg": 0.0681, "avg_reward_sem": 0.03282257014785878, "accuracy_avg": 0.07200000000000002, "accuracy_sem": 0.008666666666666666, "k2_xh2h_immi_syn_avg_avg": [0.20014819074387552], "k2_xh2h_immi_syn_avg_sem": [0.006829744013031468], "k2_xh2h_immi_syn_sem_avg": [0.011786188899412388], "k2_xh2h_immi_syn_sem_sem": [0.00031880734875844633], "k2_xh2h_mi_avg_avg": [0.5449903433841813], "k2_xh2h_mi_avg_sem": [0.013301186115065203], "k2_xh2h_mi_sem_avg": [0.028741480218486392], "k2_xh2h_mi_sem_sem": [0.0008026925692482902], "k2_xh2h_nimmi_syn_avg_avg": [0.37001355929233715], "k2_xh2h_nimmi_syn_avg_sem": [0.005706625784919956], "k2_xh2h_nimmi_syn_sem_avg": [0.013546111311965526], "k2_xh2h_nimmi_syn_sem_sem": [0.0008262506820175651]}