{"avg_reward": 0.014, "accuracy": 0.07, "k2_xh2h_immi_syn_avg": [0.206834773289234], "k2_xh2h_immi_syn_sem": [0.010898813843290086], "k2_xh2h_mi_avg": [0.5704687873791836], "k2_xh2h_mi_sem": [0.027102882400736404], "k2_xh2h_nimmi_syn_avg": [0.3695533051373926], "k2_xh2h_nimmi_syn_sem": [0.014144841263244003]}