{"avg_reward": 0.019, "accuracy": 0.09, "k2_xh2h_immi_syn_avg": [0.19328252663081197], "k2_xh2h_immi_syn_sem": [0.011290096699031969], "k2_xh2h_mi_avg": [0.5327774571964949], "k2_xh2h_mi_sem": [0.026407544564140652], "k2_xh2h_nimmi_syn_avg": [0.3707071991841087], "k2_xh2h_nimmi_syn_sem": [0.015303202604901017]}