{"avg_reward": 0.096, "accuracy": 0.1, "k2_xh2h_immi_syn_avg": [0.22766149270539163], "k2_xh2h_immi_syn_sem": [0.011122026503592812], "k2_xh2h_mi_avg": [0.5710088855159364], "k2_xh2h_mi_sem": [0.02726796780664234], "k2_xh2h_nimmi_syn_avg": [0.40570905090307713], "k2_xh2h_nimmi_syn_sem": [0.012575315707797784]}