{"avg_reward": 0.039, "accuracy": 0.07, "k2_xh2h_immi_syn_avg": [0.19347827495139558], "k2_xh2h_immi_syn_sem": [0.013514251362738552], "k2_xh2h_mi_avg": [0.5471486932623325], "k2_xh2h_mi_sem": [0.026645914391734325], "k2_xh2h_nimmi_syn_avg": [0.35046940295562545], "k2_xh2h_nimmi_syn_sem": [0.01680193107522276]}