{"avg_reward": 0.036, "accuracy": 0.09, "k2_xh2h_immi_syn_avg": [0.20201496085816012], "k2_xh2h_immi_syn_sem": [0.011671614543706132], "k2_xh2h_mi_avg": [0.5352526915427304], "k2_xh2h_mi_sem": [0.03173154644953612], "k2_xh2h_nimmi_syn_avg": [0.38432925930827627], "k2_xh2h_nimmi_syn_sem": [0.011512860780704329]}