{"avg_reward": 0.078, "accuracy": 0.02, "k2_xh2h_immi_syn_avg": [0.17055749582757374], "k2_xh2h_immi_syn_sem": [0.012570275918613148], "k2_xh2h_mi_avg": [0.49076705620689265], "k2_xh2h_mi_sem": [0.030596121977558618], "k2_xh2h_nimmi_syn_avg": [0.3482743297539595], "k2_xh2h_nimmi_syn_sem": [0.014246936123345934]}