{"avg_reward": 0.012, "accuracy": 0.06, "k2_xh2h_immi_syn_avg": [0.22679072560011057], "k2_xh2h_immi_syn_sem": [0.012893102174506137], "k2_xh2h_mi_avg": [0.5984637112771105], "k2_xh2h_mi_sem": [0.03168768486221547], "k2_xh2h_nimmi_syn_avg": [0.38122515219516706], "k2_xh2h_nimmi_syn_sem": [0.011431962688458456]}