{"avg_reward": 0.352, "accuracy": 0.04, "k2_xh2h_immi_syn_avg": [0.21234343114730345], "k2_xh2h_immi_syn_sem": [0.011146642566942106], "k2_xh2h_mi_avg": [0.5747355809867492], "k2_xh2h_mi_sem": [0.030599615641615185], "k2_xh2h_nimmi_syn_avg": [0.37515472771911096], "k2_xh2h_nimmi_syn_sem": [0.010827259817733772]}