{"avg_reward": 0.018, "accuracy": 0.11, "k2_xh2h_immi_syn_avg": [0.20730472913516884], "k2_xh2h_immi_syn_sem": [0.010355186922747384], "k2_xh2h_mi_avg": [0.5685920783083813], "k2_xh2h_mi_sem": [0.024810274955405782], "k2_xh2h_nimmi_syn_avg": [0.3652307167490611], "k2_xh2h_nimmi_syn_sem": [0.010513388385765876]}