{"avg_reward": 0.017, "accuracy": 0.07, "k2_xh2h_immi_syn_avg": [0.16121349729360554], "k2_xh2h_immi_syn_sem": [0.012399878458955555], "k2_xh2h_mi_avg": [0.4606884921660021], "k2_xh2h_mi_sem": [0.030565249135279065], "k2_xh2h_nimmi_syn_avg": [0.3494824490175927], "k2_xh2h_nimmi_syn_sem": [0.018103414672481305]}