{"avg_reward_avg": 0.96505, "avg_reward_sem": 0.0016955005816048018, "accuracy_avg": 0.8264999999999999, "accuracy_sem": 0.008499999999999997, "k2_xh2h_immi_syn_avg_avg": [0.24911495566632622], "k2_xh2h_immi_syn_avg_sem": [0.008077584466758507], "k2_xh2h_immi_syn_sem_avg": [0.022868548525246946], "k2_xh2h_immi_syn_sem_sem": [0.0015177452932857648], "k2_xh2h_mi_avg_avg": [0.8154727339319162], "k2_xh2h_mi_avg_sem": [0.019399737334154902], "k2_xh2h_mi_sem_avg": [0.06761578526477144], "k2_xh2h_mi_sem_sem": [0.002024267234135574], "k2_xh2h_nimmi_syn_avg_avg": [0.33944774282004514], "k2_xh2h_nimmi_syn_avg_sem": [0.006030511711242988], "k2_xh2h_nimmi_syn_sem_avg": [0.017974129414197328], "k2_xh2h_nimmi_syn_sem_sem": [0.0004020177284856299]}