{"avg_reward": 0.9645, "accuracy": 0.825, "k2_xh2h_immi_syn_avg": [0.20784899438279092], "k2_xh2h_immi_syn_sem": [0.023639085681243798], "k2_xh2h_mi_avg": [0.7310821011348665], "k2_xh2h_mi_sem": [0.06777326848982737], "k2_xh2h_nimmi_syn_avg": [0.3214068836160555], "k2_xh2h_nimmi_syn_sem": [0.019586733966719172]}