{"avg_reward": 0.965, "accuracy": 0.82, "k2_xh2h_immi_syn_avg": [0.21761495876337328], "k2_xh2h_immi_syn_sem": [0.018979117801976888], "k2_xh2h_mi_avg": [0.7992322327574802], "k2_xh2h_mi_sem": [0.060264353998007426], "k2_xh2h_nimmi_syn_avg": [0.3045103399682073], "k2_xh2h_nimmi_syn_sem": [0.01737670331645947]}