{"avg_reward": 0.976, "accuracy": 0.88, "k2_xh2h_immi_syn_avg": [0.24168866026674907], "k2_xh2h_immi_syn_sem": [0.026382546506181683], "k2_xh2h_mi_avg": [0.7508417117002029], "k2_xh2h_mi_sem": [0.07142818649987327], "k2_xh2h_nimmi_syn_avg": [0.36087230899753847], "k2_xh2h_nimmi_syn_sem": [0.01953170337661403]}