{"avg_reward": 0.9645, "accuracy": 0.815, "k2_xh2h_immi_syn_avg": [0.2733288784512328], "k2_xh2h_immi_syn_sem": [0.027487315804290598], "k2_xh2h_mi_avg": [0.8716205002996305], "k2_xh2h_mi_sem": [0.06887898748034], "k2_xh2h_nimmi_syn_avg": [0.33048715546271223], "k2_xh2h_nimmi_syn_sem": [0.016605464968079468]}