{"avg_reward": 0.9715, "accuracy": 0.855, "k2_xh2h_immi_syn_avg": [0.26519793259970276], "k2_xh2h_immi_syn_sem": [0.025508855252497027], "k2_xh2h_mi_avg": [0.870093012879776], "k2_xh2h_mi_sem": [0.07114495457466512], "k2_xh2h_nimmi_syn_avg": [0.336575015457147], "k2_xh2h_nimmi_syn_sem": [0.017223872786729384]}