{"avg_reward": 0.9635, "accuracy": 0.815, "k2_xh2h_immi_syn_avg": [0.24095076053881234], "k2_xh2h_immi_syn_sem": [0.019706849677225684], "k2_xh2h_mi_avg": [0.7797011826693607], "k2_xh2h_mi_sem": [0.06822891751530735], "k2_xh2h_nimmi_syn_avg": [0.3583052370570305], "k2_xh2h_nimmi_syn_sem": [0.018685188471030848]}