{"avg_reward": 0.9575, "accuracy": 0.79, "k2_xh2h_immi_syn_avg": [0.2719557251854694], "k2_xh2h_immi_syn_sem": [0.028363858600742507], "k2_xh2h_mi_avg": [0.901707234412763], "k2_xh2h_mi_sem": [0.0704710925945566], "k2_xh2h_nimmi_syn_avg": [0.3241689742037744], "k2_xh2h_nimmi_syn_sem": [0.019184981575471972]}