{"avg_reward": 0.9645, "accuracy": 0.84, "k2_xh2h_immi_syn_avg": [0.257053825920049], "k2_xh2h_immi_syn_sem": [0.012351379562231004], "k2_xh2h_mi_avg": [0.7899416474286494], "k2_xh2h_mi_sem": [0.05317965981316671], "k2_xh2h_nimmi_syn_avg": [0.35646675839949327], "k2_xh2h_nimmi_syn_sem": [0.015809488706103828]}