{"avg_reward_avg": 0.9347000000000001, "avg_reward_sem": 0.002840383385703012, "accuracy_avg": 0.668, "accuracy_sem": 0.013808210118138651, "k2_xh2h_immi_syn_avg_avg": [0.17633243034481574], "k2_xh2h_immi_syn_avg_sem": [0.013585661845552535], "k2_xh2h_immi_syn_sem_avg": [0.027812836896795767], "k2_xh2h_immi_syn_sem_sem": [0.0018536451857085042], "k2_xh2h_mi_avg_avg": [0.6791491458902833], "k2_xh2h_mi_avg_sem": [0.026398241113011787], "k2_xh2h_mi_sem_avg": [0.065607335304254], "k2_xh2h_mi_sem_sem": [0.002848936746753544], "k2_xh2h_nimmi_syn_avg_avg": [0.2574360247995057], "k2_xh2h_nimmi_syn_avg_sem": [0.00806167655879822], "k2_xh2h_nimmi_syn_sem_avg": [0.022040092604354893], "k2_xh2h_nimmi_syn_sem_sem": [0.0003907641444186667]}