{"avg_reward": 0.935, "accuracy": 0.67, "k2_xh2h_immi_syn_avg": [0.2662195811874736], "k2_xh2h_immi_syn_sem": [0.03693124933024738], "k2_xh2h_mi_avg": [0.8072319706165041], "k2_xh2h_mi_sem": [0.07496714788474362], "k2_xh2h_nimmi_syn_avg": [0.3180370576061754], "k2_xh2h_nimmi_syn_sem": [0.022520493474102614]}