{"avg_reward": 0.943, "accuracy": 0.7, "k2_xh2h_immi_syn_avg": [0.11305359663320955], "k2_xh2h_immi_syn_sem": [0.021234657908165224], "k2_xh2h_mi_avg": [0.5573293072984866], "k2_xh2h_mi_sem": [0.0551039752765213], "k2_xh2h_nimmi_syn_avg": [0.2288743727394983], "k2_xh2h_nimmi_syn_sem": [0.02479077082603882]}