{"avg_reward": 0.948, "accuracy": 0.74, "k2_xh2h_immi_syn_avg": [0.1800007172162408], "k2_xh2h_immi_syn_sem": [0.02905042322746814], "k2_xh2h_mi_avg": [0.6541726476469446], "k2_xh2h_mi_sem": [0.06299641649236462], "k2_xh2h_nimmi_syn_avg": [0.2624247009929971], "k2_xh2h_nimmi_syn_sem": [0.02281809519895075]}