{"avg_reward": 0.925, "accuracy": 0.63, "k2_xh2h_immi_syn_avg": [0.19939232379984637], "k2_xh2h_immi_syn_sem": [0.035463973404767486], "k2_xh2h_mi_avg": [0.7912707110941496], "k2_xh2h_mi_sem": [0.0845403082028353], "k2_xh2h_nimmi_syn_avg": [0.2389118970610143], "k2_xh2h_nimmi_syn_sem": [0.021447515624897377]}