{"avg_reward": 0.946, "accuracy": 0.72, "k2_xh2h_immi_syn_avg": [0.20300952765911306], "k2_xh2h_immi_syn_sem": [0.02871553190788081], "k2_xh2h_mi_avg": [0.7349336626069398], "k2_xh2h_mi_sem": [0.06913528609298632], "k2_xh2h_nimmi_syn_avg": [0.268610283794272], "k2_xh2h_nimmi_syn_sem": [0.020033906345263783]}