{"avg_reward": 0.937, "accuracy": 0.67, "k2_xh2h_immi_syn_avg": [0.1746435721342928], "k2_xh2h_immi_syn_sem": [0.025067723383368243], "k2_xh2h_mi_avg": [0.6838744819074608], "k2_xh2h_mi_sem": [0.05992851608831469], "k2_xh2h_nimmi_syn_avg": [0.2578657977393599], "k2_xh2h_nimmi_syn_sem": [0.021637227871903815]}