{"avg_reward": 0.934, "accuracy": 0.66, "k2_xh2h_immi_syn_avg": [0.1424091885318713], "k2_xh2h_immi_syn_sem": [0.028185204490472612], "k2_xh2h_mi_avg": [0.6011413278260517], "k2_xh2h_mi_sem": [0.06787415982662427], "k2_xh2h_nimmi_syn_avg": [0.24067125191311906], "k2_xh2h_nimmi_syn_sem": [0.021171238969132585]}