{"avg_reward": 0.921, "accuracy": 0.59, "k2_xh2h_immi_syn_avg": [0.1790308858287357], "k2_xh2h_immi_syn_sem": [0.029685283994617534], "k2_xh2h_mi_avg": [0.6259397106099317], "k2_xh2h_mi_sem": [0.0656240429104525], "k2_xh2h_nimmi_syn_avg": [0.2677919564341269], "k2_xh2h_nimmi_syn_sem": [0.0220723719362539]}