{"avg_reward": 0.3050461539384617, "accuracy": 1.0, "k2_x2h_ray_imin_syn_avg": [0.14118172713485697, 0.0034490825411640984, -9.86864910777917e-18], "k2_x2h_ray_imin_syn_sem": [0.015135287674960916, 0.0034490825411641673, 9.86864910777917e-18], "k2_x2h_ray_immi_syn_avg": [0.2844290487595898, 0.007867821858636227, -4.934324553889585e-18], "k2_x2h_ray_immi_syn_sem": [0.09767375115043138, 0.007867821858636227, 4.934324553889585e-18], "k2_x2h_pos_imin_syn_avg": [0.08866822355045667, 0.0034490825411640984, -9.86864910777917e-18], "k2_x2h_pos_imin_syn_sem": [0.0461268679788072, 0.0034490825411641673, 9.86864910777917e-18], "k2_x2h_pos_immi_syn_avg": [0.19632193646456284, 0.007867821858636227, -4.934324553889585e-18], "k2_x2h_pos_immi_syn_sem": [0.13811103261104193, 0.007867821858636227, 4.934324553889585e-18], "k2_x2h_ray_mi_avg": [1.1896770572531972, 0.4539361146008467, -9.86864910777917e-18], "k2_x2h_ray_mi_sem": [0.1429102771075977, 0.08980958349090559, 9.86864910777917e-18], "k2_x2h_ray_nimin_syn_avg": [0.12175398917353003, 0.15384419314193074, 0.022222222222222223], "k2_x2h_ray_nimin_syn_sem": [0.019615071092000072, 0.017552068172524027, 0.022222222222222223], "k2_x2h_ray_nimmi_syn_avg": [0.23270709409128074, 0.004651690021427742, 0.011111111111111112], "k2_x2h_ray_nimmi_syn_sem": [0.06180795946235723, 0.0046516900214277415, 0.011111111111111112], "k2_x2h_pos_mi_avg": [1.1963219364645628, 0.4539361146008467, -9.86864910777917e-18], "k2_x2h_pos_mi_sem": [0.13811103261104193, 0.08980958349090559, 9.86864910777917e-18], "k2_x2h_pos_nimin_syn_avg": [0.06817235513064196, 0.15384419314193074, 0.022222222222222223], "k2_x2h_pos_nimin_syn_sem": [0.034154731614962075, 0.017552068172524027, 0.022222222222222223], "k2_x2h_pos_nimmi_syn_avg": [0.1428078734083518, 0.004651690021427742, 0.011111111111111112], "k2_x2h_pos_nimmi_syn_sem": [0.09261031530180444, 0.0046516900214277415, 0.011111111111111112]}