{"avg_reward": 0.3050461539384617, "accuracy": 1.0, "k2_x2h_ray_imin_syn_avg": [0.09158016811691849, 0.0025267902972801767, 0.0], "k2_x2h_ray_imin_syn_sem": [0.048800141461921326, 0.0019238457483706807, 0.0], "k2_x2h_ray_immi_syn_avg": [0.12414949900820549, 0.002526790297280184, 0.0], "k2_x2h_ray_immi_syn_sem": [0.06434515815417478, 0.0019238457483706807, 0.0], "k2_x2h_pos_imin_syn_avg": [0.029816898057285712, 0.0025267902972801767, 0.0], "k2_x2h_pos_imin_syn_sem": [0.02020745914995415, 0.0019238457483706807, 0.0], "k2_x2h_pos_immi_syn_avg": [0.03999060475642106, 0.002526790297280184, 0.0], "k2_x2h_pos_immi_syn_sem": [0.02057048791262076, 0.0019238457483706807, 0.0], "k2_x2h_ray_mi_avg": [0.8979282512452896, 0.18202200885663053, 0.1780983280438983], "k2_x2h_ray_mi_sem": [0.16212962927273863, 0.04898923869364408, 0.053698666355567394], "k2_x2h_ray_nimin_syn_avg": [0.13565057121537366, 0.00981346505957849, 0.0], "k2_x2h_ray_nimin_syn_sem": [0.09448399541698917, 0.00802674465415892, 0.0], "k2_x2h_ray_nimmi_syn_avg": [0.18435438137060364, 0.009813465059578752, 0.0], "k2_x2h_ray_nimmi_syn_sem": [0.12789421625415348, 0.00802674465415886, 0.0], "k2_x2h_pos_mi_avg": [1.0399906047564214, 0.18202200885663053, 0.1780983280438983], "k2_x2h_pos_mi_sem": [0.02057048791262076, 0.04898923869364408, 0.053698666355567394], "k2_x2h_pos_nimin_syn_avg": [0.028013977803859422, 0.00981346505957849, 0.0], "k2_x2h_pos_nimin_syn_sem": [0.018892281160176893, 0.00802674465415892, 0.0], "k2_x2h_pos_nimmi_syn_avg": [0.03768830177676361, 0.009813465059578752, 0.0], "k2_x2h_pos_nimmi_syn_sem": [0.01932840179593303, 0.00802674465415886, 0.0]}