{"avg_reward": 0.29368889638888895, "accuracy": 1.0, "k2_x2h_ray_imin_syn_avg": [0.0, -9.829804545646047e-17, 4.934324553889585e-18], "k2_x2h_ray_imin_syn_sem": [0.0, 1.8582071267032736e-33, 4.934324553889585e-18], "k2_x2h_ray_immi_syn_avg": [0.0, 0.0, 2.4671622769447924e-18], "k2_x2h_ray_immi_syn_sem": [0.0, 0.0, 2.4671622769447924e-18], "k2_x2h_pos_imin_syn_avg": [-1.7231291376480426e-16, -9.829804545646047e-17, 4.934324553889585e-18], "k2_x2h_pos_imin_syn_sem": [7.401486830834377e-17, 1.8582071267032736e-33, 4.934324553889585e-18], "k2_x2h_pos_immi_syn_avg": [-7.401486830834377e-17, 0.0, 2.4671622769447924e-18], "k2_x2h_pos_immi_syn_sem": [7.401486830834378e-17, 0.0, 2.4671622769447924e-18], "k2_x2h_ray_mi_avg": [0.0, 2.220446049250313e-16, 4.934324553889585e-18], "k2_x2h_ray_mi_sem": [0.0, 0.0, 4.934324553889585e-18], "k2_x2h_ray_nimin_syn_avg": [0.0, -0.44269504088896344, 0.022222222222222223], "k2_x2h_ray_nimin_syn_sem": [0.0, 8.368620923398063e-18, 0.022222222222222223], "k2_x2h_ray_nimmi_syn_avg": [0.0, 0.0, 0.011111111111111112], "k2_x2h_ray_nimmi_syn_sem": [0.0, 0.0, 0.011111111111111112], "k2_x2h_pos_mi_avg": [1.4802973661668753e-16, 2.220446049250313e-16, 4.934324553889585e-18], "k2_x2h_pos_mi_sem": [7.401486830834378e-17, 0.0, 4.934324553889585e-18], "k2_x2h_pos_nimin_syn_avg": [-0.2951300272593091, -0.44269504088896344, 0.022222222222222223], "k2_x2h_pos_nimin_syn_sem": [0.14756501362965455, 8.368620923398063e-18, 0.022222222222222223], "k2_x2h_pos_nimmi_syn_avg": [0.0, 0.0, 0.011111111111111112], "k2_x2h_pos_nimmi_syn_sem": [0.0, 0.0, 0.011111111111111112]}