{"avg_reward": 0.30510770778461543, "accuracy": 1.0, "k2_x2h_ray_imin_syn_avg": [0.06045891568576589, 0.00742976621491754, -5.921189464667501e-17], "k2_x2h_ray_imin_syn_sem": [0.010278627847981201, 0.0074297662149175395, 1.9197226458573002e-17], "k2_x2h_ray_immi_syn_avg": [0.10229876096198905, 0.011098803442913783, 0.0], "k2_x2h_ray_immi_syn_sem": [0.046383473757813, 0.011098803442913781, 0.0], "k2_x2h_pos_imin_syn_avg": [0.032706297568356746, 0.00742976621491754, -5.921189464667501e-17], "k2_x2h_pos_imin_syn_sem": [0.017424231176839156, 0.0074297662149175395, 1.9197226458573002e-17], "k2_x2h_pos_immi_syn_avg": [0.05837280008801201, 0.011098803442913783, 0.0], "k2_x2h_pos_immi_syn_sem": [0.04061397996585621, 0.011098803442913781, 0.0], "k2_x2h_ray_mi_avg": [1.046997109954757, 0.3761026111002898, 0.3094017094017093], "k2_x2h_ray_mi_sem": [0.08242491795726746, 0.07376796862133878, 0.06244901758487232], "k2_x2h_ray_nimin_syn_avg": [0.0587945632832104, 0.004955007014079035, -9.621932880084697e-17], "k2_x2h_ray_nimin_syn_sem": [0.012313147554954914, 0.004955007014079034, 3.1195492995181147e-17], "k2_x2h_ray_nimmi_syn_avg": [0.09386468254040763, 0.007401935312191071, 0.0], "k2_x2h_ray_nimmi_syn_sem": [0.03611416283879197, 0.007401935312191071, 0.0], "k2_x2h_pos_mi_avg": [1.1204879594787431, 0.3761026111002898, 0.3094017094017093], "k2_x2h_pos_mi_sem": [0.04061397996585621, 0.07376796862133878, 0.06244901758487232], "k2_x2h_pos_nimin_syn_avg": [0.028242399507219292, 0.004955007014079035, -9.621932880084697e-17], "k2_x2h_pos_nimin_syn_sem": [0.01473001951061078, 0.004955007014079034, 3.1195492995181147e-17], "k2_x2h_pos_nimmi_syn_avg": [0.04965627490181298, 0.007401935312191071, 0.0], "k2_x2h_pos_nimmi_syn_sem": [0.033665474139236554, 0.007401935312191071, 0.0]}