{"avg_reward": 0.293659259351852, "accuracy": 1.0, "k2_x2h_ray_imin_syn_avg": [0.13517863307579517, 0.005171800193915019, 0.0027091513980101807], "k2_x2h_ray_imin_syn_sem": [0.023267299854142887, 0.005171800193915082, 0.0027091513980101248], "k2_x2h_ray_immi_syn_avg": [0.1758313014974918, 0.01011679550737043, 0.0027091513980101174], "k2_x2h_ray_immi_syn_sem": [0.0413315877176374, 0.01011679550737043, 0.0027091513980101226], "k2_x2h_pos_imin_syn_avg": [0.12569527946193312, 0.005171800193915019, 0.0027091513980101807], "k2_x2h_pos_imin_syn_sem": [0.045239268928203714, 0.005171800193915082, 0.0027091513980101248], "k2_x2h_pos_immi_syn_avg": [0.1490683866448618, 0.01011679550737043, 0.0027091513980101174], "k2_x2h_pos_immi_syn_sem": [0.057653702269434975, 0.01011679550737043, 0.0027091513980101226], "k2_x2h_ray_mi_avg": [0.8563243473312404, 0.3745296370864234, 0.16970253343216488], "k2_x2h_ray_mi_sem": [0.15440260428397326, 0.07443541911534321, 0.03752042142329721], "k2_x2h_ray_nimin_syn_avg": [0.16832222454795265, 0.0033609440821427286, 0.009595752728167917], "k2_x2h_ray_nimin_syn_sem": [0.039099603431877177, 0.0033609440821425808, 0.009595752728167222], "k2_x2h_ray_nimmi_syn_avg": [0.22450140373673297, 0.006574496832021588, 0.009595752728167217], "k2_x2h_ray_nimmi_syn_sem": [0.07217625465360435, 0.006574496832021586, 0.009595752728167222], "k2_x2h_pos_mi_avg": [0.9860502455078818, 0.3745296370864234, 0.16970253343216488], "k2_x2h_pos_mi_sem": [0.05630704952528699, 0.07443541911534321, 0.03752042142329721], "k2_x2h_pos_nimin_syn_avg": [0.1231389674564816, 0.0033609440821427286, 0.009595752728167917], "k2_x2h_pos_nimin_syn_sem": [0.04077631731005552, 0.0033609440821425808, 0.009595752728167222], "k2_x2h_pos_nimmi_syn_avg": [0.14541461060213032, 0.006574496832021588, 0.009595752728167217], "k2_x2h_pos_nimmi_syn_sem": [0.05058907888122706, 0.006574496832021586, 0.009595752728167222]}