{"avg_reward_avg": 0.9358000000000001, "avg_reward_sem": 0.0034376994891609828, "accuracy_avg": 0.675, "accuracy_sem": 0.01796601730428249, "k2_xh2h_immi_syn_avg_avg": [0.2568833228142461], "k2_xh2h_immi_syn_avg_sem": [0.007613834207371573], "k2_xh2h_immi_syn_sem_avg": [0.020117045985553215], "k2_xh2h_immi_syn_sem_sem": [0.0014369406885241605], "k2_xh2h_mi_avg_avg": [0.7833844419771283], "k2_xh2h_mi_avg_sem": [0.010705022519890169], "k2_xh2h_mi_sem_avg": [0.04911905303585173], "k2_xh2h_mi_sem_sem": [0.0017092890703461338], "k2_xh2h_nimmi_syn_avg_avg": [0.3371380911184823], "k2_xh2h_nimmi_syn_avg_sem": [0.00657813731674441], "k2_xh2h_nimmi_syn_sem_avg": [0.016596862292311377], "k2_xh2h_nimmi_syn_sem_sem": [0.0006447909016999978]}