{"avg_reward": 0.941, "accuracy": 0.69, "k2_xh2h_immi_syn_avg": [0.2676116346194245], "k2_xh2h_immi_syn_sem": [0.01585746636656578], "k2_xh2h_mi_avg": [0.7451437277408176], "k2_xh2h_mi_sem": [0.04119809195031688], "k2_xh2h_nimmi_syn_avg": [0.3689545819296631], "k2_xh2h_nimmi_syn_sem": [0.015991213622830697]}