{"avg_reward": 0.931, "accuracy": 0.67, "k2_xh2h_immi_syn_avg": [0.23095001375061597], "k2_xh2h_immi_syn_sem": [0.020191225503021562], "k2_xh2h_mi_avg": [0.7965862798324794], "k2_xh2h_mi_sem": [0.04869857709933486], "k2_xh2h_nimmi_syn_avg": [0.3008719277462479], "k2_xh2h_nimmi_syn_sem": [0.018398981653561224]}