{"avg_reward": 0.946, "accuracy": 0.73, "k2_xh2h_immi_syn_avg": [0.24846111574320492], "k2_xh2h_immi_syn_sem": [0.013464029335486594], "k2_xh2h_mi_avg": [0.7845578441128088], "k2_xh2h_mi_sem": [0.04533262479232267], "k2_xh2h_nimmi_syn_avg": [0.3377158363945523], "k2_xh2h_nimmi_syn_sem": [0.014930483575680623]}