{"avg_reward": 0.924, "accuracy": 0.62, "k2_xh2h_immi_syn_avg": [0.2785250080711789], "k2_xh2h_immi_syn_sem": [0.023748358244515492], "k2_xh2h_mi_avg": [0.809491234097562], "k2_xh2h_mi_sem": [0.05723492949648798], "k2_xh2h_nimmi_syn_avg": [0.3451973973763177], "k2_xh2h_nimmi_syn_sem": [0.014282118133949091]}