{"avg_reward": 0.946, "accuracy": 0.73, "k2_xh2h_immi_syn_avg": [0.3030850313402351], "k2_xh2h_immi_syn_sem": [0.023776210778724265], "k2_xh2h_mi_avg": [0.837458319431815], "k2_xh2h_mi_sem": [0.04966782349546194], "k2_xh2h_nimmi_syn_avg": [0.3615915192208382], "k2_xh2h_nimmi_syn_sem": [0.01496475203352069]}