{"avg_reward": 0.956, "accuracy": 0.78, "k2_xh2h_immi_syn_avg": [0.2563910204309087], "k2_xh2h_immi_syn_sem": [0.02492050697388413], "k2_xh2h_mi_avg": [0.753279665783628], "k2_xh2h_mi_sem": [0.05053478027445537], "k2_xh2h_nimmi_syn_avg": [0.3412510831792041], "k2_xh2h_nimmi_syn_sem": [0.01825377467049687]}