{"avg_reward": 0.923, "accuracy": 0.61, "k2_xh2h_immi_syn_avg": [0.22870816625593074], "k2_xh2h_immi_syn_sem": [0.019278316778027278], "k2_xh2h_mi_avg": [0.7403270506336906], "k2_xh2h_mi_sem": [0.049560922154413475], "k2_xh2h_nimmi_syn_avg": [0.32443015557543664], "k2_xh2h_nimmi_syn_sem": [0.017508338212759753]}