{"avg_reward": 0.929, "accuracy": 0.64, "k2_xh2h_immi_syn_avg": [0.25533753154295535], "k2_xh2h_immi_syn_sem": [0.024998623663446736], "k2_xh2h_mi_avg": [0.7648223278005318], "k2_xh2h_mi_sem": [0.056230640353432115], "k2_xh2h_nimmi_syn_avg": [0.3369096434050581], "k2_xh2h_nimmi_syn_sem": [0.017452505199727398]}