{"avg_reward_avg": 0.060399999999999995, "avg_reward_sem": 0.024594579348574622, "accuracy_avg": 0.07200000000000001, "accuracy_sem": 0.007272474743090476, "k2_xh2h_immi_syn_avg_avg": [0.20815910663918694], "k2_xh2h_immi_syn_avg_sem": [0.0059562435822136306], "k2_xh2h_immi_syn_sem_avg": [0.012840000342297337], "k2_xh2h_immi_syn_sem_sem": [0.0007609559643501144], "k2_xh2h_mi_avg_avg": [0.5700011451349645], "k2_xh2h_mi_avg_sem": [0.0146826086353482], "k2_xh2h_mi_sem_avg": [0.030528445197807147], "k2_xh2h_mi_sem_sem": [0.0015812659304137089], "k2_xh2h_nimmi_syn_avg_avg": [0.36817916199388545], "k2_xh2h_nimmi_syn_avg_sem": [0.005893755278100003], "k2_xh2h_nimmi_syn_sem_avg": [0.0137809434710869], "k2_xh2h_nimmi_syn_sem_sem": [0.000598839226970596]}