{"avg_reward": 0.018, "accuracy": 0.09, "k2_xh2h_immi_syn_avg": [0.20615332833653652], "k2_xh2h_immi_syn_sem": [0.016483377567752967], "k2_xh2h_mi_avg": [0.5855197590603423], "k2_xh2h_mi_sem": [0.03301284304691653], "k2_xh2h_nimmi_syn_avg": [0.34893816980698933], "k2_xh2h_nimmi_syn_sem": [0.013107777118231792]}