{"avg_reward": 0.009, "accuracy": 0.08, "k2_xh2h_immi_syn_avg": [0.2236363444654257], "k2_xh2h_immi_syn_sem": [0.013182470621175946], "k2_xh2h_mi_avg": [0.6012555767220077], "k2_xh2h_mi_sem": [0.03442112088430892], "k2_xh2h_nimmi_syn_avg": [0.3756582284685611], "k2_xh2h_nimmi_syn_sem": [0.012318119607937784]}