{"avg_reward": 0.123, "accuracy": 0.08, "k2_xh2h_immi_syn_avg": [0.22454622517794667], "k2_xh2h_immi_syn_sem": [0.01416557430881981], "k2_xh2h_mi_avg": [0.5720477518508406], "k2_xh2h_mi_sem": [0.03067176398671369], "k2_xh2h_nimmi_syn_avg": [0.39598915923976835], "k2_xh2h_nimmi_syn_sem": [0.013519179569136227]}