{"avg_reward": 0.02, "accuracy": 0.11, "k2_xh2h_immi_syn_avg": [0.20769851361127595], "k2_xh2h_immi_syn_sem": [0.012875517627088837], "k2_xh2h_mi_avg": [0.5231199459572342], "k2_xh2h_mi_sem": [0.023557038445927436], "k2_xh2h_nimmi_syn_avg": [0.3901645624755437], "k2_xh2h_nimmi_syn_sem": [0.012382203874458477]}