{"avg_reward": 0.038, "accuracy": 0.06, "k2_xh2h_immi_syn_avg": [0.18985284465723457], "k2_xh2h_immi_syn_sem": [0.009455289752088905], "k2_xh2h_mi_avg": [0.5219428360158872], "k2_xh2h_mi_sem": [0.026245143308578512], "k2_xh2h_nimmi_syn_avg": [0.37746607136444654], "k2_xh2h_nimmi_syn_sem": [0.016220228263960433]}