{"avg_reward": 0.015, "accuracy": 0.06, "k2_xh2h_immi_syn_avg": [0.20613127222881708], "k2_xh2h_immi_syn_sem": [0.014884967781594661], "k2_xh2h_mi_avg": [0.5809418999736541], "k2_xh2h_mi_sem": [0.03155171583503509], "k2_xh2h_nimmi_syn_avg": [0.3534672286340165], "k2_xh2h_nimmi_syn_sem": [0.016057180135886917]}