{"avg_reward": 0.027, "accuracy": 0.09, "k2_xh2h_immi_syn_avg": [0.17737853758640298], "k2_xh2h_immi_syn_sem": [0.008503640949628653], "k2_xh2h_mi_avg": [0.49816030683073814], "k2_xh2h_mi_sem": [0.027024064688449596], "k2_xh2h_nimmi_syn_avg": [0.3723405529216134], "k2_xh2h_nimmi_syn_sem": [0.013896282476733437]}