{"avg_reward_avg": 0.14672528045982403, "avg_reward_sem": 0.000550078642938081, "accuracy_avg": 0.5, "accuracy_sem": 0.0, "k2_x2h_ray_imin_syn_avg_avg": [0.04925175298254321, 0.00016963989456826898, -3.417982148615961e-19], "k2_x2h_ray_imin_syn_avg_sem": [0.013744651391294757, 0.0001322044868324276, 3.41798214861596e-19], "k2_x2h_ray_imin_syn_sem_avg": [0.014659983373897376, 0.00016963989456827923, 3.4179821486159596e-19], "k2_x2h_ray_imin_syn_sem_sem": [0.004937060850690738, 0.00013220448683241918, 3.417982148615959e-19], "k2_x2h_ray_immi_syn_avg_avg": [0.062303204210680654, 0.0002802584040870896, 0.0], "k2_x2h_ray_immi_syn_avg_sem": [0.019657907522848288, 0.00023043407428282564, 0.0], "k2_x2h_ray_immi_syn_sem_avg": [0.013915085807422544, 0.0002802584040870896, 0.0], "k2_x2h_ray_immi_syn_sem_sem": [0.005533910042290451, 0.00023043407428282564, 0.0], "k2_x2h_pos_imin_syn_avg_avg": [0.03126892456043242, 0.00016963989456826898, -3.417982148615961e-19], "k2_x2h_pos_imin_syn_avg_sem": [0.015583700451215347, 0.0001322044868324276, 3.41798214861596e-19], "k2_x2h_pos_imin_syn_sem_avg": [0.0064146447243638716, 0.00016963989456827923, 3.4179821486159596e-19], "k2_x2h_pos_imin_syn_sem_sem": [0.00326419177969904, 0.00013220448683241918, 3.417982148615959e-19], "k2_x2h_pos_immi_syn_avg_avg": [0.0444056859176827, 0.0002802584040870896, 0.0], "k2_x2h_pos_immi_syn_avg_sem": [0.024267423939252256, 0.00023043407428282564, 0.0], "k2_x2h_pos_immi_syn_sem_avg": [0.012200862686226902, 0.0002802584040870896, 0.0], "k2_x2h_pos_immi_syn_sem_sem": [0.008478023863223707, 0.00023043407428282564, 0.0], "k2_x2h_ray_mi_avg_avg": [0.22355624727942702, 0.041731213141484716, 3.700743415417188e-19], "k2_x2h_ray_mi_avg_sem": [0.06780220468019506, 0.02013641597832222, 3.700743415417188e-19], "k2_x2h_ray_mi_sem_avg": [0.05142990927943862, 0.011137614925273067, 3.700743415417189e-19], "k2_x2h_ray_mi_sem_sem": [0.019796688549869032, 0.005471362544721596, 3.700743415417189e-19], "k2_x2h_ray_nimin_syn_avg_avg": [0.2085070494252681, -0.09204506159088786, -0.002052429750782113], "k2_x2h_ray_nimin_syn_avg_sem": [0.05117949841925624, 0.09239459599988432, 0.002052429750782113], "k2_x2h_ray_nimin_syn_sem_avg": [0.03560175488780245, 0.00031427719430711696, 0.002052429750782113], "k2_x2h_ray_nimin_syn_sem_sem": [0.007601756238873397, 0.00025217158347824823, 0.002052429750782113], "k2_x2h_ray_nimmi_syn_avg_avg": [0.25268131431948737, 0.0005236155397925412, 0.0], "k2_x2h_ray_nimmi_syn_avg_sem": [0.06293456056372643, 0.000441536759273421, 0.0], "k2_x2h_ray_nimmi_syn_sem_avg": [0.03471468639455527, 0.0005236155397925412, 0.0], "k2_x2h_ray_nimmi_syn_sem_sem": [0.008988213754152133, 0.00044153675927342085, 0.0], "k2_x2h_pos_mi_avg_avg": [0.17359715917818017, 0.041731213141484716, 3.700743415417188e-19], "k2_x2h_pos_mi_avg_sem": [0.0642782885133873, 0.02013641597832222, 3.700743415417188e-19], "k2_x2h_pos_mi_sem_avg": [0.05231983034052051, 0.011137614925273067, 3.700743415417189e-19], "k2_x2h_pos_mi_sem_sem": [0.02069221299477707, 0.005471362544721596, 3.700743415417189e-19], "k2_x2h_pos_nimin_syn_avg_avg": [0.08673917407855919, -0.09204506159088786, -0.002052429750782113], "k2_x2h_pos_nimin_syn_avg_sem": [0.03925318918255012, 0.09239459599988432, 0.002052429750782113], "k2_x2h_pos_nimin_syn_sem_avg": [0.01814350496967349, 0.00031427719430711696, 0.002052429750782113], "k2_x2h_pos_nimin_syn_sem_sem": [0.009478194054081837, 0.00025217158347824823, 0.002052429750782113], "k2_x2h_pos_nimmi_syn_avg_avg": [0.11193580913432719, 0.0005236155397925412, 0.0], "k2_x2h_pos_nimmi_syn_avg_sem": [0.05053777161193987, 0.000441536759273421, 0.0], "k2_x2h_pos_nimmi_syn_sem_avg": [0.025083947994086447, 0.0005236155397925412, 0.0], "k2_x2h_pos_nimmi_syn_sem_sem": [0.011004271551438918, 0.00044153675927342085, 0.0]}