{"avg_reward": 0.1474800100900001, "accuracy": 0.5, "k2_x2h_ray_imin_syn_avg": [0.12079375823342325, 0.0, 0.0], "k2_x2h_ray_imin_syn_sem": [0.033573381652733825, 0.0, 0.0], "k2_x2h_ray_immi_syn_avg": [0.131356909662825, 0.0, 0.0], "k2_x2h_ray_immi_syn_sem": [0.04403800511499504, 0.0, 0.0], "k2_x2h_pos_imin_syn_avg": [0.11799849144744867, 0.0, 0.0], "k2_x2h_pos_imin_syn_sem": [0.01873306447842809, 0.0, 0.0], "k2_x2h_pos_immi_syn_avg": [0.13101822725118906, 0.0, 0.0], "k2_x2h_pos_immi_syn_sem": [0.027294608209983875, 0.0, 0.0], "k2_x2h_ray_mi_avg": [0.28928141118783995, 0.0, 0.0], "k2_x2h_ray_mi_sem": [0.04520050554640995, 0.0, 0.0], "k2_x2h_ray_nimin_syn_avg": [0.40306591070735953, 0.0, 0.0], "k2_x2h_ray_nimin_syn_sem": [0.046427065530270956, 0.0, 0.0], "k2_x2h_ray_nimmi_syn_avg": [0.4309802414748569, 0.0, 0.0], "k2_x2h_ray_nimmi_syn_sem": [0.07393543761921169, 0.0, 0.0], "k2_x2h_pos_mi_avg": [0.34835195155897347, 0.0, 0.0], "k2_x2h_pos_mi_sem": [0.027294608209983875, 0.0, 0.0], "k2_x2h_pos_nimin_syn_avg": [0.3345625550651399, 0.0, 0.0], "k2_x2h_pos_nimin_syn_sem": [0.03299062342822856, 0.0, 0.0], "k2_x2h_pos_nimmi_syn_avg": [0.36806680210757087, 0.0, 0.0], "k2_x2h_pos_nimmi_syn_sem": [0.05144496287110631, 0.0, 0.0]}