{"avg_reward": 0.1474400000900001, "accuracy": 0.5, "k2_x2h_ray_imin_syn_avg": [0.054643034479455586, 0.00038889858164338085, 0.0], "k2_x2h_ray_imin_syn_sem": [0.00507154095137199, 0.00038889858164333787, 0.0], "k2_x2h_ray_immi_syn_avg": [0.06170967536741342, 0.0004965277664182051, 0.0], "k2_x2h_ray_immi_syn_sem": [0.008241448023575983, 0.0004965277664182051, 0.0], "k2_x2h_pos_imin_syn_avg": [1.942890293094024e-16, 0.00038889858164338085, 0.0], "k2_x2h_pos_imin_syn_sem": [8.326672684688675e-17, 0.00038889858164333787, 0.0], "k2_x2h_pos_immi_syn_avg": [0.0, 0.0004965277664182051, 0.0], "k2_x2h_pos_immi_syn_sem": [0.0, 0.0004965277664182051, 0.0], "k2_x2h_ray_mi_avg": [0.1176035901206447, 0.12382918673235782, 0.0], "k2_x2h_ray_mi_sem": [0.014259988144139013, 0.03572756663189625, 0.0], "k2_x2h_ray_nimin_syn_avg": [0.46954545707749196, 0.0006300200804517865, 0.0], "k2_x2h_ray_nimin_syn_sem": [0.025970038234791104, 0.0006300200804500315, 0.0], "k2_x2h_ray_nimmi_syn_avg": [0.5233268288600655, 0.0008043805714657574, 0.0], "k2_x2h_ray_nimmi_syn_sem": [0.01088080663229344, 0.0008043805714657575, 0.0], "k2_x2h_pos_mi_avg": [0.0496570786784, 0.12382918673235782, 0.0], "k2_x2h_pos_mi_sem": [0.006236836074831424, 0.03572756663189625, 0.0], "k2_x2h_pos_nimin_syn_avg": [3.6404400408242425e-15, 0.0006300200804517865, 0.0], "k2_x2h_pos_nimin_syn_sem": [1.083515072068056e-15, 0.0006300200804500315, 0.0], "k2_x2h_pos_nimmi_syn_avg": [0.0, 0.0008043805714657574, 0.0], "k2_x2h_pos_nimmi_syn_sem": [0.0, 0.0008043805714657575, 0.0]}