{"avg_reward": 0.1474400000900001, "accuracy": 0.5, "k2_x2h_ray_imin_syn_avg": [0.015747303160245498, -2.4980018054066023e-17, 0.0], "k2_x2h_ray_imin_syn_sem": [0.011430340821715033, 7.531758831058256e-18, 0.0], "k2_x2h_ray_immi_syn_avg": [0.01574730316024575, 0.0, 0.0], "k2_x2h_ray_immi_syn_sem": [0.011430340821714974, 0.0, 0.0], "k2_x2h_pos_imin_syn_avg": [-7.589415207398531e-17, -2.4980018054066023e-17, 0.0], "k2_x2h_pos_imin_syn_sem": [1.1420747790646699e-16, 7.531758831058256e-18, 0.0], "k2_x2h_pos_immi_syn_avg": [0.0, 0.0, 0.0], "k2_x2h_pos_immi_syn_sem": [0.0, 0.0, 0.0], "k2_x2h_ray_mi_avg": [0.12149094160301195, 0.016522873785255188, 0.0], "k2_x2h_ray_mi_sem": [0.05821481369195105, 0.004981833891280975, 0.0], "k2_x2h_ray_nimin_syn_avg": [0.12055281430334767, -3.0236892660110845e-16, 0.0], "k2_x2h_ray_nimin_syn_sem": [0.04228150882726825, 9.116766161803534e-17, 0.0], "k2_x2h_ray_nimmi_syn_avg": [0.12055281430337239, 0.0, 0.0], "k2_x2h_ray_nimmi_syn_sem": [0.04228150882726642, 0.0, 0.0], "k2_x2h_pos_mi_avg": [0.05383128942259208, 0.016522873785255188, 0.0], "k2_x2h_pos_mi_sem": [0.051012275016137434, 0.004981833891280975, 0.0], "k2_x2h_pos_nimin_syn_avg": [-1.1344712187828485e-12, -3.0236892660110845e-16, 0.0], "k2_x2h_pos_nimin_syn_sem": [1.1470162229226013e-12, 9.116766161803534e-17, 0.0], "k2_x2h_pos_nimmi_syn_avg": [0.0, 0.0, 0.0], "k2_x2h_pos_nimmi_syn_sem": [0.0, 0.0, 0.0]}