{"avg_reward_avg": 0.9729000000000001, "avg_reward_sem": 0.0024919871588754243, "accuracy_avg": 0.858, "accuracy_sem": 0.013316656236958787, "k2_xh2h_immi_syn_avg_avg": [0.18941222397645469], "k2_xh2h_immi_syn_avg_sem": [0.008522275192791404], "k2_xh2h_immi_syn_sem_avg": [0.025873163776085943], "k2_xh2h_immi_syn_sem_sem": [0.0011779958281107473], "k2_xh2h_mi_avg_avg": [0.715640755810919], "k2_xh2h_mi_avg_sem": [0.01925069843828999], "k2_xh2h_mi_sem_avg": [0.05871446912121612], "k2_xh2h_mi_sem_sem": [0.001558067102661845], "k2_xh2h_nimmi_syn_avg_avg": [0.2584359975002973], "k2_xh2h_nimmi_syn_avg_sem": [0.008229180227006885], "k2_xh2h_nimmi_syn_sem_avg": [0.021303498384401508], "k2_xh2h_nimmi_syn_sem_sem": [0.00044032779232748695]}