{"avg_reward": 0.977, "accuracy": 0.89, "k2_xh2h_immi_syn_avg": [0.1585079817550624], "k2_xh2h_immi_syn_sem": [0.0225884487640472], "k2_xh2h_mi_avg": [0.5992248307062781], "k2_xh2h_mi_sem": [0.054292560246686876], "k2_xh2h_nimmi_syn_avg": [0.2874156436742944], "k2_xh2h_nimmi_syn_sem": [0.02317325256384863]}