{"avg_reward": 0.971, "accuracy": 0.84, "k2_xh2h_immi_syn_avg": [0.1916013835468379], "k2_xh2h_immi_syn_sem": [0.019829623143259565], "k2_xh2h_mi_avg": [0.7212196347165398], "k2_xh2h_mi_sem": [0.053018458381710785], "k2_xh2h_nimmi_syn_avg": [0.2794026304244972], "k2_xh2h_nimmi_syn_sem": [0.019593501485508022]}