{"avg_reward": 0.965, "accuracy": 0.83, "k2_xh2h_immi_syn_avg": [0.20260576060931051], "k2_xh2h_immi_syn_sem": [0.027684897918659593], "k2_xh2h_mi_avg": [0.665761911755886], "k2_xh2h_mi_sem": [0.05876626425381713], "k2_xh2h_nimmi_syn_avg": [0.2804135983132194], "k2_xh2h_nimmi_syn_sem": [0.020901725207101877]}