{"avg_reward": 0.967, "accuracy": 0.83, "k2_xh2h_immi_syn_avg": [0.24046555692156077], "k2_xh2h_immi_syn_sem": [0.029405122268897858], "k2_xh2h_mi_avg": [0.7681312006146045], "k2_xh2h_mi_sem": [0.061307580782521846], "k2_xh2h_nimmi_syn_avg": [0.2922152463559933], "k2_xh2h_nimmi_syn_sem": [0.020058656373744228]}