{"avg_reward": 0.971, "accuracy": 0.84, "k2_xh2h_immi_syn_avg": [0.2089594627757072], "k2_xh2h_immi_syn_sem": [0.025124212822617308], "k2_xh2h_mi_avg": [0.7810456485623432], "k2_xh2h_mi_sem": [0.055613025822719805], "k2_xh2h_nimmi_syn_avg": [0.26405428361290184], "k2_xh2h_nimmi_syn_sem": [0.020990045168576475]}