{"avg_reward": 0.97, "accuracy": 0.84, "k2_xh2h_immi_syn_avg": [0.18071554290154343], "k2_xh2h_immi_syn_sem": [0.021400112183633087], "k2_xh2h_mi_avg": [0.7601075149351538], "k2_xh2h_mi_sem": [0.05881049090581254], "k2_xh2h_nimmi_syn_avg": [0.23975349533718382], "k2_xh2h_nimmi_syn_sem": [0.020805390059861945]}