{"avg_reward": 0.971, "accuracy": 0.85, "k2_xh2h_immi_syn_avg": [0.18666804369225393], "k2_xh2h_immi_syn_sem": [0.031264094768682575], "k2_xh2h_mi_avg": [0.7349029371616634], "k2_xh2h_mi_sem": [0.07075538906927546], "k2_xh2h_nimmi_syn_avg": [0.24212912190863786], "k2_xh2h_nimmi_syn_sem": [0.02349119240376043]}