{"avg_reward": 0.978, "accuracy": 0.88, "k2_xh2h_immi_syn_avg": [0.16486241364700716], "k2_xh2h_immi_syn_sem": [0.028542538888063823], "k2_xh2h_mi_avg": [0.7126637368621953], "k2_xh2h_mi_sem": [0.05759455544385925], "k2_xh2h_nimmi_syn_avg": [0.21804274310444896], "k2_xh2h_nimmi_syn_sem": [0.02196607237281792]}