{"avg_reward": 0.019737553580169043, "accuracy": 0.6875, "k2_x2h_ray_imin_syn_avg": [0.6632224986839861, 0.17506710395924738, 0.06180883387073255], "k2_x2h_ray_imin_syn_sem": [0.049356377873461206, 0.02476616486312326, 0.014373741631703196], "k2_x2h_ray_immi_syn_avg": [0.8092849039353928, 0.3211658541904081, 0.08830224576388122], "k2_x2h_ray_immi_syn_sem": [0.07314480300529064, 0.04187920436613813, 0.01933756955241837], "k2_x2h_pos_imin_syn_avg": [0.7959298494417867, 0.17506710395924738, 0.06180883387073255], "k2_x2h_pos_imin_syn_sem": [0.04370621362063112, 0.02476616486312326, 0.014373741631703196], "k2_x2h_pos_immi_syn_avg": [0.8195087817608684, 0.3211658541904081, 0.08830224576388122], "k2_x2h_pos_immi_syn_sem": [0.04424595797064713, 0.04187920436613813, 0.01933756955241837], "k2_x2h_ray_mi_avg": [1.6057961788303095, 1.351106115582985, 0.42443183054756195], "k2_x2h_ray_mi_sem": [0.07393460592613307, 0.06905405665764673, 0.030259428644912337], "k2_x2h_ray_nimin_syn_avg": [0.41199131417903706, 0.10860382939471322, 0.10353128832020424], "k2_x2h_ray_nimin_syn_sem": [0.011530193756196235, 0.015701376317611055, 0.020703028411306446], "k2_x2h_ray_nimmi_syn_avg": [0.5019696633240265, 0.19664313417807383, 0.14512184721554278], "k2_x2h_ray_nimmi_syn_sem": [0.021999606846087004, 0.02489946888926415, 0.027597082698552777], "k2_x2h_pos_mi_avg": [2.513308451655764, 1.351106115582985, 0.42443183054756195], "k2_x2h_pos_mi_sem": [0.04424595797064765, 0.06905405665764673, 0.030259428644912337], "k2_x2h_pos_nimin_syn_avg": [0.31627492228235154, 0.10860382939471322, 0.10353128832020424], "k2_x2h_pos_nimin_syn_sem": [0.011800833394837144, 0.015701376317611055, 0.020703028411306446], "k2_x2h_pos_nimmi_syn_avg": [0.3256499557688197, 0.19664313417807383, 0.14512184721554278], "k2_x2h_pos_nimmi_syn_sem": [0.01186727889835929, 0.02489946888926415, 0.027597082698552777]}