{"avg_reward": 0.027030928522975225, "accuracy": 0.6875, "k2_x2h_ray_imin_syn_avg": [0.7773418944517179, 0.35406495778755925, 0.04637435239997752], "k2_x2h_ray_imin_syn_sem": [0.03610475675333785, 0.06512441891715333, 0.008856612299280807], "k2_x2h_ray_immi_syn_avg": [0.9700853049463669, 0.4605687719525701, 0.07514569997371887], "k2_x2h_ray_immi_syn_sem": [0.056072265592259835, 0.07984103001099242, 0.012383522491109982], "k2_x2h_pos_imin_syn_avg": [0.8186935060316118, 0.35406495778755925, 0.04637435239997752], "k2_x2h_pos_imin_syn_sem": [0.020533724342868806, 0.06512441891715333, 0.008856612299280807], "k2_x2h_pos_immi_syn_avg": [0.8807326589523031, 0.4605687719525701, 0.07514569997371887], "k2_x2h_pos_immi_syn_sem": [0.030846541017485282, 0.07984103001099242, 0.012383522491109982], "k2_x2h_ray_mi_avg": [2.0692650423800854, 1.7176225725456464, 0.3127310191275148], "k2_x2h_ray_mi_sem": [0.0575665311820591, 0.11466165139125874, 0.020245292187404045], "k2_x2h_ray_nimin_syn_avg": [0.3752814380675607, 0.1422286539082151, 0.12669972689440392], "k2_x2h_ray_nimin_syn_sem": [0.006819526047018483, 0.02490416517013651, 0.01949208369892428], "k2_x2h_ray_nimmi_syn_avg": [0.46804611072306845, 0.18764646685029168, 0.19065911760452608], "k2_x2h_ray_nimmi_syn_sem": [0.013719032220727284, 0.031210216056696882, 0.025137006574126684], "k2_x2h_pos_mi_avg": [3.024300342726684, 1.7176225725456464, 0.3127310191275148], "k2_x2h_pos_mi_sem": [0.030846541017485282, 0.11466165139125874, 0.020245292187404045], "k2_x2h_pos_nimin_syn_avg": [0.27062653837544964, 0.1422286539082151, 0.12669972689440392], "k2_x2h_pos_nimin_syn_sem": [0.004215769578164765, 0.02490416517013651, 0.01949208369892428], "k2_x2h_pos_nimmi_syn_avg": [0.2910697111874769, 0.18764646685029168, 0.19065911760452608], "k2_x2h_pos_nimmi_syn_sem": [0.007301209988786888, 0.031210216056696882, 0.025137006574126684]}