{"avg_reward": 0.006389577037589842, "accuracy": 0.5, "k2_x2h_ray_imin_syn_avg": [0.6301526650577002, 0.2547167748088257, 0.1049880149489651], "k2_x2h_ray_imin_syn_sem": [0.06252769126002398, 0.02491378325011511, 0.010088328917193181], "k2_x2h_ray_immi_syn_avg": [0.7596548802271338, 0.46534231609942867, 0.1609815613220325], "k2_x2h_ray_immi_syn_sem": [0.06782009629062083, 0.03293044381626977, 0.013391212820955768], "k2_x2h_pos_imin_syn_avg": [0.626476982808275, 0.2547167748088257, 0.1049880149489651], "k2_x2h_pos_imin_syn_sem": [0.06893596155711793, 0.02491378325011511, 0.010088328917193181], "k2_x2h_pos_immi_syn_avg": [0.6612409346599577, 0.46534231609942867, 0.1609815613220325], "k2_x2h_pos_immi_syn_sem": [0.060560893334124295, 0.03293044381626977, 0.013391212820955768], "k2_x2h_ray_mi_avg": [1.5253028634533863, 1.5212607275998657, 0.582997485448306], "k2_x2h_ray_mi_sem": [0.06527752120636547, 0.06765361071682811, 0.026829865504286243], "k2_x2h_ray_nimin_syn_avg": [0.4114684203092409, 0.16062046582674797, 0.18523044496099586], "k2_x2h_ray_nimin_syn_sem": [0.027693216244920472, 0.01177362993729033, 0.016399034115438395], "k2_x2h_ray_nimmi_syn_avg": [0.49629417056359976, 0.2968715388940015, 0.2739406747722589], "k2_x2h_ray_nimmi_syn_sem": [0.027174917219478442, 0.01463867946264926, 0.01884136630727889], "k2_x2h_pos_mi_avg": [2.2818027706932966, 1.5212607275998657, 0.582997485448306], "k2_x2h_pos_mi_sem": [0.060560893334124295, 0.06765361071682811, 0.026829865504286243], "k2_x2h_pos_nimin_syn_avg": [0.27333125941478564, 0.16062046582674797, 0.18523044496099586], "k2_x2h_pos_nimin_syn_sem": [0.02305744440038614, 0.01177362993729033, 0.016399034115438395], "k2_x2h_pos_nimmi_syn_avg": [0.28878424594515734, 0.2968715388940015, 0.2739406747722589], "k2_x2h_pos_nimmi_syn_sem": [0.01893170767993581, 0.01463867946264926, 0.01884136630727889]}