{"avg_reward": 0.008821232083123777, "accuracy": 0.5625, "k2_x2h_ray_imin_syn_avg": [0.6742862906415383, 0.13703506793377565, 0.023732068620798952], "k2_x2h_ray_imin_syn_sem": [0.033197138396718395, 0.03636921082917185, 0.004180439872448455], "k2_x2h_ray_immi_syn_avg": [0.8028669995336628, 0.22229882975184773, 0.02634609506191765], "k2_x2h_ray_immi_syn_sem": [0.04254320926514647, 0.0521102786762236, 0.004246472318134428], "k2_x2h_pos_imin_syn_avg": [0.5470793163285866, 0.13703506793377565, 0.023732068620798952], "k2_x2h_pos_imin_syn_sem": [0.03533674661514634, 0.03636921082917185, 0.004180439872448455], "k2_x2h_pos_immi_syn_avg": [0.7850493645269504, 0.22229882975184773, 0.02634609506191765], "k2_x2h_pos_immi_syn_sem": [0.04330170222114774, 0.0521102786762236, 0.004246472318134428], "k2_x2h_ray_mi_avg": [1.5427775045909806, 1.1295762072127817, 0.09210623086130389], "k2_x2h_ray_mi_sem": [0.06569350453583213, 0.09693674158366174, 0.009279731091720927], "k2_x2h_ray_nimin_syn_avg": [0.4368044540003943, 0.07064494306469424, 0.21895805692698309], "k2_x2h_ray_nimin_syn_sem": [0.0034027490136966133, 0.017170767853860704, 0.03309814345372139], "k2_x2h_ray_nimmi_syn_avg": [0.5199618035502868, 0.11866768960282491, 0.25666012613533756], "k2_x2h_ray_nimmi_syn_sem": [0.006401509833859743, 0.026157134216576786, 0.03438473323677595], "k2_x2h_pos_mi_avg": [1.5167387564877515, 1.1295762072127817, 0.09210623086130389], "k2_x2h_pos_mi_sem": [0.05941185754543559, 0.09693674158366174, 0.009279731091720927], "k2_x2h_pos_nimin_syn_avg": [0.36008788808947134, 0.07064494306469424, 0.21895805692698309], "k2_x2h_pos_nimin_syn_sem": [0.010498372894526974, 0.017170767853860704, 0.03309814345372139], "k2_x2h_pos_nimmi_syn_avg": [0.5169636548787445, 0.11866768960282491, 0.25666012613533756], "k2_x2h_pos_nimmi_syn_sem": [0.008163122393546853, 0.026157134216576786, 0.03438473323677595]}