{"avg_reward_avg": 0.96455, "avg_reward_sem": 0.0017407693063062038, "accuracy_avg": 0.8234999999999999, "accuracy_sem": 0.01022116540430797, "k2_xh2h_immi_syn_avg_avg": [0.22058650841250885], "k2_xh2h_immi_syn_avg_sem": [0.00943427296587229], "k2_xh2h_immi_syn_sem_avg": [0.02271121761180554], "k2_xh2h_immi_syn_sem_sem": [0.0028900818505544173], "k2_xh2h_mi_avg_avg": [0.7408261483392838], "k2_xh2h_mi_avg_sem": [0.02841379697356333], "k2_xh2h_mi_sem_avg": [0.06431810040256641], "k2_xh2h_mi_sem_sem": [0.0029331515782908056], "k2_xh2h_nimmi_syn_avg_avg": [0.33570564914361856], "k2_xh2h_nimmi_syn_avg_sem": [0.008141811404019426], "k2_xh2h_nimmi_syn_sem_avg": [0.018892283794191327], "k2_xh2h_nimmi_syn_sem_sem": [0.00025644486232358937]}