{"avg_reward": 0.9645, "accuracy": 0.82, "k2_xh2h_immi_syn_avg": [0.2319299532974398], "k2_xh2h_immi_syn_sem": [0.029333663538241458], "k2_xh2h_mi_avg": [0.7362615024905925], "k2_xh2h_mi_sem": [0.07102732857916645], "k2_xh2h_nimmi_syn_avg": [0.3451207206107661], "k2_xh2h_nimmi_syn_sem": [0.019026315555645674]}