{"avg_reward": 0.9565, "accuracy": 0.77, "k2_xh2h_immi_syn_avg": [0.23751342367576642], "k2_xh2h_immi_syn_sem": [0.027159568147889848], "k2_xh2h_mi_avg": [0.7894468206462238], "k2_xh2h_mi_sem": [0.06707982939895497], "k2_xh2h_nimmi_syn_avg": [0.32707374601861827], "k2_xh2h_nimmi_syn_sem": [0.01922813330475923]}