{"avg_reward": 0.9565, "accuracy": 0.78, "k2_xh2h_immi_syn_avg": [0.26002482100825103], "k2_xh2h_immi_syn_sem": [0.034593389235634396], "k2_xh2h_mi_avg": [0.872757208672108], "k2_xh2h_mi_sem": [0.07656203737654409], "k2_xh2h_nimmi_syn_avg": [0.3129570441384827], "k2_xh2h_nimmi_syn_sem": [0.018387227540753764]}