{"avg_reward": 0.97, "accuracy": 0.855, "k2_xh2h_immi_syn_avg": [0.26258442052821346], "k2_xh2h_immi_syn_sem": [0.03426246313328578], "k2_xh2h_mi_avg": [0.7406112835975487], "k2_xh2h_mi_sem": [0.07830069474041021], "k2_xh2h_nimmi_syn_avg": [0.38322550805969385], "k2_xh2h_nimmi_syn_sem": [0.018546853496645484]}