{"avg_reward": 0.9655, "accuracy": 0.825, "k2_xh2h_immi_syn_avg": [0.21720505819682565], "k2_xh2h_immi_syn_sem": [0.021265791564370654], "k2_xh2h_mi_avg": [0.8148213608801643], "k2_xh2h_mi_sem": [0.06086139245828171], "k2_xh2h_nimmi_syn_avg": [0.29944927118255427], "k2_xh2h_nimmi_syn_sem": [0.01872600932120822]}