{"avg_reward": 0.9665, "accuracy": 0.835, "k2_xh2h_immi_syn_avg": [0.2002571243217512], "k2_xh2h_immi_syn_sem": [0.016692315497929194], "k2_xh2h_mi_avg": [0.6522241174717283], "k2_xh2h_mi_sem": [0.05813205511502093], "k2_xh2h_nimmi_syn_avg": [0.3571000107868078], "k2_xh2h_nimmi_syn_sem": [0.018756070671536514]}