{"avg_reward": 0.9735, "accuracy": 0.87, "k2_xh2h_immi_syn_avg": [0.2243015874629117], "k2_xh2h_immi_syn_sem": [0.021584064312629544], "k2_xh2h_mi_avg": [0.7941431039704508], "k2_xh2h_mi_sem": [0.06400600564256512], "k2_xh2h_nimmi_syn_avg": [0.3169206806685599], "k2_xh2h_nimmi_syn_sem": [0.01792665461696362]}