{"avg_reward": 0.9685, "accuracy": 0.855, "k2_xh2h_immi_syn_avg": [0.21708120797473537], "k2_xh2h_immi_syn_sem": [0.022362369667610914], "k2_xh2h_mi_avg": [0.7802182447516938], "k2_xh2h_mi_sem": [0.06319775611296063], "k2_xh2h_nimmi_syn_avg": [0.32092914467243433], "k2_xh2h_nimmi_syn_sem": [0.020574248480669906]}