{"avg_reward": 0.962, "accuracy": 0.82, "k2_xh2h_immi_syn_avg": [0.18488619662876238], "k2_xh2h_immi_syn_sem": [0.01477721294723877], "k2_xh2h_mi_avg": [0.6521258439109047], "k2_xh2h_mi_sem": [0.0552886373676284], "k2_xh2h_nimmi_syn_avg": [0.3326097296253448], "k2_xh2h_nimmi_syn_sem": [0.01797972858291298]}