{"avg_reward": 0.11495516522028472, "accuracy": 0.75, "k2_x2h_ray_imin_syn_avg": [0.1911473806122391, 0.055044321818781466, 0.04487905916196965], "k2_x2h_ray_imin_syn_sem": [0.016133221681671084, 0.021888763620670035, 0.01153035234267923], "k2_x2h_ray_immi_syn_avg": [0.3194882962559868, 0.08574415202397524, 0.05524088334289969], "k2_x2h_ray_immi_syn_sem": [0.03690908044582229, 0.0334788740178774, 0.01399126991057921], "k2_x2h_pos_imin_syn_avg": [0.21831086604781516, 0.055044321818781466, 0.04487905916196965], "k2_x2h_pos_imin_syn_sem": [0.030933283762729743, 0.021888763620670035, 0.01153035234267923], "k2_x2h_pos_immi_syn_avg": [0.26374635883843656, 0.08574415202397524, 0.05524088334289969], "k2_x2h_pos_immi_syn_sem": [0.029197662399489007, 0.0334788740178774, 0.01399126991057921], "k2_x2h_ray_mi_avg": [1.0964035498953324, 0.8055488412313554, 0.36024655847424014], "k2_x2h_ray_mi_sem": [0.10041556597566188, 0.10288530364366234, 0.03791047309470401], "k2_x2h_ray_nimin_syn_avg": [0.17992460230553156, 0.028828462119638736, 0.0754837178990398], "k2_x2h_ray_nimin_syn_sem": [0.03145760201867655, 0.0112175344074962, 0.01823269170436769], "k2_x2h_ray_nimmi_syn_avg": [0.3034288755894847, 0.045827443840441906, 0.09274696386583117], "k2_x2h_ray_nimmi_syn_sem": [0.06669831998998421, 0.017924351579421786, 0.021938315104568784], "k2_x2h_pos_mi_avg": [1.4117067971116875, 0.8055488412313554, 0.36024655847424014], "k2_x2h_pos_mi_sem": [0.029197662399489007, 0.10288530364366234, 0.03791047309470401], "k2_x2h_pos_nimin_syn_avg": [0.1540905467115454, 0.028828462119638736, 0.0754837178990398], "k2_x2h_pos_nimin_syn_sem": [0.01958102251838577, 0.0112175344074962, 0.01823269170436769], "k2_x2h_pos_nimmi_syn_avg": [0.18611707456010618, 0.045827443840441906, 0.09274696386583117], "k2_x2h_pos_nimmi_syn_sem": [0.017186684138695625, 0.017924351579421786, 0.021938315104568784]}