{"avg_reward": 0.23146099583617039, "accuracy": 0.75, "k2_x2h_ray_imin_syn_avg": [0.4764138635987643, 0.103598418654749, 0.13874532108234366], "k2_x2h_ray_imin_syn_sem": [0.06222904096135099, 0.04145930918373052, 0.020548926878180558], "k2_x2h_ray_immi_syn_avg": [0.6223816178909027, 0.15168651395685728, 0.19993468677608592], "k2_x2h_ray_immi_syn_sem": [0.08523672811192709, 0.058944432836447604, 0.025399057209849345], "k2_x2h_pos_imin_syn_avg": [0.49816917443429337, 0.103598418654749, 0.13874532108234366], "k2_x2h_pos_imin_syn_sem": [0.10144218944795384, 0.04145930918373052, 0.020548926878180558], "k2_x2h_pos_immi_syn_avg": [0.5997683673681621, 0.15168651395685728, 0.19993468677608592], "k2_x2h_pos_immi_syn_sem": [0.09263403464819643, 0.058944432836447604, 0.025399057209849345], "k2_x2h_ray_mi_avg": [1.3240554481425697, 1.0988578533611828, 0.6454826416262108], "k2_x2h_ray_mi_sem": [0.139648527318844, 0.1329639914558994, 0.03490589725297606], "k2_x2h_ray_nimin_syn_avg": [0.3577143316790003, 0.038830467652405345, 0.16972224019714535], "k2_x2h_ray_nimin_syn_sem": [0.012635658097812377, 0.015388941199784005, 0.023794894278956244], "k2_x2h_ray_nimmi_syn_avg": [0.4673041258514033, 0.05741280174615553, 0.2494396956784948], "k2_x2h_ray_nimmi_syn_sem": [0.018220277951926957, 0.022195697342740295, 0.030601357600094532], "k2_x2h_pos_mi_avg": [1.7466504547785695, 1.0988578533611828, 0.6454826416262108], "k2_x2h_pos_mi_sem": [0.09263403464819643, 0.1329639914558994, 0.03490589725297606], "k2_x2h_pos_nimin_syn_avg": [0.28103168858382555, 0.038830467652405345, 0.16972224019714535], "k2_x2h_pos_nimin_syn_sem": [0.04210015672043401, 0.015388941199784005, 0.023794894278956244], "k2_x2h_pos_nimmi_syn_avg": [0.33985527362661433, 0.05741280174615553, 0.2494396956784948], "k2_x2h_pos_nimmi_syn_sem": [0.03324919633315902, 0.022195697342740295, 0.030601357600094532]}