{"avg_reward": 0.14157554769301325, "accuracy": 0.75, "k2_x2h_ray_imin_syn_avg": [0.3095845913677315, 0.047042672101890184, 0.05435115837477539], "k2_x2h_ray_imin_syn_sem": [0.061005914708326774, 0.02245609623236423, 0.011034926145798547], "k2_x2h_ray_immi_syn_avg": [0.4265949764256396, 0.08088215051559124, 0.06515439237521076], "k2_x2h_ray_immi_syn_sem": [0.07807189150049879, 0.028873186674880997, 0.014031055762954839], "k2_x2h_pos_imin_syn_avg": [0.37628332557062283, 0.047042672101890184, 0.05435115837477539], "k2_x2h_pos_imin_syn_sem": [0.04624437136025247, 0.02245609623236423, 0.011034926145798547], "k2_x2h_pos_immi_syn_avg": [0.38247885803813936, 0.08088215051559124, 0.06515439237521076], "k2_x2h_pos_immi_syn_sem": [0.046993040122865176, 0.028873186674880997, 0.014031055762954839], "k2_x2h_ray_mi_avg": [1.1168852164296323, 0.7696794679906215, 0.562979286194743], "k2_x2h_ray_mi_sem": [0.06465026181152524, 0.10491735271780514, 0.0542850527946571], "k2_x2h_ray_nimin_syn_avg": [0.2756288715593304, 0.031351291143095955, 0.09068709806758816], "k2_x2h_ray_nimin_syn_sem": [0.049446438949402295, 0.00964575876871249, 0.016189173610391128], "k2_x2h_ray_nimmi_syn_avg": [0.38338705880294993, 0.07095386084011111, 0.1154846002640008], "k2_x2h_ray_nimmi_syn_sem": [0.07450769573111855, 0.019347141483866997, 0.02273164623057397], "k2_x2h_pos_mi_avg": [1.6181768747938465, 0.7696794679906215, 0.562979286194743], "k2_x2h_pos_mi_sem": [0.04699304012286517, 0.10491735271780514, 0.0542850527946571], "k2_x2h_pos_nimin_syn_avg": [0.23123265097184045, 0.031351291143095955, 0.09068709806758816], "k2_x2h_pos_nimin_syn_sem": [0.022428923844961528, 0.00964575876871249, 0.016189173610391128], "k2_x2h_pos_nimmi_syn_avg": [0.235040100787285, 0.07095386084011111, 0.1154846002640008], "k2_x2h_pos_nimmi_syn_sem": [0.02279712711607889, 0.019347141483866997, 0.02273164623057397]}