{"avg_reward": 0.20797595046691741, "accuracy": 0.6666666666666666, "k2_x2h_ray_imin_syn_avg": [0.3795063580069519, 0.055002249222475666, 0.10696493388699388], "k2_x2h_ray_imin_syn_sem": [0.0595498378575489, 0.03193911332671484, 0.02103399524215967], "k2_x2h_ray_immi_syn_avg": [0.5616422087275353, 0.07423861007902431, 0.17372971371822915], "k2_x2h_ray_immi_syn_sem": [0.0483861666668381, 0.04275428731638886, 0.03614744700721883], "k2_x2h_pos_imin_syn_avg": [0.3834938932519041, 0.055002249222475666, 0.10696493388699388], "k2_x2h_pos_imin_syn_sem": [0.03128631906367318, 0.03193911332671484, 0.02103399524215967], "k2_x2h_pos_immi_syn_avg": [0.5019407809278785, 0.07423861007902431, 0.17372971371822915], "k2_x2h_pos_immi_syn_sem": [0.08339588616788546, 0.04275428731638886, 0.03614744700721883], "k2_x2h_ray_mi_avg": [1.218322731664396, 0.8260872003316788, 0.9279955304530877], "k2_x2h_ray_mi_sem": [0.012664668178059781, 0.12535143818360317, 0.06590238337621354], "k2_x2h_ray_nimin_syn_avg": [0.3119335080916028, 0.020849949629447254, 0.08087472645243174], "k2_x2h_ray_nimin_syn_sem": [0.05058373529028241, 0.011934167559180314, 0.014652915276248997], "k2_x2h_ray_nimmi_syn_avg": [0.461412660408, 0.028229566644731523, 0.12785615317568988], "k2_x2h_ray_nimmi_syn_sem": [0.04212869538911663, 0.016058395225488496, 0.024561957229145302], "k2_x2h_pos_mi_avg": [1.7034736629011074, 0.8260872003316788, 0.9279955304530877], "k2_x2h_pos_mi_sem": [0.08339588616788546, 0.12535143818360317, 0.06590238337621354], "k2_x2h_pos_nimin_syn_avg": [0.22472742862946418, 0.020849949629447254, 0.08087472645243174], "k2_x2h_pos_nimin_syn_sem": [0.010543468976745636, 0.011934167559180314, 0.014652915276248997], "k2_x2h_pos_nimmi_syn_avg": [0.2913155903701583, 0.028229566644731523, 0.12785615317568988], "k2_x2h_pos_nimmi_syn_sem": [0.034164722751448065, 0.016058395225488496, 0.024561957229145302]}