{"avg_reward": 0.2249532935059882, "accuracy": 0.8333333333333334, "k2_x2h_ray_imin_syn_avg": [0.15166555634623144, 0.038258365270786604, 0.020683773624254637], "k2_x2h_ray_imin_syn_sem": [0.04028966290764293, 0.020619033499217104, 0.013074264275533654], "k2_x2h_ray_immi_syn_avg": [0.20717219711300658, 0.050361607875363056, 0.023627996435421038], "k2_x2h_ray_immi_syn_sem": [0.06941626910626703, 0.025561718206937114, 0.015379374190643813], "k2_x2h_pos_imin_syn_avg": [0.2838087665991043, 0.038258365270786604, 0.020683773624254637], "k2_x2h_pos_imin_syn_sem": [0.11277173292612781, 0.020619033499217104, 0.013074264275533654], "k2_x2h_pos_immi_syn_avg": [0.305259443084382, 0.050361607875363056, 0.023627996435421038], "k2_x2h_pos_immi_syn_sem": [0.1162836763293762, 0.025561718206937114, 0.015379374190643813], "k2_x2h_ray_mi_avg": [0.48267973881204246, 0.6074896807996119, 0.3934044175324324], "k2_x2h_ray_mi_sem": [0.07635305390571934, 0.08792956765582512, 0.059138852501332245], "k2_x2h_ray_nimin_syn_avg": [0.303557498542433, 0.02197021248094417, 0.018188152177714686], "k2_x2h_ray_nimin_syn_sem": [0.03390401370878076, 0.011195654863581816, 0.00993009050029028], "k2_x2h_ray_nimmi_syn_avg": [0.40583483297426426, 0.03010833268986334, 0.020405832124704905], "k2_x2h_ray_nimmi_syn_sem": [0.07390597744251151, 0.014120234962269433, 0.011551373218668034], "k2_x2h_pos_mi_avg": [1.090231510949498, 0.6074896807996119, 0.3934044175324324], "k2_x2h_pos_mi_sem": [0.1162836763293762, 0.08792956765582512, 0.059138852501332245], "k2_x2h_pos_nimin_syn_avg": [0.24541501240698918, 0.02197021248094417, 0.018188152177714686], "k2_x2h_pos_nimin_syn_sem": [0.06996709286065189, 0.011195654863581816, 0.00993009050029028], "k2_x2h_pos_nimmi_syn_avg": [0.2648698856038791, 0.03010833268986334, 0.020405832124704905], "k2_x2h_pos_nimmi_syn_sem": [0.07091018325531148, 0.014120234962269433, 0.011551373218668034]}