{"avg_reward_avg": 0.625, "avg_reward_sem": 0.08539125638299666, "accuracy_avg": 0.9, "accuracy_sem": 0.09999999999999999}