{"avg_reward": 0.943, "accuracy": 0.7, "k2_xh2h_immi_syn_avg": [0.12821324826499475], "k2_xh2h_immi_syn_sem": [0.02252708706854204], "k2_xh2h_mi_avg": [0.6285411330870324], "k2_xh2h_mi_sem": [0.060512933729599844], "k2_xh2h_nimmi_syn_avg": [0.21462144542049558], "k2_xh2h_nimmi_syn_sem": [0.020776440147960762]}