{"avg_reward": 0.921, "accuracy": 0.59, "k2_xh2h_immi_syn_avg": [0.16693864220175947], "k2_xh2h_immi_syn_sem": [0.024902303136221462], "k2_xh2h_mi_avg": [0.6838589574262569], "k2_xh2h_mi_sem": [0.058284816472863404], "k2_xh2h_nimmi_syn_avg": [0.24042273922430488], "k2_xh2h_nimmi_syn_sem": [0.023026106507368683]}