{"avg_reward": 0.925, "accuracy": 0.63, "k2_xh2h_immi_syn_avg": [0.18864515854325398], "k2_xh2h_immi_syn_sem": [0.033749048723618884], "k2_xh2h_mi_avg": [0.7620740872336729], "k2_xh2h_mi_sem": [0.06787416154301149], "k2_xh2h_nimmi_syn_avg": [0.2188718540488261], "k2_xh2h_nimmi_syn_sem": [0.023107488568615307]}