{"avg_reward": 0.937, "accuracy": 0.67, "k2_xh2h_immi_syn_avg": [0.1732320655999716], "k2_xh2h_immi_syn_sem": [0.02448685545743894], "k2_xh2h_mi_avg": [0.7042188637649982], "k2_xh2h_mi_sem": [0.05435007349869814], "k2_xh2h_nimmi_syn_avg": [0.23680143429720538], "k2_xh2h_nimmi_syn_sem": [0.022237381634141032]}