{"avg_reward": 0.929, "accuracy": 0.65, "k2_xh2h_immi_syn_avg": [0.14419670177895583], "k2_xh2h_immi_syn_sem": [0.02581669897788462], "k2_xh2h_mi_avg": [0.670981620051298], "k2_xh2h_mi_sem": [0.0663443973357972], "k2_xh2h_nimmi_syn_avg": [0.21792263167065637], "k2_xh2h_nimmi_syn_sem": [0.020186337760109162]}