{"avg_reward": 0.946, "accuracy": 0.72, "k2_xh2h_immi_syn_avg": [0.28745621998696974], "k2_xh2h_immi_syn_sem": [0.03605033718945715], "k2_xh2h_mi_avg": [0.9392218655390686], "k2_xh2h_mi_sem": [0.07221504323418297], "k2_xh2h_nimmi_syn_avg": [0.29464414887148516], "k2_xh2h_nimmi_syn_sem": [0.021218495045108175]}