{"avg_reward": 0.934, "accuracy": 0.66, "k2_xh2h_immi_syn_avg": [0.19277287135167], "k2_xh2h_immi_syn_sem": [0.029409862688630006], "k2_xh2h_mi_avg": [0.6900448643545569], "k2_xh2h_mi_sem": [0.06794527022863502], "k2_xh2h_nimmi_syn_avg": [0.262301551912423], "k2_xh2h_nimmi_syn_sem": [0.022323961717797887]}