{"avg_reward": 1.0, "accuracy": 1.0, "k2_x2h_imin_syn_avg": [1.0, 0.07663326399706236, 0.015304930567574836], "k2_x2h_imin_syn_sem": [NaN, 0.02133203164399651, 0.015304930567574822], "k2_x2h_mi_avg": [2.0, 0.8232581248437496, 0.9165580555074785], "k2_x2h_mi_sem": [NaN, 0.056735594705775, 0.036125735621204955], "k2_x2h_immi_syn_avg": [1.0, 0.12390979179887865, 0.015304930567574824], "k2_x2h_immi_syn_sem": [NaN, 0.030387277356693283, 0.01530493056757482], "k2_x2h_nimin_syn_avg": [0.5, 0.06304094917690566, 0.015304930567574855], "k2_x2h_nimin_syn_sem": [NaN, 0.017098822069596162, 0.015304930567574822], "k2_x2h_nimmi_syn_avg": [0.5, 0.10259539364271765, 0.015304930567574824], "k2_x2h_nimmi_syn_sem": [NaN, 0.023590025323928704, 0.01530493056757482], "k2_x2h_imin_red_avg": [1.0, 0.20239763872061908, 0.42325812484374953], "k2_x2h_imin_red_sem": [NaN, 0.03737081655051679, 0.0643459247722148], "k2_x2h_immi_red_avg": [1.0, 0.2496741665224354, 0.42325812484374953], "k2_x2h_immi_red_sem": [NaN, 0.04480724188213186, 0.0643459247722148], "k2_x2h_nimin_red_avg": [0.5, 0.1999888424510323, 0.42325812484374953], "k2_x2h_nimin_red_sem": [NaN, 0.040554721994684795, 0.0643459247722148], "k2_x2h_nimmi_red_avg": [0.5, 0.23954328691684437, 0.42325812484374953], "k2_x2h_nimmi_red_sem": [NaN, 0.04446852013555221, 0.0643459247722148], "k2_x2h_tuples_syn": [{"imin_syn_0_1": 1.0, "mi_0_1": 2.0, "immi_syn_0_1": 1.0, "nimin_syn_0_1": 0.5, "nimmi_syn_0_1": 0.5}, {"imin_syn_0_1": 0.0, "mi_0_1": 0.5, "immi_syn_0_1": 0.0, "nimin_syn_0_1": 0.0, "nimmi_syn_0_1": 0.0, "imin_syn_0_2": 0.04248125036057815, "mi_0_2": 1.0, "immi_syn_0_2": 0.18872187554086706, "nimin_syn_0_2": 0.04248125036057815, "nimmi_syn_0_2": 0.18872187554086706, "imin_syn_0_3": 0.04248125036057815, "mi_0_3": 1.0, "immi_syn_0_3": 0.18872187554086706, "nimin_syn_0_3": 0.04248125036057815, "nimmi_syn_0_3": 0.18872187554086706, "imin_syn_0_4": 0.5, "mi_0_4": 1.5, "immi_syn_0_4": 0.5, "nimin_syn_0_4": 0.3333333333333333, "nimmi_syn_0_4": 0.3333333333333333, "imin_syn_0_5": 0.0, "mi_0_5": 0.5, "immi_syn_0_5": 0.0, "nimin_syn_0_5": 0.0, "nimmi_syn_0_5": 0.0, "imin_syn_0_6": 0.0, "mi_0_6": 0.5, "immi_syn_0_6": 0.0, "nimin_syn_0_6": 0.0, "nimmi_syn_0_6": 0.0, "imin_syn_0_7": 0.0, "mi_0_7": 0.5, "immi_syn_0_7": 0.0, "nimin_syn_0_7": 0.0, "nimmi_syn_0_7": 0.0, "imin_syn_0_8": 0.396240625180289, "mi_0_8": 1.0, "immi_syn_0_8": 0.5, "nimin_syn_0_8": 0.396240625180289, "nimmi_syn_0_8": 0.5, "imin_syn_0_9": 0.04248125036057815, "mi_0_9": 1.0, "immi_syn_0_9": 0.18872187554086706, "nimin_syn_0_9": 0.04248125036057815, "nimmi_syn_0_9": 0.18872187554086706, "imin_syn_1_2": 1.1102230246251565e-16, "mi_1_2": 0.8112781244591329, "immi_syn_1_2": 0.0, "nimin_syn_1_2": 1.3684863318178654e-16, "nimmi_syn_1_2": 0.0, "imin_syn_1_3": 1.1102230246251565e-16, "mi_1_3": 0.8112781244591329, "immi_syn_1_3": 0.0, "nimin_syn_1_3": 1.3684863318178654e-16, "nimmi_syn_1_3": 0.0, "imin_syn_1_4": 0.0, "mi_1_4": 1.0, "immi_syn_1_4": 0.0, "nimin_syn_1_4": 0.0, "nimmi_syn_1_4": 0.0, "imin_syn_1_5": 0.0, "mi_1_5": 0.0, "immi_syn_1_5": 0.0, "nimin_syn_1_5": 0, "nimmi_syn_1_5": 0, "imin_syn_1_6": 0.0, "mi_1_6": 0.0, "immi_syn_1_6": 0.0, "nimin_syn_1_6": 0, "nimmi_syn_1_6": 0, "imin_syn_1_7": 0.0, "mi_1_7": 0.5, "immi_syn_1_7": 0.0, "nimin_syn_1_7": 0.0, "nimmi_syn_1_7": 0.0, "imin_syn_1_8": 1.1102230246251565e-16, "mi_1_8": 0.31127812445913294, "immi_syn_1_8": 0.0, "nimin_syn_1_8": 3.566659322926226e-16, "nimmi_syn_1_8": 0.0, "imin_syn_1_9": 1.1102230246251565e-16, "mi_1_9": 0.8112781244591329, "immi_syn_1_9": 0.0, "nimin_syn_1_9": 1.3684863318178654e-16, "nimmi_syn_1_9": 0.0, "imin_syn_2_3": 0.29248125036057804, "mi_2_3": 1.5, "immi_syn_2_3": 0.6887218755408671, "nimin_syn_2_3": 0.19498750024038536, "nimmi_syn_2_3": 0.4591479170272447, "imin_syn_2_4": 0.25, "mi_2_4": 1.5, "immi_syn_2_4": 0.5, "nimin_syn_2_4": 0.16666666666666666, "nimmi_syn_2_4": 0.3333333333333333, "imin_syn_2_5": 1.1102230246251565e-16, "mi_2_5": 0.8112781244591329, "immi_syn_2_5": 0.0, "nimin_syn_2_5": 1.3684863318178654e-16, "nimmi_syn_2_5": 0.0, "imin_syn_2_6": 1.1102230246251565e-16, "mi_2_6": 0.8112781244591329, "immi_syn_2_6": 0.0, "nimin_syn_2_6": 1.3684863318178654e-16, "nimmi_syn_2_6": 0.0, "imin_syn_2_7": 0.04248125036057815, "mi_2_7": 1.0, "immi_syn_2_7": 0.18872187554086706, "nimin_syn_2_7": 0.04248125036057815, "nimmi_syn_2_7": 0.18872187554086706, "imin_syn_2_8": 0.18872187554086717, "mi_2_8": 1.0, "immi_syn_2_8": 0.18872187554086706, "nimin_syn_2_8": 0.18872187554086717, "nimmi_syn_2_8": 0.18872187554086706, "imin_syn_2_9": 0.29248125036057804, "mi_2_9": 1.5, "immi_syn_2_9": 0.6887218755408671, "nimin_syn_2_9": 0.19498750024038536, "nimmi_syn_2_9": 0.4591479170272447, "imin_syn_3_4": 0.0, "mi_3_4": 1.0, "immi_syn_3_4": 0.0, "nimin_syn_3_4": 0.0, "nimmi_syn_3_4": 0.0, "imin_syn_3_5": 1.1102230246251565e-16, "mi_3_5": 0.8112781244591329, "immi_syn_3_5": 0.0, "nimin_syn_3_5": 1.3684863318178654e-16, "nimmi_syn_3_5": 0.0, "imin_syn_3_6": 1.1102230246251565e-16, "mi_3_6": 0.8112781244591329, "immi_syn_3_6": 0.0, "nimin_syn_3_6": 1.3684863318178654e-16, "nimmi_syn_3_6": 0.0, "imin_syn_3_7": 0.04248125036057815, "mi_3_7": 1.0, "immi_syn_3_7": 0.18872187554086706, "nimin_syn_3_7": 0.04248125036057815, "nimmi_syn_3_7": 0.18872187554086706, "imin_syn_3_8": 0.18872187554086717, "mi_3_8": 1.0, "immi_syn_3_8": 0.18872187554086706, "nimin_syn_3_8": 0.18872187554086717, "nimmi_syn_3_8": 0.18872187554086706, "imin_syn_3_9": 1.1102230246251565e-16, "mi_3_9": 0.8112781244591329, "immi_syn_3_9": 0.0, "nimin_syn_3_9": 1.3684863318178654e-16, "nimmi_syn_3_9": 0.0, "imin_syn_4_5": 0.0, "mi_4_5": 1.0, "immi_syn_4_5": 0.0, "nimin_syn_4_5": 0.0, "nimmi_syn_4_5": 0.0, "imin_syn_4_6": 0.0, "mi_4_6": 1.0, "immi_syn_4_6": 0.0, "nimin_syn_4_6": 0.0, "nimmi_syn_4_6": 0.0, "imin_syn_4_7": 0.5, "mi_4_7": 1.5, "immi_syn_4_7": 0.5, "nimin_syn_4_7": 0.3333333333333333, "nimmi_syn_4_7": 0.3333333333333333, "imin_syn_4_8": 0.0, "mi_4_8": 1.0, "immi_syn_4_8": 0.0, "nimin_syn_4_8": 0.0, "nimmi_syn_4_8": 0.0, "imin_syn_4_9": 0.0, "mi_4_9": 1.0, "immi_syn_4_9": 0.0, "nimin_syn_4_9": 0.0, "nimmi_syn_4_9": 0.0, "imin_syn_5_6": 0.0, "mi_5_6": 0.0, "immi_syn_5_6": 0.0, "nimin_syn_5_6": 0, "nimmi_syn_5_6": 0, "imin_syn_5_7": 0.0, "mi_5_7": 0.5, "immi_syn_5_7": 0.0, "nimin_syn_5_7": 0.0, "nimmi_syn_5_7": 0.0, "imin_syn_5_8": 1.1102230246251565e-16, "mi_5_8": 0.31127812445913294, "immi_syn_5_8": 0.0, "nimin_syn_5_8": 3.566659322926226e-16, "nimmi_syn_5_8": 0.0, "imin_syn_5_9": 1.1102230246251565e-16, "mi_5_9": 0.8112781244591329, "immi_syn_5_9": 0.0, "nimin_syn_5_9": 1.3684863318178654e-16, "nimmi_syn_5_9": 0.0, "imin_syn_6_7": 0.0, "mi_6_7": 0.5, "immi_syn_6_7": 0.0, "nimin_syn_6_7": 0.0, "nimmi_syn_6_7": 0.0, "imin_syn_6_8": 1.1102230246251565e-16, "mi_6_8": 0.31127812445913294, "immi_syn_6_8": 0.0, "nimin_syn_6_8": 3.566659322926226e-16, "nimmi_syn_6_8": 0.0, "imin_syn_6_9": 1.1102230246251565e-16, "mi_6_9": 0.8112781244591329, "immi_syn_6_9": 0.0, "nimin_syn_6_9": 1.3684863318178654e-16, "nimmi_syn_6_9": 0.0, "imin_syn_7_8": 0.396240625180289, "mi_7_8": 1.0, "immi_syn_7_8": 0.5, "nimin_syn_7_8": 0.396240625180289, "nimmi_syn_7_8": 0.5, "imin_syn_7_9": 0.04248125036057815, "mi_7_9": 1.0, "immi_syn_7_9": 0.18872187554086706, "nimin_syn_7_9": 0.04248125036057815, "nimmi_syn_7_9": 0.18872187554086706, "imin_syn_8_9": 0.18872187554086717, "mi_8_9": 1.0, "immi_syn_8_9": 0.18872187554086706, "nimin_syn_8_9": 0.18872187554086717, "nimmi_syn_8_9": 0.18872187554086706}, {"imin_syn_0_1": 0.0, "mi_0_1": 1.0, "immi_syn_0_1": 0.0, "nimin_syn_0_1": 0.0, "nimmi_syn_0_1": 0.0, "imin_syn_0_2": 0.0, "mi_0_2": 1.0, "immi_syn_0_2": 0.0, "nimin_syn_0_2": 0.0, "nimmi_syn_0_2": 0.0, "imin_syn_0_3": 0.0, "mi_0_3": 1.0, "immi_syn_0_3": 0.0, "nimin_syn_0_3": 0.0, "nimmi_syn_0_3": 0.0, "imin_syn_0_4": 0.0, "mi_0_4": 1.0, "immi_syn_0_4": 0.0, "nimin_syn_0_4": 0.0, "nimmi_syn_0_4": 0.0, "imin_syn_0_5": 0.0, "mi_0_5": 1.0, "immi_syn_0_5": 0.0,