{"avg_reward": 1.0, "accuracy": 1.0, "k2_x2h_imin_syn_avg": [1.0, 0.03333333333333333, 0.09602340286191269], "k2_x2h_imin_syn_sem": [NaN, 0.012811768579763459, 0.030981870109083213], "k2_x2h_mi_avg": [2.0, 1.305229722077991, 0.7928654860269763], "k2_x2h_mi_sem": [NaN, 0.08019848518022224, 0.04572454275106395], "k2_x2h_immi_syn_avg": [1.0, 0.08888888888888889, 0.09602340286191265], "k2_x2h_immi_syn_sem": [NaN, 0.028818873975125458, 0.030981870109083213], "k2_x2h_nimin_syn_avg": [0.5, 0.016666666666666666, 0.11279868068776758], "k2_x2h_nimin_syn_sem": [NaN, 0.0064058842898817294, 0.0331076389614213], "k2_x2h_nimmi_syn_avg": [0.5, 0.044444444444444446, 0.1127986806877675], "k2_x2h_nimmi_syn_sem": [NaN, 0.014409436987562729, 0.03310763896142129], "k2_x2h_imin_red_avg": [1.0, 0.4148704859308221, 0.2521804164022427], "k2_x2h_imin_red_sem": [NaN, 0.07119250236229546, 0.039053810637499305], "k2_x2h_immi_red_avg": [1.0, 0.4704260414863777, 0.25218041640224276], "k2_x2h_immi_red_sem": [NaN, 0.08230901740522957, 0.039053810637499305], "k2_x2h_nimin_red_avg": [0.5, 0.2796574651876333, 0.3050124997596146], "k2_x2h_nimin_red_sem": [NaN, 0.05035964207110103, 0.04869613798096477], "k2_x2h_nimmi_red_avg": [0.5, 0.3074352429654111, 0.3050124997596146], "k2_x2h_nimmi_red_sem": [NaN, 0.05358641958004507, 0.04869613798096477], "k2_x2h_tuples_syn": [{"imin_syn_0_1": 1.0, "mi_0_1": 2.0, "immi_syn_0_1": 1.0, "nimin_syn_0_1": 0.5, "nimmi_syn_0_1": 0.5}, {"imin_syn_0_1": 0.0, "mi_0_1": 0.0, "immi_syn_0_1": 0.0, "nimin_syn_0_1": 0, "nimmi_syn_0_1": 0, "imin_syn_0_2": 0.0, "mi_0_2": 0.8112781244591329, "immi_syn_0_2": 0.0, "nimin_syn_0_2": 0.0, "nimmi_syn_0_2": 0.0, "imin_syn_0_3": 0.0, "mi_0_3": 0.8112781244591329, "immi_syn_0_3": 0.0, "nimin_syn_0_3": 0.0, "nimmi_syn_0_3": 0.0, "imin_syn_0_4": 0.0, "mi_0_4": 1.5, "immi_syn_0_4": 0.0, "nimin_syn_0_4": 0.0, "nimmi_syn_0_4": 0.0, "imin_syn_0_5": 0.0, "mi_0_5": 0.8112781244591329, "immi_syn_0_5": 0.0, "nimin_syn_0_5": 0.0, "nimmi_syn_0_5": 0.0, "imin_syn_0_6": 0.0, "mi_0_6": 1.5, "immi_syn_0_6": 0.0, "nimin_syn_0_6": 0.0, "nimmi_syn_0_6": 0.0, "imin_syn_0_7": 0.0, "mi_0_7": 1.5, "immi_syn_0_7": 0.0, "nimin_syn_0_7": 0.0, "nimmi_syn_0_7": 0.0, "imin_syn_0_8": 0.0, "mi_0_8": 1.5, "immi_syn_0_8": 0.0, "nimin_syn_0_8": 0.0, "nimmi_syn_0_8": 0.0, "imin_syn_0_9": 0.0, "mi_0_9": 0.0, "immi_syn_0_9": 0.0, "nimin_syn_0_9": 0, "nimmi_syn_0_9": 0, "imin_syn_1_2": 0.0, "mi_1_2": 0.8112781244591329, "immi_syn_1_2": 0.0, "nimin_syn_1_2": 0.0, "nimmi_syn_1_2": 0.0, "imin_syn_1_3": 0.0, "mi_1_3": 0.8112781244591329, "immi_syn_1_3": 0.0, "nimin_syn_1_3": 0.0, "nimmi_syn_1_3": 0.0, "imin_syn_1_4": 0.0, "mi_1_4": 1.5, "immi_syn_1_4": 0.0, "nimin_syn_1_4": 0.0, "nimmi_syn_1_4": 0.0, "imin_syn_1_5": 0.0, "mi_1_5": 0.8112781244591329, "immi_syn_1_5": 0.0, "nimin_syn_1_5": 0.0, "nimmi_syn_1_5": 0.0, "imin_syn_1_6": 0.0, "mi_1_6": 1.5, "immi_syn_1_6": 0.0, "nimin_syn_1_6": 0.0, "nimmi_syn_1_6": 0.0, "imin_syn_1_7": 0.0, "mi_1_7": 1.5, "immi_syn_1_7": 0.0, "nimin_syn_1_7": 0.0, "nimmi_syn_1_7": 0.0, "imin_syn_1_8": 0.0, "mi_1_8": 1.5, "immi_syn_1_8": 0.0, "nimin_syn_1_8": 0.0, "nimmi_syn_1_8": 0.0, "imin_syn_1_9": 0.0, "mi_1_9": 0.0, "immi_syn_1_9": 0.0, "nimin_syn_1_9": 0, "nimmi_syn_1_9": 0, "imin_syn_2_3": 0.0, "mi_2_3": 0.8112781244591329, "immi_syn_2_3": 0.0, "nimin_syn_2_3": 0.0, "nimmi_syn_2_3": 0.0, "imin_syn_2_4": 0.0, "mi_2_4": 1.5, "immi_syn_2_4": 0.0, "nimin_syn_2_4": 0.0, "nimmi_syn_2_4": 0.0, "imin_syn_2_5": 0.0, "mi_2_5": 0.8112781244591329, "immi_syn_2_5": 0.0, "nimin_syn_2_5": 0.0, "nimmi_syn_2_5": 0.0, "imin_syn_2_6": 0.25, "mi_2_6": 2.0, "immi_syn_2_6": 0.5, "nimin_syn_2_6": 0.125, "nimmi_syn_2_6": 0.25, "imin_syn_2_7": 0.0, "mi_2_7": 1.5, "immi_syn_2_7": 0.0, "nimin_syn_2_7": 0.0, "nimmi_syn_2_7": 0.0, "imin_syn_2_8": 0.0, "mi_2_8": 1.5, "immi_syn_2_8": 0.0, "nimin_syn_2_8": 0.0, "nimmi_syn_2_8": 0.0, "imin_syn_2_9": 0.0, "mi_2_9": 0.8112781244591329, "immi_syn_2_9": 0.0, "nimin_syn_2_9": 0.0, "nimmi_syn_2_9": 0.0, "imin_syn_3_4": 0.0, "mi_3_4": 1.5, "immi_syn_3_4": 0.0, "nimin_syn_3_4": 0.0, "nimmi_syn_3_4": 0.0, "imin_syn_3_5": 0.0, "mi_3_5": 0.8112781244591329, "immi_syn_3_5": 0.0, "nimin_syn_3_5": 0.0, "nimmi_syn_3_5": 0.0, "imin_syn_3_6": 0.25, "mi_3_6": 2.0, "immi_syn_3_6": 0.5, "nimin_syn_3_6": 0.125, "nimmi_syn_3_6": 0.25, "imin_syn_3_7": 0.0, "mi_3_7": 1.5, "immi_syn_3_7": 0.0, "nimin_syn_3_7": 0.0, "nimmi_syn_3_7": 0.0, "imin_syn_3_8": 0.0, "mi_3_8": 1.5, "immi_syn_3_8": 0.0, "nimin_syn_3_8": 0.0, "nimmi_syn_3_8": 0.0, "imin_syn_3_9": 0.0, "mi_3_9": 0.8112781244591329, "immi_syn_3_9": 0.0, "nimin_syn_3_9": 0.0, "nimmi_syn_3_9": 0.0, "imin_syn_4_5": 0.0, "mi_4_5": 1.5, "immi_syn_4_5": 0.0, "nimin_syn_4_5": 0.0, "nimmi_syn_4_5": 0.0, "imin_syn_4_6": 0.0, "mi_4_6": 2.0, "immi_syn_4_6": 0.5, "nimin_syn_4_6": 0.0, "nimmi_syn_4_6": 0.25, "imin_syn_4_7": 0.25, "mi_4_7": 2.0, "immi_syn_4_7": 0.5, "nimin_syn_4_7": 0.125, "nimmi_syn_4_7": 0.25, "imin_syn_4_8": 0.0, "mi_4_8": 1.5, "immi_syn_4_8": 0.0, "nimin_syn_4_8": 0.0, "nimmi_syn_4_8": 0.0, "imin_syn_4_9": 0.0, "mi_4_9": 1.5, "immi_syn_4_9": 0.0, "nimin_syn_4_9": 0.0, "nimmi_syn_4_9": 0.0, "imin_syn_5_6": 0.25, "mi_5_6": 2.0, "immi_syn_5_6": 0.5, "nimin_syn_5_6": 0.125, "nimmi_syn_5_6": 0.25, "imin_syn_5_7": 0.0, "mi_5_7": 1.5, "immi_syn_5_7": 0.0, "nimin_syn_5_7": 0.0, "nimmi_syn_5_7": 0.0, "imin_syn_5_8": 0.0, "mi_5_8": 1.5, "immi_syn_5_8": 0.0, "nimin_syn_5_8": 0.0, "nimmi_syn_5_8": 0.0, "imin_syn_5_9": 0.0, "mi_5_9": 0.8112781244591329, "immi_syn_5_9": 0.0, "nimin_syn_5_9": 0.0, "nimmi_syn_5_9": 0.0, "imin_syn_6_7": 0.25, "mi_6_7": 2.0, "immi_syn_6_7": 0.5, "nimin_syn_6_7": 0.125, "nimmi_syn_6_7": 0.25, "imin_syn_6_8": 0.0, "mi_6_8": 2.0, "immi_syn_6_8": 0.5, "nimin_syn_6_8": 0.0, "nimmi_syn_6_8": 0.25, "imin_syn_6_9": 0.0, "mi_6_9": 1.5, "immi_syn_6_9": 0.0, "nimin_syn_6_9": 0.0, "nimmi_syn_6_9": 0.0, "imin_syn_7_8": 0.25, "mi_7_8": 2.0, "immi_syn_7_8": 0.5, "nimin_syn_7_8": 0.125, "nimmi_syn_7_8": 0.25, "imin_syn_7_9": 0.0, "mi_7_9": 1.5, "immi_syn_7_9": 0.0, "nimin_syn_7_9": 0.0, "nimmi_syn_7_9": 0.0, "imin_syn_8_9": 0.0, "mi_8_9": 1.5, "immi_syn_8_9": 0.0, "nimin_syn_8_9": 0.0, "nimmi_syn_8_9": 0.0}, {"imin_syn_0_1": 0.18872187554086717, "mi_0_1": 0.5, "immi_syn_0_1": 0.18872187554086706, "nimin_syn_0_1": 0.37744375108173434, "nimmi_syn_0_1": 0.3774437510817341, "imin_syn_0_2": 0.0, "mi_0_2": 1.0, "immi_syn_0_2": 0.0, "nimin_syn_0_2": 0.0, "nimmi_syn_0_2": 0.0, "imin_syn_0_3": 1.1102230246251565e-16, "mi_0_3": 0.31127812445913294, "immi_syn_0_3": 0.0, "nimin_syn_0_3": 3.566659322926226e-16, "nimmi_syn_0_3": 0.0, "imin_syn_0_4": 0.5, "mi_0_4": 1.0, "immi_syn_0_4": 0.5, "nimin_syn_0_4": 0.5, "nimmi_syn_0_4": 0.5, "imin_syn_0_5": 0.6887218755408672, "mi_0_5": 1.0, "immi_syn_0_5": 0.6887218755408671, "nimin_syn_0_5": 0.6887218755408672, "nimmi_syn_0_5": 0.6887218755408671, "imin_syn_0_6": 0.0, "mi_0_6": 1.0, "immi_syn_0_6": 0.0, "nimin_syn_0_6": 0.0, "nimmi_syn_0_6": 0.0, "imin_syn_0_7": 1.1102230246251565e-16, "mi_0_7": 0.31127812445913294, "immi_syn_0_7": 0.0, "nimin_syn_0_7": 3.566659322926226e-16, "nimmi_syn_0_7": 0.0, "imin_syn_0_8": 0.0, "mi_0_8": 1.0, "immi_syn_0_8": 0.0, "nimin_syn_0_8": 0.0, "nimmi_syn_0_8": 0.0, "imin_syn_0_9": 1.1102230246251565e-16, "mi_0_9": 0.31127812445913294, "immi_syn_0_9": 0.0, "nimin_syn_0_9": 3.566659322926226e-16, "nimmi_syn_0_9": 0.0, "imin_syn_1_2": 0.0, "mi_1_2": 1.0, "immi_syn_1_2": 0.0, "nimin_syn_1_2": 0.0, "nimmi_syn_1_2": 0.0, "imin_syn_1_3": 0.18872187554086717, "mi_1_3": 0.5, "immi_syn_1_3": 0.18872187554086706, "nimin_syn_1_3": 0.37744375108173434, "nimmi_syn_1_3": 0.3774437510817341, "imin_syn_1_4": 0.0, "mi_1_4": 0.5, "immi_syn_1_4": 0.0, "nimin_syn_1_4": 0.0, "nimmi_syn_1_4": 0.0, "imin_syn_1_5": 0.18872187554086717, "mi_1_5": 0.5, "immi_syn_1_5": 0.18872187554086706, "nimin_syn_1_5": 0.37744375108173434, "nimmi_syn_1_5": 0.3774437510817341, "imin_syn_1_6": 0.0, "mi_1_6": 1.0, "immi_syn_1_6": 0.0, "nimin_syn_1_6": 0.0,