{"avg_reward_avg": 1.0, "avg_reward_sem": 0.0, "accuracy_avg": 1.0, "accuracy_sem": 0.0, "k2_x2h_imin_syn_avg_avg": [1.0, 0.07313701392494669, 0.07466166676282085], "k2_x2h_imin_syn_avg_sem": [0.0, 0.01093558147258128, 0.021545285797849728], "k2_x2h_imin_syn_sem_avg": [NaN, 0.017182085352492726, 0.025178558874620467], "k2_x2h_imin_syn_sem_sem": [NaN, 0.0012979608747491272, 0.0028295695000285026], "k2_x2h_mi_avg_avg": [2.0, 1.3742873679245458, 0.8223425138191771], "k2_x2h_mi_avg_sem": [0.0, 0.08015318176500728, 0.038295449305880164], "k2_x2h_mi_sem_avg": [NaN, 0.07760986891626741, 0.03698529522998163], "k2_x2h_mi_sem_sem": [NaN, 0.006725597872719489, 0.00490336465403958], "k2_x2h_immi_syn_avg_avg": [1.0, 0.16553885422075337, 0.08296241674839769], "k2_x2h_immi_syn_avg_sem": [0.0, 0.02407419726780621, 0.02514842703815789], "k2_x2h_immi_syn_sem_avg": [NaN, 0.0371145829089694, 0.025074789167207963], "k2_x2h_immi_syn_sem_sem": [NaN, 0.002531738361726256, 0.0026823406641714254], "k2_x2h_nimin_syn_avg_avg": [0.5, 0.042183935209223734, 0.08439434044003798], "k2_x2h_nimin_syn_avg_sem": [0.0, 0.006475745605150348, 0.024478766683117624], "k2_x2h_nimin_syn_sem_avg": [NaN, 0.01006118037684426, 0.0255786879496125], "k2_x2h_nimin_syn_sem_sem": [NaN, 0.0008544314176881377, 0.002710042724455398], "k2_x2h_nimmi_syn_avg_avg": [0.5, 0.09572960651753928, 0.10099584041119165], "k2_x2h_nimmi_syn_avg_sem": [0.0, 0.014073867582125936, 0.031797610039020555], "k2_x2h_nimmi_syn_sem_avg": [NaN, 0.022231300163744604, 0.026503366491568814], "k2_x2h_nimmi_syn_sem_sem": [NaN, 0.0018369382093615862, 0.002794221000698578], "k2_x2h_imin_red_avg_avg": [1.0, 0.42919545810015947, 0.36889052753258467], "k2_x2h_imin_red_avg_sem": [0.0, 0.07893805628582776, 0.05906033707709857], "k2_x2h_imin_red_sem_avg": [NaN, 0.061385621619672516, 0.03882046395940064], "k2_x2h_imin_red_sem_sem": [NaN, 0.0034691329915324883, 0.005317672553135329], "k2_x2h_immi_red_avg_avg": [1.0, 0.5215972983959662, 0.37719127751816156], "k2_x2h_immi_red_avg_sem": [0.0, 0.08779128432657661, 0.05772958216330246], "k2_x2h_immi_red_sem_avg": [NaN, 0.07008259742653003, 0.0381864944182312], "k2_x2h_immi_red_sem_sem": [NaN, 0.0030616927709654507, 0.005698254725133592], "k2_x2h_nimin_red_avg_avg": [0.5, 0.2548166075064766, 0.42563906222956643], "k2_x2h_nimin_red_avg_sem": [0.0, 0.04029809363495027, 0.054934343275074154], "k2_x2h_nimin_red_sem_avg": [NaN, 0.03858866858254835, 0.04571048093308104], "k2_x2h_nimin_red_sem_sem": [NaN, 0.00197791779388483, 0.0032561165594648073], "k2_x2h_nimmi_red_avg_avg": [0.5, 0.3083622788147922, 0.44224056220072017], "k2_x2h_nimmi_red_avg_sem": [0.0, 0.04466965496016658, 0.0555323269720008], "k2_x2h_nimmi_red_sem_avg": [NaN, 0.04259280805888097, 0.04629376570556238], "k2_x2h_nimmi_red_sem_sem": [NaN, 0.002236583202384986, 0.0032020576963779027], "x2h_imin_syn_avg": [1.0, 0.0, 0.0], "x2h_imin_syn_sem": [0.0, 0.0, 0.0], "x2h_mi_avg": [2.0, 2.0, 1.0], "x2h_mi_sem": [0.0, 0.0, 0.0], "x2h_immi_syn_avg": [1.0, 0.0, 0.0], "x2h_immi_syn_sem": [0.0, 0.0, 0.0], "x2h_nimin_syn_avg": [0.5, 0.0, 0.0], "x2h_nimin_syn_sem": [0.0, 0.0, 0.0], "x2h_nimmi_syn_avg": [0.5, 0.0, 0.0], "x2h_nimmi_syn_sem": [0.0, 0.0, 0.0], "x2h_imin_red_avg": [1.0, 0.04150374992788437, 0.12263156237379765], "x2h_imin_red_sem": [0.0, 0.04150374992788437, 0.056039384242812976], "x2h_immi_red_avg": [1.0, 0.0811278124459133, 0.1433834373377399], "x2h_immi_red_sem": [0.0, 0.0811278124459133, 0.061018586537448724], "x2h_nimin_red_avg": [0.5, 0.020751874963942187, 0.12263156237379765], "x2h_nimin_red_sem": [0.0, 0.020751874963942187, 0.056039384242812976], "x2h_nimmi_red_avg": [0.5, 0.04056390622295665, 0.1433834373377399], "x2h_nimmi_red_sem": [0.0, 0.04056390622295665, 0.061018586537448724]}