{"avg_reward": 1.0, "accuracy": 1.0, "k2_x2h_imin_syn_avg": [1.0, 0.027777777777777787, 0.0], "k2_x2h_imin_syn_sem": [NaN, 0.011844484241978356, 0.0], "k2_x2h_mi_avg": [2.0, 1.4165580555074784, 0.8666666666666667], "k2_x2h_mi_sem": [NaN, 0.09817536405588996, 0.051247074319053836], "k2_x2h_immi_syn_avg": [1.0, 0.07777777777777778, 0.0], "k2_x2h_immi_syn_sem": [NaN, 0.027319451184441457, 0.0], "k2_x2h_nimin_syn_avg": [0.5, 0.013888888888888902, 0.0], "k2_x2h_nimin_syn_sem": [NaN, 0.005922242120989178, 0.0], "k2_x2h_nimmi_syn_avg": [0.5, 0.03888888888888889, 0.0], "k2_x2h_nimmi_syn_sem": [NaN, 0.013659725592220728, 0.0], "k2_x2h_imin_red_avg": [1.0, 0.37347534716212594, 0.3333333333333333], "k2_x2h_imin_red_sem": [NaN, 0.08488051697148548, 0.07106690545187014], "k2_x2h_immi_red_avg": [1.0, 0.4234753471621258, 0.3333333333333333], "k2_x2h_immi_red_sem": [NaN, 0.09460430442108822, 0.07106690545187014], "k2_x2h_nimin_red_avg": [0.5, 0.19830269672520465, 0.3333333333333333], "k2_x2h_nimin_red_sem": [NaN, 0.04527914758447954, 0.07106690545187014], "k2_x2h_nimmi_red_avg": [0.5, 0.22330269672520467, 0.3333333333333333], "k2_x2h_nimmi_red_sem": [NaN, 0.04973305940353153, 0.07106690545187014], "k2_x2h_tuples_syn": [{"imin_syn_0_1": 1.0, "mi_0_1": 2.0, "immi_syn_0_1": 1.0, "nimin_syn_0_1": 0.5, "nimmi_syn_0_1": 0.5}, {"imin_syn_0_1": 1.1102230246251565e-16, "mi_0_1": 0.8112781244591329, "immi_syn_0_1": 0.0, "nimin_syn_0_1": 1.3684863318178654e-16, "nimmi_syn_0_1": 0.0, "imin_syn_0_2": 0.0, "mi_0_2": 0.0, "immi_syn_0_2": 0.0, "nimin_syn_0_2": 0, "nimmi_syn_0_2": 0, "imin_syn_0_3": 0.0, "mi_0_3": 1.5, "immi_syn_0_3": 0.0, "nimin_syn_0_3": 0.0, "nimmi_syn_0_3": 0.0, "imin_syn_0_4": 0.0, "mi_0_4": 1.5, "immi_syn_0_4": 0.0, "nimin_syn_0_4": 0.0, "nimmi_syn_0_4": 0.0, "imin_syn_0_5": 0.0, "mi_0_5": 1.5, "immi_syn_0_5": 0.0, "nimin_syn_0_5": 0.0, "nimmi_syn_0_5": 0.0, "imin_syn_0_6": 0.0, "mi_0_6": 0.0, "immi_syn_0_6": 0.0, "nimin_syn_0_6": 0, "nimmi_syn_0_6": 0, "imin_syn_0_7": 0.0, "mi_0_7": 2.0, "immi_syn_0_7": 0.0, "nimin_syn_0_7": 0.0, "nimmi_syn_0_7": 0.0, "imin_syn_0_8": 0.0, "mi_0_8": 1.5, "immi_syn_0_8": 0.0, "nimin_syn_0_8": 0.0, "nimmi_syn_0_8": 0.0, "imin_syn_0_9": 0.0, "mi_0_9": 0.0, "immi_syn_0_9": 0.0, "nimin_syn_0_9": 0, "nimmi_syn_0_9": 0, "imin_syn_1_2": 1.1102230246251565e-16, "mi_1_2": 0.8112781244591329, "immi_syn_1_2": 0.0, "nimin_syn_1_2": 1.3684863318178654e-16, "nimmi_syn_1_2": 0.0, "imin_syn_1_3": 0.25, "mi_1_3": 2.0, "immi_syn_1_3": 0.5, "nimin_syn_1_3": 0.125, "nimmi_syn_1_3": 0.25, "imin_syn_1_4": 0.25, "mi_1_4": 2.0, "immi_syn_1_4": 0.5, "nimin_syn_1_4": 0.125, "nimmi_syn_1_4": 0.25, "imin_syn_1_5": 0.0, "mi_1_5": 1.5, "immi_syn_1_5": 0.0, "nimin_syn_1_5": 0.0, "nimmi_syn_1_5": 0.0, "imin_syn_1_6": 1.1102230246251565e-16, "mi_1_6": 0.8112781244591329, "immi_syn_1_6": 0.0, "nimin_syn_1_6": 1.3684863318178654e-16, "nimmi_syn_1_6": 0.0, "imin_syn_1_7": 0.0, "mi_1_7": 2.0, "immi_syn_1_7": 0.0, "nimin_syn_1_7": 0.0, "nimmi_syn_1_7": 0.0, "imin_syn_1_8": 0.0, "mi_1_8": 1.5, "immi_syn_1_8": 0.0, "nimin_syn_1_8": 0.0, "nimmi_syn_1_8": 0.0, "imin_syn_1_9": 1.1102230246251565e-16, "mi_1_9": 0.8112781244591329, "immi_syn_1_9": 0.0, "nimin_syn_1_9": 1.3684863318178654e-16, "nimmi_syn_1_9": 0.0, "imin_syn_2_3": 0.0, "mi_2_3": 1.5, "immi_syn_2_3": 0.0, "nimin_syn_2_3": 0.0, "nimmi_syn_2_3": 0.0, "imin_syn_2_4": 0.0, "mi_2_4": 1.5, "immi_syn_2_4": 0.0, "nimin_syn_2_4": 0.0, "nimmi_syn_2_4": 0.0, "imin_syn_2_5": 0.0, "mi_2_5": 1.5, "immi_syn_2_5": 0.0, "nimin_syn_2_5": 0.0, "nimmi_syn_2_5": 0.0, "imin_syn_2_6": 0.0, "mi_2_6": 0.0, "immi_syn_2_6": 0.0, "nimin_syn_2_6": 0, "nimmi_syn_2_6": 0, "imin_syn_2_7": 0.0, "mi_2_7": 2.0, "immi_syn_2_7": 0.0, "nimin_syn_2_7": 0.0, "nimmi_syn_2_7": 0.0, "imin_syn_2_8": 0.0, "mi_2_8": 1.5, "immi_syn_2_8": 0.0, "nimin_syn_2_8": 0.0, "nimmi_syn_2_8": 0.0, "imin_syn_2_9": 0.0, "mi_2_9": 0.0, "immi_syn_2_9": 0.0, "nimin_syn_2_9": 0, "nimmi_syn_2_9": 0, "imin_syn_3_4": 0.25, "mi_3_4": 2.0, "immi_syn_3_4": 0.5, "nimin_syn_3_4": 0.125, "nimmi_syn_3_4": 0.25, "imin_syn_3_5": 0.0, "mi_3_5": 2.0, "immi_syn_3_5": 0.5, "nimin_syn_3_5": 0.0, "nimmi_syn_3_5": 0.25, "imin_syn_3_6": 0.0, "mi_3_6": 1.5, "immi_syn_3_6": 0.0, "nimin_syn_3_6": 0.0, "nimmi_syn_3_6": 0.0, "imin_syn_3_7": 0.0, "mi_3_7": 2.0, "immi_syn_3_7": 0.0, "nimin_syn_3_7": 0.0, "nimmi_syn_3_7": 0.0, "imin_syn_3_8": 0.0, "mi_3_8": 2.0, "immi_syn_3_8": 0.5, "nimin_syn_3_8": 0.0, "nimmi_syn_3_8": 0.25, "imin_syn_3_9": 0.0, "mi_3_9": 1.5, "immi_syn_3_9": 0.0, "nimin_syn_3_9": 0.0, "nimmi_syn_3_9": 0.0, "imin_syn_4_5": 0.25, "mi_4_5": 2.0, "immi_syn_4_5": 0.5, "nimin_syn_4_5": 0.125, "nimmi_syn_4_5": 0.25, "imin_syn_4_6": 0.0, "mi_4_6": 1.5, "immi_syn_4_6": 0.0, "nimin_syn_4_6": 0.0, "nimmi_syn_4_6": 0.0, "imin_syn_4_7": 0.0, "mi_4_7": 2.0, "immi_syn_4_7": 0.0, "nimin_syn_4_7": 0.0, "nimmi_syn_4_7": 0.0, "imin_syn_4_8": 0.25, "mi_4_8": 2.0, "immi_syn_4_8": 0.5, "nimin_syn_4_8": 0.125, "nimmi_syn_4_8": 0.25, "imin_syn_4_9": 0.0, "mi_4_9": 1.5, "immi_syn_4_9": 0.0, "nimin_syn_4_9": 0.0, "nimmi_syn_4_9": 0.0, "imin_syn_5_6": 0.0, "mi_5_6": 1.5, "immi_syn_5_6": 0.0, "nimin_syn_5_6": 0.0, "nimmi_syn_5_6": 0.0, "imin_syn_5_7": 0.0, "mi_5_7": 2.0, "immi_syn_5_7": 0.0, "nimin_syn_5_7": 0.0, "nimmi_syn_5_7": 0.0, "imin_syn_5_8": 0.0, "mi_5_8": 1.5, "immi_syn_5_8": 0.0, "nimin_syn_5_8": 0.0, "nimmi_syn_5_8": 0.0, "imin_syn_5_9": 0.0, "mi_5_9": 1.5, "immi_syn_5_9": 0.0, "nimin_syn_5_9": 0.0, "nimmi_syn_5_9": 0.0, "imin_syn_6_7": 0.0, "mi_6_7": 2.0, "immi_syn_6_7": 0.0, "nimin_syn_6_7": 0.0, "nimmi_syn_6_7": 0.0, "imin_syn_6_8": 0.0, "mi_6_8": 1.5, "immi_syn_6_8": 0.0, "nimin_syn_6_8": 0.0, "nimmi_syn_6_8": 0.0, "imin_syn_6_9": 0.0, "mi_6_9": 0.0, "immi_syn_6_9": 0.0, "nimin_syn_6_9": 0, "nimmi_syn_6_9": 0, "imin_syn_7_8": 0.0, "mi_7_8": 2.0, "immi_syn_7_8": 0.0, "nimin_syn_7_8": 0.0, "nimmi_syn_7_8": 0.0, "imin_syn_7_9": 0.0, "mi_7_9": 2.0, "immi_syn_7_9": 0.0, "nimin_syn_7_9": 0.0, "nimmi_syn_7_9": 0.0, "imin_syn_8_9": 0.0, "mi_8_9": 1.5, "immi_syn_8_9": 0.0, "nimin_syn_8_9": 0.0, "nimmi_syn_8_9": 0.0}, {"imin_syn_0_1": 0.0, "mi_0_1": 1.0, "immi_syn_0_1": 0.0, "nimin_syn_0_1": 0.0, "nimmi_syn_0_1": 0.0, "imin_syn_0_2": 0.0, "mi_0_2": 1.0, "immi_syn_0_2": 0.0, "nimin_syn_0_2": 0.0, "nimmi_syn_0_2": 0.0, "imin_syn_0_3": 0.0, "mi_0_3": 1.0, "immi_syn_0_3": 0.0, "nimin_syn_0_3": 0.0, "nimmi_syn_0_3": 0.0, "imin_syn_0_4": 0.0, "mi_0_4": 1.0, "immi_syn_0_4": 0.0, "nimin_syn_0_4": 0.0, "nimmi_syn_0_4": 0.0, "imin_syn_0_5": 0.0, "mi_0_5": 1.0, "immi_syn_0_5": 0.0, "nimin_syn_0_5": 0.0, "nimmi_syn_0_5": 0.0, "imin_syn_0_6": 0.0, "mi_0_6": 1.0, "immi_syn_0_6": 0.0, "nimin_syn_0_6": 0.0, "nimmi_syn_0_6": 0.0, "imin_syn_0_7": 0.0, "mi_0_7": 1.0, "immi_syn_0_7": 0.0, "nimin_syn_0_7": 0.0, "nimmi_syn_0_7": 0.0, "imin_syn_0_8": 0.0, "mi_0_8": 1.0, "immi_syn_0_8": 0.0, "nimin_syn_0_8": 0.0, "nimmi_syn_0_8": 0.0, "imin_syn_0_9": 0.0, "mi_0_9": 1.0, "immi_syn_0_9": 0.0, "nimin_syn_0_9": 0.0, "nimmi_syn_0_9": 0.0, "imin_syn_1_2": 0.0, "mi_1_2": 1.0, "immi_syn_1_2": 0.0, "nimin_syn_1_2": 0.0, "nimmi_syn_1_2": 0.0, "imin_syn_1_3": 0.0, "mi_1_3": 1.0, "immi_syn_1_3": 0.0, "nimin_syn_1_3": 0.0, "nimmi_syn_1_3": 0.0, "imin_syn_1_4": 0.0, "mi_1_4": 1.0, "immi_syn_1_4": 0.0, "nimin_syn_1_4": 0.0, "nimmi_syn_1_4": 0.0, "imin_syn_1_5": 0.0, "mi_1_5": 1.0, "immi_syn_1_5": 0.0, "nimin_syn_1_5": 0.0, "nimmi_syn_1_5": 0.0, "imin_syn_1_6": 0.0, "mi_1_6": 1.0, "immi_syn_1_6": 0.0, "nimin_syn_1_6": 0.0, "nimmi_syn_1_6": 0.0, "imin_syn_1_7": 0.0, "mi_1_7": 1.0, "immi_syn_1_7": 0.0, "nimin_syn_1_7": 0.0, "nimmi_syn_1_7": 0.0, "imin_syn_1_8": 0.0, "mi_1_8": 1.0, "immi_syn_1_8": 0.0, "nimin_syn_1_8": 0.0, "nimmi_syn_1_8": 0.0, "imin_syn_1_9": 0.0, "mi_1_9": 1.0, "immi_syn_1_9": 0.0, "nimin_syn_1_9": 0.0, "nimmi_syn_1_9": 0.0, "imin_syn_2_3": 0.0, "mi_2_3": 1.0, "immi_syn_2_3": 0.0, "nimin_syn_2_3": 0.0, "nimmi_syn_2_3": 0.0, "imin_syn_2_4": 0.0, "mi_2_4": 1.0, "immi_syn_2_4": 0.0, "nimin_syn_2_4": 0.0,