{"avg_reward_avg": 1.0, "avg_reward_sem": 0.0, "accuracy_avg": 1.0, "accuracy_sem": 0.0, "k2_x2h_imin_syn_avg_avg": [1.0, 0.02440267361311433, 0.015157895841746826], "k2_x2h_imin_syn_avg_sem": [0.0, 0.005243376817192865, 0.00841999103876559], "k2_x2h_imin_syn_sem_avg": [NaN, 0.012143970649888642, 0.007309428074912935], "k2_x2h_imin_syn_sem_sem": [NaN, 0.0019470804312854719, 0.0037414542749288787], "k2_x2h_mi_avg_avg": [2.0, 1.3864544652453257, 0.8581102707960737], "k2_x2h_mi_avg_sem": [0.0, 0.07497422979169001, 0.014809824790387196], "k2_x2h_mi_sem_avg": [NaN, 0.0848688467381403, 0.04558551693365121], "k2_x2h_mi_sem_sem": [NaN, 0.006325827508658598, 0.0027638948175708637], "k2_x2h_immi_syn_avg_avg": [1.0, 0.04972765278018163, 0.015157895841746821], "k2_x2h_immi_syn_avg_sem": [0.0, 0.009568167068035021, 0.008419991038765588], "k2_x2h_immi_syn_sem_avg": [NaN, 0.020623444230291617, 0.007309428074912934], "k2_x2h_immi_syn_sem_sem": [NaN, 0.0025582041790835276, 0.0037414542749288787], "k2_x2h_nimin_syn_avg_avg": [0.5, 0.012921192131632852, 0.01599665973303959], "k2_x2h_nimin_syn_avg_sem": [0.0, 0.002504378149703558, 0.009097471303343506], "k2_x2h_nimin_syn_sem_avg": [NaN, 0.006524933095893722, 0.007455890564328928], "k2_x2h_nimin_syn_sem_sem": [NaN, 0.00088333945167597, 0.0038238299836363832], "k2_x2h_nimmi_syn_avg_avg": [0.5, 0.026209134261663113, 0.015996659733039563], "k2_x2h_nimmi_syn_avg_sem": [0.0, 0.004587544138489081, 0.009097471303343502], "k2_x2h_nimmi_syn_sem_avg": [NaN, 0.011133191685952263, 0.007455890564328924], "k2_x2h_nimmi_syn_sem_sem": [NaN, 0.0011003773225005695, 0.003823829983636384], "k2_x2h_imin_red_avg_avg": [1.0, 0.4915271457920672, 0.3379799374050477], "k2_x2h_imin_red_avg_sem": [0.0, 0.0951423374299276, 0.023740851482149838], "k2_x2h_imin_red_sem_avg": [NaN, 0.07959702397812189, 0.06060726504697528], "k2_x2h_imin_red_sem_sem": [NaN, 0.006595048959339371, 0.002354732940501078], "k2_x2h_immi_red_avg_avg": [1.0, 0.5168521249591345, 0.3379799374050477], "k2_x2h_immi_red_avg_sem": [0.0, 0.09689396209102859, 0.023740851482149838], "k2_x2h_immi_red_sem_avg": [NaN, 0.08368889854614178, 0.06060726504697528], "k2_x2h_immi_red_sem_sem": [NaN, 0.006662945269887398, 0.002354732940501078], "k2_x2h_nimin_red_avg_avg": [0.5, 0.2852634328435274, 0.34827400685670373], "k2_x2h_nimin_red_avg_sem": [0.0, 0.05534077482916595, 0.02458338917736092], "k2_x2h_nimin_red_sem_avg": [NaN, 0.04662350065756397, 0.06192486471817367], "k2_x2h_nimin_red_sem_sem": [NaN, 0.0029894487854285018, 0.0018595245074878924], "k2_x2h_nimmi_red_avg_avg": [0.5, 0.2985513749735576, 0.34827400685670373], "k2_x2h_nimmi_red_avg_sem": [0.0, 0.055766356856940466, 0.024583389177360925], "k2_x2h_nimmi_red_sem_avg": [NaN, 0.04834958574504304, 0.06192486471817367], "k2_x2h_nimmi_red_sem_sem": [NaN, 0.0030451224541948, 0.0018595245074878918], "x2h_imin_syn_avg": [1.0, 0.0, 0.0], "x2h_imin_syn_sem": [0.0, 0.0, 0.0], "x2h_mi_avg": [2.0, 1.9, 1.0], "x2h_mi_sem": [0.0, 0.06666666666666665, 0.0], "x2h_immi_syn_avg": [1.0, 0.0, 0.0], "x2h_immi_syn_sem": [0.0, 0.0, 0.0], "x2h_nimin_syn_avg": [0.5, 0.0, 0.0], "x2h_nimin_syn_sem": [0.0, 0.0, 0.0], "x2h_nimmi_syn_avg": [0.5, 0.0, 0.0], "x2h_nimmi_syn_sem": [0.0, 0.0, 0.0], "x2h_imin_red_avg": [1.0, 0.1, 0.0], "x2h_imin_red_sem": [0.0, 0.09999999999999999, 0.0], "x2h_immi_red_avg": [1.0, 0.1, 0.0], "x2h_immi_red_sem": [0.0, 0.09999999999999999, 0.0], "x2h_nimin_red_avg": [0.5, 0.05, 0.0], "x2h_nimin_red_sem": [0.0, 0.049999999999999996, 0.0], "x2h_nimmi_red_avg": [0.5, 0.05, 0.0], "x2h_nimmi_red_sem": [0.0, 0.049999999999999996, 0.0]}