{"avg_reward": 0.007, "accuracy": 0.03, "k2_xh2h_immi_syn_avg": [0.18629260492241828], "k2_xh2h_immi_syn_sem": [0.007453886749055814], "k2_xh2h_mi_avg": [0.49690821869373025], "k2_xh2h_mi_sem": [0.025699903175374305], "k2_xh2h_nimmi_syn_avg": [0.3873480131462097], "k2_xh2h_nimmi_syn_sem": [0.011936718971983456]}