{"avg_reward": 0.115, "accuracy": 0.05, "k2_xh2h_immi_syn_avg": [0.18723778777955308], "k2_xh2h_immi_syn_sem": [0.00635320272924013], "k2_xh2h_mi_avg": [0.47725239946225345], "k2_xh2h_mi_sem": [0.02263166909337985], "k2_xh2h_nimmi_syn_avg": [0.4058855734183515], "k2_xh2h_nimmi_syn_sem": [0.011639132321148929]}