{"avg_reward": 0.085, "accuracy": 0.05, "k2_xh2h_immi_syn_avg": [0.16698948063768818], "k2_xh2h_immi_syn_sem": [0.01119912793229036], "k2_xh2h_mi_avg": [0.5003931449895214], "k2_xh2h_mi_sem": [0.03029426228311054], "k2_xh2h_nimmi_syn_avg": [0.3420248996131753], "k2_xh2h_nimmi_syn_sem": [0.015672347927616282]}