{"avg_reward": 0.004, "accuracy": 0.02, "k2_xh2h_immi_syn_avg": [0.16396566161458329], "k2_xh2h_immi_syn_sem": [0.011182031441673715], "k2_xh2h_mi_avg": [0.49982056174256406], "k2_xh2h_mi_sem": [0.031004322682796886], "k2_xh2h_nimmi_syn_avg": [0.3380021094373237], "k2_xh2h_nimmi_syn_sem": [0.014251204399250962]}