{"avg_reward": 0.027, "accuracy": 0.14, "k2_xh2h_immi_syn_avg": [0.16763811805400256], "k2_xh2h_immi_syn_sem": [0.008773327571856284], "k2_xh2h_mi_avg": [0.4584571392788862], "k2_xh2h_mi_sem": [0.024483961420805646], "k2_xh2h_nimmi_syn_avg": [0.37684966902646694], "k2_xh2h_nimmi_syn_sem": [0.013830729830751521]}