{"avg_reward": 0.222, "accuracy": 0.03, "k2_xh2h_immi_syn_avg": [0.17640378040144364], "k2_xh2h_immi_syn_sem": [0.008812305023589574], "k2_xh2h_mi_avg": [0.49998664194461995], "k2_xh2h_mi_sem": [0.027606761982810077], "k2_xh2h_nimmi_syn_avg": [0.36586899709167847], "k2_xh2h_nimmi_syn_sem": [0.012530989725735008]}