{"avg_reward": 0.013, "accuracy": 0.04, "k2_xh2h_immi_syn_avg": [0.16294026529458916], "k2_xh2h_immi_syn_sem": [0.009880555825682064], "k2_xh2h_mi_avg": [0.5024043184344995], "k2_xh2h_mi_sem": [0.037781425833257075], "k2_xh2h_nimmi_syn_avg": [0.347322664451667], "k2_xh2h_nimmi_syn_sem": [0.01744877730578334]}