{"avg_reward": 0.018, "accuracy": 0.1, "k2_xh2h_immi_syn_avg": [0.18842490367651527], "k2_xh2h_immi_syn_sem": [0.00868282806273294], "k2_xh2h_mi_avg": [0.4892291608575622], "k2_xh2h_mi_sem": [0.021606334166468733], "k2_xh2h_nimmi_syn_avg": [0.3907475649575239], "k2_xh2h_nimmi_syn_sem": [0.010583124395850178]}