{"avg_reward_avg": 1.0, "avg_reward_sem": 0.0, "accuracy_avg": 1.0, "accuracy_sem": 0.0, "k2_x2h_imin_syn_avg_avg": [1.0, 0.10483420404870987, 0.10430473373994245], "k2_x2h_imin_syn_avg_sem": [0.0, 0.00848893524730689, 0.026386265493869427], "k2_x2h_imin_syn_sem_avg": [NaN, 0.011270152760056915, 0.013359448581766496], "k2_x2h_imin_syn_sem_sem": [NaN, 0.0006466027925150345, 0.002677682096284188], "k2_x2h_mi_avg_avg": [2.0, 0.936140843483267, 0.7740332268660801], "k2_x2h_mi_avg_sem": [0.0, 0.05063867947495836, 0.05987579796625348], "k2_x2h_mi_sem_avg": [NaN, 0.03137099112211313, 0.015750007990399887], "k2_x2h_mi_sem_sem": [NaN, 0.0007586972516257402, 0.002661829273272933], "k2_x2h_immi_syn_avg_avg": [1.0, 0.20965336197988402, 0.12052396233018141], "k2_x2h_immi_syn_avg_sem": [0.0, 0.02066319853383738, 0.030600439066741463], "k2_x2h_immi_syn_sem_avg": [NaN, 0.021153230577155367, 0.013208145098043803], "k2_x2h_immi_syn_sem_sem": [NaN, 0.0008784870548090448, 0.0026099467710550463], "k2_x2h_nimin_syn_avg_avg": [0.5, 0.07471970402391223, 0.11907562365957217], "k2_x2h_nimin_syn_avg_sem": [0.0, 0.007802204409218108, 0.03017177370293137], "k2_x2h_nimin_syn_sem_avg": [NaN, 0.007936344272461822, 0.013251849565656856], "k2_x2h_nimin_syn_sem_sem": [NaN, 0.000867070303439551, 0.002627083641757688], "k2_x2h_nimmi_syn_avg_avg": [0.5, 0.14509564703040687, 0.1515140808400501], "k2_x2h_nimmi_syn_avg_sem": [0.0, 0.012203655652884678, 0.03892260935694723], "k2_x2h_nimmi_syn_sem_avg": [NaN, 0.014617019999356112, 0.013857228983521302], "k2_x2h_nimmi_syn_sem_sem": [NaN, 0.00042607733932540845, 0.0026752968105298223], "k2_x2h_imin_red_avg_avg": [1.0, 0.23411432867181087, 0.43579022502349984], "k2_x2h_imin_red_avg_sem": [0.0, 0.019084972963462305, 0.08906716871076961], "k2_x2h_imin_red_sem_avg": [NaN, 0.020025442580644, 0.014771826360459758], "k2_x2h_imin_red_sem_sem": [NaN, 0.0009861039580198899, 0.002274904238610858], "k2_x2h_immi_red_avg_avg": [1.0, 0.3389334866029851, 0.4520094536137388], "k2_x2h_immi_red_avg_sem": [0.0, 0.03391723026509035, 0.08552349902063613], "k2_x2h_immi_red_sem_avg": [NaN, 0.026911509529895093, 0.0146578422705778], "k2_x2h_immi_red_sem_sem": [NaN, 0.0015853144229785556, 0.0023028091904361836], "k2_x2h_nimin_red_avg_avg": [0.5, 0.20866348010513613, 0.5454380293040855], "k2_x2h_nimin_red_avg_sem": [0.0, 0.012070881311315259, 0.06668120013306356], "k2_x2h_nimin_red_sem_avg": [NaN, 0.021638799607835733, 0.02217301672737287], "k2_x2h_nimin_red_sem_sem": [NaN, 0.0005702856311624804, 0.0011756392019650493], "k2_x2h_nimmi_red_avg_avg": [0.5, 0.27903942311163077, 0.5778764864845638], "k2_x2h_nimmi_red_avg_sem": [0.0, 0.020649939974257767, 0.061291419686291496], "k2_x2h_nimmi_red_sem_avg": [NaN, 0.02415060972010348, 0.02254836828741834], "k2_x2h_nimmi_red_sem_sem": [NaN, 0.0006256093329483649, 0.001237625101631818]}