{"avg_reward_avg": 0.9763, "avg_reward_sem": 0.0017323715280248393, "accuracy_avg": 0.876, "accuracy_sem": 0.008969082698049148, "k2_xh2h_immi_syn_avg_avg": [0.18074112431185013], "k2_xh2h_immi_syn_avg_sem": [0.009413437182298156], "k2_xh2h_immi_syn_sem_avg": [0.025725856053039897], "k2_xh2h_immi_syn_sem_sem": [0.0013513693192252984], "k2_xh2h_mi_avg_avg": [0.6365079490292948], "k2_xh2h_mi_avg_sem": [0.016077591719598477], "k2_xh2h_mi_sem_avg": [0.05679598201756002], "k2_xh2h_mi_sem_sem": [0.0024439573546174895], "k2_xh2h_nimmi_syn_avg_avg": [0.2780574146892053], "k2_xh2h_nimmi_syn_avg_sem": [0.011177742483568906], "k2_xh2h_nimmi_syn_sem_avg": [0.021666368533138036], "k2_xh2h_nimmi_syn_sem_sem": [0.00026370103629540107]}