{"avg_reward": 0.981, "accuracy": 0.89, "k2_xh2h_immi_syn_avg": [0.1910636876748793], "k2_xh2h_immi_syn_sem": [0.028370387232310723], "k2_xh2h_mi_avg": [0.6689116894555313], "k2_xh2h_mi_sem": [0.0609096064909403], "k2_xh2h_nimmi_syn_avg": [0.28893104078454274], "k2_xh2h_nimmi_syn_sem": [0.023021293739434196]}