{"avg_reward": 0.971, "accuracy": 0.85, "k2_xh2h_immi_syn_avg": [0.21311232741594854], "k2_xh2h_immi_syn_sem": [0.03501995261379817], "k2_xh2h_mi_avg": [0.7246597583789401], "k2_xh2h_mi_sem": [0.07094536402194945], "k2_xh2h_nimmi_syn_avg": [0.2614228497682609], "k2_xh2h_nimmi_syn_sem": [0.021560631399953088]}