{"avg_reward": 0.972, "accuracy": 0.85, "k2_xh2h_immi_syn_avg": [0.1705993741354374], "k2_xh2h_immi_syn_sem": [0.02625246259246617], "k2_xh2h_mi_avg": [0.6304001464824396], "k2_xh2h_mi_sem": [0.055904645544806134], "k2_xh2h_nimmi_syn_avg": [0.262909991161969], "k2_xh2h_nimmi_syn_sem": [0.023038509875190318]}