{"avg_reward": 0.979, "accuracy": 0.9, "k2_xh2h_immi_syn_avg": [0.15691863293863684], "k2_xh2h_immi_syn_sem": [0.020734600277481308], "k2_xh2h_mi_avg": [0.6022288449774406], "k2_xh2h_mi_sem": [0.053482770094710565], "k2_xh2h_nimmi_syn_avg": [0.2641668322130583], "k2_xh2h_nimmi_syn_sem": [0.021217402884023278]}