{"avg_reward": 0.973, "accuracy": 0.85, "k2_xh2h_immi_syn_avg": [0.16122475596484367], "k2_xh2h_immi_syn_sem": [0.02308524799867748], "k2_xh2h_mi_avg": [0.6100847493639678], "k2_xh2h_mi_sem": [0.05052424704881892], "k2_xh2h_nimmi_syn_avg": [0.2556705066911882], "k2_xh2h_nimmi_syn_sem": [0.021513772459081287]}