{"avg_reward": 0.969, "accuracy": 0.84, "k2_xh2h_immi_syn_avg": [0.16498657408365852], "k2_xh2h_immi_syn_sem": [0.024471448896415296], "k2_xh2h_mi_avg": [0.6031845329073203], "k2_xh2h_mi_sem": [0.05226939607114837], "k2_xh2h_nimmi_syn_avg": [0.2610123131683002], "k2_xh2h_nimmi_syn_sem": [0.021479376971470496]}