{"avg_reward": 0.976, "accuracy": 0.88, "k2_xh2h_immi_syn_avg": [0.22368741229480235], "k2_xh2h_immi_syn_sem": [0.02661623403262329], "k2_xh2h_mi_avg": [0.6531440587681161], "k2_xh2h_mi_sem": [0.06190375426898512], "k2_xh2h_nimmi_syn_avg": [0.3475991263548759], "k2_xh2h_nimmi_syn_sem": [0.020500375739102572]}