{"avg_reward": 0.987, "accuracy": 0.93, "k2_xh2h_immi_syn_avg": [0.13029937520271545], "k2_xh2h_immi_syn_sem": [0.020459118126121365], "k2_xh2h_mi_avg": [0.594427037912556], "k2_xh2h_mi_sem": [0.046030577412157346], "k2_xh2h_nimmi_syn_avg": [0.2232280535898231], "k2_xh2h_nimmi_syn_sem": [0.02076340415647418]}