{"avg_reward": 0.98, "accuracy": 0.89, "k2_xh2h_immi_syn_avg": [0.18112774883764138], "k2_xh2h_immi_syn_sem": [0.024075332776729186], "k2_xh2h_mi_avg": [0.5706011842509398], "k2_xh2h_mi_sem": [0.050784223279482996], "k2_xh2h_nimmi_syn_avg": [0.3111473684241423], "k2_xh2h_nimmi_syn_sem": [0.021966215218439573]}