{"avg_reward": 0.975, "accuracy": 0.88, "k2_xh2h_immi_syn_avg": [0.21439135456993802], "k2_xh2h_immi_syn_sem": [0.028173775983776017], "k2_xh2h_mi_avg": [0.7074374877956958], "k2_xh2h_mi_sem": [0.06520523594260097], "k2_xh2h_nimmi_syn_avg": [0.30448606473589224], "k2_xh2h_nimmi_syn_sem": [0.021602702888211353]}