{"avg_reward": 0.004, "accuracy": 0.02, "k2_xh2h_immi_syn_avg": [0.16559763465110694], "k2_xh2h_immi_syn_sem": [0.012797197475405845], "k2_xh2h_mi_avg": [0.5066202800965413], "k2_xh2h_mi_sem": [0.03228406091095452], "k2_xh2h_nimmi_syn_avg": [0.3294389756000888], "k2_xh2h_nimmi_syn_sem": [0.013903547214708194]}