{"avg_reward": 0.024, "accuracy": 0.14, "k2_xh2h_immi_syn_avg": [0.18015654935036668], "k2_xh2h_immi_syn_sem": [0.009274162473939739], "k2_xh2h_mi_avg": [0.474691403056787], "k2_xh2h_mi_sem": [0.02854005521831054], "k2_xh2h_nimmi_syn_avg": [0.39359055678539934], "k2_xh2h_nimmi_syn_sem": [0.013140359206389809]}