{"avg_reward": 0.1, "accuracy": 0.05, "k2_xh2h_immi_syn_avg": [0.19879574702295963], "k2_xh2h_immi_syn_sem": [0.01081090087127357], "k2_xh2h_mi_avg": [0.5054549713275932], "k2_xh2h_mi_sem": [0.027569098059308822], "k2_xh2h_nimmi_syn_avg": [0.39715543294012456], "k2_xh2h_nimmi_syn_sem": [0.012007300058975528]}