{"avg_reward": 0.009, "accuracy": 0.04, "k2_xh2h_immi_syn_avg": [0.18185040690776508], "k2_xh2h_immi_syn_sem": [0.008519140315688213], "k2_xh2h_mi_avg": [0.5607882420956585], "k2_xh2h_mi_sem": [0.039521801346480416], "k2_xh2h_nimmi_syn_avg": [0.3530157083340057], "k2_xh2h_nimmi_syn_sem": [0.014441176815455287]}