{"avg_reward": 0.009, "accuracy": 0.04, "k2_xh2h_immi_syn_avg": [0.18274612397638895], "k2_xh2h_immi_syn_sem": [0.010712836619698997], "k2_xh2h_mi_avg": [0.49004296545567344], "k2_xh2h_mi_sem": [0.03470249125971401], "k2_xh2h_nimmi_syn_avg": [0.3954489508323438], "k2_xh2h_nimmi_syn_sem": [0.016434307871474152]}