{"avg_reward": 0.227, "accuracy": 0.05, "k2_xh2h_immi_syn_avg": [0.18723543642021453], "k2_xh2h_immi_syn_sem": [0.008608602823414352], "k2_xh2h_mi_avg": [0.5283197243043009], "k2_xh2h_mi_sem": [0.029238098656884873], "k2_xh2h_nimmi_syn_avg": [0.37791696345073766], "k2_xh2h_nimmi_syn_sem": [0.015239278760304627]}