{"avg_reward": 0.037, "accuracy": 0.05, "k2_xh2h_immi_syn_avg": [0.15404663878106], "k2_xh2h_immi_syn_sem": [0.0056123268083457896], "k2_xh2h_mi_avg": [0.43327857109746903], "k2_xh2h_mi_sem": [0.025027766076084753], "k2_xh2h_nimmi_syn_avg": [0.37552552693759295], "k2_xh2h_nimmi_syn_sem": [0.011465150518691267]}