{"avg_reward": 0.021, "accuracy": 0.1, "k2_xh2h_immi_syn_avg": [0.18154684092641127], "k2_xh2h_immi_syn_sem": [0.008854550875453343], "k2_xh2h_mi_avg": [0.5250875306305912], "k2_xh2h_mi_sem": [0.03011514760667873], "k2_xh2h_nimmi_syn_avg": [0.36974796354254735], "k2_xh2h_nimmi_syn_sem": [0.015752815634871544]}