{"avg_reward_avg": 0.8969000000000001, "avg_reward_sem": 0.001277584526449121, "accuracy_avg": 0.48199999999999993, "accuracy_sem": 0.006289320754704403, "k2_xh2h_immi_syn_avg_avg": [0.16602145427796366], "k2_xh2h_immi_syn_avg_sem": [0.0071636824309788275], "k2_xh2h_immi_syn_sem_avg": [0.021767819046882506], "k2_xh2h_immi_syn_sem_sem": [0.001625848444987253], "k2_xh2h_mi_avg_avg": [0.6312291149142513], "k2_xh2h_mi_avg_sem": [0.024129552421443864], "k2_xh2h_mi_sem_avg": [0.05831728127834825], "k2_xh2h_mi_sem_sem": [0.0020714206189001417], "k2_xh2h_nimmi_syn_avg_avg": [0.2810539751564968], "k2_xh2h_nimmi_syn_avg_sem": [0.004733029636766738], "k2_xh2h_nimmi_syn_sem_avg": [0.019662249921425963], "k2_xh2h_nimmi_syn_sem_sem": [0.0005000987157825126]}