{"avg_reward": 0.905, "accuracy": 0.52, "k2_xh2h_immi_syn_avg": [0.1938933606895895], "k2_xh2h_immi_syn_sem": [0.02275140603275651], "k2_xh2h_mi_avg": [0.7445615829924508], "k2_xh2h_mi_sem": [0.05663302583936755], "k2_xh2h_nimmi_syn_avg": [0.26144316779265864], "k2_xh2h_nimmi_syn_sem": [0.018442729676479603]}