{"avg_reward": 0.893, "accuracy": 0.47, "k2_xh2h_immi_syn_avg": [0.19921300161439146], "k2_xh2h_immi_syn_sem": [0.023325787761490503], "k2_xh2h_mi_avg": [0.6649852280065434], "k2_xh2h_mi_sem": [0.05232366626256539], "k2_xh2h_nimmi_syn_avg": [0.2923755728626043], "k2_xh2h_nimmi_syn_sem": [0.017037800852947267]}