{"avg_reward": 0.893, "accuracy": 0.46, "k2_xh2h_immi_syn_avg": [0.1769993071421777], "k2_xh2h_immi_syn_sem": [0.027687805462959493], "k2_xh2h_mi_avg": [0.6769017350823031], "k2_xh2h_mi_sem": [0.06514008158766646], "k2_xh2h_nimmi_syn_avg": [0.27499693140865833], "k2_xh2h_nimmi_syn_sem": [0.02145311216165327]}