{"avg_reward": 0.894, "accuracy": 0.48, "k2_xh2h_immi_syn_avg": [0.18974604212553925], "k2_xh2h_immi_syn_sem": [0.02743873441975299], "k2_xh2h_mi_avg": [0.7233344990580968], "k2_xh2h_mi_sem": [0.06657053046856438], "k2_xh2h_nimmi_syn_avg": [0.28086270083337556], "k2_xh2h_nimmi_syn_sem": [0.02112416439637933]}