{"avg_reward": 0.898, "accuracy": 0.49, "k2_xh2h_immi_syn_avg": [0.1331627928364596], "k2_xh2h_immi_syn_sem": [0.015042873450111372], "k2_xh2h_mi_avg": [0.487549459012287], "k2_xh2h_mi_sem": [0.050617366005372436], "k2_xh2h_nimmi_syn_avg": [0.30229026407189413], "k2_xh2h_nimmi_syn_sem": [0.018369155827353947]}