{"avg_reward": 0.901, "accuracy": 0.51, "k2_xh2h_immi_syn_avg": [0.15139832799308212], "k2_xh2h_immi_syn_sem": [0.021541590494771407], "k2_xh2h_mi_avg": [0.6317777161759268], "k2_xh2h_mi_sem": [0.06435534737067886], "k2_xh2h_nimmi_syn_avg": [0.26415007863085405], "k2_xh2h_nimmi_syn_sem": [0.0188542254929071]}