{"avg_reward": 0.895, "accuracy": 0.46, "k2_xh2h_immi_syn_avg": [0.1472304595381916], "k2_xh2h_immi_syn_sem": [0.01793970333041341], "k2_xh2h_mi_avg": [0.5899998203411563], "k2_xh2h_mi_sem": [0.04957615219001471], "k2_xh2h_nimmi_syn_avg": [0.2660768266616369], "k2_xh2h_nimmi_syn_sem": [0.021606091312143617]}