{"avg_reward": 0.893, "accuracy": 0.47, "k2_xh2h_immi_syn_avg": [0.1580013612697118], "k2_xh2h_immi_syn_sem": [0.024716739835561934], "k2_xh2h_mi_avg": [0.5999381393706581], "k2_xh2h_mi_sem": [0.06396979790723643], "k2_xh2h_nimmi_syn_avg": [0.2897489874742414], "k2_xh2h_nimmi_syn_sem": [0.01956053282413304]}