{"avg_reward": 0.899, "accuracy": 0.48, "k2_xh2h_immi_syn_avg": [0.1476933793206876], "k2_xh2h_immi_syn_sem": [0.012339059525049082], "k2_xh2h_mi_avg": [0.5639904949199609], "k2_xh2h_mi_sem": [0.05344848127988078], "k2_xh2h_nimmi_syn_avg": [0.30142401994611556], "k2_xh2h_nimmi_syn_sem": [0.019011641028047963]}