{"avg_reward_avg": 0.031011951825364835, "avg_reward_sem": 0.006699533298410249, "accuracy_avg": 0.75, "accuracy_sem": 0.06387379048648288, "k2_x2h_ray_imin_syn_avg_avg": [0.6628858811631412, 0.15036292584935218, 0.059760299678883425], "k2_x2h_ray_imin_syn_avg_sem": [0.05234086098096451, 0.018895321569329007, 0.016271771225210778], "k2_x2h_ray_imin_syn_sem_avg": [0.055734613555465794, 0.035008007948567586, 0.008195322478498886], "k2_x2h_ray_imin_syn_sem_sem": [0.00831773665224146, 0.0024983199710133914, 0.0019241114489389856], "k2_x2h_ray_immi_syn_avg_avg": [0.8263586186420696, 0.2390069206206269, 0.08735765403047782], "k2_x2h_ray_immi_syn_avg_sem": [0.06242476118341893, 0.03024463456805862, 0.025301752740622727], "k2_x2h_ray_immi_syn_sem_avg": [0.05068870510287673, 0.04880886917963013, 0.011136184915343753], "k2_x2h_ray_immi_syn_sem_sem": [0.006638443587109697, 0.0028334661644737855, 0.00280964065130555], "k2_x2h_pos_imin_syn_avg_avg": [0.6785648686600768, 0.15036292584935218, 0.059760299678883425], "k2_x2h_pos_imin_syn_avg_sem": [0.05504115652419202, 0.018895321569329007, 0.016271771225210778], "k2_x2h_pos_imin_syn_sem_avg": [0.03821587295243634, 0.035008007948567586, 0.008195322478498886], "k2_x2h_pos_imin_syn_sem_sem": [0.007916497556168831, 0.0024983199710133914, 0.0019241114489389856], "k2_x2h_pos_immi_syn_avg_avg": [0.7484359155767195, 0.2390069206206269, 0.08735765403047782], "k2_x2h_pos_immi_syn_avg_sem": [0.0673335322720578, 0.03024463456805862, 0.025301752740622727], "k2_x2h_pos_immi_syn_sem_avg": [0.03269575289127679, 0.04880886917963013, 0.011136184915343753], "k2_x2h_pos_immi_syn_sem_sem": [0.006602337801387402, 0.0028334661644737855, 0.00280964065130555], "k2_x2h_ray_mi_avg_avg": [1.7330321654186804, 1.1733548633431077, 0.3747432540010474], "k2_x2h_ray_mi_avg_sem": [0.13326166110080245, 0.07666410168768374, 0.0802917262162089], "k2_x2h_ray_mi_sem_avg": [0.061269063933103426, 0.09776365535490522, 0.024398522086667276], "k2_x2h_ray_mi_sem_sem": [0.005774856403141825, 0.005009200707397932, 0.0048521989766107726], "k2_x2h_ray_nimin_syn_avg_avg": [0.38057259335903415, 0.07923273421308083, 0.14494873667306798], "k2_x2h_ray_nimin_syn_avg_sem": [0.011505192120638611, 0.009507040189422335, 0.015638785635046178], "k2_x2h_ray_nimin_syn_sem_avg": [0.022042757594126883, 0.016034234482511896, 0.020054765282517577], "k2_x2h_ray_nimin_syn_sem_sem": [0.004306756951683307, 0.0007327667881392843, 0.001677960701343435], "k2_x2h_ray_nimmi_syn_avg_avg": [0.47648510998544974, 0.13255427009485002, 0.19849526416576016], "k2_x2h_ray_nimmi_syn_avg_sem": [0.011396302180013244, 0.016244209005993583, 0.02150987473257755], "k2_x2h_ray_nimmi_syn_sem_avg": [0.018978106712733176, 0.023932421083453448, 0.02474065182964247], "k2_x2h_ray_nimmi_syn_sem_sem": [0.004808737081869123, 0.0010210607414275564, 0.0009623541548058191], "k2_x2h_pos_mi_avg_avg": [2.425849109006265, 1.1733548633431077, 0.3747432540010474], "k2_x2h_pos_mi_avg_sem": [0.14727977251878388, 0.07666410168768374, 0.0802917262162089], "k2_x2h_pos_mi_sem_avg": [0.03269575289127685, 0.09776365535490522, 0.024398522086667276], "k2_x2h_pos_mi_sem_sem": [0.006602337801387381, 0.005009200707397932, 0.0048521989766107726], "k2_x2h_pos_nimin_syn_avg_avg": [0.27777816861117033, 0.07923273421308083, 0.14494873667306798], "k2_x2h_pos_nimin_syn_avg_sem": [0.013933846094762083, 0.009507040189422335, 0.015638785635046178], "k2_x2h_pos_nimin_syn_sem_avg": [0.012782359946528293, 0.016034234482511896, 0.020054765282517577], "k2_x2h_pos_nimin_syn_sem_sem": [0.002606128484464963, 0.0007327667881392843, 0.001677960701343435], "k2_x2h_pos_nimmi_syn_avg_avg": [0.30619931285130614, 0.13255427009485002, 0.19849526416576016], "k2_x2h_pos_nimmi_syn_avg_sem": [0.019638518446947185, 0.016244209005993583, 0.02150987473257755], "k2_x2h_pos_nimmi_syn_sem_avg": [0.009360864907399478, 0.023932421083453448, 0.02474065182964247], "k2_x2h_pos_nimmi_syn_sem_sem": [0.0018728798372831593, 0.0010210607414275564, 0.0009623541548058191]}