{"avg_reward": 0.07663163816756056, "accuracy": 0.9375, "k2_x2h_ray_imin_syn_avg": [0.5380628857420638, 0.05943940907253705, 0.008347518351059626], "k2_x2h_ray_imin_syn_sem": [0.06949443400019747, 0.02846554583178007, 0.0022701807591187454], "k2_x2h_ray_immi_syn_avg": [0.6601426767496154, 0.07827432717675396, 0.010466080580876077], "k2_x2h_ray_immi_syn_sem": [0.07412425620026727, 0.03659496877463457, 0.0027415483479616702], "k2_x2h_pos_imin_syn_avg": [0.4829571851486556, 0.05943940907253705, 0.008347518351059626], "k2_x2h_pos_imin_syn_sem": [0.03577064693848814, 0.02846554583178007, 0.0022701807591187454], "k2_x2h_pos_immi_syn_avg": [0.497085151641986, 0.07827432717675396, 0.010466080580876077], "k2_x2h_pos_immi_syn_sem": [0.042212727591063315, 0.03659496877463457, 0.0027415483479616702], "k2_x2h_ray_mi_avg": [1.2807395042259662, 0.7045065055040199, 0.08821949107315376], "k2_x2h_ray_mi_sem": [0.03800704555310271, 0.09751803154522164, 0.012197288627344332], "k2_x2h_ray_nimin_syn_avg": [0.4176943557592787, 0.03161783931356533, 0.07008282407094649], "k2_x2h_ray_nimin_syn_sem": [0.04085669823970175, 0.013452809692356543, 0.019560490585117944], "k2_x2h_ray_nimmi_syn_avg": [0.51298759797496, 0.04272949471247742, 0.08200204831451746], "k2_x2h_ray_nimmi_syn_sem": [0.04157104509446991, 0.017538239950818865, 0.02147708276555152], "k2_x2h_pos_mi_avg": [1.9788820832110599, 0.7045065055040199, 0.08821949107315376], "k2_x2h_pos_mi_sem": [0.04221272759106272, 0.09751803154522164, 0.012197288627344332], "k2_x2h_pos_nimin_syn_avg": [0.2435174553330414, 0.03161783931356533, 0.07008282407094649], "k2_x2h_pos_nimin_syn_sem": [0.012613510446454382, 0.013452809692356543, 0.019560490585117944], "k2_x2h_pos_nimmi_syn_avg": [0.25052707227403653, 0.04272949471247742, 0.08200204831451746], "k2_x2h_pos_nimmi_syn_sem": [0.01565426268260463, 0.017538239950818865, 0.02147708276555152]}