{"avg_reward": 0.03749909429092584, "accuracy": 0.75, "k2_x2h_ray_imin_syn_avg": [0.7441580150322121, 0.19999220193313608, 0.06899594723819576], "k2_x2h_ray_imin_syn_sem": [0.0751825163106565, 0.04302897656391341, 0.010842305357123374], "k2_x2h_ray_immi_syn_avg": [0.919355013347972, 0.32077752616730937, 0.07014351735406744], "k2_x2h_ray_immi_syn_sem": [0.061718425238852105, 0.06256112805547774, 0.010858031059501744], "k2_x2h_pos_imin_syn_avg": [0.6651134996409162, 0.19999220193313608, 0.06899594723819576], "k2_x2h_pos_imin_syn_sem": [0.031012796815489463, 0.04302897656391341, 0.010842305357123374], "k2_x2h_pos_immi_syn_avg": [0.7013225278427516, 0.32077752616730937, 0.07014351735406744], "k2_x2h_pos_immi_syn_sem": [0.02989269744575646, 0.06256112805547774, 0.010858031059501744], "k2_x2h_ray_mi_avg": [1.8069507965667329, 1.4713984601124088, 0.5295794182989345], "k2_x2h_ray_mi_sem": [0.05941712846170323, 0.11188967259939353, 0.04601223665091669], "k2_x2h_ray_nimin_syn_avg": [0.4100999968461996, 0.08819751285661741, 0.20465561170362448], "k2_x2h_ray_nimin_syn_sem": [0.02895861660732826, 0.0173771126126032, 0.02967371235606732], "k2_x2h_ray_nimmi_syn_avg": [0.5080232305150112, 0.1466463999027852, 0.21177566305552997], "k2_x2h_ray_nimmi_syn_sem": [0.02326846664385164, 0.026792256211514293, 0.030462565096944873], "k2_x2h_pos_mi_avg": [2.6975774059315625, 1.4713984601124088, 0.5295794182989345], "k2_x2h_pos_mi_sem": [0.029892697445756206, 0.11188967259939353, 0.04601223665091669], "k2_x2h_pos_nimin_syn_avg": [0.24638912412507438, 0.08819751285661741, 0.20465561170362448], "k2_x2h_pos_nimin_syn_sem": [0.008983599423286857, 0.0173771126126032, 0.02967371235606732], "k2_x2h_pos_nimmi_syn_avg": [0.2598007901668565, 0.1466463999027852, 0.21177566305552997], "k2_x2h_pos_nimmi_syn_sem": [0.008192903267048282, 0.026792256211514293, 0.030462565096944873]}