{"avg_reward": 0.023085416122498627, "accuracy": 0.6875, "k2_x2h_ray_imin_syn_avg": [0.7568508744004726, 0.22778042760362874, 0.00947506436420004], "k2_x2h_ray_imin_syn_sem": [0.037946783400895655, 0.044262298729004945, 0.00172786353663523], "k2_x2h_ray_immi_syn_avg": [0.9417175104420746, 0.35466126966636846, 0.01014844843616256], "k2_x2h_ray_immi_syn_sem": [0.03645487982454428, 0.05980709984918462, 0.0018787210554976185], "k2_x2h_pos_imin_syn_avg": [0.8725929688734309, 0.22778042760362874, 0.00947506436420004], "k2_x2h_pos_imin_syn_sem": [0.01713628679455032, 0.044262298729004945, 0.00172786353663523], "k2_x2h_pos_immi_syn_avg": [0.8885805753965871, 0.35466126966636846, 0.01014844843616256], "k2_x2h_pos_immi_syn_sem": [0.017507311042788794, 0.05980709984918462, 0.0018787210554976185], "k2_x2h_ray_mi_avg": [1.836075547993288, 1.3887899348177206, 0.04969179755081333], "k2_x2h_ray_mi_sem": [0.048294442978682565, 0.09567710402301002, 0.00411979691925468], "k2_x2h_ray_nimin_syn_avg": [0.4117813061697298, 0.11300638478059986, 0.15138286907522344], "k2_x2h_ray_nimin_syn_sem": [0.011330999908546585, 0.019532130436030977, 0.02467431796189209], "k2_x2h_ray_nimmi_syn_avg": [0.5125608288139565, 0.1847355234240683, 0.16251659192811002], "k2_x2h_ray_nimmi_syn_sem": [0.00658053739513954, 0.02753086123933522, 0.027181520676840494], "k2_x2h_pos_mi_avg": [2.9384684874847586, 1.3887899348177206, 0.04969179755081333], "k2_x2h_pos_mi_sem": [0.01750731104278907, 0.09567710402301002, 0.00411979691925468], "k2_x2h_pos_nimin_syn_avg": [0.29690746581186334, 0.11300638478059986, 0.15138286907522344], "k2_x2h_pos_nimin_syn_sem": [0.004118501290821287, 0.019532130436030977, 0.02467431796189209], "k2_x2h_pos_nimmi_syn_avg": [0.302346180865079, 0.1847355234240683, 0.16251659192811002], "k2_x2h_pos_nimmi_syn_sem": [0.004165484770474264, 0.02753086123933522, 0.027181520676840494]}