{"avg_reward": 0.03159805690340245, "accuracy": 0.875, "k2_x2h_ray_imin_syn_avg": [0.8817765527795144, 0.24097888267052636, 0.02521327966031992], "k2_x2h_ray_imin_syn_sem": [0.02582086907273857, 0.03519586809144756, 0.004114208186183915], "k2_x2h_ray_immi_syn_avg": [1.076836283960233, 0.392158015348793, 0.04727397349779948], "k2_x2h_ray_immi_syn_sem": [0.033429577966946844, 0.05058137947813686, 0.008247026266317244], "k2_x2h_pos_imin_syn_avg": [0.8195197609862989, 0.24097888267052636, 0.02521327966031992], "k2_x2h_pos_imin_syn_sem": [0.01778120588011397, 0.03519586809144756, 0.004114208186183915], "k2_x2h_pos_immi_syn_avg": [1.0166018567120305, 0.392158015348793, 0.04727397349779948], "k2_x2h_pos_immi_syn_sem": [0.020557986050810845, 0.05058137947813686, 0.008247026266317244], "k2_x2h_ray_mi_avg": [2.4602490348178008, 1.40979655678822, 0.3940738726452583], "k2_x2h_ray_mi_sem": [0.03797821964036623, 0.07329774025263232, 0.025096479795654814], "k2_x2h_ray_nimin_syn_avg": [0.3584726805204715, 0.13800326507847782, 0.06155351120520204], "k2_x2h_ray_nimin_syn_sem": [0.009954562471013015, 0.017789935199818602, 0.011466628726171072], "k2_x2h_ray_nimmi_syn_avg": [0.43748007354168456, 0.2265001331987278, 0.11212602184270157], "k2_x2h_ray_nimmi_syn_sem": [0.006932681439433637, 0.02683251908494991, 0.020909430463970608], "k2_x2h_pos_mi_avg": [3.1113034676486166, 1.40979655678822, 0.3940738726452583], "k2_x2h_pos_mi_sem": [0.02055798605081115, 0.07329774025263232, 0.025096479795654814], "k2_x2h_pos_nimin_syn_avg": [0.2634800605338932, 0.13800326507847782, 0.06155351120520204], "k2_x2h_pos_nimin_syn_sem": [0.007119506611532912, 0.017789935199818602, 0.011466628726171072], "k2_x2h_pos_nimmi_syn_avg": [0.3266854968889828, 0.2265001331987278, 0.11212602184270157], "k2_x2h_pos_nimmi_syn_sem": [0.004478488821978153, 0.02683251908494991, 0.020909430463970608]}