{"avg_reward": 0.030361093541748898, "accuracy": 0.9375, "k2_x2h_ray_imin_syn_avg": [0.7796000240168958, 0.15433086591410644, 0.05111618446594326], "k2_x2h_ray_imin_syn_sem": [0.05451411947844189, 0.03112703847283622, 0.007803436617712718], "k2_x2h_ray_immi_syn_avg": [0.9708229818482685, 0.27308525213190427, 0.07629070636811265], "k2_x2h_ray_immi_syn_sem": [0.04574556685898699, 0.04918260835662057, 0.009533499575988598], "k2_x2h_pos_imin_syn_avg": [0.8503598239479939, 0.15433086591410644, 0.05111618446594326], "k2_x2h_pos_imin_syn_sem": [0.08779610716030359, 0.03112703847283622, 0.007803436617712718], "k2_x2h_pos_immi_syn_avg": [0.9311603060335459, 0.27308525213190427, 0.07629070636811265], "k2_x2h_pos_immi_syn_sem": [0.0796719398439755, 0.04918260835662057, 0.009533499575988598], "k2_x2h_ray_mi_avg": [1.9783773243258356, 1.1949397134238573, 0.42032100298316427], "k2_x2h_ray_mi_sem": [0.05226151096584802, 0.0895118950664013, 0.026269615829985868], "k2_x2h_ray_nimin_syn_avg": [0.39322280385670255, 0.08871059734871954, 0.11734413572425911], "k2_x2h_ray_nimin_syn_sem": [0.01742162272494445, 0.01604505253782447, 0.017794748539736806], "k2_x2h_ray_nimmi_syn_avg": [0.4903585284690455, 0.16059174401422283, 0.17640183836572032], "k2_x2h_ray_nimmi_syn_sem": [0.013880058645022259, 0.026867644616538858, 0.022176728073923815], "k2_x2h_pos_mi_avg": [2.6471325196245243, 1.1949397134238573, 0.42032100298316427], "k2_x2h_pos_mi_sem": [0.0796719398439755, 0.0895118950664013, 0.026269615829985868], "k2_x2h_pos_nimin_syn_avg": [0.3198430111625184, 0.08871059734871954, 0.11734413572425911], "k2_x2h_pos_nimin_syn_sem": [0.024388125810418715, 0.01604505253782447, 0.017794748539736806], "k2_x2h_pos_nimmi_syn_avg": [0.35057652160571257, 0.16059174401422283, 0.17640183836572032], "k2_x2h_pos_nimmi_syn_sem": [0.01970035487584062, 0.026867644616538858, 0.022176728073923815]}