{"avg_reward": 0.0041675033850659725, "accuracy": 0.4375, "k2_x2h_ray_imin_syn_avg": [0.5219520632018378, 0.1026075379552444, 0.006700829449885776], "k2_x2h_ray_imin_syn_sem": [0.07607233619296358, 0.028822087334419155, 0.001181013123180788], "k2_x2h_ray_immi_syn_avg": [0.6591925958641669, 0.1755907716462586, 0.008738072647581084], "k2_x2h_ray_immi_syn_sem": [0.08180314495408528, 0.0425956374216825, 0.0012081563185319488], "k2_x2h_pos_imin_syn_avg": [0.5917871522057188, 0.1026075379552444, 0.006700829449885776], "k2_x2h_pos_imin_syn_sem": [0.06539138926686142, 0.028822087334419155, 0.001181013123180788], "k2_x2h_pos_immi_syn_avg": [0.7123036488878762, 0.1755907716462586, 0.008738072647581084], "k2_x2h_pos_immi_syn_sem": [0.04384280173825079, 0.0425956374216825, 0.0012081563185319488], "k2_x2h_ray_mi_avg": [1.4421502468968956, 0.9791574399793835, 0.027655607291075097], "k2_x2h_ray_mi_sem": [0.07608423731182795, 0.09366478827118736, 0.0018770928539882264], "k2_x2h_ray_nimin_syn_avg": [0.3595591259308805, 0.0623200106675467, 0.19200337294203493], "k2_x2h_ray_nimin_syn_sem": [0.040933455812942984, 0.014131964124564389, 0.025935521670404065], "k2_x2h_ray_nimmi_syn_avg": [0.4560449793873262, 0.11351643400085486, 0.26234363991613857], "k2_x2h_ray_nimmi_syn_sem": [0.04933215888516535, 0.02246804783620291, 0.027175337289152897], "k2_x2h_pos_mi_avg": [1.9572390236316828, 0.9791574399793835, 0.027655607291075097], "k2_x2h_pos_mi_sem": [0.04384280173825079, 0.09366478827118736, 0.0018770928539882264], "k2_x2h_pos_nimin_syn_avg": [0.30118232966631403, 0.0623200106675467, 0.19200337294203493], "k2_x2h_pos_nimin_syn_sem": [0.026432550232411686, 0.014131964124564389, 0.025935521670404065], "k2_x2h_pos_nimmi_syn_avg": [0.36329714130204627, 0.11351643400085486, 0.26234363991613857], "k2_x2h_pos_nimmi_syn_sem": [0.014193927761671877, 0.02246804783620291, 0.027175337289152897]}