{"avg_reward": 0.012297479510924223, "accuracy": 0.5, "k2_x2h_ray_imin_syn_avg": [0.3012512352192111, 0.05061139392349524, 0.016391626860168138], "k2_x2h_ray_imin_syn_sem": [0.04004158618541319, 0.0109675909298221, 0.004366125774493432], "k2_x2h_ray_immi_syn_avg": [0.35758873614152176, 0.11670142643214235, 0.020496031457780135], "k2_x2h_ray_immi_syn_sem": [0.03806647388622813, 0.02705634590998292, 0.004785642780556826], "k2_x2h_pos_imin_syn_avg": [0.20004582099068893, 0.05061139392349524, 0.016391626860168138], "k2_x2h_pos_imin_syn_sem": [0.029089407331608256, 0.0109675909298221, 0.004366125774493432], "k2_x2h_pos_immi_syn_avg": [0.2835306576416559, 0.11670142643214235, 0.020496031457780135], "k2_x2h_pos_immi_syn_sem": [0.0022365694408987375, 0.02705634590998292, 0.004785642780556826], "k2_x2h_ray_mi_avg": [1.1075479746713484, 1.060582122455455, 0.6224679514109251], "k2_x2h_ray_mi_sem": [0.09803973545433169, 0.08068660843672543, 0.04596180228101576], "k2_x2h_ray_nimin_syn_avg": [0.27611691491700513, 0.03560797645025176, 0.02033787300054649], "k2_x2h_ray_nimin_syn_sem": [0.04227523842202236, 0.007508121861871923, 0.0052503836949508755], "k2_x2h_ray_nimmi_syn_avg": [0.331810975879186, 0.07867052883733004, 0.02547299836823478], "k2_x2h_ray_nimmi_syn_sem": [0.05973664392268956, 0.016991649314680137, 0.005766647709386421], "k2_x2h_pos_mi_avg": [0.8839221835982617, 1.060582122455455, 0.6224679514109251], "k2_x2h_pos_mi_sem": [0.1381102630608901, 0.08068660843672543, 0.04596180228101576], "k2_x2h_pos_nimin_syn_avg": [0.22698335429717365, 0.03560797645025176, 0.02033787300054649], "k2_x2h_pos_nimin_syn_sem": [0.0046118137782941255, 0.007508121861871923, 0.0052503836949508755], "k2_x2h_pos_nimmi_syn_avg": [0.3350714148265345, 0.07867052883733004, 0.02547299836823478], "k2_x2h_pos_nimmi_syn_sem": [0.04582157566304699, 0.016991649314680137, 0.005766647709386421]}