{"avg_reward_avg": 0.9673999999999999, "avg_reward_sem": 0.00204640606375611, "accuracy_avg": 0.8365, "accuracy_sem": 0.010955718953029863, "k2_xh2h_immi_syn_avg_avg": [0.21247875731880406], "k2_xh2h_immi_syn_avg_sem": [0.007589596012540913], "k2_xh2h_immi_syn_sem_avg": [0.021403991781470295], "k2_xh2h_immi_syn_sem_sem": [0.0022490846392774384], "k2_xh2h_mi_avg_avg": [0.7723137776699704], "k2_xh2h_mi_avg_sem": [0.013236738123907453], "k2_xh2h_mi_sem_avg": [0.06534304263693735], "k2_xh2h_mi_sem_sem": [0.0017542782688994322], "k2_xh2h_nimmi_syn_avg_avg": [0.3187986894421647], "k2_xh2h_nimmi_syn_avg_sem": [0.0066408345808316276], "k2_xh2h_nimmi_syn_sem_avg": [0.02011047858275799], "k2_xh2h_nimmi_syn_sem_sem": [0.00041116786663165266]}