{"avg_reward": 0.964, "accuracy": 0.825, "k2_xh2h_immi_syn_avg": [0.21259854151638463], "k2_xh2h_immi_syn_sem": [0.01858830157584217], "k2_xh2h_mi_avg": [0.7298622470920241], "k2_xh2h_mi_sem": [0.06081082895224163], "k2_xh2h_nimmi_syn_avg": [0.34350859796789757], "k2_xh2h_nimmi_syn_sem": [0.020348044343833627]}