{"avg_reward": 0.9775, "accuracy": 0.885, "k2_xh2h_immi_syn_avg": [0.2175073796122924], "k2_xh2h_immi_syn_sem": [0.024167990907106248], "k2_xh2h_mi_avg": [0.7907481280808466], "k2_xh2h_mi_sem": [0.06454508929277072], "k2_xh2h_nimmi_syn_avg": [0.30396628732500636], "k2_xh2h_nimmi_syn_sem": [0.019300025649765316]}