{"avg_reward": 0.974, "accuracy": 0.875, "k2_xh2h_immi_syn_avg": [0.21920832935416984], "k2_xh2h_immi_syn_sem": [0.02638648201087533], "k2_xh2h_mi_avg": [0.7568973896847319], "k2_xh2h_mi_sem": [0.06898933751216299], "k2_xh2h_nimmi_syn_avg": [0.33628663162551975], "k2_xh2h_nimmi_syn_sem": [0.021871234627888113]}