{"avg_reward": 0.9655, "accuracy": 0.825, "k2_xh2h_immi_syn_avg": [0.21662055474684855], "k2_xh2h_immi_syn_sem": [0.022142432678540352], "k2_xh2h_mi_avg": [0.7168248253202363], "k2_xh2h_mi_sem": [0.06224645736268403], "k2_xh2h_nimmi_syn_avg": [0.33929902637343295], "k2_xh2h_nimmi_syn_sem": [0.01916631321954223]}