{"avg_reward": 0.9575, "accuracy": 0.775, "k2_xh2h_immi_syn_avg": [0.2111243827224418], "k2_xh2h_immi_syn_sem": [0.021753733686181196], "k2_xh2h_mi_avg": [0.8126488520614968], "k2_xh2h_mi_sem": [0.06346078260998086], "k2_xh2h_nimmi_syn_avg": [0.29707217721519136], "k2_xh2h_nimmi_syn_sem": [0.019371307825852082]}