{"avg_reward": 0.966, "accuracy": 0.825, "k2_xh2h_immi_syn_avg": [0.1576538826653901], "k2_xh2h_immi_syn_sem": [0.00545831958573894], "k2_xh2h_mi_avg": [0.7631056743877939], "k2_xh2h_mi_sem": [0.06424434823559293], "k2_xh2h_nimmi_syn_avg": [0.28152023005439414], "k2_xh2h_nimmi_syn_sem": [0.021821130578413294]}