{"avg_reward": 0.9625, "accuracy": 0.815, "k2_xh2h_immi_syn_avg": [0.19588108944107038], "k2_xh2h_immi_syn_sem": [0.01417757736522012], "k2_xh2h_mi_avg": [0.7509724186146068], "k2_xh2h_mi_sem": [0.05899454597174248], "k2_xh2h_nimmi_syn_avg": [0.3089724470779112], "k2_xh2h_nimmi_syn_sem": [0.01822919988341841]}