{"avg_reward": 0.9615, "accuracy": 0.81, "k2_xh2h_immi_syn_avg": [0.2303002744924214], "k2_xh2h_immi_syn_sem": [0.024627137565609032], "k2_xh2h_mi_avg": [0.7773750239736275], "k2_xh2h_mi_sem": [0.06250337100493036], "k2_xh2h_nimmi_syn_avg": [0.33211681350626604], "k2_xh2h_nimmi_syn_sem": [0.020307414382751684]}