{"avg_reward": 0.9625, "accuracy": 0.805, "k2_xh2h_immi_syn_avg": [0.18616670899331614], "k2_xh2h_immi_syn_sem": [0.008175242033658351], "k2_xh2h_mi_avg": [0.7016832064399512], "k2_xh2h_mi_sem": [0.057157083456858465], "k2_xh2h_nimmi_syn_avg": [0.32933738243448], "k2_xh2h_nimmi_syn_sem": [0.0207769990444453]}