{"avg_reward": 0.962, "accuracy": 0.805, "k2_xh2h_immi_syn_avg": [0.22468332575456426], "k2_xh2h_immi_syn_sem": [0.020154259942318647], "k2_xh2h_mi_avg": [0.7537017886177699], "k2_xh2h_mi_sem": [0.06145430650913598], "k2_xh2h_nimmi_syn_avg": [0.33121495925695577], "k2_xh2h_nimmi_syn_sem": [0.018121828497761203]}