{"avg_reward": 0.961, "accuracy": 0.795, "k2_xh2h_immi_syn_avg": [0.2208942924476114], "k2_xh2h_immi_syn_sem": [0.02646847646486162], "k2_xh2h_mi_avg": [0.7276768645781868], "k2_xh2h_mi_sem": [0.07048638136270237], "k2_xh2h_nimmi_syn_avg": [0.3380205986253783], "k2_xh2h_nimmi_syn_sem": [0.0180322354112716]}