{"avg_reward": 0.961, "accuracy": 0.8, "k2_xh2h_immi_syn_avg": [0.26557370866507213], "k2_xh2h_immi_syn_sem": [0.031889827515392745], "k2_xh2h_mi_avg": [0.8043777273819329], "k2_xh2h_mi_sem": [0.0735603024142594], "k2_xh2h_nimmi_syn_avg": [0.3509687416935144], "k2_xh2h_nimmi_syn_sem": [0.019337663402834066]}