{"avg_reward": 0.9695, "accuracy": 0.845, "k2_xh2h_immi_syn_avg": [0.21197411814364464], "k2_xh2h_immi_syn_sem": [0.0212078101005271], "k2_xh2h_mi_avg": [0.6838824810284226], "k2_xh2h_mi_sem": [0.0618374285820803], "k2_xh2h_nimmi_syn_avg": [0.3484123068427219], "k2_xh2h_nimmi_syn_sem": [0.018047400469567657]}