{"avg_reward": 0.963, "accuracy": 0.81, "k2_xh2h_immi_syn_avg": [0.2048219570898448], "k2_xh2h_immi_syn_sem": [0.013196846684992655], "k2_xh2h_mi_avg": [0.7553665669043131], "k2_xh2h_mi_sem": [0.05810482711503283], "k2_xh2h_nimmi_syn_avg": [0.31723470123960307], "k2_xh2h_nimmi_syn_sem": [0.018677815069518787]}