{"avg_reward": 0.9765, "accuracy": 0.88, "k2_xh2h_immi_syn_avg": [0.20452531067411736], "k2_xh2h_immi_syn_sem": [0.022062063572230554], "k2_xh2h_mi_avg": [0.6903883949492302], "k2_xh2h_mi_sem": [0.06470973229040496], "k2_xh2h_nimmi_syn_avg": [0.34076644706479153], "k2_xh2h_nimmi_syn_sem": [0.01955436429033092]}