{"avg_reward": 0.9655, "accuracy": 0.83, "k2_xh2h_immi_syn_avg": [0.2015015250825327], "k2_xh2h_immi_syn_sem": [0.01096307986373169], "k2_xh2h_mi_avg": [0.7197441077255009], "k2_xh2h_mi_sem": [0.05793106129060267], "k2_xh2h_nimmi_syn_avg": [0.3342893079204345], "k2_xh2h_nimmi_syn_sem": [0.019505439269928527]}