{"avg_reward": 0.965, "accuracy": 0.81, "k2_xh2h_immi_syn_avg": [0.19770085194630554], "k2_xh2h_immi_syn_sem": [0.01761467060907859], "k2_xh2h_mi_avg": [0.7100916108247072], "k2_xh2h_mi_sem": [0.06281641073498322], "k2_xh2h_nimmi_syn_avg": [0.32865150008541577], "k2_xh2h_nimmi_syn_sem": [0.018343079992901256]}