{"avg_reward": 0.14744000009000002, "accuracy": 0.5, "k2_x2h_ray_imin_syn_avg": [0.04935206699838888, 1.1102230246251566e-17, 0.0], "k2_x2h_ray_imin_syn_sem": [0.022988262965496494, 3.3474483693592255e-18, 0.0], "k2_x2h_ray_immi_syn_avg": [0.0545163888733314, 0.0, 0.0], "k2_x2h_ray_immi_syn_sem": [0.0281522378833505, 0.0, 0.0], "k2_x2h_pos_imin_syn_avg": [1.249000902703301e-16, 1.1102230246251566e-17, 0.0], "k2_x2h_pos_imin_syn_sem": [4.873718906623145e-17, 3.3474483693592255e-18, 0.0], "k2_x2h_pos_immi_syn_avg": [0.0, 0.0, 0.0], "k2_x2h_pos_immi_syn_sem": [0.0, 0.0, 0.0], "k2_x2h_ray_mi_avg": [0.14429005240997364, 0.08997108088215924, 0.0], "k2_x2h_ray_mi_sem": [0.02925290924972803, 0.027127301569894565, 0.0], "k2_x2h_ray_nimin_syn_avg": [0.309639760185589, 2.4679552890540125e-17, 0.0], "k2_x2h_ray_nimin_syn_sem": [0.08049886217709004, 7.441165175604787e-18, 0.0], "k2_x2h_ray_nimmi_syn_avg": [0.3351156163217806, 0.0, 0.0], "k2_x2h_ray_nimmi_syn_sem": [0.10592717367647833, 0.0, 0.0], "k2_x2h_pos_mi_avg": [0.06451340314484806, 0.08997108088215924, 0.0], "k2_x2h_pos_mi_sem": [0.024268539637234184, 0.027127301569894565, 0.0], "k2_x2h_pos_nimin_syn_avg": [4.481278516384635e-15, 2.4679552890540125e-17, 0.0], "k2_x2h_pos_nimin_syn_sem": [3.3901275042146225e-15, 7.441165175604787e-18, 0.0], "k2_x2h_pos_nimmi_syn_avg": [0.0, 0.0, 0.0], "k2_x2h_pos_nimmi_syn_sem": [0.0, 0.0, 0.0]}