{"avg_reward": 0.14744000008999997, "accuracy": 0.5, "k2_x2h_ray_imin_syn_avg": [0.047701040997573586, 0.003339525747860763, 0.0], "k2_x2h_ray_imin_syn_sem": [0.010708306794849248, 0.003339525747860713, 0.0], "k2_x2h_ray_immi_syn_avg": [0.07825859152118812, 0.004654886982794319, 0.0], "k2_x2h_ray_immi_syn_sem": [0.023536916153549404, 0.004654886982794319, 0.0], "k2_x2h_pos_imin_syn_avg": [0.050566146040231776, 0.003339525747860763, 0.0], "k2_x2h_pos_imin_syn_sem": [0.018148503033618067, 0.003339525747860713, 0.0], "k2_x2h_pos_immi_syn_avg": [0.08455442118603651, 0.004654886982794319, 0.0], "k2_x2h_pos_immi_syn_sem": [0.031325820334334814, 0.004654886982794319, 0.0], "k2_x2h_ray_mi_avg": [0.275643303368515, 0.10668940262291887, 0.0], "k2_x2h_ray_mi_sem": [0.04743947665277935, 0.021280847249816513, 0.0], "k2_x2h_ray_nimin_syn_avg": [0.1766593958982663, 0.00673700595598343, 0.0], "k2_x2h_ray_nimin_syn_sem": [0.03262852309714237, 0.006737005955983236, 0.0], "k2_x2h_ray_nimmi_syn_avg": [0.2733218941471206, 0.009390555334871506, 0.0], "k2_x2h_ray_nimmi_syn_sem": [0.04027581229594876, 0.009390555334871504, 0.0], "k2_x2h_pos_mi_avg": [0.24032007706059288, 0.10668940262291887, 0.0], "k2_x2h_pos_mi_sem": [0.05232932507376586, 0.021280847249816513, 0.0], "k2_x2h_pos_nimin_syn_avg": [0.19223298374381936, 0.00673700595598343, 0.0], "k2_x2h_pos_nimin_syn_sem": [0.04214171837505569, 0.006737005955983236, 0.0], "k2_x2h_pos_nimmi_syn_avg": [0.33835335585243814, 0.009390555334871506, 0.0], "k2_x2h_pos_nimmi_syn_sem": [0.08126999876348628, 0.009390555334871504, 0.0]}