{"avg_reward": 0.14744000008999997, "accuracy": 0.5, "k2_x2h_ray_imin_syn_avg": [0.1004231486153097, 0.006058083186256931, 7.462522149116021e-05], "k2_x2h_ray_imin_syn_sem": [0.04796399425077392, 0.0038137837432616487, 7.46252214911375e-05], "k2_x2h_ray_immi_syn_avg": [0.1609813984741734, 0.007787236162409646, 7.462522149113385e-05], "k2_x2h_ray_immi_syn_sem": [0.018440671542121156, 0.005183023488707459, 7.462522149113386e-05], "k2_x2h_pos_imin_syn_avg": [2.266705341943028e-16, 0.006058083186256931, 7.462522149116021e-05], "k2_x2h_pos_imin_syn_sem": [1.777825928193055e-16, 0.0038137837432616487, 7.46252214911375e-05], "k2_x2h_pos_immi_syn_avg": [0.0, 0.007787236162409646, 7.462522149113385e-05], "k2_x2h_pos_immi_syn_sem": [0.0, 0.005183023488707459, 7.462522149113386e-05], "k2_x2h_ray_mi_avg": [0.37336538412700043, 0.16554363237609848, 0.01213815768543173], "k2_x2h_ray_mi_sem": [0.04466477329325203, 0.02962762892713567, 0.002530358918786099], "k2_x2h_ray_nimin_syn_avg": [0.2546197786668436, 0.01282948302108331, 0.0016704540844800942], "k2_x2h_ray_nimin_syn_sem": [0.09787455156571902, 0.00864008255230198, 0.0016704540844794868], "k2_x2h_ray_nimmi_syn_avg": [0.4337207201218402, 0.016791792034227794, 0.0016704540844794074], "k2_x2h_ray_nimmi_syn_sem": [0.024208305447223844, 0.011988220688211046, 0.0016704540844794077], "k2_x2h_pos_mi_avg": [0.16983021529185205, 0.16554363237609848, 0.01213815768543173], "k2_x2h_pos_mi_sem": [0.03774846914312167, 0.02962762892713567, 0.002530358918786099], "k2_x2h_pos_nimin_syn_avg": [1.924314120109229e-15, 0.01282948302108331, 0.0016704540844800942], "k2_x2h_pos_nimin_syn_sem": [1.557623439148602e-15, 0.00864008255230198, 0.0016704540844794868], "k2_x2h_pos_nimmi_syn_avg": [0.0, 0.016791792034227794, 0.0016704540844794074], "k2_x2h_pos_nimmi_syn_sem": [0.0, 0.011988220688211046, 0.0016704540844794077]}