{"avg_reward_avg": 0.005873438727617057, "avg_reward_sem": 0.0008223522040402435, "accuracy_avg": 0.49375, "accuracy_sem": 0.03778824405670219, "k2_x2h_ray_imin_syn_avg_avg": [0.4433562940990468, 0.1295243838942277, 0.0568277510332171], "k2_x2h_ray_imin_syn_avg_sem": [0.05038232409177213, 0.030303004833319432, 0.013107500379251425], "k2_x2h_ray_imin_syn_sem_avg": [0.03918971469508867, 0.027288654024738408, 0.008351497653663475], "k2_x2h_ray_imin_syn_sem_sem": [0.008239789284913392, 0.003403672709888459, 0.001499529656011732], "k2_x2h_ray_immi_syn_avg_avg": [0.5772844812354265, 0.2153663324388922, 0.07538551327112863], "k2_x2h_ray_immi_syn_avg_sem": [0.06592685636525096, 0.04427045431320844, 0.0199573558516129], "k2_x2h_ray_immi_syn_sem_avg": [0.048640851896092095, 0.04017202484616353, 0.010884191951719366], "k2_x2h_ray_immi_syn_sem_sem": [0.009324495050589644, 0.003925675125261339, 0.0020320458193004397], "k2_x2h_pos_imin_syn_avg_avg": [0.5033634290604934, 0.1295243838942277, 0.0568277510332171], "k2_x2h_pos_imin_syn_avg_sem": [0.04707277730524765, 0.030303004833319432, 0.013107500379251425], "k2_x2h_pos_imin_syn_sem_avg": [0.031066218483194297, 0.027288654024738408, 0.008351497653663475], "k2_x2h_pos_imin_syn_sem_sem": [0.005916168020348588, 0.003403672709888459, 0.001499529656011732], "k2_x2h_pos_immi_syn_avg_avg": [0.5420546243693056, 0.2153663324388922, 0.07538551327112863], "k2_x2h_pos_immi_syn_avg_sem": [0.051042058434247826, 0.04427045431320844, 0.0199573558516129], "k2_x2h_pos_immi_syn_sem_avg": [0.036195203801642775, 0.04017202484616353, 0.010884191951719366], "k2_x2h_pos_immi_syn_sem_sem": [0.006990423592556797, 0.003925675125261339, 0.0020320458193004397], "k2_x2h_ray_mi_avg_avg": [1.2246049002092658, 1.0552422339903866, 0.4322451752776627], "k2_x2h_ray_mi_avg_sem": [0.1555834317510713, 0.11259383656583788, 0.07491559040582645], "k2_x2h_ray_mi_sem_avg": [0.05914456839572324, 0.08710068844752515, 0.03295176508780405], "k2_x2h_ray_mi_sem_sem": [0.00688889844868441, 0.004655662253523791, 0.00433716350510342], "k2_x2h_ray_nimin_syn_avg_avg": [0.3701311760556093, 0.07676232957418969, 0.12001673183585893], "k2_x2h_ray_nimin_syn_avg_sem": [0.014855842491339762, 0.014748227988071475, 0.011216224550861414], "k2_x2h_ray_nimin_syn_sem_avg": [0.02147544199170434, 0.013571387202558155, 0.017785589980660745], "k2_x2h_ray_nimin_syn_sem_sem": [0.0048704969889711396, 0.0009966186558558298, 0.0013980496845473036], "k2_x2h_ray_nimmi_syn_avg_avg": [0.4795881225545912, 0.13470077047897777, 0.15413115661432997], "k2_x2h_ray_nimmi_syn_avg_sem": [0.01732008960481792, 0.02266026284541363, 0.017801182790372495], "k2_x2h_ray_nimmi_syn_sem_avg": [0.02528065973741378, 0.022082289190583266, 0.022152298197547875], "k2_x2h_ray_nimmi_syn_sem_sem": [0.003412491508132612, 0.0010949252136181803, 0.000995609121029641], "k2_x2h_pos_mi_avg_avg": [1.7836596745057989, 1.0552422339903866, 0.4322451752776627], "k2_x2h_pos_mi_avg_sem": [0.18067697887577122, 0.11259383656583788, 0.07491559040582645], "k2_x2h_pos_mi_sem_avg": [0.03619520380164278, 0.08710068844752515, 0.03295176508780405], "k2_x2h_pos_mi_sem_sem": [0.006990423592556805, 0.004655662253523791, 0.00433716350510342], "k2_x2h_pos_nimin_syn_avg_avg": [0.287644624140768, 0.07676232957418969, 0.12001673183585893], "k2_x2h_pos_nimin_syn_avg_sem": [0.016878405595419716, 0.014748227988071475, 0.011216224550861414], "k2_x2h_pos_nimin_syn_sem_avg": [0.01144507591665173, 0.013571387202558155, 0.017785589980660745], "k2_x2h_pos_nimin_syn_sem_sem": [0.0016135692750371125, 0.0009966186558558298, 0.0013980496845473036], "k2_x2h_pos_nimmi_syn_avg_avg": [0.30967458935089454, 0.13470077047897777, 0.15413115661432997], "k2_x2h_pos_nimmi_syn_avg_sem": [0.019161442517740615, 0.02266026284541363, 0.017801182790372495], "k2_x2h_pos_nimmi_syn_sem_avg": [0.013797619021536516, 0.022082289190583266, 0.022152298197547875], "k2_x2h_pos_nimmi_syn_sem_sem": [0.0020926479184583658, 0.0010949252136181803, 0.000995609121029641]}