{"avg_reward": 0.00874333970168803, "accuracy": 0.625, "k2_x2h_ray_imin_syn_avg": [0.3635913823123362, 0.12087871753887301, 0.04799872955000202], "k2_x2h_ray_imin_syn_sem": [0.04318293907336905, 0.023686466524224625, 0.004220142347296487], "k2_x2h_ray_immi_syn_avg": [0.4977038242711546, 0.23204981115301415, 0.06461952453066822], "k2_x2h_ray_immi_syn_sem": [0.05398693316719712, 0.04202708251665708, 0.0066684182284127156], "k2_x2h_pos_imin_syn_avg": [0.4896681794267506, 0.12087871753887301, 0.04799872955000202], "k2_x2h_pos_imin_syn_sem": [0.022358628226757236, 0.023686466524224625, 0.004220142347296487], "k2_x2h_pos_immi_syn_avg": [0.5333972714496099, 0.23204981115301415, 0.06461952453066822], "k2_x2h_pos_immi_syn_sem": [0.026775383130183718, 0.04202708251665708, 0.0066684182284127156], "k2_x2h_ray_mi_avg": [0.9474484460728444, 1.0143010526242884, 0.3118320821242597], "k2_x2h_ray_mi_sem": [0.05402020302088117, 0.0724601767155685, 0.01441711369370925], "k2_x2h_ray_nimin_syn_avg": [0.3809306990333086, 0.08614672510325276, 0.1485992131019137], "k2_x2h_ray_nimin_syn_sem": [0.025758404382216403, 0.014154174133775429, 0.014481141879003238], "k2_x2h_ray_nimmi_syn_avg": [0.5220437565144582, 0.16744704685491593, 0.19701809438555978], "k2_x2h_ray_nimmi_syn_sem": [0.028651031283056856, 0.025668927286867458, 0.02037808355590048], "k2_x2h_pos_mi_avg": [1.2816307773341897, 1.0143010526242884, 0.3118320821242597], "k2_x2h_pos_mi_sem": [0.026775383130183482, 0.0724601767155685, 0.01441711369370925], "k2_x2h_pos_nimin_syn_avg": [0.38167413992632443, 0.08614672510325276, 0.1485992131019137], "k2_x2h_pos_nimin_syn_sem": [0.009464724451536998, 0.014154174133775429, 0.014481141879003238], "k2_x2h_pos_nimmi_syn_avg": [0.4156802124228344, 0.16744704685491593, 0.19701809438555978], "k2_x2h_pos_nimmi_syn_sem": [0.012116353916249949, 0.025668927286867458, 0.02037808355590048]}