{"avg_reward": 0.006935895776114491, "accuracy": 0.5625, "k2_x2h_ray_imin_syn_avg": [0.6579984268174334, 0.17111430251918275, 0.14366197822722898], "k2_x2h_ray_imin_syn_sem": [0.06803123988522451, 0.03471788813227348, 0.012571855881260034], "k2_x2h_ray_immi_syn_avg": [0.8307835637131404, 0.3141256100319079, 0.22451839798817722], "k2_x2h_ray_immi_syn_sem": [0.06273713592908292, 0.0451832725164859, 0.018256356478031463], "k2_x2h_pos_imin_syn_avg": [0.7122599265924544, 0.17111430251918275, 0.14366197822722898], "k2_x2h_pos_imin_syn_sem": [0.03632097672180466, 0.03471788813227348, 0.012571855881260034], "k2_x2h_pos_immi_syn_avg": [0.7818364280836038, 0.3141256100319079, 0.22451839798817722], "k2_x2h_pos_immi_syn_sem": [0.04459729462789726, 0.0451832725164859, 0.018256356478031463], "k2_x2h_ray_mi_avg": [1.81490239731745, 1.3784162618696623, 0.747590085737446], "k2_x2h_ray_mi_sem": [0.0622489275112002, 0.10338237350403316, 0.03197500188668271], "k2_x2h_ray_nimin_syn_avg": [0.36174518822092727, 0.11032827795415033, 0.18358936948670174], "k2_x2h_ray_nimin_syn_sem": [0.029761909518708142, 0.012065192255156305, 0.01498485346882482], "k2_x2h_ray_nimmi_syn_avg": [0.4564297247713602, 0.2154279205559203, 0.28891281886172326], "k2_x2h_ray_nimmi_syn_sem": [0.01934464247612144, 0.017727682413409256, 0.023543571766620777], "k2_x2h_pos_mi_avg": [2.2715659431355584, 1.3784162618696623, 0.747590085737446], "k2_x2h_pos_mi_sem": [0.04459729462789726, 0.10338237350403316, 0.03197500188668271], "k2_x2h_pos_nimin_syn_avg": [0.3131762931222282, 0.11032827795415033, 0.18358936948670174], "k2_x2h_pos_nimin_syn_sem": [0.010247099481595105, 0.012065192255156305, 0.01498485346882482], "k2_x2h_pos_nimmi_syn_avg": [0.3436678168486352, 0.2154279205559203, 0.28891281886172326], "k2_x2h_pos_nimmi_syn_sem": [0.013143399606042312, 0.017727682413409256, 0.023543571766620777]}