{"avg_reward": 0.00510424064699673, "accuracy": 0.375, "k2_x2h_ray_imin_syn_avg": [0.19015558908117877, 0.014728311129013263, 0.10021191485822806], "k2_x2h_ray_imin_syn_sem": [0.02191672679849084, 0.005161681394408084, 0.016788561274052816], "k2_x2h_ray_immi_syn_avg": [0.22807661939324694, 0.03664064773834086, 0.12286235892332044], "k2_x2h_ray_immi_syn_sem": [0.028789188577111418, 0.012372719698887175, 0.02149071264472432], "k2_x2h_pos_imin_syn_avg": [0.26799913464159314, 0.014728311129013263, 0.10021191485822806], "k2_x2h_pos_imin_syn_sem": [0.008471423837598841, 0.005161681394408084, 0.016788561274052816], "k2_x2h_pos_immi_syn_avg": [0.28707123599069284, 0.03664064773834086, 0.12286235892332044], "k2_x2h_pos_immi_syn_sem": [0.016248741184274273, 0.012372719698887175, 0.02149071264472432], "k2_x2h_ray_mi_avg": [0.5406164204168071, 0.42605204880065306, 0.8458579416019945], "k2_x2h_ray_mi_sem": [0.033565641004747473, 0.06965782413679976, 0.06011727979266243], "k2_x2h_ray_nimin_syn_avg": [0.35025602289791724, 0.0214474177304942, 0.10646190976293829], "k2_x2h_ray_nimin_syn_sem": [0.02367389852267389, 0.006949604978442224, 0.015811972970622222], "k2_x2h_ray_nimmi_syn_avg": [0.4183674530671404, 0.04956395999887588, 0.12854683667821512], "k2_x2h_ray_nimmi_syn_sem": [0.028334121836261758, 0.015865752888078923, 0.019359467144955473], "k2_x2h_pos_mi_avg": [0.8404631626786951, 0.42605204880065306, 0.8458579416019945], "k2_x2h_pos_mi_sem": [0.016248741184274273, 0.06965782413679976, 0.06011727979266243], "k2_x2h_pos_nimin_syn_avg": [0.3187863964096304, 0.0214474177304942, 0.10646190976293829], "k2_x2h_pos_nimin_syn_sem": [0.006238994397199129, 0.006949604978442224, 0.015811972970622222], "k2_x2h_pos_nimmi_syn_avg": [0.34107647044506323, 0.04956395999887588, 0.12854683667821512], "k2_x2h_pos_nimmi_syn_sem": [0.012587846416771374, 0.015865752888078923, 0.019359467144955473]}