{"avg_reward": 0.005860448889374529, "accuracy": 0.5, "k2_x2h_ray_imin_syn_avg": [0.4240094004671085, 0.12302079134026361, 0.08350195498802325], "k2_x2h_ray_imin_syn_sem": [0.0714555584045048, 0.023081521063112977, 0.014699215373337772], "k2_x2h_ray_immi_syn_avg": [0.5573295860657795, 0.23492747548635318, 0.10314996736924201], "k2_x2h_ray_immi_syn_sem": [0.09439904494359322, 0.04124217718398163, 0.01954679989850303], "k2_x2h_pos_imin_syn_avg": [0.4418113490325897, 0.12302079134026361, 0.08350195498802325], "k2_x2h_pos_imin_syn_sem": [0.038717772823922886, 0.023081521063112977, 0.014699215373337772], "k2_x2h_pos_immi_syn_avg": [0.4852436262115812, 0.23492747548635318, 0.10314996736924201], "k2_x2h_pos_immi_syn_sem": [0.053460162755230606, 0.04124217718398163, 0.01954679989850303], "k2_x2h_ray_mi_avg": [1.2759660181400234, 1.140863115107144, 0.5047934491944321], "k2_x2h_ray_mi_sem": [0.0965807419202761, 0.07434954730859845, 0.04255500551816377], "k2_x2h_ray_nimin_syn_avg": [0.3279172903654655, 0.08069170115624019, 0.12782858767106717], "k2_x2h_ray_nimin_syn_sem": [0.0334187092923975, 0.013413750301732431, 0.018933311391075992], "k2_x2h_ray_nimmi_syn_avg": [0.4310649140177543, 0.15421293746877907, 0.1536478562109761], "k2_x2h_ray_nimmi_syn_sem": [0.045356489903782056, 0.02363739226332552, 0.02362998873607997], "k2_x2h_pos_mi_avg": [1.829634434749459, 1.140863115107144, 0.5047934491944321], "k2_x2h_pos_mi_sem": [0.05346016275523072, 0.07434954730859845, 0.04255500551816377], "k2_x2h_pos_nimin_syn_avg": [0.24068025374572954, 0.08069170115624019, 0.12782858767106717], "k2_x2h_pos_nimin_syn_sem": [0.01379619668179057, 0.013413750301732431, 0.018933311391075992], "k2_x2h_pos_nimmi_syn_avg": [0.2639888940582172, 0.15421293746877907, 0.1536478562109761], "k2_x2h_pos_nimmi_syn_sem": [0.02095613660606276, 0.02363739226332552, 0.02362998873607997]}