{"avg_reward": 0.007515845065976336, "accuracy": 0.5625, "k2_x2h_ray_imin_syn_avg": [0.3785688730985021, 0.12423596858948893, 0.06178311067294915], "k2_x2h_ray_imin_syn_sem": [0.01444852598260348, 0.03534666019692492, 0.005231534143535258], "k2_x2h_ray_immi_syn_avg": [0.5348012002837633, 0.197759914538062, 0.08009881100952544], "k2_x2h_ray_immi_syn_sem": [0.00807886694966756, 0.04958164934223865, 0.00834977463874615], "k2_x2h_pos_imin_syn_avg": [0.600696289817115, 0.12423596858948893, 0.06178311067294915], "k2_x2h_pos_imin_syn_sem": [0.03355934626758051, 0.03534666019692492, 0.005231534143535258], "k2_x2h_pos_immi_syn_avg": [0.6444369092657158, 0.197759914538062, 0.08009881100952544], "k2_x2h_pos_immi_syn_sem": [0.04650888228042411, 0.04958164934223865, 0.00834977463874615], "k2_x2h_ray_mi_avg": [1.077962726051527, 1.0728724634443856, 0.6160638917517617], "k2_x2h_ray_mi_sem": [0.04613071923869764, 0.09659062202964172, 0.04140482884728505], "k2_x2h_ray_nimin_syn_avg": [0.35165209995205565, 0.06493556808136959, 0.14179287954399158], "k2_x2h_ray_nimin_syn_sem": [0.010268515537407001, 0.016483116957392917, 0.018129530065515036], "k2_x2h_ray_nimmi_syn_avg": [0.4973778912420723, 0.10811875659939872, 0.1723371203445206], "k2_x2h_ray_nimmi_syn_sem": [0.014798331990705562, 0.024825493199768577, 0.021077029473620404], "k2_x2h_pos_mi_avg": [1.6806879762024896, 1.0728724634443856, 0.6160638917517617], "k2_x2h_pos_mi_sem": [0.04650888228042426, 0.09659062202964172, 0.04140482884728505], "k2_x2h_pos_nimin_syn_avg": [0.35687491951409306, 0.06493556808136959, 0.14179287954399158], "k2_x2h_pos_nimin_syn_sem": [0.010341444421644246, 0.016483116957392917, 0.018129530065515036], "k2_x2h_pos_nimmi_syn_avg": [0.3825086329640928, 0.10811875659939872, 0.1723371203445206], "k2_x2h_pos_nimmi_syn_sem": [0.016766193886855713, 0.024825493199768577, 0.021077029473620404]}