{"avg_reward": 0.0029347564663354617, "accuracy": 0.375, "k2_x2h_ray_imin_syn_avg": [0.47522356213676104, 0.37097430067316284, 0.028201509765459144], "k2_x2h_ray_imin_syn_sem": [0.02175999153994147, 0.03855108320970554, 0.004979042382883331], "k2_x2h_ray_immi_syn_avg": [0.5892441688150468, 0.5408155651020612, 0.03183975884980289], "k2_x2h_ray_immi_syn_sem": [0.043950850305036517, 0.051537190016811216, 0.005673685889666701], "k2_x2h_pos_imin_syn_avg": [0.5597398632351569, 0.37097430067316284, 0.028201509765459144], "k2_x2h_pos_imin_syn_sem": [0.05110826083485584, 0.03855108320970554, 0.004979042382883331], "k2_x2h_pos_immi_syn_avg": [0.6089390689964471, 0.5408155651020612, 0.03183975884980289], "k2_x2h_pos_immi_syn_sem": [0.06466626645954396, 0.051537190016811216, 0.005673685889666701], "k2_x2h_ray_mi_avg": [1.2427351234671804, 1.7601202849144535, 0.30689573112581914], "k2_x2h_ray_mi_sem": [0.06648445630633344, 0.06794811789912517, 0.029162404341684354], "k2_x2h_ray_nimin_syn_avg": [0.38277026602572, 0.18678450655013187, 0.11683939307394589], "k2_x2h_ray_nimin_syn_sem": [0.0050950499353952265, 0.01682771117251259, 0.01970194414507877], "k2_x2h_ray_nimmi_syn_avg": [0.47362002047947876, 0.27651609741488714, 0.12939783218282322], "k2_x2h_ray_nimmi_syn_sem": [0.01737924574262866, 0.023939466727553343, 0.021879763563360126], "k2_x2h_pos_mi_avg": [1.943885439868275, 1.7601202849144535, 0.30689573112581914], "k2_x2h_pos_mi_sem": [0.06466626645954396, 0.06794811789912517, 0.029162404341684354], "k2_x2h_pos_nimin_syn_avg": [0.2868304886610145, 0.18678450655013187, 0.11683939307394589], "k2_x2h_pos_nimin_syn_sem": [0.01695423328904859, 0.01682771117251259, 0.01970194414507877], "k2_x2h_pos_nimmi_syn_avg": [0.3117300498286267, 0.27651609741488714, 0.12939783218282322], "k2_x2h_pos_nimmi_syn_sem": [0.022988737467046418, 0.023939466727553343, 0.021879763563360126]}