{"avg_reward_avg": 0.65, "avg_reward_sem": 0.08498365855987976, "accuracy_avg": 0.9, "accuracy_sem": 0.09999999999999999}